/*******************************************************************************
 * Size: 26 px
 * Bpp: 4
 * Opts: --font SourceHanSansSC-Heavy.otf --range 0x20-0x7E,0xB7,0xD7,0x2026,0x25B2,0x25BC,0x2605-0x2606,0x3001,0x3056,0x308F,0x4E00,0x4E0A-0x4E0B,0x4E0D-0x4E0E,0x4E24,0x4E2A,0x4E2D,0x4E5F,0x4E86,0x4E8C,0x4EAE,0x4EBA,0x4EE5,0x4EF6,0x4F1A,0x4F5C,0x4F60,0x4FE1,0x4FEE,0x5148-0x5149,0x514D,0x5165,0x5168,0x5173,0x5185,0x518D,0x5199,0x51B3,0x51FA,0x5200,0x522B,0x5230,0x5269-0x526A,0x529F-0x52A1,0x52A8,0x5355,0x53CD,0x53D1,0x53D6,0x53D8,0x53EF,0x53F7,0x540C-0x540E,0x5411,0x5427,0x542F,0x56DE,0x56FA,0x5728,0x573A,0x586B,0x5907,0x590D,0x591A,0x592A,0x5931,0x5934,0x597D,0x59CB,0x5B8C,0x5B9A,0x5BA3-0x5BA4,0x5BB6,0x5BC6,0x5BF9,0x5BFB,0x5C11,0x5C31,0x5C40,0x5DF1-0x5DF2,0x5E03,0x5E73,0x5E76,0x5E84,0x5E94,0x5E9F,0x5EA7,0x5F00,0x5F03,0x5F0F,0x5F20,0x5F39,0x5F80,0x5F85,0x5FAE,0x5FD9,0x601D,0x6062,0x6094,0x620F-0x6211,0x6216,0x6218,0x6240,0x624B,0x624D,0x6253,0x6263,0x6267,0x626B,0x627E,0x62D2,0x62E9,0x62F3,0x6309,0x6311,0x6362,0x63A5,0x641C,0x643A,0x64A4,0x64CD,0x6539,0x653E,0x65AD,0x65B0,0x65B9,0x65E0,0x65F6,0x661F,0x662F,0x6635,0x6682,0x6697,0x66F4,0x6709,0x670D,0x672A,0x672C,0x673A,0x675F,0x6765,0x677F,0x6837,0x6B21-0x6B22,0x6B63,0x6CA1,0x6D88,0x6DFB,0x6E05,0x6E38,0x6EE1,0x70B9,0x70ED,0x7248,0x724C,0x731C,0x73B0,0x7528,0x7535,0x767B,0x7684,0x76F4,0x76F8,0x770B,0x77F3,0x7801,0x786E,0x78B0,0x79BB,0x79CD,0x79D2,0x79F0,0x79FB,0x7A0D,0x7A7A,0x7B49,0x7D22,0x7EBF,0x7ECF,0x7ED3,0x7ED9,0x7EDD,0x7EE7,0x7EED,0x7EF4,0x7F16,0x7F51,0x7F6E,0x7FFB,0x8003,0x8054,0x80DC,0x80FD,0x8111,0x81EA,0x81F3,0x884C,0x88AB,0x8981,0x8BA4,0x8BA9,0x8BB0,0x8BBE,0x8BD5,0x8BF7,0x8D1F,0x8D25,0x8D4C,0x8D77,0x8D85,0x8DB3,0x8DF3,0x8F93,0x8FC7,0x8FCE,0x8FD4,0x8FD8-0x8FD9,0x8FDB,0x8FDE,0x9001,0x9009,0x901A,0x9053,0x90FD,0x914D,0x91CC-0x91CD,0x9519,0x957F,0x95F2,0x95F4,0x9650,0x9664,0x9700,0x9762,0x9875,0x9897,0xFF01,0xFF08-0xFF09,0xFF0C,0xFF1A,0xFF1F --size 26 --bpp 4 --format lvgl --lv-font-name kj_zh26 --lv-include lvgl.h --no-compress --no-kerning --output kj_zh26.c
 ******************************************************************************/

#ifdef LV_LVGL_H_INCLUDE_SIMPLE
#include "lvgl.h"
#else
#include "lvgl.h"
#endif

#ifndef KJ_ZH26
#define KJ_ZH26 1
#endif

#if KJ_ZH26

/*-----------------
 *    BITMAPS
 *----------------*/

/*Store the image of the glyphs*/
static LV_ATTRIBUTE_LARGE_CONST const uint8_t glyph_bitmap[] = {
    /* U+0020 " " */

    /* U+0021 "!" */
    0x2f, 0xff, 0xf7, 0x1f, 0xff, 0xf6, 0x1f, 0xff,
    0xf6, 0xf, 0xff, 0xf5, 0xf, 0xff, 0xf4, 0xe,
    0xff, 0xf3, 0xd, 0xff, 0xf2, 0xb, 0xff, 0xf0,
    0xa, 0xff, 0xf0, 0x9, 0xff, 0xe0, 0x8, 0xff,
    0xd0, 0x6, 0xff, 0xc0, 0x4, 0xcc, 0x80, 0x0,
    0x0, 0x0, 0x2, 0x89, 0x40, 0x1e, 0xff, 0xf5,
    0x7f, 0xff, 0xfc, 0x8f, 0xff, 0xfd, 0x3f, 0xff,
    0xf8, 0x6, 0xde, 0x90,

    /* U+0022 "\"" */
    0x0, 0x0, 0x0, 0x0, 0x0, 0x0, 0xb, 0xff,
    0xfd, 0x0, 0x7f, 0xff, 0xf2, 0xbf, 0xff, 0xd0,
    0x6, 0xff, 0xff, 0x1a, 0xff, 0xfc, 0x0, 0x6f,
    0xff, 0xf1, 0xaf, 0xff, 0xc0, 0x5, 0xff, 0xff,
    0x8, 0xff, 0xfa, 0x0, 0x4f, 0xff, 0xf0, 0x6f,
    0xff, 0x80, 0x1, 0xff, 0xfc, 0x3, 0xff, 0xf5,
    0x0, 0xf, 0xff, 0xa0, 0x1f, 0xff, 0x30, 0x0,
    0xcf, 0xf7, 0x0, 0xef, 0xf0, 0x0, 0xa, 0xff,
    0x50, 0xc, 0xfe, 0x0, 0x0, 0x7f, 0xf2, 0x0,

    /* U+0023 "#" */
    0x0, 0x2, 0xff, 0x70, 0x8, 0xff, 0x10, 0x0,
    0x5, 0xff, 0x50, 0xb, 0xff, 0x0, 0x0, 0x7,
    0xff, 0x20, 0xd, 0xfd, 0x0, 0x0, 0x9, 0xff,
    0x0, 0xf, 0xfa, 0x0, 0x6f, 0xff, 0xff, 0xff,
    0xff, 0xff, 0xff, 0x6f, 0xff, 0xff, 0xff, 0xff,
    0xff, 0xff, 0x5e, 0xef, 0xff, 0xee, 0xff, 0xfe,
    0xed, 0x0, 0x2f, 0xf8, 0x0, 0x8f, 0xf2, 0x0,
    0x0, 0x3f, 0xf6, 0x0, 0x9f, 0xf1, 0x0, 0x0,
    0x5f, 0xf5, 0x0, 0xbf, 0xf0, 0x0, 0x0, 0x6f,
    0xf3, 0x0, 0xcf, 0xe0, 0x0, 0xff, 0xff, 0xff,
    0xff, 0xff, 0xff, 0xf5, 0xff, 0xff, 0xff, 0xff,
    0xff, 0xff, 0xf5, 0xee, 0xff, 0xfe, 0xee, 0xff,
    0xfe, 0xe5, 0x0, 0xdf, 0xc0, 0x4, 0xff, 0x60,
    0x0, 0x0, 0xff, 0xa0, 0x6, 0xff, 0x40, 0x0,
    0x2, 0xff, 0x80, 0x8, 0xff, 0x20, 0x0, 0x4,
    0xff, 0x60, 0xa, 0xff, 0x0, 0x0, 0x6, 0xff,
    0x40, 0xc, 0xfe, 0x0, 0x0,

    /* U+0024 "$" */
    0x0, 0x0, 0x9, 0xff, 0x60, 0x0, 0x0, 0x0,
    0x0, 0x9, 0xff, 0x60, 0x0, 0x0, 0x0, 0x0,
    0x9, 0xff, 0x60, 0x0, 0x0, 0x0, 0x3, 0xaf,
    0xff, 0xfa, 0x40, 0x0, 0x0, 0x6f, 0xff, 0xff,
    0xff, 0xfa, 0x0, 0x3, 0xff, 0xff, 0xff, 0xff,
    0xff, 0x90, 0xc, 0xff, 0xff, 0xca, 0xdf, 0xfd,
    0x10, 0xf, 0xff, 0xf7, 0x0, 0x4, 0xc1, 0x0,
    0x1f, 0xff, 0xf4, 0x0, 0x0, 0x0, 0x0, 0xf,
    0xff, 0xfc, 0x10, 0x0, 0x0, 0x0, 0xb, 0xff,
    0xff, 0xe7, 0x0, 0x0, 0x0, 0x2, 0xff, 0xff,
    0xff, 0xe7, 0x0, 0x0, 0x0, 0x2c, 0xff, 0xff,
    0xff, 0xd2, 0x0, 0x0, 0x0, 0x7f, 0xff, 0xff,
    0xfe, 0x10, 0x0, 0x0, 0x1, 0x8f, 0xff, 0xff,
    0xa0, 0x0, 0x0, 0x0, 0x2, 0xdf, 0xff, 0xe0,
    0x0, 0x0, 0x0, 0x0, 0x7f, 0xff, 0xf0, 0x4,
    0xd3, 0x0, 0x0, 0xaf, 0xff, 0xd0, 0x1e, 0xff,
    0xda, 0x9c, 0xff, 0xff, 0x90, 0xaf, 0xff, 0xff,
    0xff, 0xff, 0xff, 0x20, 0x1c, 0xff, 0xff, 0xff,
    0xff, 0xf4, 0x0, 0x0, 0x49, 0xdf, 0xff, 0xe8,
    0x20, 0x0, 0x0, 0x0, 0xa, 0xff, 0x60, 0x0,
    0x0, 0x0, 0x0, 0x9, 0xff, 0x60, 0x0, 0x0,
    0x0, 0x0, 0x9, 0xff, 0x60, 0x0, 0x0,

    /* U+0025 "%" */
    0x0, 0x7, 0xcf, 0xd9, 0x10, 0x0, 0x0, 0x0,
    0x8f, 0xf2, 0x0, 0x0, 0x0, 0xc, 0xff, 0xff,
    0xfe, 0x20, 0x0, 0x0, 0x2f, 0xf8, 0x0, 0x0,
    0x0, 0x7, 0xff, 0xe9, 0xdf, 0xfb, 0x0, 0x0,
    0xa, 0xfe, 0x10, 0x0, 0x0, 0x0, 0xef, 0xf5,
    0x1, 0xff, 0xf2, 0x0, 0x3, 0xff, 0x70, 0x0,
    0x0, 0x0, 0x1f, 0xff, 0x0, 0xc, 0xff, 0x50,
    0x0, 0xbf, 0xd0, 0x0, 0x0, 0x0, 0x3, 0xff,
    0xf0, 0x0, 0xbf, 0xf7, 0x0, 0x4f, 0xf5, 0x0,
    0x0, 0x0, 0x0, 0x2f, 0xff, 0x0, 0xc, 0xff,
    0x60, 0xd, 0xfc, 0x0, 0x0, 0x0, 0x0, 0x0,
    0xff, 0xf2, 0x0, 0xef, 0xf4, 0x6, 0xff, 0x40,
    0x3a, 0xee, 0xb3, 0x0, 0xb, 0xff, 0xa1, 0x7f,
    0xfe, 0x0, 0xef, 0xb0, 0x5f, 0xff, 0xff, 0xf5,
    0x0, 0x2f, 0xff, 0xff, 0xff, 0x60, 0x7f, 0xf2,
    0xe, 0xff, 0xbb, 0xff, 0xf1, 0x0, 0x4e, 0xff,
    0xff, 0x70, 0x1f, 0xf9, 0x7, 0xff, 0xc0, 0xb,
    0xff, 0x70, 0x0, 0x14, 0x75, 0x20, 0x9, 0xff,
    0x10, 0xaf, 0xf7, 0x0, 0x6f, 0xfa, 0x0, 0x0,
    0x0, 0x0, 0x2, 0xff, 0x80, 0xc, 0xff, 0x50,
    0x5, 0xff, 0xd0, 0x0, 0x0, 0x0, 0x0, 0xaf,
    0xe0, 0x0, 0xcf, 0xf5, 0x0, 0x5f, 0xfd, 0x0,
    0x0, 0x0, 0x0, 0x3f, 0xf6, 0x0, 0xa, 0xff,
    0x70, 0x7, 0xff, 0xa0, 0x0, 0x0, 0x0, 0xc,
    0xfd, 0x0, 0x0, 0x7f, 0xfc, 0x0, 0xcf, 0xf7,
    0x0, 0x0, 0x0, 0x5, 0xff, 0x40, 0x0, 0x0,
    0xef, 0xfb, 0xbf, 0xfe, 0x10, 0x0, 0x0, 0x0,
    0xdf, 0xc0, 0x0, 0x0, 0x5, 0xff, 0xff, 0xff,
    0x50, 0x0, 0x0, 0x0, 0x6f, 0xf3, 0x0, 0x0,
    0x0, 0x3, 0xae, 0xea, 0x30, 0x0,

    /* U+0026 "&" */
    0x0, 0x0, 0x3, 0xad, 0xfd, 0xa2, 0x0, 0x0,
    0x0, 0x0, 0x0, 0x0, 0x7f, 0xff, 0xff, 0xff,
    0x40, 0x0, 0x0, 0x0, 0x0, 0x4, 0xff, 0xff,
    0xff, 0xff, 0xe0, 0x0, 0x0, 0x0, 0x0, 0xa,
    0xff, 0xf8, 0x9, 0xff, 0xf2, 0x0, 0x0, 0x0,
    0x0, 0xe, 0xff, 0xf0, 0x4, 0xff, 0xf3, 0x0,
    0x0, 0x0, 0x0, 0xd, 0xff, 0xe0, 0x9, 0xff,
    0xf0, 0x0, 0x0, 0x0, 0x0, 0xa, 0xff, 0xf3,
    0x9f, 0xff, 0x80, 0x0, 0x0, 0x0, 0x0, 0x4,
    0xff, 0xff, 0xff, 0xfb, 0x0, 0x0, 0x0, 0x0,
    0x0, 0x0, 0xef, 0xff, 0xff, 0x80, 0x0, 0xb,
    0xcc, 0xc3, 0x0, 0x2d, 0xff, 0xff, 0xfa, 0x0,
    0x0, 0x4f, 0xff, 0xe0, 0x2, 0xef, 0xff, 0xff,
    0xff, 0x90, 0x0, 0xbf, 0xff, 0x70, 0xb, 0xff,
    0xff, 0xaf, 0xff, 0xfb, 0x15, 0xff, 0xfe, 0x10,
    0x1f, 0xff, 0xf6, 0x8, 0xff, 0xff, 0xee, 0xff,
    0xf5, 0x0, 0x3f, 0xff, 0xf2, 0x0, 0x7f, 0xff,
    0xff, 0xff, 0xa0, 0x0, 0x2f, 0xff, 0xf7, 0x0,
    0x6, 0xff, 0xff, 0xff, 0xb4, 0x0, 0xe, 0xff,
    0xff, 0xb8, 0x9d, 0xff, 0xff, 0xff, 0xff, 0xf5,
    0x5, 0xff, 0xff, 0xff, 0xff, 0xff, 0xff, 0xff,
    0xff, 0xf2, 0x0, 0x7f, 0xff, 0xff, 0xff, 0xff,
    0x94, 0xaf, 0xff, 0xe0, 0x0, 0x1, 0x8b, 0xdf,
    0xec, 0x92, 0x0, 0x1, 0x7b, 0x80,

    /* U+0027 "'" */
    0x0, 0x0, 0xb, 0xff, 0xfd, 0xbf, 0xff, 0xda,
    0xff, 0xfc, 0xaf, 0xff, 0xc8, 0xff, 0xfa, 0x6f,
    0xff, 0x83, 0xff, 0xf5, 0x1f, 0xff, 0x30, 0xef,
    0xf0, 0xc, 0xfe, 0x0,

    /* U+0028 "(" */
    0x0, 0x1, 0x71, 0x0, 0x0, 0x9f, 0xf8, 0x0,
    0x2f, 0xff, 0x70, 0xa, 0xff, 0xf0, 0x1, 0xff,
    0xf8, 0x0, 0x6f, 0xff, 0x30, 0xc, 0xff, 0xe0,
    0x0, 0xff, 0xf9, 0x0, 0x4f, 0xff, 0x60, 0x8,
    0xff, 0xf3, 0x0, 0xaf, 0xff, 0x0, 0xb, 0xff,
    0xf0, 0x0, 0xcf, 0xfe, 0x0, 0xd, 0xff, 0xd0,
    0x0, 0xdf, 0xfd, 0x0, 0xc, 0xff, 0xe0, 0x0,
    0xbf, 0xff, 0x0, 0x9, 0xff, 0xf1, 0x0, 0x6f,
    0xff, 0x40, 0x3, 0xff, 0xf7, 0x0, 0xf, 0xff,
    0xb0, 0x0, 0xaf, 0xff, 0x0, 0x4, 0xff, 0xf5,
    0x0, 0xe, 0xff, 0xb0, 0x0, 0x7f, 0xff, 0x20,
    0x0, 0xef, 0xfa, 0x0, 0x6, 0xfa, 0x40, 0x0,
    0x1, 0x0,

    /* U+0029 ")" */
    0x0, 0x45, 0x0, 0x0, 0x3d, 0xfe, 0x0, 0x0,
    0x1f, 0xff, 0x80, 0x0, 0x9, 0xff, 0xf1, 0x0,
    0x2, 0xff, 0xf6, 0x0, 0x0, 0xcf, 0xfd, 0x0,
    0x0, 0x7f, 0xff, 0x30, 0x0, 0x3f, 0xff, 0x70,
    0x0, 0xf, 0xff, 0xa0, 0x0, 0xd, 0xff, 0xe0,
    0x0, 0xa, 0xff, 0xf0, 0x0, 0x8, 0xff, 0xf2,
    0x0, 0x8, 0xff, 0xf3, 0x0, 0x7, 0xff, 0xf4,
    0x0, 0x7, 0xff, 0xf3, 0x0, 0x8, 0xff, 0xf2,
    0x0, 0x9, 0xff, 0xf1, 0x0, 0xb, 0xff, 0xf0,
    0x0, 0xe, 0xff, 0xd0, 0x0, 0xf, 0xff, 0x90,
    0x0, 0x4f, 0xff, 0x50, 0x0, 0x9f, 0xff, 0x10,
    0x0, 0xef, 0xfa, 0x0, 0x4, 0xff, 0xf4, 0x0,
    0xc, 0xff, 0xd0, 0x0, 0x3f, 0xff, 0x50, 0x0,
    0x18, 0xec, 0x0, 0x0, 0x0, 0x1, 0x0, 0x0,

    /* U+002A "*" */
    0x0, 0x0, 0x6f, 0xf2, 0x0, 0x0, 0x0, 0x0,
    0x7f, 0xf3, 0x0, 0x0, 0x1, 0x0, 0x9f, 0xf5,
    0x0, 0x10, 0x6f, 0xda, 0xdf, 0xfb, 0xae, 0xf2,
    0xcf, 0xff, 0xff, 0xff, 0xff, 0xf8, 0x3b, 0xff,
    0xff, 0xff, 0xff, 0x92, 0x0, 0x2e, 0xff, 0xff,
    0xb1, 0x0, 0x0, 0x4f, 0xff, 0xff, 0xe1, 0x0,
    0x0, 0xdf, 0xfb, 0xef, 0xf9, 0x0, 0x4, 0xff,
    0xc0, 0x2e, 0xff, 0x10, 0x0, 0x4b, 0x10, 0x3,
    0xc2, 0x0,

    /* U+002B "+" */
    0x0, 0x0, 0xc, 0xff, 0x90, 0x0, 0x0, 0x0,
    0x0, 0xc, 0xff, 0x90, 0x0, 0x0, 0x0, 0x0,
    0xc, 0xff, 0x90, 0x0, 0x0, 0x0, 0x0, 0xc,
    0xff, 0x90, 0x0, 0x0, 0x0, 0x0, 0xc, 0xff,
    0x90, 0x0, 0x0, 0x33, 0x33, 0x3d, 0xff, 0xa3,
    0x33, 0x32, 0xff, 0xff, 0xff, 0xff, 0xff, 0xff,
    0xfc, 0xff, 0xff, 0xff, 0xff, 0xff, 0xff, 0xfc,
    0xff, 0xff, 0xff, 0xff, 0xff, 0xff, 0xfc, 0x0,
    0x0, 0xc, 0xff, 0x90, 0x0, 0x0, 0x0, 0x0,
    0xc, 0xff, 0x90, 0x0, 0x0, 0x0, 0x0, 0xc,
    0xff, 0x90, 0x0, 0x0, 0x0, 0x0, 0xc, 0xff,
    0x90, 0x0, 0x0, 0x0, 0x0, 0xc, 0xff, 0x90,
    0x0, 0x0,

    /* U+002C "," */
    0x0, 0x1, 0x0, 0x0, 0x4d, 0xff, 0x70, 0xe,
    0xff, 0xff, 0x42, 0xff, 0xff, 0xfa, 0xe, 0xff,
    0xff, 0xc0, 0x3c, 0xff, 0xfc, 0x0, 0x4, 0xff,
    0xa0, 0x0, 0xbf, 0xf6, 0x0, 0x9f, 0xfe, 0x5,
    0xef, 0xff, 0x50, 0x4f, 0xff, 0x40, 0x0, 0xc8,
    0x10, 0x0, 0x0, 0x0, 0x0, 0x0,

    /* U+002D "-" */
    0x23, 0x33, 0x33, 0x32, 0xbf, 0xff, 0xff, 0xfa,
    0xbf, 0xff, 0xff, 0xfa, 0xbf, 0xff, 0xff, 0xfa,

    /* U+002E "." */
    0x0, 0x6a, 0x70, 0x0, 0xaf, 0xff, 0xc0, 0x1f,
    0xff, 0xff, 0x31, 0xff, 0xff, 0xf4, 0xd, 0xff,
    0xfe, 0x0, 0x2b, 0xfc, 0x30,

    /* U+002F "/" */
    0x0, 0x0, 0x0, 0x77, 0x70, 0x0, 0x0, 0x1,
    0xff, 0xe0, 0x0, 0x0, 0x4, 0xff, 0xa0, 0x0,
    0x0, 0x8, 0xff, 0x70, 0x0, 0x0, 0xc, 0xff,
    0x30, 0x0, 0x0, 0xf, 0xff, 0x0, 0x0, 0x0,
    0x3f, 0xfc, 0x0, 0x0, 0x0, 0x7f, 0xf8, 0x0,
    0x0, 0x0, 0xaf, 0xf5, 0x0, 0x0, 0x0, 0xef,
    0xf1, 0x0, 0x0, 0x1, 0xff, 0xe0, 0x0, 0x0,
    0x5, 0xff, 0xa0, 0x0, 0x0, 0x9, 0xff, 0x60,
    0x0, 0x0, 0xc, 0xff, 0x30, 0x0, 0x0, 0xf,
    0xff, 0x0, 0x0, 0x0, 0x3f, 0xfc, 0x0, 0x0,
    0x0, 0x7f, 0xf8, 0x0, 0x0, 0x0, 0xbf, 0xf4,
    0x0, 0x0, 0x0, 0xef, 0xf1, 0x0, 0x0, 0x2,
    0xff, 0xd0, 0x0, 0x0, 0x5, 0xff, 0xa0, 0x0,
    0x0, 0x9, 0xff, 0x60, 0x0, 0x0, 0xd, 0xff,
    0x30, 0x0, 0x0, 0xf, 0xff, 0x0, 0x0, 0x0,
    0x4f, 0xfb, 0x0, 0x0, 0x0, 0x7f, 0xf8, 0x0,
    0x0, 0x0,

    /* U+0030 "0" */
    0x0, 0x1, 0x8d, 0xff, 0xc7, 0x0, 0x0, 0x0,
    0x4e, 0xff, 0xff, 0xff, 0xd2, 0x0, 0x2, 0xff,
    0xff, 0xff, 0xff, 0xfe, 0x0, 0xb, 0xff, 0xff,
    0x9a, 0xff, 0xff, 0x80, 0x2f, 0xff, 0xf4, 0x0,
    0x7f, 0xff, 0xf0, 0x7f, 0xff, 0xd0, 0x0, 0xf,
    0xff, 0xf4, 0xaf, 0xff, 0xa0, 0x0, 0xc, 0xff,
    0xf7, 0xdf, 0xff, 0x80, 0x0, 0xa, 0xff, 0xfa,
    0xef, 0xff, 0x70, 0x0, 0x9, 0xff, 0xfb, 0xef,
    0xff, 0x70, 0x0, 0x9, 0xff, 0xfb, 0xef, 0xff,
    0x70, 0x0, 0xa, 0xff, 0xfb, 0xcf, 0xff, 0x80,
    0x0, 0xb, 0xff, 0xfa, 0xaf, 0xff, 0xa0, 0x0,
    0xd, 0xff, 0xf7, 0x7f, 0xff, 0xe0, 0x0, 0xf,
    0xff, 0xf4, 0x1f, 0xff, 0xf6, 0x0, 0x8f, 0xff,
    0xe0, 0xa, 0xff, 0xff, 0xab, 0xff, 0xff, 0x80,
    0x1, 0xef, 0xff, 0xff, 0xff, 0xfd, 0x0, 0x0,
    0x3e, 0xff, 0xff, 0xff, 0xd1, 0x0, 0x0, 0x1,
    0x8d, 0xff, 0xc7, 0x0, 0x0,

    /* U+0031 "1" */
    0x0, 0x1, 0x9f, 0xff, 0xc0, 0x0, 0x2, 0x8c,
    0xff, 0xff, 0xfc, 0x0, 0x0, 0x6f, 0xff, 0xff,
    0xff, 0xc0, 0x0, 0x6, 0xff, 0xff, 0xff, 0xfc,
    0x0, 0x0, 0x38, 0x88, 0xef, 0xff, 0xc0, 0x0,
    0x0, 0x0, 0xd, 0xff, 0xfc, 0x0, 0x0, 0x0,
    0x0, 0xdf, 0xff, 0xc0, 0x0, 0x0, 0x0, 0xd,
    0xff, 0xfc, 0x0, 0x0, 0x0, 0x0, 0xdf, 0xff,
    0xc0, 0x0, 0x0, 0x0, 0xd, 0xff, 0xfc, 0x0,
    0x0, 0x0, 0x0, 0xdf, 0xff, 0xc0, 0x0, 0x0,
    0x0, 0xd, 0xff, 0xfc, 0x0, 0x0, 0x0, 0x0,
    0xdf, 0xff, 0xc0, 0x0, 0x0, 0x0, 0xd, 0xff,
    0xfc, 0x0, 0x0, 0x0, 0x0, 0xdf, 0xff, 0xc0,
    0x0, 0xa, 0xbb, 0xbf, 0xff, 0xfe, 0xbb, 0xb2,
    0xff, 0xff, 0xff, 0xff, 0xff, 0xff, 0x3f, 0xff,
    0xff, 0xff, 0xff, 0xff, 0xf3, 0xff, 0xff, 0xff,
    0xff, 0xff, 0xff, 0x30,

    /* U+0032 "2" */
    0x0, 0x1, 0x7c, 0xef, 0xca, 0x30, 0x0, 0x0,
    0x5, 0xef, 0xff, 0xff, 0xff, 0x90, 0x0, 0x6,
    0xff, 0xff, 0xff, 0xff, 0xff, 0x80, 0x0, 0x8f,
    0xff, 0xd9, 0xbf, 0xff, 0xff, 0x20, 0x0, 0x8f,
    0x60, 0x0, 0x6f, 0xff, 0xf5, 0x0, 0x0, 0x20,
    0x0, 0x0, 0xef, 0xff, 0x80, 0x0, 0x0, 0x0,
    0x0, 0xe, 0xff, 0xf8, 0x0, 0x0, 0x0, 0x0,
    0x1, 0xff, 0xff, 0x50, 0x0, 0x0, 0x0, 0x0,
    0x8f, 0xff, 0xe0, 0x0, 0x0, 0x0, 0x0, 0x3f,
    0xff, 0xf6, 0x0, 0x0, 0x0, 0x0, 0xd, 0xff,
    0xfd, 0x0, 0x0, 0x0, 0x0, 0xc, 0xff, 0xfe,
    0x20, 0x0, 0x0, 0x0, 0xb, 0xff, 0xff, 0x40,
    0x0, 0x0, 0x0, 0xb, 0xff, 0xff, 0x50, 0x0,
    0x0, 0x0, 0x1d, 0xff, 0xff, 0x50, 0x0, 0x0,
    0x0, 0x3e, 0xff, 0xff, 0xdb, 0xcd, 0xdd, 0xd7,
    0xe, 0xff, 0xff, 0xff, 0xff, 0xff, 0xff, 0x80,
    0xef, 0xff, 0xff, 0xff, 0xff, 0xff, 0xf8, 0xe,
    0xff, 0xff, 0xff, 0xff, 0xff, 0xff, 0x80,

    /* U+0033 "3" */
    0x0, 0x2, 0x8d, 0xef, 0xdb, 0x60, 0x0, 0x0,
    0x9, 0xff, 0xff, 0xff, 0xff, 0xf4, 0x0, 0x9,
    0xff, 0xff, 0xff, 0xff, 0xff, 0xf2, 0x0, 0xb,
    0xff, 0xda, 0xae, 0xff, 0xff, 0x80, 0x0, 0x9,
    0x30, 0x0, 0x1f, 0xff, 0xfb, 0x0, 0x0, 0x0,
    0x0, 0x0, 0xff, 0xff, 0xa0, 0x0, 0x0, 0x0,
    0x14, 0xbf, 0xff, 0xf3, 0x0, 0x0, 0x2, 0xff,
    0xff, 0xff, 0xf5, 0x0, 0x0, 0x0, 0x2f, 0xff,
    0xff, 0xe3, 0x0, 0x0, 0x0, 0x2, 0xff, 0xff,
    0xff, 0xf8, 0x0, 0x0, 0x0, 0x4, 0x58, 0xdf,
    0xff, 0xf8, 0x0, 0x0, 0x0, 0x0, 0x0, 0xbf,
    0xff, 0xf1, 0x0, 0x0, 0x0, 0x0, 0x5, 0xff,
    0xff, 0x40, 0x4, 0x20, 0x0, 0x0, 0x5f, 0xff,
    0xf5, 0x2, 0xff, 0x50, 0x0, 0x1d, 0xff, 0xff,
    0x30, 0xcf, 0xff, 0xeb, 0xcf, 0xff, 0xff, 0xe0,
    0x2f, 0xff, 0xff, 0xff, 0xff, 0xff, 0xf3, 0x0,
    0x3c, 0xff, 0xff, 0xff, 0xff, 0xe4, 0x0, 0x0,
    0x5, 0xad, 0xef, 0xdb, 0x60, 0x0, 0x0,

    /* U+0034 "4" */
    0x0, 0x0, 0x0, 0x1e, 0xff, 0xff, 0xf0, 0x0,
    0x0, 0x0, 0x0, 0x9f, 0xff, 0xff, 0xf0, 0x0,
    0x0, 0x0, 0x3, 0xff, 0xff, 0xff, 0xf0, 0x0,
    0x0, 0x0, 0xd, 0xff, 0xff, 0xff, 0xf0, 0x0,
    0x0, 0x0, 0x7f, 0xff, 0x8f, 0xff, 0xf0, 0x0,
    0x0, 0x2, 0xff, 0xfd, 0x3f, 0xff, 0xf0, 0x0,
    0x0, 0xb, 0xff, 0xf6, 0x4f, 0xff, 0xf0, 0x0,
    0x0, 0x5f, 0xff, 0xc0, 0x4f, 0xff, 0xf0, 0x0,
    0x1, 0xef, 0xff, 0x30, 0x4f, 0xff, 0xf0, 0x0,
    0x9, 0xff, 0xf9, 0x0, 0x4f, 0xff, 0xf0, 0x0,
    0x3f, 0xff, 0xf8, 0x77, 0xaf, 0xff, 0xf8, 0x71,
    0x6f, 0xff, 0xff, 0xff, 0xff, 0xff, 0xff, 0xf2,
    0x6f, 0xff, 0xff, 0xff, 0xff, 0xff, 0xff, 0xf2,
    0x6f, 0xff, 0xff, 0xff, 0xff, 0xff, 0xff, 0xf2,
    0x0, 0x0, 0x0, 0x0, 0x4f, 0xff, 0xf0, 0x0,
    0x0, 0x0, 0x0, 0x0, 0x4f, 0xff, 0xf0, 0x0,
    0x0, 0x0, 0x0, 0x0, 0x4f, 0xff, 0xf0, 0x0,
    0x0, 0x0, 0x0, 0x0, 0x4f, 0xff, 0xf0, 0x0,
    0x0, 0x0, 0x0, 0x0, 0x4f, 0xff, 0xf0, 0x0,

    /* U+0035 "5" */
    0x0, 0x5f, 0xff, 0xff, 0xff, 0xff, 0xf8, 0x0,
    0x6, 0xff, 0xff, 0xff, 0xff, 0xff, 0x80, 0x0,
    0x7f, 0xff, 0xff, 0xff, 0xff, 0xf8, 0x0, 0x8,
    0xff, 0xff, 0xdd, 0xdd, 0xdd, 0x70, 0x0, 0x9f,
    0xff, 0x90, 0x0, 0x0, 0x0, 0x0, 0xa, 0xff,
    0xf7, 0x0, 0x0, 0x0, 0x0, 0x0, 0xaf, 0xff,
    0xcd, 0xfd, 0xa2, 0x0, 0x0, 0xb, 0xff, 0xff,
    0xff, 0xff, 0xf8, 0x0, 0x0, 0xcf, 0xff, 0xff,
    0xff, 0xff, 0xf4, 0x0, 0x1, 0xae, 0x74, 0x4a,
    0xff, 0xff, 0xe0, 0x0, 0x0, 0x0, 0x0, 0xb,
    0xff, 0xff, 0x10, 0x0, 0x0, 0x0, 0x0, 0x5f,
    0xff, 0xf4, 0x0, 0x0, 0x0, 0x0, 0x4, 0xff,
    0xff, 0x50, 0x3, 0x10, 0x0, 0x0, 0x7f, 0xff,
    0xf4, 0x1, 0xee, 0x50, 0x0, 0x3e, 0xff, 0xff,
    0x0, 0xbf, 0xff, 0xeb, 0xdf, 0xff, 0xff, 0x80,
    0x2e, 0xff, 0xff, 0xff, 0xff, 0xff, 0xc0, 0x0,
    0x2b, 0xff, 0xff, 0xff, 0xff, 0xa1, 0x0, 0x0,
    0x3, 0x8d, 0xef, 0xca, 0x40, 0x0, 0x0,

    /* U+0036 "6" */
    0x0, 0x0, 0x29, 0xdf, 0xed, 0x82, 0x0, 0x0,
    0x8, 0xff, 0xff, 0xff, 0xff, 0x60, 0x0, 0x8f,
    0xff, 0xff, 0xff, 0xff, 0xf3, 0x4, 0xff, 0xff,
    0xfc, 0xbe, 0xff, 0x50, 0xc, 0xff, 0xfd, 0x20,
    0x0, 0x65, 0x0, 0x3f, 0xff, 0xf3, 0x0, 0x0,
    0x0, 0x0, 0x7f, 0xff, 0xc0, 0x1, 0x20, 0x0,
    0x0, 0xaf, 0xff, 0x93, 0xcf, 0xff, 0xc3, 0x0,
    0xbf, 0xff, 0xcf, 0xff, 0xff, 0xff, 0x50, 0xcf,
    0xff, 0xff, 0xff, 0xff, 0xff, 0xe1, 0xbf, 0xff,
    0xf9, 0x30, 0x5f, 0xff, 0xf7, 0xaf, 0xff, 0xb0,
    0x0, 0xa, 0xff, 0xf9, 0x8f, 0xff, 0xb0, 0x0,
    0x7, 0xff, 0xfc, 0x4f, 0xff, 0xe0, 0x0, 0x8,
    0xff, 0xfb, 0xe, 0xff, 0xf7, 0x0, 0xd, 0xff,
    0xf8, 0x7, 0xff, 0xff, 0xa7, 0xcf, 0xff, 0xf2,
    0x0, 0xcf, 0xff, 0xff, 0xff, 0xff, 0x70, 0x0,
    0xb, 0xff, 0xff, 0xff, 0xf8, 0x0, 0x0, 0x0,
    0x5b, 0xef, 0xca, 0x30, 0x0,

    /* U+0037 "7" */
    0xaf, 0xff, 0xff, 0xff, 0xff, 0xff, 0xf9, 0xaf,
    0xff, 0xff, 0xff, 0xff, 0xff, 0xf9, 0xaf, 0xff,
    0xff, 0xff, 0xff, 0xff, 0xf9, 0x8d, 0xdd, 0xdd,
    0xdd, 0xef, 0xff, 0xe1, 0x0, 0x0, 0x0, 0x0,
    0xcf, 0xff, 0x40, 0x0, 0x0, 0x0, 0x6, 0xff,
    0xf8, 0x0, 0x0, 0x0, 0x0, 0x1f, 0xff, 0xe0,
    0x0, 0x0, 0x0, 0x0, 0xaf, 0xff, 0x60, 0x0,
    0x0, 0x0, 0x1, 0xff, 0xfe, 0x0, 0x0, 0x0,
    0x0, 0x7, 0xff, 0xf9, 0x0, 0x0, 0x0, 0x0,
    0xe, 0xff, 0xf5, 0x0, 0x0, 0x0, 0x0, 0x3f,
    0xff, 0xf1, 0x0, 0x0, 0x0, 0x0, 0x6f, 0xff,
    0xe0, 0x0, 0x0, 0x0, 0x0, 0xaf, 0xff, 0xb0,
    0x0, 0x0, 0x0, 0x0, 0xef, 0xff, 0x90, 0x0,
    0x0, 0x0, 0x0, 0xff, 0xff, 0x80, 0x0, 0x0,
    0x0, 0x1, 0xff, 0xff, 0x70, 0x0, 0x0, 0x0,
    0x3, 0xff, 0xff, 0x60, 0x0, 0x0, 0x0, 0x4,
    0xff, 0xff, 0x50, 0x0, 0x0,

    /* U+0038 "8" */
    0x0, 0x2, 0x9c, 0xee, 0xc9, 0x10, 0x0, 0x0,
    0x7f, 0xff, 0xff, 0xff, 0xf5, 0x0, 0x5, 0xff,
    0xff, 0xff, 0xff, 0xff, 0x20, 0xc, 0xff, 0xfb,
    0x34, 0xcf, 0xff, 0x80, 0xf, 0xff, 0xf1, 0x0,
    0x1f, 0xff, 0xb0, 0xf, 0xff, 0xf0, 0x0, 0xf,
    0xff, 0xb0, 0xd, 0xff, 0xf6, 0x0, 0x1f, 0xff,
    0x70, 0x5, 0xff, 0xff, 0x80, 0x8f, 0xfc, 0x0,
    0x0, 0x6f, 0xff, 0xff, 0xff, 0xc1, 0x0, 0x0,
    0xc, 0xff, 0xff, 0xff, 0xd3, 0x0, 0x2, 0xef,
    0xfc, 0xff, 0xff, 0xff, 0x40, 0xe, 0xff, 0xc0,
    0x7, 0xff, 0xff, 0xe0, 0x7f, 0xff, 0x60, 0x0,
    0x3f, 0xff, 0xf6, 0xaf, 0xff, 0x40, 0x0, 0xb,
    0xff, 0xf8, 0xaf, 0xff, 0x80, 0x0, 0xd, 0xff,
    0xf8, 0x6f, 0xff, 0xf8, 0x44, 0xaf, 0xff, 0xf4,
    0xd, 0xff, 0xff, 0xff, 0xff, 0xff, 0xb0, 0x1,
    0xcf, 0xff, 0xff, 0xff, 0xfb, 0x0, 0x0, 0x4,
    0xad, 0xfe, 0xc9, 0x30, 0x0,

    /* U+0039 "9" */
    0x0, 0x0, 0x5a, 0xdf, 0xea, 0x30, 0x0, 0x0,
    0x1, 0xbf, 0xff, 0xff, 0xff, 0x90, 0x0, 0x0,
    0xbf, 0xff, 0xff, 0xff, 0xff, 0x90, 0x0, 0x6f,
    0xff, 0xfa, 0x7b, 0xff, 0xff, 0x40, 0xc, 0xff,
    0xfa, 0x0, 0xa, 0xff, 0xfb, 0x0, 0xff, 0xff,
    0x40, 0x0, 0x2f, 0xff, 0xf1, 0xf, 0xff, 0xf4,
    0x0, 0x0, 0xef, 0xff, 0x50, 0xcf, 0xff, 0x70,
    0x0, 0x1e, 0xff, 0xf7, 0xa, 0xff, 0xff, 0x74,
    0x7e, 0xff, 0xff, 0x80, 0x2f, 0xff, 0xff, 0xff,
    0xff, 0xff, 0xf9, 0x0, 0x6f, 0xff, 0xff, 0xfc,
    0xcf, 0xff, 0x80, 0x0, 0x2a, 0xdf, 0xc7, 0xd,
    0xff, 0xf6, 0x0, 0x0, 0x0, 0x0, 0x1, 0xff,
    0xff, 0x30, 0x0, 0x0, 0x0, 0x0, 0x8f, 0xff,
    0xf0, 0x0, 0x9, 0x60, 0x0, 0x5f, 0xff, 0xf8,
    0x0, 0x9, 0xff, 0xfc, 0xdf, 0xff, 0xfe, 0x10,
    0x7, 0xff, 0xff, 0xff, 0xff, 0xff, 0x50, 0x0,
    0x1b, 0xff, 0xff, 0xff, 0xff, 0x50, 0x0, 0x0,
    0x3, 0x9d, 0xff, 0xc8, 0x10, 0x0, 0x0,

    /* U+003A ":" */
    0x2, 0xbf, 0xc3, 0x0, 0xdf, 0xff, 0xe0, 0x1f,
    0xff, 0xff, 0x41, 0xff, 0xff, 0xf3, 0x9, 0xff,
    0xfb, 0x0, 0x6, 0x97, 0x0, 0x0, 0x0, 0x0,
    0x0, 0x0, 0x0, 0x0, 0x0, 0x0, 0x0, 0x0,
    0x6, 0xa7, 0x0, 0xa, 0xff, 0xfc, 0x1, 0xff,
    0xff, 0xf3, 0x1f, 0xff, 0xff, 0x40, 0xdf, 0xff,
    0xe0, 0x2, 0xbf, 0xc3, 0x0,

    /* U+003B ";" */
    0x2, 0xbf, 0xc3, 0x0, 0xdf, 0xff, 0xe0, 0x1f,
    0xff, 0xff, 0x41, 0xff, 0xff, 0xf3, 0x9, 0xff,
    0xfb, 0x0, 0x6, 0x97, 0x0, 0x0, 0x0, 0x0,
    0x0, 0x0, 0x0, 0x0, 0x0, 0x0, 0x0, 0x0,
    0x0, 0x10, 0x0, 0x4, 0xdf, 0xf7, 0x0, 0xef,
    0xff, 0xf4, 0x2f, 0xff, 0xff, 0xa0, 0xef, 0xff,
    0xfc, 0x3, 0xcf, 0xff, 0xc0, 0x0, 0x4f, 0xfa,
    0x0, 0xb, 0xff, 0x60, 0x9, 0xff, 0xe0, 0x5e,
    0xff, 0xf5, 0x4, 0xff, 0xf4, 0x0, 0xc, 0x81,
    0x0, 0x0, 0x0, 0x0, 0x0,

    /* U+003C "<" */
    0x0, 0x0, 0x0, 0x0, 0x0, 0x0, 0x15, 0x0,
    0x0, 0x0, 0x0, 0x0, 0x5b, 0xfc, 0x0, 0x0,
    0x0, 0x3, 0x9e, 0xff, 0xfc, 0x0, 0x0, 0x16,
    0xcf, 0xff, 0xff, 0xfc, 0x0, 0x4a, 0xff, 0xff,
    0xff, 0xfe, 0x93, 0x8e, 0xff, 0xff, 0xff, 0xd8,
    0x30, 0x0, 0xff, 0xff, 0xfe, 0x83, 0x0, 0x0,
    0x0, 0xff, 0xff, 0xe7, 0x10, 0x0, 0x0, 0x0,
    0xef, 0xff, 0xff, 0xfc, 0x61, 0x0, 0x0, 0x5,
    0xbf, 0xff, 0xff, 0xff, 0xc7, 0x20, 0x0, 0x2,
    0x8e, 0xff, 0xff, 0xff, 0xfb, 0x0, 0x0, 0x0,
    0x4a, 0xff, 0xff, 0xfc, 0x0, 0x0, 0x0, 0x0,
    0x6, 0xcf, 0xfc, 0x0, 0x0, 0x0, 0x0, 0x0,
    0x2, 0x8b, 0x0, 0x0, 0x0, 0x0, 0x0, 0x0,
    0x0,

    /* U+003D "=" */
    0xff, 0xff, 0xff, 0xff, 0xff, 0xff, 0xfc, 0xff,
    0xff, 0xff, 0xff, 0xff, 0xff, 0xfc, 0xff, 0xff,
    0xff, 0xff, 0xff, 0xff, 0xfc, 0x33, 0x33, 0x33,
    0x33, 0x33, 0x33, 0x32, 0x0, 0x0, 0x0, 0x0,
    0x0, 0x0, 0x0, 0x0, 0x0, 0x0, 0x0, 0x0,
    0x0, 0x0, 0x0, 0x0, 0x0, 0x0, 0x0, 0x0,
    0x0, 0xff, 0xff, 0xff, 0xff, 0xff, 0xff, 0xfc,
    0xff, 0xff, 0xff, 0xff, 0xff, 0xff, 0xfc, 0xff,
    0xff, 0xff, 0xff, 0xff, 0xff, 0xfc, 0x33, 0x33,
    0x33, 0x33, 0x33, 0x33, 0x32,

    /* U+003E ">" */
    0x61, 0x0, 0x0, 0x0, 0x0, 0x0, 0x0, 0xff,
    0xa4, 0x0, 0x0, 0x0, 0x0, 0x0, 0xff, 0xff,
    0xe8, 0x20, 0x0, 0x0, 0x0, 0xff, 0xff, 0xff,
    0xfb, 0x50, 0x0, 0x0, 0x4a, 0xef, 0xff, 0xff,
    0xff, 0x93, 0x0, 0x0, 0x4, 0x9e, 0xff, 0xff,
    0xff, 0xd6, 0x0, 0x0, 0x0, 0x49, 0xef, 0xff,
    0xfc, 0x0, 0x0, 0x0, 0x2, 0x8f, 0xff, 0xfc,
    0x0, 0x0, 0x27, 0xdf, 0xff, 0xff, 0xfc, 0x3,
    0x8d, 0xff, 0xff, 0xff, 0xfa, 0x40, 0xdf, 0xff,
    0xff, 0xff, 0xd7, 0x10, 0x0, 0xff, 0xff, 0xfe,
    0x93, 0x0, 0x0, 0x0, 0xff, 0xfb, 0x50, 0x0,
    0x0, 0x0, 0x0, 0xd7, 0x10, 0x0, 0x0, 0x0,
    0x0, 0x0, 0x0, 0x0, 0x0, 0x0, 0x0, 0x0,
    0x0,

    /* U+003F "?" */
    0x0, 0x3, 0x8a, 0x97, 0x30, 0x0, 0x2, 0xcf,
    0xff, 0xff, 0xfb, 0x10, 0x4f, 0xff, 0xff, 0xff,
    0xff, 0xc0, 0x4f, 0xff, 0xff, 0xff, 0xff, 0xf5,
    0x3, 0xfc, 0x31, 0x6f, 0xff, 0xf8, 0x0, 0x20,
    0x0, 0xc, 0xff, 0xfa, 0x0, 0x0, 0x0, 0xe,
    0xff, 0xf8, 0x0, 0x0, 0x0, 0x8f, 0xff, 0xf2,
    0x0, 0x0, 0x6, 0xff, 0xff, 0x70, 0x0, 0x0,
    0x2f, 0xff, 0xfa, 0x0, 0x0, 0x0, 0xcf, 0xff,
    0xd0, 0x0, 0x0, 0x3, 0xff, 0xff, 0x20, 0x0,
    0x0, 0x6, 0xff, 0xfb, 0x0, 0x0, 0x0, 0x4,
    0xaa, 0xa6, 0x0, 0x0, 0x0, 0x0, 0x0, 0x0,
    0x0, 0x0, 0x0, 0x0, 0x6a, 0x70, 0x0, 0x0,
    0x0, 0xa, 0xff, 0xfc, 0x0, 0x0, 0x0, 0xf,
    0xff, 0xff, 0x30, 0x0, 0x0, 0x1f, 0xff, 0xff,
    0x40, 0x0, 0x0, 0xc, 0xff, 0xfe, 0x0, 0x0,
    0x0, 0x2, 0xbf, 0xc3, 0x0, 0x0,

    /* U+0040 "@" */
    0x0, 0x0, 0x0, 0x0, 0x4, 0x8c, 0xdf, 0xfd,
    0xb7, 0x20, 0x0, 0x0, 0x0, 0x0, 0x0, 0x0,
    0x6e, 0xff, 0xff, 0xff, 0xff, 0xff, 0xb2, 0x0,
    0x0, 0x0, 0x0, 0x3, 0xdf, 0xff, 0xff, 0xdc,
    0xde, 0xff, 0xff, 0xf5, 0x0, 0x0, 0x0, 0x6,
    0xff, 0xff, 0xb4, 0x0, 0x0, 0x2, 0x7e, 0xff,
    0xf4, 0x0, 0x0, 0x5, 0xff, 0xfd, 0x30, 0x0,
    0x0, 0x0, 0x0, 0xa, 0xff, 0xf1, 0x0, 0x2,
    0xff, 0xfb, 0x10, 0x0, 0x0, 0x0, 0x0, 0x0,
    0xb, 0xff, 0x90, 0x0, 0xcf, 0xfd, 0x0, 0x0,
    0x6c, 0xfd, 0x4b, 0xff, 0x20, 0x1f, 0xff, 0x0,
    0x4f, 0xff, 0x20, 0x0, 0xaf, 0xff, 0xff, 0xff,
    0xf0, 0x0, 0xbf, 0xf4, 0xb, 0xff, 0x90, 0x0,
    0xaf, 0xff, 0xdd, 0xff, 0xfc, 0x0, 0x8, 0xff,
    0x70, 0xff, 0xf2, 0x0, 0x4f, 0xff, 0x60, 0xe,
    0xff, 0x80, 0x0, 0x5f, 0xf8, 0x4f, 0xfd, 0x0,
    0xc, 0xff, 0xb0, 0x0, 0xff, 0xf5, 0x0, 0x4,
    0xff, 0x96, 0xff, 0xb0, 0x0, 0xff, 0xf5, 0x0,
    0x2f, 0xff, 0x20, 0x0, 0x7f, 0xf7, 0x7f, 0xf9,
    0x0, 0x3f, 0xff, 0x30, 0x4, 0xff, 0xe0, 0x0,
    0xb, 0xff, 0x48, 0xff, 0x90, 0x4, 0xff, 0xf4,
    0x0, 0x8f, 0xfc, 0x0, 0x4, 0xff, 0xe0, 0x7f,
    0xfa, 0x0, 0x2f, 0xff, 0xa1, 0x5f, 0xff, 0xf3,
    0x16, 0xff, 0xf4, 0x5, 0xff, 0xd0, 0x0, 0xdf,
    0xff, 0xff, 0xfe, 0xff, 0xff, 0xff, 0xf9, 0x0,
    0x1f, 0xff, 0x20, 0x4, 0xff, 0xff, 0xf5, 0x4f,
    0xff, 0xff, 0xf7, 0x0, 0x0, 0xcf, 0xfb, 0x0,
    0x2, 0x9c, 0xa3, 0x0, 0x3a, 0xca, 0x72, 0x0,
    0x0, 0x5, 0xff, 0xf6, 0x0, 0x0, 0x0, 0x0,
    0x0, 0x0, 0x0, 0x0, 0x0, 0x0, 0xb, 0xff,
    0xf8, 0x0, 0x0, 0x0, 0x0, 0x0, 0x0, 0x0,
    0x0, 0x0, 0x0, 0x1d, 0xff, 0xfd, 0x61, 0x0,
    0x0, 0x16, 0xa0, 0x0, 0x0, 0x0, 0x0, 0x0,
    0x1c, 0xff, 0xff, 0xfe, 0xcc, 0xef, 0xff, 0x30,
    0x0, 0x0, 0x0, 0x0, 0x0, 0x7, 0xef, 0xff,
    0xff, 0xff, 0xff, 0xf6, 0x0, 0x0, 0x0, 0x0,
    0x0, 0x0, 0x0, 0x59, 0xce, 0xfe, 0xdb, 0x61,
    0x0, 0x0, 0x0, 0x0,

    /* U+0041 "A" */
    0x0, 0x0, 0x0, 0x5f, 0xff, 0xff, 0x80, 0x0,
    0x0, 0x0, 0x0, 0x0, 0xa, 0xff, 0xff, 0xfd,
    0x0, 0x0, 0x0, 0x0, 0x0, 0x0, 0xff, 0xff,
    0xff, 0xf2, 0x0, 0x0, 0x0, 0x0, 0x0, 0x4f,
    0xff, 0xdf, 0xff, 0x70, 0x0, 0x0, 0x0, 0x0,
    0xa, 0xff, 0xf5, 0xff, 0xfc, 0x0, 0x0, 0x0,
    0x0, 0x0, 0xef, 0xfe, 0xe, 0xff, 0xf1, 0x0,
    0x0, 0x0, 0x0, 0x4f, 0xff, 0xa0, 0xaf, 0xff,
    0x60, 0x0, 0x0, 0x0, 0x9, 0xff, 0xf6, 0x6,
    0xff, 0xfb, 0x0, 0x0, 0x0, 0x0, 0xef, 0xff,
    0x20, 0x2f, 0xff, 0xf1, 0x0, 0x0, 0x0, 0x3f,
    0xff, 0xe0, 0x0, 0xef, 0xff, 0x50, 0x0, 0x0,
    0x8, 0xff, 0xfa, 0x0, 0xa, 0xff, 0xfa, 0x0,
    0x0, 0x0, 0xdf, 0xff, 0xff, 0xff, 0xff, 0xff,
    0xf0, 0x0, 0x0, 0x2f, 0xff, 0xff, 0xff, 0xff,
    0xff, 0xff, 0x50, 0x0, 0x7, 0xff, 0xff, 0xff,
    0xff, 0xff, 0xff, 0xfa, 0x0, 0x0, 0xcf, 0xff,
    0xc8, 0x88, 0x88, 0xcf, 0xff, 0xe0, 0x0, 0x1f,
    0xff, 0xf6, 0x0, 0x0, 0x6, 0xff, 0xff, 0x40,
    0x6, 0xff, 0xff, 0x20, 0x0, 0x0, 0x2f, 0xff,
    0xf9, 0x0, 0xbf, 0xff, 0xe0, 0x0, 0x0, 0x0,
    0xef, 0xff, 0xe0, 0x1f, 0xff, 0xfa, 0x0, 0x0,
    0x0, 0xa, 0xff, 0xff, 0x30,

    /* U+0042 "B" */
    0xcf, 0xff, 0xff, 0xff, 0xec, 0x83, 0x0, 0x0,
    0xcf, 0xff, 0xff, 0xff, 0xff, 0xff, 0x90, 0x0,
    0xcf, 0xff, 0xff, 0xff, 0xff, 0xff, 0xf9, 0x0,
    0xcf, 0xff, 0xf8, 0x89, 0xcf, 0xff, 0xff, 0x0,
    0xcf, 0xff, 0xe0, 0x0, 0xa, 0xff, 0xff, 0x20,
    0xcf, 0xff, 0xe0, 0x0, 0x6, 0xff, 0xff, 0x10,
    0xcf, 0xff, 0xe0, 0x0, 0xa, 0xff, 0xfe, 0x0,
    0xcf, 0xff, 0xe5, 0x57, 0xbf, 0xff, 0xf6, 0x0,
    0xcf, 0xff, 0xff, 0xff, 0xff, 0xff, 0x60, 0x0,
    0xcf, 0xff, 0xff, 0xff, 0xff, 0xff, 0xa2, 0x0,
    0xcf, 0xff, 0xff, 0xff, 0xff, 0xff, 0xff, 0x30,
    0xcf, 0xff, 0xe0, 0x0, 0x16, 0xff, 0xff, 0xc0,
    0xcf, 0xff, 0xe0, 0x0, 0x0, 0x9f, 0xff, 0xf0,
    0xcf, 0xff, 0xe0, 0x0, 0x0, 0x8f, 0xff, 0xf1,
    0xcf, 0xff, 0xe0, 0x0, 0x1, 0xdf, 0xff, 0xf0,
    0xcf, 0xff, 0xf8, 0x88, 0xaf, 0xff, 0xff, 0xa0,
    0xcf, 0xff, 0xff, 0xff, 0xff, 0xff, 0xfd, 0x10,
    0xcf, 0xff, 0xff, 0xff, 0xff, 0xff, 0xc1, 0x0,
    0xcf, 0xff, 0xff, 0xff, 0xec, 0x93, 0x0, 0x0,

    /* U+0043 "C" */
    0x0, 0x0, 0x1, 0x7c, 0xef, 0xeb, 0x60, 0x0,
    0x0, 0x0, 0x8f, 0xff, 0xff, 0xff, 0xfd, 0x30,
    0x0, 0xc, 0xff, 0xff, 0xff, 0xff, 0xff, 0xf2,
    0x0, 0xbf, 0xff, 0xff, 0xff, 0xff, 0xff, 0x80,
    0x5, 0xff, 0xff, 0xfa, 0x30, 0x14, 0xda, 0x0,
    0xd, 0xff, 0xff, 0x70, 0x0, 0x0, 0x0, 0x0,
    0x2f, 0xff, 0xfd, 0x0, 0x0, 0x0, 0x0, 0x0,
    0x6f, 0xff, 0xf6, 0x0, 0x0, 0x0, 0x0, 0x0,
    0x8f, 0xff, 0xf4, 0x0, 0x0, 0x0, 0x0, 0x0,
    0x9f, 0xff, 0xf2, 0x0, 0x0, 0x0, 0x0, 0x0,
    0x9f, 0xff, 0xf4, 0x0, 0x0, 0x0, 0x0, 0x0,
    0x7f, 0xff, 0xf6, 0x0, 0x0, 0x0, 0x0, 0x0,
    0x3f, 0xff, 0xfd, 0x0, 0x0, 0x0, 0x0, 0x0,
    0xe, 0xff, 0xff, 0x70, 0x0, 0x0, 0x2, 0x0,
    0x7, 0xff, 0xff, 0xfa, 0x30, 0x14, 0xcf, 0x30,
    0x0, 0xdf, 0xff, 0xff, 0xff, 0xff, 0xff, 0xe2,
    0x0, 0x1d, 0xff, 0xff, 0xff, 0xff, 0xff, 0xf5,
    0x0, 0x1, 0xaf, 0xff, 0xff, 0xff, 0xfe, 0x40,
    0x0, 0x0, 0x2, 0x8c, 0xef, 0xec, 0x60, 0x0,

    /* U+0044 "D" */
    0xcf, 0xff, 0xff, 0xfe, 0xb8, 0x20, 0x0, 0x0,
    0xcf, 0xff, 0xff, 0xff, 0xff, 0xfb, 0x10, 0x0,
    0xcf, 0xff, 0xff, 0xff, 0xff, 0xff, 0xf3, 0x0,
    0xcf, 0xff, 0xfb, 0xcf, 0xff, 0xff, 0xfe, 0x10,
    0xcf, 0xff, 0xe0, 0x0, 0x6e, 0xff, 0xff, 0x80,
    0xcf, 0xff, 0xe0, 0x0, 0x4, 0xff, 0xff, 0xf0,
    0xcf, 0xff, 0xe0, 0x0, 0x0, 0xaf, 0xff, 0xf4,
    0xcf, 0xff, 0xe0, 0x0, 0x0, 0x5f, 0xff, 0xf7,
    0xcf, 0xff, 0xe0, 0x0, 0x0, 0x3f, 0xff, 0xf8,
    0xcf, 0xff, 0xe0, 0x0, 0x0, 0x2f, 0xff, 0xf9,
    0xcf, 0xff, 0xe0, 0x0, 0x0, 0x3f, 0xff, 0xf8,
    0xcf, 0xff, 0xe0, 0x0, 0x0, 0x6f, 0xff, 0xf7,
    0xcf, 0xff, 0xe0, 0x0, 0x0, 0xbf, 0xff, 0xf3,
    0xcf, 0xff, 0xe0, 0x0, 0x5, 0xff, 0xff, 0xe0,
    0xcf, 0xff, 0xe0, 0x0, 0x7f, 0xff, 0xff, 0x80,
    0xcf, 0xff, 0xfb, 0xdf, 0xff, 0xff, 0xfd, 0x0,
    0xcf, 0xff, 0xff, 0xff, 0xff, 0xff, 0xe2, 0x0,
    0xcf, 0xff, 0xff, 0xff, 0xff, 0xfb, 0x10, 0x0,
    0xcf, 0xff, 0xff, 0xfe, 0xc8, 0x20, 0x0, 0x0,

    /* U+0045 "E" */
    0xcf, 0xff, 0xff, 0xff, 0xff, 0xff, 0x8c, 0xff,
    0xff, 0xff, 0xff, 0xff, 0xf8, 0xcf, 0xff, 0xff,
    0xff, 0xff, 0xff, 0x8c, 0xff, 0xff, 0xdd, 0xdd,
    0xdd, 0xd6, 0xcf, 0xff, 0xe0, 0x0, 0x0, 0x0,
    0xc, 0xff, 0xfe, 0x0, 0x0, 0x0, 0x0, 0xcf,
    0xff, 0xe0, 0x0, 0x0, 0x0, 0xc, 0xff, 0xff,
    0xdd, 0xdd, 0xdd, 0x40, 0xcf, 0xff, 0xff, 0xff,
    0xff, 0xf5, 0xc, 0xff, 0xff, 0xff, 0xff, 0xff,
    0x50, 0xcf, 0xff, 0xff, 0xff, 0xff, 0xf5, 0xc,
    0xff, 0xfe, 0x0, 0x0, 0x0, 0x0, 0xcf, 0xff,
    0xe0, 0x0, 0x0, 0x0, 0xc, 0xff, 0xfe, 0x0,
    0x0, 0x0, 0x0, 0xcf, 0xff, 0xe0, 0x0, 0x0,
    0x0, 0xc, 0xff, 0xff, 0xdd, 0xdd, 0xdd, 0xda,
    0xcf, 0xff, 0xff, 0xff, 0xff, 0xff, 0xcc, 0xff,
    0xff, 0xff, 0xff, 0xff, 0xfc, 0xcf, 0xff, 0xff,
    0xff, 0xff, 0xff, 0xc0,

    /* U+0046 "F" */
    0xcf, 0xff, 0xff, 0xff, 0xff, 0xff, 0x9c, 0xff,
    0xff, 0xff, 0xff, 0xff, 0xf9, 0xcf, 0xff, 0xff,
    0xff, 0xff, 0xff, 0x9c, 0xff, 0xff, 0xdd, 0xdd,
    0xdd, 0xd7, 0xcf, 0xff, 0xe0, 0x0, 0x0, 0x0,
    0xc, 0xff, 0xfe, 0x0, 0x0, 0x0, 0x0, 0xcf,
    0xff, 0xe0, 0x0, 0x0, 0x0, 0xc, 0xff, 0xfe,
    0x0, 0x0, 0x0, 0x0, 0xcf, 0xff, 0xff, 0xff,
    0xff, 0xf7, 0xc, 0xff, 0xff, 0xff, 0xff, 0xff,
    0x70, 0xcf, 0xff, 0xff, 0xff, 0xff, 0xf7, 0xc,
    0xff, 0xff, 0xdd, 0xdd, 0xdd, 0x60, 0xcf, 0xff,
    0xe0, 0x0, 0x0, 0x0, 0xc, 0xff, 0xfe, 0x0,
    0x0, 0x0, 0x0, 0xcf, 0xff, 0xe0, 0x0, 0x0,
    0x0, 0xc, 0xff, 0xfe, 0x0, 0x0, 0x0, 0x0,
    0xcf, 0xff, 0xe0, 0x0, 0x0, 0x0, 0xc, 0xff,
    0xfe, 0x0, 0x0, 0x0, 0x0, 0xcf, 0xff, 0xe0,
    0x0, 0x0, 0x0, 0x0,

    /* U+0047 "G" */
    0x0, 0x0, 0x1, 0x6b, 0xef, 0xed, 0x94, 0x0,
    0x0, 0x0, 0x7, 0xff, 0xff, 0xff, 0xff, 0xfb,
    0x10, 0x0, 0xb, 0xff, 0xff, 0xff, 0xff, 0xff,
    0xfc, 0x0, 0xa, 0xff, 0xff, 0xff, 0xff, 0xff,
    0xfe, 0x20, 0x5, 0xff, 0xff, 0xfb, 0x30, 0x2,
    0x7e, 0x30, 0x0, 0xdf, 0xff, 0xf7, 0x0, 0x0,
    0x0, 0x0, 0x0, 0x2f, 0xff, 0xfd, 0x0, 0x0,
    0x0, 0x0, 0x0, 0x6, 0xff, 0xff, 0x60, 0x0,
    0x0, 0x0, 0x0, 0x0, 0x8f, 0xff, 0xf4, 0x0,
    0xc, 0xff, 0xff, 0xff, 0x69, 0xff, 0xff, 0x20,
    0x0, 0xcf, 0xff, 0xff, 0xf6, 0x9f, 0xff, 0xf4,
    0x0, 0xc, 0xff, 0xff, 0xff, 0x67, 0xff, 0xff,
    0x60, 0x0, 0x9c, 0xcf, 0xff, 0xf6, 0x3f, 0xff,
    0xfc, 0x0, 0x0, 0x0, 0xbf, 0xff, 0x60, 0xef,
    0xff, 0xf7, 0x0, 0x0, 0xb, 0xff, 0xf6, 0x7,
    0xff, 0xff, 0xfb, 0x41, 0x2, 0xdf, 0xff, 0x60,
    0xc, 0xff, 0xff, 0xff, 0xff, 0xff, 0xff, 0xf6,
    0x0, 0x1d, 0xff, 0xff, 0xff, 0xff, 0xff, 0xff,
    0x50, 0x0, 0x9, 0xff, 0xff, 0xff, 0xff, 0xfe,
    0x50, 0x0, 0x0, 0x1, 0x7b, 0xef, 0xfd, 0xa5,
    0x0, 0x0,

    /* U+0048 "H" */
    0xcf, 0xff, 0xe0, 0x0, 0x0, 0xb, 0xff, 0xfe,
    0xcf, 0xff, 0xe0, 0x0, 0x0, 0xb, 0xff, 0xfe,
    0xcf, 0xff, 0xe0, 0x0, 0x0, 0xb, 0xff, 0xfe,
    0xcf, 0xff, 0xe0, 0x0, 0x0, 0xb, 0xff, 0xfe,
    0xcf, 0xff, 0xe0, 0x0, 0x0, 0xb, 0xff, 0xfe,
    0xcf, 0xff, 0xe0, 0x0, 0x0, 0xb, 0xff, 0xfe,
    0xcf, 0xff, 0xe0, 0x0, 0x0, 0xb, 0xff, 0xfe,
    0xcf, 0xff, 0xff, 0xff, 0xff, 0xff, 0xff, 0xfe,
    0xcf, 0xff, 0xff, 0xff, 0xff, 0xff, 0xff, 0xfe,
    0xcf, 0xff, 0xff, 0xff, 0xff, 0xff, 0xff, 0xfe,
    0xcf, 0xff, 0xff, 0xff, 0xff, 0xff, 0xff, 0xfe,
    0xcf, 0xff, 0xe0, 0x0, 0x0, 0xb, 0xff, 0xfe,
    0xcf, 0xff, 0xe0, 0x0, 0x0, 0xb, 0xff, 0xfe,
    0xcf, 0xff, 0xe0, 0x0, 0x0, 0xb, 0xff, 0xfe,
    0xcf, 0xff, 0xe0, 0x0, 0x0, 0xb, 0xff, 0xfe,
    0xcf, 0xff, 0xe0, 0x0, 0x0, 0xb, 0xff, 0xfe,
    0xcf, 0xff, 0xe0, 0x0, 0x0, 0xb, 0xff, 0xfe,
    0xcf, 0xff, 0xe0, 0x0, 0x0, 0xb, 0xff, 0xfe,
    0xcf, 0xff, 0xe0, 0x0, 0x0, 0xb, 0xff, 0xfe,

    /* U+0049 "I" */
    0xcf, 0xff, 0xec, 0xff, 0xfe, 0xcf, 0xff, 0xec,
    0xff, 0xfe, 0xcf, 0xff, 0xec, 0xff, 0xfe, 0xcf,
    0xff, 0xec, 0xff, 0xfe, 0xcf, 0xff, 0xec, 0xff,
    0xfe, 0xcf, 0xff, 0xec, 0xff, 0xfe, 0xcf, 0xff,
    0xec, 0xff, 0xfe, 0xcf, 0xff, 0xec, 0xff, 0xfe,
    0xcf, 0xff, 0xec, 0xff, 0xfe, 0xcf, 0xff, 0xe0,

    /* U+004A "J" */
    0x0, 0x0, 0x0, 0x0, 0x8f, 0xff, 0xf1, 0x0,
    0x0, 0x0, 0x0, 0x8f, 0xff, 0xf1, 0x0, 0x0,
    0x0, 0x0, 0x8f, 0xff, 0xf1, 0x0, 0x0, 0x0,
    0x0, 0x8f, 0xff, 0xf1, 0x0, 0x0, 0x0, 0x0,
    0x8f, 0xff, 0xf1, 0x0, 0x0, 0x0, 0x0, 0x8f,
    0xff, 0xf1, 0x0, 0x0, 0x0, 0x0, 0x8f, 0xff,
    0xf1, 0x0, 0x0, 0x0, 0x0, 0x8f, 0xff, 0xf1,
    0x0, 0x0, 0x0, 0x0, 0x8f, 0xff, 0xf1, 0x0,
    0x0, 0x0, 0x0, 0x8f, 0xff, 0xf1, 0x0, 0x0,
    0x0, 0x0, 0x8f, 0xff, 0xf1, 0x0, 0x0, 0x0,
    0x0, 0x8f, 0xff, 0xf1, 0x0, 0x0, 0x0, 0x0,
    0x9f, 0xff, 0xf1, 0x0, 0x4, 0x0, 0x0, 0xcf,
    0xff, 0xe0, 0x4, 0xdf, 0x71, 0x6, 0xff, 0xff,
    0xc0, 0x3f, 0xff, 0xff, 0xff, 0xff, 0xff, 0x50,
    0xb, 0xff, 0xff, 0xff, 0xff, 0xfc, 0x0, 0x1,
    0xbf, 0xff, 0xff, 0xff, 0xb1, 0x0, 0x0, 0x5,
    0xbe, 0xfe, 0xb6, 0x0, 0x0,

    /* U+004B "K" */
    0xcf, 0xff, 0xe0, 0x0, 0x0, 0xdf, 0xff, 0xf3,
    0xc, 0xff, 0xfe, 0x0, 0x0, 0xaf, 0xff, 0xf6,
    0x0, 0xcf, 0xff, 0xe0, 0x0, 0x5f, 0xff, 0xfa,
    0x0, 0xc, 0xff, 0xfe, 0x0, 0x2f, 0xff, 0xfd,
    0x0, 0x0, 0xcf, 0xff, 0xe0, 0xc, 0xff, 0xff,
    0x20, 0x0, 0xc, 0xff, 0xfe, 0x8, 0xff, 0xff,
    0x50, 0x0, 0x0, 0xcf, 0xff, 0xe4, 0xff, 0xff,
    0x80, 0x0, 0x0, 0xc, 0xff, 0xff, 0xef, 0xff,
    0xd0, 0x0, 0x0, 0x0, 0xcf, 0xff, 0xff, 0xff,
    0xff, 0x30, 0x0, 0x0, 0xc, 0xff, 0xff, 0xff,
    0xff, 0xfd, 0x0, 0x0, 0x0, 0xcf, 0xff, 0xff,
    0xff, 0xff, 0xf7, 0x0, 0x0, 0xc, 0xff, 0xff,
    0xfc, 0xdf, 0xff, 0xf1, 0x0, 0x0, 0xcf, 0xff,
    0xfe, 0x14, 0xff, 0xff, 0xa0, 0x0, 0xc, 0xff,
    0xff, 0x40, 0xa, 0xff, 0xff, 0x40, 0x0, 0xcf,
    0xff, 0xe0, 0x0, 0x1f, 0xff, 0xfd, 0x0, 0xc,
    0xff, 0xfe, 0x0, 0x0, 0x7f, 0xff, 0xf8, 0x0,
    0xcf, 0xff, 0xe0, 0x0, 0x0, 0xdf, 0xff, 0xf2,
    0xc, 0xff, 0xfe, 0x0, 0x0, 0x4, 0xff, 0xff,
    0xb0, 0xcf, 0xff, 0xe0, 0x0, 0x0, 0xb, 0xff,
    0xff, 0x50,

    /* U+004C "L" */
    0xcf, 0xff, 0xe0, 0x0, 0x0, 0x0, 0xc, 0xff,
    0xfe, 0x0, 0x0, 0x0, 0x0, 0xcf, 0xff, 0xe0,
    0x0, 0x0, 0x0, 0xc, 0xff, 0xfe, 0x0, 0x0,
    0x0, 0x0, 0xcf, 0xff, 0xe0, 0x0, 0x0, 0x0,
    0xc, 0xff, 0xfe, 0x0, 0x0, 0x0, 0x0, 0xcf,
    0xff, 0xe0, 0x0, 0x0, 0x0, 0xc, 0xff, 0xfe,
    0x0, 0x0, 0x0, 0x0, 0xcf, 0xff, 0xe0, 0x0,
    0x0, 0x0, 0xc, 0xff, 0xfe, 0x0, 0x0, 0x0,
    0x0, 0xcf, 0xff, 0xe0, 0x0, 0x0, 0x0, 0xc,
    0xff, 0xfe, 0x0, 0x0, 0x0, 0x0, 0xcf, 0xff,
    0xe0, 0x0, 0x0, 0x0, 0xc, 0xff, 0xfe, 0x0,
    0x0, 0x0, 0x0, 0xcf, 0xff, 0xe0, 0x0, 0x0,
    0x0, 0xc, 0xff, 0xff, 0xdd, 0xdd, 0xdd, 0xd6,
    0xcf, 0xff, 0xff, 0xff, 0xff, 0xff, 0x6c, 0xff,
    0xff, 0xff, 0xff, 0xff, 0xf6, 0xcf, 0xff, 0xff,
    0xff, 0xff, 0xff, 0x60,

    /* U+004D "M" */
    0xcf, 0xff, 0xf6, 0x0, 0x0, 0x0, 0xa, 0xff,
    0xff, 0x9c, 0xff, 0xff, 0xc0, 0x0, 0x0, 0x0,
    0xff, 0xff, 0xf9, 0xcf, 0xff, 0xff, 0x20, 0x0,
    0x0, 0x5f, 0xff, 0xff, 0x9c, 0xff, 0xff, 0xf8,
    0x0, 0x0, 0xb, 0xff, 0xff, 0xf9, 0xcf, 0xff,
    0xff, 0xe0, 0x0, 0x1, 0xff, 0xff, 0xff, 0x9c,
    0xff, 0xef, 0xff, 0x40, 0x0, 0x7f, 0xfe, 0xff,
    0xf9, 0xcf, 0xfe, 0xcf, 0xfa, 0x0, 0xc, 0xff,
    0xaf, 0xff, 0x9c, 0xff, 0xf7, 0xff, 0xf1, 0x2,
    0xff, 0xf7, 0xff, 0xf9, 0xcf, 0xff, 0x4f, 0xff,
    0x60, 0x8f, 0xfd, 0x6f, 0xff, 0x9c, 0xff, 0xf3,
    0xdf, 0xfb, 0xd, 0xff, 0x87, 0xff, 0xf9, 0xcf,
    0xff, 0x48, 0xff, 0xf2, 0xff, 0xf3, 0x8f, 0xff,
    0x9c, 0xff, 0xf5, 0x2f, 0xff, 0xcf, 0xfd, 0x9,
    0xff, 0xf9, 0xcf, 0xff, 0x60, 0xcf, 0xff, 0xff,
    0x70, 0xaf, 0xff, 0x9c, 0xff, 0xf6, 0x6, 0xff,
    0xff, 0xf1, 0xa, 0xff, 0xf9, 0xcf, 0xff, 0x60,
    0xf, 0xff, 0xfb, 0x0, 0xaf, 0xff, 0x9c, 0xff,
    0xf6, 0x0, 0x9f, 0xff, 0x50, 0xa, 0xff, 0xf9,
    0xcf, 0xff, 0x60, 0x3, 0xff, 0xf0, 0x0, 0xaf,
    0xff, 0x9c, 0xff, 0xf6, 0x0, 0x6, 0x64, 0x0,
    0xa, 0xff, 0xf9, 0xcf, 0xff, 0x60, 0x0, 0x0,
    0x0, 0x0, 0xaf, 0xff, 0x90,

    /* U+004E "N" */
    0xcf, 0xff, 0xf3, 0x0, 0x0, 0xc, 0xff, 0xf9,
    0xcf, 0xff, 0xfc, 0x0, 0x0, 0xc, 0xff, 0xf9,
    0xcf, 0xff, 0xff, 0x40, 0x0, 0xc, 0xff, 0xf9,
    0xcf, 0xff, 0xff, 0xc0, 0x0, 0xc, 0xff, 0xf9,
    0xcf, 0xff, 0xff, 0xf5, 0x0, 0xc, 0xff, 0xf9,
    0xcf, 0xff, 0xff, 0xfd, 0x0, 0xc, 0xff, 0xf9,
    0xcf, 0xff, 0x9f, 0xff, 0x60, 0xc, 0xff, 0xf9,
    0xcf, 0xff, 0x4e, 0xff, 0xe0, 0xb, 0xff, 0xf9,
    0xcf, 0xff, 0x58, 0xff, 0xf7, 0xa, 0xff, 0xf9,
    0xcf, 0xff, 0x71, 0xff, 0xfe, 0x9, 0xff, 0xf9,
    0xcf, 0xff, 0x80, 0x9f, 0xff, 0x68, 0xff, 0xf9,
    0xcf, 0xff, 0x90, 0x1f, 0xff, 0xd6, 0xff, 0xf9,
    0xcf, 0xff, 0xa0, 0x8, 0xff, 0xf9, 0xff, 0xf9,
    0xcf, 0xff, 0xa0, 0x1, 0xef, 0xff, 0xff, 0xf9,
    0xcf, 0xff, 0xa0, 0x0, 0x7f, 0xff, 0xff, 0xf9,
    0xcf, 0xff, 0xa0, 0x0, 0xe, 0xff, 0xff, 0xf9,
    0xcf, 0xff, 0xa0, 0x0, 0x6, 0xff, 0xff, 0xf9,
    0xcf, 0xff, 0xa0, 0x0, 0x0, 0xef, 0xff, 0xf9,
    0xcf, 0xff, 0xa0, 0x0, 0x0, 0x6f, 0xff, 0xf9,

    /* U+004F "O" */
    0x0, 0x0, 0x4, 0x9d, 0xef, 0xeb, 0x71, 0x0,
    0x0, 0x0, 0x0, 0x2c, 0xff, 0xff, 0xff, 0xff,
    0xf7, 0x0, 0x0, 0x0, 0x3f, 0xff, 0xff, 0xff,
    0xff, 0xff, 0xf9, 0x0, 0x0, 0x1e, 0xff, 0xff,
    0xff, 0xff, 0xff, 0xff, 0xf6, 0x0, 0x9, 0xff,
    0xff, 0xf6, 0x10, 0x3c, 0xff, 0xff, 0xf0, 0x0,
    0xff, 0xff, 0xf3, 0x0, 0x0, 0xb, 0xff, 0xff,
    0x60, 0x4f, 0xff, 0xfa, 0x0, 0x0, 0x0, 0x3f,
    0xff, 0xfb, 0x7, 0xff, 0xff, 0x50, 0x0, 0x0,
    0x0, 0xef, 0xff, 0xe0, 0x9f, 0xff, 0xf3, 0x0,
    0x0, 0x0, 0xc, 0xff, 0xff, 0x9, 0xff, 0xff,
    0x20, 0x0, 0x0, 0x0, 0xaf, 0xff, 0xf0, 0x8f,
    0xff, 0xf3, 0x0, 0x0, 0x0, 0xc, 0xff, 0xff,
    0x7, 0xff, 0xff, 0x50, 0x0, 0x0, 0x0, 0xef,
    0xff, 0xe0, 0x3f, 0xff, 0xfb, 0x0, 0x0, 0x0,
    0x4f, 0xff, 0xfa, 0x0, 0xef, 0xff, 0xf4, 0x0,
    0x0, 0xc, 0xff, 0xff, 0x60, 0x8, 0xff, 0xff,
    0xf7, 0x20, 0x4c, 0xff, 0xff, 0xe0, 0x0, 0xd,
    0xff, 0xff, 0xff, 0xff, 0xff, 0xff, 0xf5, 0x0,
    0x0, 0x2e, 0xff, 0xff, 0xff, 0xff, 0xff, 0xf8,
    0x0, 0x0, 0x0, 0x2c, 0xff, 0xff, 0xff, 0xff,
    0xe6, 0x0, 0x0, 0x0, 0x0, 0x4, 0x9d, 0xff,
    0xeb, 0x70, 0x0, 0x0, 0x0,

    /* U+0050 "P" */
    0xcf, 0xff, 0xff, 0xff, 0xdb, 0x81, 0x0, 0xc,
    0xff, 0xff, 0xff, 0xff, 0xff, 0xf9, 0x0, 0xcf,
    0xff, 0xff, 0xff, 0xff, 0xff, 0xf8, 0xc, 0xff,
    0xff, 0xaa, 0xbe, 0xff, 0xff, 0xf4, 0xcf, 0xff,
    0xe0, 0x0, 0x6, 0xff, 0xff, 0x9c, 0xff, 0xfe,
    0x0, 0x0, 0xd, 0xff, 0xfb, 0xcf, 0xff, 0xe0,
    0x0, 0x0, 0xcf, 0xff, 0xcc, 0xff, 0xfe, 0x0,
    0x0, 0x1f, 0xff, 0xfa, 0xcf, 0xff, 0xe0, 0x1,
    0x4c, 0xff, 0xff, 0x5c, 0xff, 0xff, 0xff, 0xff,
    0xff, 0xff, 0xc0, 0xcf, 0xff, 0xff, 0xff, 0xff,
    0xff, 0xe1, 0xc, 0xff, 0xff, 0xff, 0xff, 0xff,
    0x91, 0x0, 0xcf, 0xff, 0xf9, 0x99, 0x75, 0x10,
    0x0, 0xc, 0xff, 0xfe, 0x0, 0x0, 0x0, 0x0,
    0x0, 0xcf, 0xff, 0xe0, 0x0, 0x0, 0x0, 0x0,
    0xc, 0xff, 0xfe, 0x0, 0x0, 0x0, 0x0, 0x0,
    0xcf, 0xff, 0xe0, 0x0, 0x0, 0x0, 0x0, 0xc,
    0xff, 0xfe, 0x0, 0x0, 0x0, 0x0, 0x0, 0xcf,
    0xff, 0xe0, 0x0, 0x0, 0x0, 0x0, 0x0,

    /* U+0051 "Q" */
    0x0, 0x0, 0x4, 0x9d, 0xef, 0xeb, 0x71, 0x0,
    0x0, 0x0, 0x0, 0x2, 0xcf, 0xff, 0xff, 0xff,
    0xff, 0x70, 0x0, 0x0, 0x0, 0x3f, 0xff, 0xff,
    0xff, 0xff, 0xff, 0xf9, 0x0, 0x0, 0x1, 0xef,
    0xff, 0xff, 0xff, 0xff, 0xff, 0xff, 0x60, 0x0,
    0x8, 0xff, 0xff, 0xf6, 0x10, 0x3c, 0xff, 0xff,
    0xe0, 0x0, 0xf, 0xff, 0xff, 0x30, 0x0, 0x0,
    0xcf, 0xff, 0xf6, 0x0, 0x4f, 0xff, 0xfb, 0x0,
    0x0, 0x0, 0x3f, 0xff, 0xfb, 0x0, 0x7f, 0xff,
    0xf5, 0x0, 0x0, 0x0, 0xe, 0xff, 0xfe, 0x0,
    0x9f, 0xff, 0xf3, 0x0, 0x0, 0x0, 0xc, 0xff,
    0xff, 0x0, 0x9f, 0xff, 0xf2, 0x0, 0x0, 0x0,
    0xa, 0xff, 0xff, 0x0, 0x8f, 0xff, 0xf3, 0x0,
    0x0, 0x0, 0xc, 0xff, 0xff, 0x0, 0x5f, 0xff,
    0xf5, 0x0, 0x0, 0x0, 0xd, 0xff, 0xfc, 0x0,
    0x3f, 0xff, 0xf9, 0x0, 0x0, 0x0, 0x2f, 0xff,
    0xfa, 0x0, 0xe, 0xff, 0xff, 0x10, 0x0, 0x0,
    0x9f, 0xff, 0xf5, 0x0, 0x7, 0xff, 0xff, 0xc1,
    0x0, 0x6, 0xff, 0xff, 0xd0, 0x0, 0x0, 0xef,
    0xff, 0xfe, 0xb9, 0xdf, 0xff, 0xff, 0x50, 0x0,
    0x0, 0x2e, 0xff, 0xff, 0xff, 0xff, 0xff, 0xf7,
    0x0, 0x0, 0x0, 0x2, 0xdf, 0xff, 0xff, 0xff,
    0xfe, 0x60, 0x0, 0x0, 0x0, 0x0, 0x4, 0xbf,
    0xff, 0xff, 0x70, 0x0, 0x0, 0x0, 0x0, 0x0,
    0x0, 0x8, 0xff, 0xff, 0xc3, 0x0, 0x0, 0x0,
    0x0, 0x0, 0x0, 0x0, 0xdf, 0xff, 0xff, 0xeb,
    0xac, 0x70, 0x0, 0x0, 0x0, 0x0, 0x1d, 0xff,
    0xff, 0xff, 0xff, 0xb0, 0x0, 0x0, 0x0, 0x0,
    0x0, 0xaf, 0xff, 0xff, 0xff, 0xf0, 0x0, 0x0,
    0x0, 0x0, 0x0, 0x1, 0x8b, 0xdf, 0xed, 0x91,

    /* U+0052 "R" */
    0xcf, 0xff, 0xff, 0xff, 0xec, 0x93, 0x0, 0x0,
    0xcf, 0xff, 0xff, 0xff, 0xff, 0xff, 0xc1, 0x0,
    0xcf, 0xff, 0xff, 0xff, 0xff, 0xff, 0xfc, 0x0,
    0xcf, 0xff, 0xfa, 0xab, 0xdf, 0xff, 0xff, 0x70,
    0xcf, 0xff, 0xe0, 0x0, 0x3, 0xff, 0xff, 0xc0,
    0xcf, 0xff, 0xe0, 0x0, 0x0, 0xbf, 0xff, 0xd0,
    0xcf, 0xff, 0xe0, 0x0, 0x0, 0xcf, 0xff, 0xd0,
    0xcf, 0xff, 0xe0, 0x0, 0x5, 0xff, 0xff, 0xa0,
    0xcf, 0xff, 0xfa, 0xab, 0xdf, 0xff, 0xff, 0x40,
    0xcf, 0xff, 0xff, 0xff, 0xff, 0xff, 0xfa, 0x0,
    0xcf, 0xff, 0xff, 0xff, 0xff, 0xff, 0x90, 0x0,
    0xcf, 0xff, 0xff, 0xff, 0xff, 0xfc, 0x0, 0x0,
    0xcf, 0xff, 0xe0, 0x9, 0xff, 0xff, 0x50, 0x0,
    0xcf, 0xff, 0xe0, 0x2, 0xff, 0xff, 0xd0, 0x0,
    0xcf, 0xff, 0xe0, 0x0, 0x9f, 0xff, 0xf6, 0x0,
    0xcf, 0xff, 0xe0, 0x0, 0x1f, 0xff, 0xfe, 0x0,
    0xcf, 0xff, 0xe0, 0x0, 0x9, 0xff, 0xff, 0x80,
    0xcf, 0xff, 0xe0, 0x0, 0x1, 0xff, 0xff, 0xf1,
    0xcf, 0xff, 0xe0, 0x0, 0x0, 0x9f, 0xff, 0xf9,

    /* U+0053 "S" */
    0x0, 0x0, 0x5a, 0xcf, 0xed, 0x83, 0x0, 0x0,
    0x3, 0xdf, 0xff, 0xff, 0xff, 0xfb, 0x10, 0x2,
    0xef, 0xff, 0xff, 0xff, 0xff, 0xfc, 0x0, 0xcf,
    0xff, 0xff, 0xff, 0xff, 0xff, 0x20, 0x2f, 0xff,
    0xfd, 0x20, 0x14, 0xbf, 0x40, 0x3, 0xff, 0xff,
    0x80, 0x0, 0x0, 0x10, 0x0, 0x1f, 0xff, 0xfe,
    0x50, 0x0, 0x0, 0x0, 0x0, 0xcf, 0xff, 0xff,
    0xd8, 0x20, 0x0, 0x0, 0x2, 0xff, 0xff, 0xff,
    0xff, 0xb4, 0x0, 0x0, 0x2, 0xdf, 0xff, 0xff,
    0xff, 0xfb, 0x0, 0x0, 0x0, 0x5c, 0xff, 0xff,
    0xff, 0xfb, 0x0, 0x0, 0x0, 0x2, 0x8e, 0xff,
    0xff, 0xf4, 0x0, 0x0, 0x0, 0x0, 0xa, 0xff,
    0xff, 0x70, 0x7, 0x10, 0x0, 0x0, 0x3f, 0xff,
    0xf9, 0x8, 0xff, 0x84, 0x10, 0x2a, 0xff, 0xff,
    0x56, 0xff, 0xff, 0xff, 0xff, 0xff, 0xff, 0xf1,
    0x9f, 0xff, 0xff, 0xff, 0xff, 0xff, 0xf5, 0x0,
    0x5d, 0xff, 0xff, 0xff, 0xff, 0xe5, 0x0, 0x0,
    0x5, 0x9d, 0xff, 0xda, 0x70, 0x0, 0x0,

    /* U+0054 "T" */
    0x3f, 0xff, 0xff, 0xff, 0xff, 0xff, 0xff, 0xfe,
    0x3f, 0xff, 0xff, 0xff, 0xff, 0xff, 0xff, 0xfe,
    0x3f, 0xff, 0xff, 0xff, 0xff, 0xff, 0xff, 0xfe,
    0x3d, 0xdd, 0xdd, 0xff, 0xff, 0xfd, 0xdd, 0xdb,
    0x0, 0x0, 0x0, 0xff, 0xff, 0xa0, 0x0, 0x0,
    0x0, 0x0, 0x0, 0xff, 0xff, 0xa0, 0x0, 0x0,
    0x0, 0x0, 0x0, 0xff, 0xff, 0xa0, 0x0, 0x0,
    0x0, 0x0, 0x0, 0xff, 0xff, 0xa0, 0x0, 0x0,
    0x0, 0x0, 0x0, 0xff, 0xff, 0xa0, 0x0, 0x0,
    0x0, 0x0, 0x0, 0xff, 0xff, 0xa0, 0x0, 0x0,
    0x0, 0x0, 0x0, 0xff, 0xff, 0xa0, 0x0, 0x0,
    0x0, 0x0, 0x0, 0xff, 0xff, 0xa0, 0x0, 0x0,
    0x0, 0x0, 0x0, 0xff, 0xff, 0xa0, 0x0, 0x0,
    0x0, 0x0, 0x0, 0xff, 0xff, 0xa0, 0x0, 0x0,
    0x0, 0x0, 0x0, 0xff, 0xff, 0xa0, 0x0, 0x0,
    0x0, 0x0, 0x0, 0xff, 0xff, 0xa0, 0x0, 0x0,
    0x0, 0x0, 0x0, 0xff, 0xff, 0xa0, 0x0, 0x0,
    0x0, 0x0, 0x0, 0xff, 0xff, 0xa0, 0x0, 0x0,
    0x0, 0x0, 0x0, 0xff, 0xff, 0xa0, 0x0, 0x0,

    /* U+0055 "U" */
    0xdf, 0xff, 0xc0, 0x0, 0x0, 0xb, 0xff, 0xfb,
    0xdf, 0xff, 0xc0, 0x0, 0x0, 0xb, 0xff, 0xfb,
    0xdf, 0xff, 0xc0, 0x0, 0x0, 0xb, 0xff, 0xfb,
    0xdf, 0xff, 0xc0, 0x0, 0x0, 0xb, 0xff, 0xfb,
    0xdf, 0xff, 0xc0, 0x0, 0x0, 0xb, 0xff, 0xfb,
    0xdf, 0xff, 0xc0, 0x0, 0x0, 0xb, 0xff, 0xfb,
    0xdf, 0xff, 0xc0, 0x0, 0x0, 0xb, 0xff, 0xfb,
    0xdf, 0xff, 0xc0, 0x0, 0x0, 0xb, 0xff, 0xfb,
    0xdf, 0xff, 0xc0, 0x0, 0x0, 0xb, 0xff, 0xfb,
    0xdf, 0xff, 0xc0, 0x0, 0x0, 0xb, 0xff, 0xfb,
    0xdf, 0xff, 0xc0, 0x0, 0x0, 0xb, 0xff, 0xfb,
    0xcf, 0xff, 0xd0, 0x0, 0x0, 0xd, 0xff, 0xfa,
    0xbf, 0xff, 0xf0, 0x0, 0x0, 0xf, 0xff, 0xf8,
    0x7f, 0xff, 0xf5, 0x0, 0x0, 0x5f, 0xff, 0xf5,
    0x3f, 0xff, 0xfe, 0x40, 0x5, 0xef, 0xff, 0xf1,
    0xc, 0xff, 0xff, 0xff, 0xff, 0xff, 0xff, 0xa0,
    0x2, 0xff, 0xff, 0xff, 0xff, 0xff, 0xfe, 0x10,
    0x0, 0x3e, 0xff, 0xff, 0xff, 0xff, 0xd2, 0x0,
    0x0, 0x0, 0x6b, 0xef, 0xfe, 0xb6, 0x0, 0x0,

    /* U+0056 "V" */
    0x1f, 0xff, 0xfc, 0x0, 0x0, 0x0, 0xe, 0xff,
    0xfc, 0xc, 0xff, 0xff, 0x0, 0x0, 0x0, 0x2f,
    0xff, 0xf7, 0x7, 0xff, 0xff, 0x40, 0x0, 0x0,
    0x7f, 0xff, 0xf2, 0x3, 0xff, 0xff, 0x80, 0x0,
    0x0, 0xbf, 0xff, 0xd0, 0x0, 0xef, 0xff, 0xc0,
    0x0, 0x0, 0xff, 0xff, 0x80, 0x0, 0x9f, 0xff,
    0xf0, 0x0, 0x3, 0xff, 0xff, 0x30, 0x0, 0x4f,
    0xff, 0xf3, 0x0, 0x8, 0xff, 0xfe, 0x0, 0x0,
    0xf, 0xff, 0xf7, 0x0, 0xc, 0xff, 0xf9, 0x0,
    0x0, 0xb, 0xff, 0xfb, 0x0, 0xf, 0xff, 0xf4,
    0x0, 0x0, 0x6, 0xff, 0xff, 0x0, 0x4f, 0xff,
    0xf0, 0x0, 0x0, 0x1, 0xff, 0xff, 0x30, 0x8f,
    0xff, 0xa0, 0x0, 0x0, 0x0, 0xcf, 0xff, 0x70,
    0xcf, 0xff, 0x50, 0x0, 0x0, 0x0, 0x7f, 0xff,
    0xb1, 0xff, 0xff, 0x10, 0x0, 0x0, 0x0, 0x3f,
    0xff, 0xf5, 0xff, 0xfb, 0x0, 0x0, 0x0, 0x0,
    0xe, 0xff, 0xfc, 0xff, 0xf6, 0x0, 0x0, 0x0,
    0x0, 0x9, 0xff, 0xff, 0xff, 0xf1, 0x0, 0x0,
    0x0, 0x0, 0x4, 0xff, 0xff, 0xff, 0xc0, 0x0,
    0x0, 0x0, 0x0, 0x0, 0xff, 0xff, 0xff, 0x70,
    0x0, 0x0, 0x0, 0x0, 0x0, 0xbf, 0xff, 0xff,
    0x20, 0x0, 0x0,

    /* U+0057 "W" */
    0x8f, 0xff, 0xf3, 0x0, 0x0, 0xcf, 0xff, 0x60,
    0x0, 0x8, 0xff, 0xfd, 0x5f, 0xff, 0xf5, 0x0,
    0x0, 0xff, 0xff, 0x90, 0x0, 0xb, 0xff, 0xfa,
    0x2f, 0xff, 0xf7, 0x0, 0x3, 0xff, 0xff, 0xd0,
    0x0, 0xd, 0xff, 0xf7, 0xf, 0xff, 0xf9, 0x0,
    0x7, 0xff, 0xff, 0xf1, 0x0, 0xf, 0xff, 0xf4,
    0xc, 0xff, 0xfb, 0x0, 0xb, 0xff, 0xff, 0xf4,
    0x0, 0x2f, 0xff, 0xf1, 0x9, 0xff, 0xfd, 0x0,
    0xf, 0xff, 0xff, 0xf8, 0x0, 0x5f, 0xff, 0xe0,
    0x6, 0xff, 0xff, 0x0, 0x3f, 0xff, 0xdf, 0xfb,
    0x0, 0x7f, 0xff, 0xc0, 0x4, 0xff, 0xff, 0x20,
    0x6f, 0xfd, 0xaf, 0xff, 0x0, 0x9f, 0xff, 0x90,
    0x1, 0xff, 0xff, 0x40, 0xaf, 0xfa, 0x7f, 0xff,
    0x20, 0xcf, 0xff, 0x60, 0x0, 0xef, 0xff, 0x60,
    0xdf, 0xf7, 0x4f, 0xff, 0x50, 0xef, 0xff, 0x30,
    0x0, 0xbf, 0xff, 0x80, 0xff, 0xf5, 0x2f, 0xff,
    0x80, 0xff, 0xff, 0x0, 0x0, 0x8f, 0xff, 0xa3,
    0xff, 0xf1, 0xf, 0xff, 0xb2, 0xff, 0xfd, 0x0,
    0x0, 0x5f, 0xff, 0xc6, 0xff, 0xe0, 0xb, 0xff,
    0xe4, 0xff, 0xfa, 0x0, 0x0, 0x2f, 0xff, 0xe9,
    0xff, 0xb0, 0x8, 0xff, 0xf8, 0xff, 0xf7, 0x0,
    0x0, 0xf, 0xff, 0xfd, 0xff, 0x70, 0x4, 0xff,
    0xfd, 0xff, 0xf5, 0x0, 0x0, 0xc, 0xff, 0xff,
    0xff, 0x40, 0x1, 0xff, 0xff, 0xff, 0xf2, 0x0,
    0x0, 0x9, 0xff, 0xff, 0xff, 0x10, 0x0, 0xef,
    0xff, 0xff, 0xf0, 0x0, 0x0, 0x7, 0xff, 0xff,
    0xfd, 0x0, 0x0, 0xaf, 0xff, 0xff, 0xc0, 0x0,
    0x0, 0x4, 0xff, 0xff, 0xfa, 0x0, 0x0, 0x7f,
    0xff, 0xff, 0x90, 0x0,

    /* U+0058 "X" */
    0x2f, 0xff, 0xff, 0x10, 0x0, 0xb, 0xff, 0xff,
    0x20, 0x8f, 0xff, 0xf7, 0x0, 0x1, 0xff, 0xff,
    0xa0, 0x1, 0xff, 0xff, 0xe0, 0x0, 0x8f, 0xff,
    0xf2, 0x0, 0x7, 0xff, 0xff, 0x60, 0xe, 0xff,
    0xf9, 0x0, 0x0, 0xe, 0xff, 0xfd, 0x5, 0xff,
    0xff, 0x10, 0x0, 0x0, 0x6f, 0xff, 0xf4, 0xbf,
    0xff, 0x80, 0x0, 0x0, 0x0, 0xdf, 0xff, 0xdf,
    0xff, 0xe1, 0x0, 0x0, 0x0, 0x4, 0xff, 0xff,
    0xff, 0xf7, 0x0, 0x0, 0x0, 0x0, 0xc, 0xff,
    0xff, 0xfe, 0x0, 0x0, 0x0, 0x0, 0x0, 0x8f,
    0xff, 0xff, 0x90, 0x0, 0x0, 0x0, 0x0, 0x1f,
    0xff, 0xff, 0xff, 0x10, 0x0, 0x0, 0x0, 0x9,
    0xff, 0xff, 0xff, 0xf9, 0x0, 0x0, 0x0, 0x2,
    0xff, 0xff, 0x9f, 0xff, 0xf2, 0x0, 0x0, 0x0,
    0xaf, 0xff, 0xb1, 0xff, 0xff, 0xb0, 0x0, 0x0,
    0x3f, 0xff, 0xf4, 0x9, 0xff, 0xff, 0x40, 0x0,
    0xc, 0xff, 0xfd, 0x0, 0x1f, 0xff, 0xfc, 0x0,
    0x4, 0xff, 0xff, 0x60, 0x0, 0x9f, 0xff, 0xf5,
    0x0, 0xdf, 0xff, 0xe0, 0x0, 0x2, 0xff, 0xff,
    0xe0, 0x6f, 0xff, 0xf8, 0x0, 0x0, 0xa, 0xff,
    0xff, 0x70,

    /* U+0059 "Y" */
    0xf, 0xff, 0xfe, 0x0, 0x0, 0x0, 0xff, 0xff,
    0xd0, 0x8, 0xff, 0xff, 0x40, 0x0, 0x5, 0xff,
    0xff, 0x50, 0x1, 0xff, 0xff, 0xa0, 0x0, 0xb,
    0xff, 0xfd, 0x0, 0x0, 0x9f, 0xff, 0xf1, 0x0,
    0x2f, 0xff, 0xf6, 0x0, 0x0, 0x1f, 0xff, 0xf6,
    0x0, 0x8f, 0xff, 0xe0, 0x0, 0x0, 0xa, 0xff,
    0xfc, 0x0, 0xef, 0xff, 0x70, 0x0, 0x0, 0x2,
    0xff, 0xff, 0x24, 0xff, 0xfe, 0x0, 0x0, 0x0,
    0x0, 0xaf, 0xff, 0x8a, 0xff, 0xf7, 0x0, 0x0,
    0x0, 0x0, 0x3f, 0xff, 0xef, 0xff, 0xf1, 0x0,
    0x0, 0x0, 0x0, 0xb, 0xff, 0xff, 0xff, 0x80,
    0x0, 0x0, 0x0, 0x0, 0x4, 0xff, 0xff, 0xff,
    0x10, 0x0, 0x0, 0x0, 0x0, 0x0, 0xcf, 0xff,
    0xf9, 0x0, 0x0, 0x0, 0x0, 0x0, 0x0, 0x6f,
    0xff, 0xf3, 0x0, 0x0, 0x0, 0x0, 0x0, 0x0,
    0x6f, 0xff, 0xf3, 0x0, 0x0, 0x0, 0x0, 0x0,
    0x0, 0x6f, 0xff, 0xf3, 0x0, 0x0, 0x0, 0x0,
    0x0, 0x0, 0x6f, 0xff, 0xf3, 0x0, 0x0, 0x0,
    0x0, 0x0, 0x0, 0x6f, 0xff, 0xf3, 0x0, 0x0,
    0x0, 0x0, 0x0, 0x0, 0x6f, 0xff, 0xf3, 0x0,
    0x0, 0x0, 0x0, 0x0, 0x0, 0x6f, 0xff, 0xf3,
    0x0, 0x0, 0x0,

    /* U+005A "Z" */
    0x2f, 0xff, 0xff, 0xff, 0xff, 0xff, 0xff, 0x12,
    0xff, 0xff, 0xff, 0xff, 0xff, 0xff, 0xf1, 0x2f,
    0xff, 0xff, 0xff, 0xff, 0xff, 0xff, 0x12, 0xdd,
    0xdd, 0xdd, 0xdf, 0xff, 0xff, 0x90, 0x0, 0x0,
    0x0, 0x2, 0xff, 0xff, 0xd0, 0x0, 0x0, 0x0,
    0x0, 0xcf, 0xff, 0xf3, 0x0, 0x0, 0x0, 0x0,
    0x7f, 0xff, 0xf9, 0x0, 0x0, 0x0, 0x0, 0x2f,
    0xff, 0xfd, 0x0, 0x0, 0x0, 0x0, 0xc, 0xff,
    0xff, 0x30, 0x0, 0x0, 0x0, 0x7, 0xff, 0xff,
    0x80, 0x0, 0x0, 0x0, 0x2, 0xff, 0xff, 0xd0,
    0x0, 0x0, 0x0, 0x0, 0xcf, 0xff, 0xf3, 0x0,
    0x0, 0x0, 0x0, 0x7f, 0xff, 0xf8, 0x0, 0x0,
    0x0, 0x0, 0x2f, 0xff, 0xfd, 0x0, 0x0, 0x0,
    0x0, 0xc, 0xff, 0xff, 0x30, 0x0, 0x0, 0x0,
    0x8, 0xff, 0xff, 0xfd, 0xdd, 0xdd, 0xdd, 0xd2,
    0xff, 0xff, 0xff, 0xff, 0xff, 0xff, 0xff, 0x2f,
    0xff, 0xff, 0xff, 0xff, 0xff, 0xff, 0xf2, 0xff,
    0xff, 0xff, 0xff, 0xff, 0xff, 0xff, 0x20,

    /* U+005B "[" */
    0x26, 0x66, 0x66, 0x66, 0xff, 0xff, 0xff, 0x6f,
    0xff, 0xff, 0xf6, 0xff, 0xf0, 0x0, 0x6f, 0xff,
    0x0, 0x6, 0xff, 0xf0, 0x0, 0x6f, 0xff, 0x0,
    0x6, 0xff, 0xf0, 0x0, 0x6f, 0xff, 0x0, 0x6,
    0xff, 0xf0, 0x0, 0x6f, 0xff, 0x0, 0x6, 0xff,
    0xf0, 0x0, 0x6f, 0xff, 0x0, 0x6, 0xff, 0xf0,
    0x0, 0x6f, 0xff, 0x0, 0x6, 0xff, 0xf0, 0x0,
    0x6f, 0xff, 0x0, 0x6, 0xff, 0xf0, 0x0, 0x6f,
    0xff, 0x0, 0x6, 0xff, 0xf0, 0x0, 0x6f, 0xff,
    0x0, 0x6, 0xff, 0xf0, 0x0, 0x6f, 0xff, 0x0,
    0x6, 0xff, 0xf6, 0x66, 0x6f, 0xff, 0xff, 0xf6,
    0xff, 0xff, 0xff,

    /* U+005C "\\" */
    0x7, 0x77, 0x0, 0x0, 0x0, 0xd, 0xff, 0x20,
    0x0, 0x0, 0xa, 0xff, 0x50, 0x0, 0x0, 0x6,
    0xff, 0x90, 0x0, 0x0, 0x3, 0xff, 0xc0, 0x0,
    0x0, 0x0, 0xff, 0xf0, 0x0, 0x0, 0x0, 0xbf,
    0xf3, 0x0, 0x0, 0x0, 0x8f, 0xf7, 0x0, 0x0,
    0x0, 0x4f, 0xfb, 0x0, 0x0, 0x0, 0x1f, 0xfe,
    0x0, 0x0, 0x0, 0xd, 0xff, 0x20, 0x0, 0x0,
    0xa, 0xff, 0x50, 0x0, 0x0, 0x6, 0xff, 0x90,
    0x0, 0x0, 0x2, 0xff, 0xd0, 0x0, 0x0, 0x0,
    0xff, 0xf0, 0x0, 0x0, 0x0, 0xbf, 0xf4, 0x0,
    0x0, 0x0, 0x8f, 0xf7, 0x0, 0x0, 0x0, 0x4f,
    0xfb, 0x0, 0x0, 0x0, 0x1f, 0xfe, 0x0, 0x0,
    0x0, 0xd, 0xff, 0x20, 0x0, 0x0, 0x9, 0xff,
    0x60, 0x0, 0x0, 0x6, 0xff, 0x90, 0x0, 0x0,
    0x2, 0xff, 0xd0, 0x0, 0x0, 0x0, 0xef, 0xf1,
    0x0, 0x0, 0x0, 0xbf, 0xf4, 0x0, 0x0, 0x0,
    0x7f, 0xf8,

    /* U+005D "]" */
    0x36, 0x66, 0x66, 0x58, 0xff, 0xff, 0xfd, 0x8f,
    0xff, 0xff, 0xd0, 0x0, 0x9f, 0xfd, 0x0, 0x9,
    0xff, 0xd0, 0x0, 0x9f, 0xfd, 0x0, 0x9, 0xff,
    0xd0, 0x0, 0x9f, 0xfd, 0x0, 0x9, 0xff, 0xd0,
    0x0, 0x9f, 0xfd, 0x0, 0x9, 0xff, 0xd0, 0x0,
    0x9f, 0xfd, 0x0, 0x9, 0xff, 0xd0, 0x0, 0x9f,
    0xfd, 0x0, 0x9, 0xff, 0xd0, 0x0, 0x9f, 0xfd,
    0x0, 0x9, 0xff, 0xd0, 0x0, 0x9f, 0xfd, 0x0,
    0x9, 0xff, 0xd0, 0x0, 0x9f, 0xfd, 0x0, 0x9,
    0xff, 0xd0, 0x0, 0x9f, 0xfd, 0x0, 0x9, 0xff,
    0xd3, 0x66, 0xcf, 0xfd, 0x8f, 0xff, 0xff, 0xd8,
    0xff, 0xff, 0xfd,

    /* U+005E "^" */
    0x0, 0x0, 0x7, 0x77, 0x70, 0x0, 0x0, 0x0,
    0x0, 0x5f, 0xff, 0xf2, 0x0, 0x0, 0x0, 0x0,
    0xbf, 0xff, 0xf9, 0x0, 0x0, 0x0, 0x2, 0xff,
    0xff, 0xff, 0x0, 0x0, 0x0, 0x8, 0xff, 0xef,
    0xff, 0x60, 0x0, 0x0, 0xe, 0xff, 0x8b, 0xff,
    0xc0, 0x0, 0x0, 0x5f, 0xff, 0x35, 0xff, 0xf2,
    0x0, 0x0, 0xbf, 0xfd, 0x0, 0xff, 0xf9, 0x0,
    0x2, 0xff, 0xf8, 0x0, 0xaf, 0xfe, 0x0, 0x8,
    0xff, 0xf2, 0x0, 0x5f, 0xff, 0x50, 0xe, 0xff,
    0xc0, 0x0, 0xe, 0xff, 0xc0, 0x5f, 0xff, 0x60,
    0x0, 0x9, 0xff, 0xf2,

    /* U+005F "_" */
    0x58, 0x88, 0x88, 0x88, 0x88, 0x88, 0x88, 0x4a,
    0xff, 0xff, 0xff, 0xff, 0xff, 0xff, 0xf8, 0xaf,
    0xff, 0xff, 0xff, 0xff, 0xff, 0xff, 0x80,

    /* U+0060 "`" */
    0x36, 0x66, 0x64, 0x0, 0x3, 0xff, 0xff, 0xf2,
    0x0, 0x3, 0xff, 0xff, 0xb0, 0x0, 0x3, 0xff,
    0xff, 0x50, 0x0, 0x3, 0xff, 0xfe, 0x0, 0x0,
    0x3, 0xef, 0xf9,

    /* U+0061 "a" */
    0x0, 0x5, 0xad, 0xfe, 0xc9, 0x10, 0x0, 0x6,
    0xdf, 0xff, 0xff, 0xff, 0xe4, 0x0, 0xe, 0xff,
    0xff, 0xff, 0xff, 0xfe, 0x10, 0x6, 0xff, 0xfc,
    0xbe, 0xff, 0xff, 0x80, 0x0, 0xa5, 0x0, 0x1,
    0xff, 0xff, 0xc0, 0x0, 0x0, 0x1, 0x46, 0xdf,
    0xff, 0xe0, 0x0, 0x17, 0xdf, 0xff, 0xff, 0xff,
    0xf0, 0x4, 0xef, 0xff, 0xff, 0xff, 0xff, 0xf0,
    0x2f, 0xff, 0xfe, 0x84, 0xaf, 0xff, 0xf0, 0x8f,
    0xff, 0xd1, 0x0, 0x8f, 0xff, 0xf0, 0xbf, 0xff,
    0xc0, 0x0, 0xcf, 0xff, 0xf0, 0xaf, 0xff, 0xfb,
    0xae, 0xff, 0xff, 0xf0, 0x5f, 0xff, 0xff, 0xff,
    0xff, 0xff, 0xf0, 0xb, 0xff, 0xff, 0xff, 0x9f,
    0xff, 0xf0, 0x0, 0x7c, 0xfd, 0x93, 0xc, 0xff,
    0xf0,

    /* U+0062 "b" */
    0x18, 0x88, 0x84, 0x0, 0x0, 0x0, 0x0, 0x1,
    0xff, 0xff, 0x70, 0x0, 0x0, 0x0, 0x0, 0x1f,
    0xff, 0xf7, 0x0, 0x0, 0x0, 0x0, 0x1, 0xff,
    0xff, 0x70, 0x0, 0x0, 0x0, 0x0, 0x1f, 0xff,
    0xf7, 0x0, 0x0, 0x0, 0x0, 0x1, 0xff, 0xff,
    0x70, 0x0, 0x0, 0x0, 0x0, 0x1f, 0xff, 0xf6,
    0x2a, 0xdf, 0xd7, 0x0, 0x1, 0xff, 0xff, 0xcf,
    0xff, 0xff, 0xfb, 0x10, 0x1f, 0xff, 0xff, 0xff,
    0xff, 0xff, 0xfa, 0x1, 0xff, 0xff, 0xff, 0xdd,
    0xff, 0xff, 0xf3, 0x1f, 0xff, 0xfd, 0x20, 0x8,
    0xff, 0xff, 0x91, 0xff, 0xff, 0x70, 0x0, 0xf,
    0xff, 0xfb, 0x1f, 0xff, 0xf7, 0x0, 0x0, 0xdf,
    0xff, 0xe1, 0xff, 0xff, 0x70, 0x0, 0xc, 0xff,
    0xff, 0x1f, 0xff, 0xf7, 0x0, 0x0, 0xef, 0xff,
    0xe1, 0xff, 0xff, 0x70, 0x0, 0x2f, 0xff, 0xfb,
    0x1f, 0xff, 0xfb, 0x10, 0xb, 0xff, 0xff, 0x61,
    0xff, 0xff, 0xff, 0xce, 0xff, 0xff, 0xe0, 0x1f,
    0xff, 0xff, 0xff, 0xff, 0xff, 0xf5, 0x1, 0xff,
    0xfd, 0xaf, 0xff, 0xff, 0xf6, 0x0, 0x1f, 0xff,
    0x90, 0x5b, 0xee, 0xa3, 0x0, 0x0,

    /* U+0063 "c" */
    0x0, 0x0, 0x4a, 0xef, 0xeb, 0x60, 0x0, 0x2,
    0xaf, 0xff, 0xff, 0xff, 0xc0, 0x1, 0xef, 0xff,
    0xff, 0xff, 0xf6, 0x0, 0xbf, 0xff, 0xff, 0xdc,
    0xf9, 0x0, 0x5f, 0xff, 0xfd, 0x20, 0x1, 0x0,
    0xa, 0xff, 0xff, 0x30, 0x0, 0x0, 0x0, 0xdf,
    0xff, 0xe0, 0x0, 0x0, 0x0, 0xe, 0xff, 0xfc,
    0x0, 0x0, 0x0, 0x0, 0xdf, 0xff, 0xe0, 0x0,
    0x0, 0x0, 0xb, 0xff, 0xff, 0x30, 0x0, 0x0,
    0x0, 0x6f, 0xff, 0xfd, 0x20, 0x1, 0x40, 0x0,
    0xdf, 0xff, 0xff, 0xcc, 0xff, 0x20, 0x3, 0xff,
    0xff, 0xff, 0xff, 0xfc, 0x0, 0x3, 0xdf, 0xff,
    0xff, 0xff, 0xb1, 0x0, 0x0, 0x6c, 0xef, 0xda,
    0x40, 0x0,

    /* U+0064 "d" */
    0x0, 0x0, 0x0, 0x0, 0x3, 0x88, 0x88, 0x20,
    0x0, 0x0, 0x0, 0x0, 0x5f, 0xff, 0xf4, 0x0,
    0x0, 0x0, 0x0, 0x5, 0xff, 0xff, 0x40, 0x0,
    0x0, 0x0, 0x0, 0x5f, 0xff, 0xf4, 0x0, 0x0,
    0x0, 0x0, 0x5, 0xff, 0xff, 0x40, 0x0, 0x0,
    0x0, 0x0, 0x5f, 0xff, 0xf4, 0x0, 0x2, 0xae,
    0xeb, 0x64, 0xff, 0xff, 0x40, 0x5, 0xff, 0xff,
    0xff, 0xdf, 0xff, 0xf4, 0x4, 0xff, 0xff, 0xff,
    0xff, 0xff, 0xff, 0x40, 0xdf, 0xff, 0xfe, 0xce,
    0xff, 0xff, 0xf4, 0x6f, 0xff, 0xfc, 0x0, 0x9,
    0xff, 0xff, 0x4a, 0xff, 0xff, 0x30, 0x0, 0x5f,
    0xff, 0xf4, 0xcf, 0xff, 0xf0, 0x0, 0x5, 0xff,
    0xff, 0x4d, 0xff, 0xfe, 0x0, 0x0, 0x5f, 0xff,
    0xf4, 0xbf, 0xff, 0xf0, 0x0, 0x5, 0xff, 0xff,
    0x49, 0xff, 0xff, 0x20, 0x0, 0x5f, 0xff, 0xf4,
    0x7f, 0xff, 0xfb, 0x0, 0x1c, 0xff, 0xff, 0x41,
    0xff, 0xff, 0xfe, 0xcf, 0xff, 0xff, 0xf4, 0x7,
    0xff, 0xff, 0xff, 0xff, 0xff, 0xff, 0x40, 0x9,
    0xff, 0xff, 0xff, 0xce, 0xff, 0xf4, 0x0, 0x5,
    0xce, 0xeb, 0x60, 0x9f, 0xff, 0x40,

    /* U+0065 "e" */
    0x0, 0x0, 0x7c, 0xff, 0xd9, 0x10, 0x0, 0x0,
    0x3d, 0xff, 0xff, 0xff, 0xe3, 0x0, 0x2, 0xff,
    0xff, 0xff, 0xff, 0xff, 0x10, 0xc, 0xff, 0xff,
    0x99, 0xdf, 0xff, 0x90, 0x5f, 0xff, 0xf2, 0x0,
    0xe, 0xff, 0xf0, 0xbf, 0xff, 0x90, 0x0, 0x9,
    0xff, 0xf2, 0xdf, 0xff, 0xff, 0xff, 0xff, 0xff,
    0xf5, 0xef, 0xff, 0xff, 0xff, 0xff, 0xff, 0xf6,
    0xdf, 0xff, 0xff, 0xff, 0xff, 0xff, 0xf4, 0xbf,
    0xff, 0xa0, 0x0, 0x0, 0x0, 0x0, 0x6f, 0xff,
    0xf6, 0x0, 0x0, 0x1, 0x0, 0xc, 0xff, 0xff,
    0xc9, 0x8a, 0xed, 0x0, 0x2, 0xff, 0xff, 0xff,
    0xff, 0xff, 0x60, 0x0, 0x3c, 0xff, 0xff, 0xff,
    0xfe, 0x60, 0x0, 0x0, 0x6b, 0xef, 0xdb, 0x70,
    0x0,

    /* U+0066 "f" */
    0x0, 0x0, 0x6, 0xbd, 0xfe, 0xb1, 0x0, 0x1,
    0xcf, 0xff, 0xff, 0xf0, 0x0, 0x9, 0xff, 0xff,
    0xff, 0xb0, 0x0, 0xf, 0xff, 0xff, 0xba, 0x50,
    0x0, 0x3f, 0xff, 0xf7, 0x0, 0x0, 0x0, 0x5f,
    0xff, 0xf4, 0x0, 0x0, 0x7e, 0xff, 0xff, 0xff,
    0xfe, 0x0, 0x8f, 0xff, 0xff, 0xff, 0xfe, 0x0,
    0x8f, 0xff, 0xff, 0xff, 0xfe, 0x0, 0x49, 0xbf,
    0xff, 0xfb, 0x98, 0x0, 0x0, 0x5f, 0xff, 0xf4,
    0x0, 0x0, 0x0, 0x5f, 0xff, 0xf4, 0x0, 0x0,
    0x0, 0x5f, 0xff, 0xf4, 0x0, 0x0, 0x0, 0x5f,
    0xff, 0xf4, 0x0, 0x0, 0x0, 0x5f, 0xff, 0xf4,
    0x0, 0x0, 0x0, 0x5f, 0xff, 0xf4, 0x0, 0x0,
    0x0, 0x5f, 0xff, 0xf4, 0x0, 0x0, 0x0, 0x5f,
    0xff, 0xf4, 0x0, 0x0, 0x0, 0x5f, 0xff, 0xf4,
    0x0, 0x0, 0x0, 0x5f, 0xff, 0xf4, 0x0, 0x0,
    0x0, 0x5f, 0xff, 0xf4, 0x0, 0x0,

    /* U+0067 "g" */
    0x0, 0x0, 0x6b, 0xdf, 0xff, 0xff, 0xff, 0xf4,
    0x0, 0x3e, 0xff, 0xff, 0xff, 0xff, 0xff, 0xf4,
    0x1, 0xef, 0xff, 0xff, 0xff, 0xff, 0xff, 0xf4,
    0x7, 0xff, 0xff, 0x62, 0x5e, 0xff, 0xf7, 0x51,
    0x9, 0xff, 0xfb, 0x0, 0x9, 0xff, 0xf5, 0x0,
    0x7, 0xff, 0xfe, 0x10, 0x1d, 0xff, 0xf4, 0x0,
    0x0, 0xdf, 0xff, 0xfd, 0xff, 0xff, 0xf0, 0x0,
    0x0, 0x1d, 0xff, 0xff, 0xff, 0xff, 0x30, 0x0,
    0x0, 0x3f, 0xfe, 0xdf, 0xec, 0x71, 0x0, 0x0,
    0x0, 0xdf, 0xf7, 0x0, 0x0, 0x0, 0x0, 0x0,
    0x2, 0xff, 0xf6, 0x0, 0x0, 0x0, 0x0, 0x0,
    0x2, 0xff, 0xff, 0x98, 0x77, 0x75, 0x30, 0x0,
    0x0, 0xef, 0xff, 0xff, 0xff, 0xff, 0xfd, 0x40,
    0x0, 0x4f, 0xff, 0xff, 0xff, 0xff, 0xff, 0xf2,
    0x1, 0xbf, 0xfe, 0xff, 0xff, 0xff, 0xff, 0xf7,
    0xb, 0xff, 0xe0, 0x0, 0x0, 0x3f, 0xff, 0xf8,
    0xf, 0xff, 0xf4, 0x0, 0x0, 0x6f, 0xff, 0xf3,
    0xb, 0xff, 0xff, 0xfe, 0xef, 0xff, 0xff, 0x90,
    0x3, 0xef, 0xff, 0xff, 0xff, 0xff, 0xe7, 0x0,
    0x0, 0x16, 0xbd, 0xff, 0xdc, 0xa4, 0x0, 0x0,

    /* U+0068 "h" */
    0x18, 0x88, 0x84, 0x0, 0x0, 0x0, 0x0, 0x1,
    0xff, 0xff, 0x70, 0x0, 0x0, 0x0, 0x0, 0x1f,
    0xff, 0xf7, 0x0, 0x0, 0x0, 0x0, 0x1, 0xff,
    0xff, 0x70, 0x0, 0x0, 0x0, 0x0, 0x1f, 0xff,
    0xf7, 0x0, 0x0, 0x0, 0x0, 0x1, 0xff, 0xff,
    0x70, 0x0, 0x0, 0x0, 0x0, 0x1f, 0xff, 0xf6,
    0x7, 0xdf, 0xda, 0x20, 0x1, 0xff, 0xff, 0x8d,
    0xff, 0xff, 0xfe, 0x30, 0x1f, 0xff, 0xff, 0xff,
    0xff, 0xff, 0xfb, 0x1, 0xff, 0xff, 0xff, 0xff,
    0xff, 0xff, 0xf1, 0x1f, 0xff, 0xff, 0x70, 0xb,
    0xff, 0xff, 0x31, 0xff, 0xff, 0x80, 0x0, 0x5f,
    0xff, 0xf5, 0x1f, 0xff, 0xf7, 0x0, 0x3, 0xff,
    0xff, 0x61, 0xff, 0xff, 0x70, 0x0, 0x3f, 0xff,
    0xf6, 0x1f, 0xff, 0xf7, 0x0, 0x3, 0xff, 0xff,
    0x61, 0xff, 0xff, 0x70, 0x0, 0x3f, 0xff, 0xf6,
    0x1f, 0xff, 0xf7, 0x0, 0x3, 0xff, 0xff, 0x61,
    0xff, 0xff, 0x70, 0x0, 0x3f, 0xff, 0xf6, 0x1f,
    0xff, 0xf7, 0x0, 0x3, 0xff, 0xff, 0x61, 0xff,
    0xff, 0x70, 0x0, 0x3f, 0xff, 0xf6, 0x1f, 0xff,
    0xf7, 0x0, 0x3, 0xff, 0xff, 0x60,

    /* U+0069 "i" */
    0x3, 0x9a, 0x50, 0x1f, 0xff, 0xf6, 0x5f, 0xff,
    0xfb, 0x3f, 0xff, 0xf8, 0x6, 0xef, 0xa0, 0x0,
    0x0, 0x0, 0x0, 0x0, 0x0, 0x1f, 0xff, 0xf7,
    0x1f, 0xff, 0xf7, 0x1f, 0xff, 0xf7, 0x1f, 0xff,
    0xf7, 0x1f, 0xff, 0xf7, 0x1f, 0xff, 0xf7, 0x1f,
    0xff, 0xf7, 0x1f, 0xff, 0xf7, 0x1f, 0xff, 0xf7,
    0x1f, 0xff, 0xf7, 0x1f, 0xff, 0xf7, 0x1f, 0xff,
    0xf7, 0x1f, 0xff, 0xf7, 0x1f, 0xff, 0xf7, 0x1f,
    0xff, 0xf7,

    /* U+006A "j" */
    0x0, 0x0, 0x6d, 0xfa, 0x10, 0x0, 0x2f, 0xff,
    0xf9, 0x0, 0x4, 0xff, 0xff, 0xc0, 0x0, 0x1e,
    0xff, 0xf7, 0x0, 0x0, 0x29, 0xa6, 0x0, 0x0,
    0x0, 0x0, 0x0, 0x0, 0x0, 0x0, 0x0, 0x0,
    0x0, 0x1f, 0xff, 0xf8, 0x0, 0x1, 0xff, 0xff,
    0x80, 0x0, 0x1f, 0xff, 0xf8, 0x0, 0x1, 0xff,
    0xff, 0x80, 0x0, 0x1f, 0xff, 0xf8, 0x0, 0x1,
    0xff, 0xff, 0x80, 0x0, 0x1f, 0xff, 0xf8, 0x0,
    0x1, 0xff, 0xff, 0x80, 0x0, 0x1f, 0xff, 0xf8,
    0x0, 0x1, 0xff, 0xff, 0x80, 0x0, 0x1f, 0xff,
    0xf8, 0x0, 0x1, 0xff, 0xff, 0x80, 0x0, 0x1f,
    0xff, 0xf8, 0x0, 0x1, 0xff, 0xff, 0x80, 0x0,
    0x2f, 0xff, 0xf7, 0x0, 0x4, 0xff, 0xff, 0x60,
    0x99, 0xef, 0xff, 0xf2, 0x1f, 0xff, 0xff, 0xfb,
    0x4, 0xff, 0xff, 0xfd, 0x20, 0x5d, 0xff, 0xd9,
    0x0, 0x0,

    /* U+006B "k" */
    0x18, 0x88, 0x83, 0x0, 0x0, 0x0, 0x0, 0x0,
    0x1f, 0xff, 0xf6, 0x0, 0x0, 0x0, 0x0, 0x0,
    0x1f, 0xff, 0xf6, 0x0, 0x0, 0x0, 0x0, 0x0,
    0x1f, 0xff, 0xf6, 0x0, 0x0, 0x0, 0x0, 0x0,
    0x1f, 0xff, 0xf6, 0x0, 0x0, 0x0, 0x0, 0x0,
    0x1f, 0xff, 0xf6, 0x0, 0x0, 0x0, 0x0, 0x0,
    0x1f, 0xff, 0xf6, 0x0, 0x7, 0xff, 0xff, 0x90,
    0x1f, 0xff, 0xf6, 0x0, 0x4f, 0xff, 0xfb, 0x0,
    0x1f, 0xff, 0xf6, 0x1, 0xef, 0xff, 0xd1, 0x0,
    0x1f, 0xff, 0xf6, 0xc, 0xff, 0xff, 0x20, 0x0,
    0x1f, 0xff, 0xf6, 0x9f, 0xff, 0xf4, 0x0, 0x0,
    0x1f, 0xff, 0xfc, 0xff, 0xff, 0x70, 0x0, 0x0,
    0x1f, 0xff, 0xff, 0xff, 0xff, 0x10, 0x0, 0x0,
    0x1f, 0xff, 0xff, 0xff, 0xff, 0xa0, 0x0, 0x0,
    0x1f, 0xff, 0xff, 0xff, 0xff, 0xf4, 0x0, 0x0,
    0x1f, 0xff, 0xff, 0xec, 0xff, 0xfd, 0x0, 0x0,
    0x1f, 0xff, 0xfe, 0x23, 0xff, 0xff, 0x80, 0x0,
    0x1f, 0xff, 0xf7, 0x0, 0xaf, 0xff, 0xf2, 0x0,
    0x1f, 0xff, 0xf6, 0x0, 0x1f, 0xff, 0xfc, 0x0,
    0x1f, 0xff, 0xf6, 0x0, 0x8, 0xff, 0xff, 0x60,
    0x1f, 0xff, 0xf6, 0x0, 0x0, 0xef, 0xff, 0xf1,

    /* U+006C "l" */
    0x1f, 0xff, 0xf7, 0x0, 0x1f, 0xff, 0xf7, 0x0,
    0x1f, 0xff, 0xf7, 0x0, 0x1f, 0xff, 0xf7, 0x0,
    0x1f, 0xff, 0xf7, 0x0, 0x1f, 0xff, 0xf7, 0x0,
    0x1f, 0xff, 0xf7, 0x0, 0x1f, 0xff, 0xf7, 0x0,
    0x1f, 0xff, 0xf7, 0x0, 0x1f, 0xff, 0xf7, 0x0,
    0x1f, 0xff, 0xf7, 0x0, 0x1f, 0xff, 0xf7, 0x0,
    0x1f, 0xff, 0xf7, 0x0, 0x1f, 0xff, 0xf7, 0x0,
    0x1f, 0xff, 0xf7, 0x0, 0x1f, 0xff, 0xf7, 0x0,
    0x1f, 0xff, 0xf9, 0x0, 0xf, 0xff, 0xff, 0xa0,
    0xb, 0xff, 0xff, 0xf0, 0x3, 0xff, 0xff, 0xf3,
    0x0, 0x3b, 0xef, 0xd3,

    /* U+006D "m" */
    0x1f, 0xff, 0xb0, 0x19, 0xdf, 0xea, 0x20, 0x3,
    0xae, 0xeb, 0x60, 0x1, 0xff, 0xfe, 0x4e, 0xff,
    0xff, 0xfe, 0x26, 0xff, 0xff, 0xff, 0x90, 0x1f,
    0xff, 0xff, 0xff, 0xff, 0xff, 0xfe, 0xff, 0xff,
    0xff, 0xff, 0x21, 0xff, 0xff, 0xff, 0xff, 0xff,
    0xff, 0xff, 0xff, 0xff, 0xff, 0xf9, 0x1f, 0xff,
    0xff, 0x60, 0x1d, 0xff, 0xff, 0xe4, 0x3, 0xff,
    0xff, 0xb1, 0xff, 0xff, 0x80, 0x0, 0x8f, 0xff,
    0xf3, 0x0, 0xd, 0xff, 0xfd, 0x1f, 0xff, 0xf7,
    0x0, 0x7, 0xff, 0xff, 0x20, 0x0, 0xcf, 0xff,
    0xd1, 0xff, 0xff, 0x70, 0x0, 0x6f, 0xff, 0xf2,
    0x0, 0xc, 0xff, 0xfd, 0x1f, 0xff, 0xf7, 0x0,
    0x6, 0xff, 0xff, 0x20, 0x0, 0xcf, 0xff, 0xd1,
    0xff, 0xff, 0x70, 0x0, 0x6f, 0xff, 0xf2, 0x0,
    0xc, 0xff, 0xfd, 0x1f, 0xff, 0xf7, 0x0, 0x6,
    0xff, 0xff, 0x20, 0x0, 0xcf, 0xff, 0xd1, 0xff,
    0xff, 0x70, 0x0, 0x6f, 0xff, 0xf2, 0x0, 0xc,
    0xff, 0xfd, 0x1f, 0xff, 0xf7, 0x0, 0x6, 0xff,
    0xff, 0x20, 0x0, 0xcf, 0xff, 0xd1, 0xff, 0xff,
    0x70, 0x0, 0x6f, 0xff, 0xf2, 0x0, 0xc, 0xff,
    0xfd, 0x1f, 0xff, 0xf7, 0x0, 0x6, 0xff, 0xff,
    0x20, 0x0, 0xcf, 0xff, 0xd0,

    /* U+006E "n" */
    0x1f, 0xff, 0xb0, 0x18, 0xdf, 0xda, 0x20, 0x1,
    0xff, 0xfe, 0x4e, 0xff, 0xff, 0xfe, 0x30, 0x1f,
    0xff, 0xff, 0xff, 0xff, 0xff, 0xfb, 0x1, 0xff,
    0xff, 0xff, 0xff, 0xff, 0xff, 0xf1, 0x1f, 0xff,
    0xff, 0x70, 0xb, 0xff, 0xff, 0x31, 0xff, 0xff,
    0x80, 0x0, 0x5f, 0xff, 0xf5, 0x1f, 0xff, 0xf7,
    0x0, 0x3, 0xff, 0xff, 0x61, 0xff, 0xff, 0x70,
    0x0, 0x3f, 0xff, 0xf6, 0x1f, 0xff, 0xf7, 0x0,
    0x3, 0xff, 0xff, 0x61, 0xff, 0xff, 0x70, 0x0,
    0x3f, 0xff, 0xf6, 0x1f, 0xff, 0xf7, 0x0, 0x3,
    0xff, 0xff, 0x61, 0xff, 0xff, 0x70, 0x0, 0x3f,
    0xff, 0xf6, 0x1f, 0xff, 0xf7, 0x0, 0x3, 0xff,
    0xff, 0x61, 0xff, 0xff, 0x70, 0x0, 0x3f, 0xff,
    0xf6, 0x1f, 0xff, 0xf7, 0x0, 0x3, 0xff, 0xff,
    0x60,

    /* U+006F "o" */
    0x0, 0x0, 0x6c, 0xef, 0xda, 0x30, 0x0, 0x0,
    0x3, 0xcf, 0xff, 0xff, 0xff, 0x80, 0x0, 0x2,
    0xff, 0xff, 0xff, 0xff, 0xff, 0xa0, 0x0, 0xcf,
    0xff, 0xfe, 0xcf, 0xff, 0xff, 0x50, 0x6f, 0xff,
    0xfa, 0x0, 0x2e, 0xff, 0xfe, 0xb, 0xff, 0xff,
    0x10, 0x0, 0x8f, 0xff, 0xf4, 0xdf, 0xff, 0xd0,
    0x0, 0x4, 0xff, 0xff, 0x6e, 0xff, 0xfc, 0x0,
    0x0, 0x3f, 0xff, 0xf7, 0xdf, 0xff, 0xd0, 0x0,
    0x4, 0xff, 0xff, 0x6b, 0xff, 0xff, 0x10, 0x0,
    0x8f, 0xff, 0xf4, 0x6f, 0xff, 0xfa, 0x0, 0x2e,
    0xff, 0xfe, 0x0, 0xcf, 0xff, 0xfe, 0xcf, 0xff,
    0xff, 0x50, 0x2, 0xff, 0xff, 0xff, 0xff, 0xff,
    0xa0, 0x0, 0x3, 0xcf, 0xff, 0xff, 0xff, 0x80,
    0x0, 0x0, 0x0, 0x6c, 0xef, 0xea, 0x30, 0x0,
    0x0,

    /* U+0070 "p" */
    0x1f, 0xff, 0xb0, 0x4a, 0xdf, 0xd7, 0x0, 0x1,
    0xff, 0xff, 0xbf, 0xff, 0xff, 0xfb, 0x10, 0x1f,
    0xff, 0xff, 0xff, 0xff, 0xff, 0xfa, 0x1, 0xff,
    0xff, 0xff, 0xdd, 0xff, 0xff, 0xf3, 0x1f, 0xff,
    0xfd, 0x20, 0x8, 0xff, 0xff, 0x91, 0xff, 0xff,
    0x70, 0x0, 0xf, 0xff, 0xfb, 0x1f, 0xff, 0xf7,
    0x0, 0x0, 0xdf, 0xff, 0xe1, 0xff, 0xff, 0x70,
    0x0, 0xc, 0xff, 0xff, 0x1f, 0xff, 0xf7, 0x0,
    0x0, 0xef, 0xff, 0xe1, 0xff, 0xff, 0x70, 0x0,
    0x2f, 0xff, 0xfb, 0x1f, 0xff, 0xfb, 0x10, 0xb,
    0xff, 0xff, 0x71, 0xff, 0xff, 0xff, 0xce, 0xff,
    0xff, 0xe0, 0x1f, 0xff, 0xff, 0xff, 0xff, 0xff,
    0xf5, 0x1, 0xff, 0xff, 0xdf, 0xff, 0xff, 0xf6,
    0x0, 0x1f, 0xff, 0xf6, 0x4b, 0xee, 0xa3, 0x0,
    0x1, 0xff, 0xff, 0x70, 0x0, 0x0, 0x0, 0x0,
    0x1f, 0xff, 0xf7, 0x0, 0x0, 0x0, 0x0, 0x1,
    0xff, 0xff, 0x70, 0x0, 0x0, 0x0, 0x0, 0x1f,
    0xff, 0xf7, 0x0, 0x0, 0x0, 0x0, 0x1, 0xff,
    0xff, 0x70, 0x0, 0x0, 0x0, 0x0,

    /* U+0071 "q" */
    0x0, 0x2, 0xae, 0xfc, 0x80, 0x7f, 0xff, 0x40,
    0x5, 0xff, 0xff, 0xff, 0xdc, 0xff, 0xf4, 0x4,
    0xff, 0xff, 0xff, 0xff, 0xff, 0xff, 0x40, 0xdf,
    0xff, 0xfe, 0xce, 0xff, 0xff, 0xf4, 0x6f, 0xff,
    0xfc, 0x0, 0x9, 0xff, 0xff, 0x4a, 0xff, 0xff,
    0x30, 0x0, 0x5f, 0xff, 0xf4, 0xcf, 0xff, 0xf0,
    0x0, 0x5, 0xff, 0xff, 0x4d, 0xff, 0xfe, 0x0,
    0x0, 0x5f, 0xff, 0xf4, 0xbf, 0xff, 0xf0, 0x0,
    0x5, 0xff, 0xff, 0x49, 0xff, 0xff, 0x20, 0x0,
    0x5f, 0xff, 0xf4, 0x7f, 0xff, 0xfb, 0x0, 0x1c,
    0xff, 0xff, 0x41, 0xff, 0xff, 0xfe, 0xcf, 0xff,
    0xff, 0xf4, 0x7, 0xff, 0xff, 0xff, 0xff, 0xff,
    0xff, 0x40, 0x9, 0xff, 0xff, 0xff, 0xcf, 0xff,
    0xf4, 0x0, 0x5, 0xce, 0xeb, 0x44, 0xff, 0xff,
    0x40, 0x0, 0x0, 0x0, 0x0, 0x5f, 0xff, 0xf4,
    0x0, 0x0, 0x0, 0x0, 0x5, 0xff, 0xff, 0x40,
    0x0, 0x0, 0x0, 0x0, 0x5f, 0xff, 0xf4, 0x0,
    0x0, 0x0, 0x0, 0x5, 0xff, 0xff, 0x40, 0x0,
    0x0, 0x0, 0x0, 0x5f, 0xff, 0xf4,

    /* U+0072 "r" */
    0x1f, 0xff, 0xb0, 0x8, 0xef, 0xf0, 0x1f, 0xff,
    0xd1, 0xdf, 0xff, 0xb0, 0x1f, 0xff, 0xfb, 0xff,
    0xff, 0x80, 0x1f, 0xff, 0xff, 0xff, 0xff, 0x50,
    0x1f, 0xff, 0xff, 0xe5, 0x1, 0x0, 0x1f, 0xff,
    0xff, 0x20, 0x0, 0x0, 0x1f, 0xff, 0xf9, 0x0,
    0x0, 0x0, 0x1f, 0xff, 0xf7, 0x0, 0x0, 0x0,
    0x1f, 0xff, 0xf7, 0x0, 0x0, 0x0, 0x1f, 0xff,
    0xf7, 0x0, 0x0, 0x0, 0x1f, 0xff, 0xf7, 0x0,
    0x0, 0x0, 0x1f, 0xff, 0xf7, 0x0, 0x0, 0x0,
    0x1f, 0xff, 0xf7, 0x0, 0x0, 0x0, 0x1f, 0xff,
    0xf7, 0x0, 0x0, 0x0, 0x1f, 0xff, 0xf7, 0x0,
    0x0, 0x0,

    /* U+0073 "s" */
    0x0, 0x1, 0x8c, 0xef, 0xda, 0x30, 0x0, 0x3,
    0xff, 0xff, 0xff, 0xff, 0xa1, 0x1, 0xef, 0xff,
    0xff, 0xff, 0xfd, 0x10, 0x5f, 0xff, 0xf9, 0x68,
    0xef, 0x30, 0x8, 0xff, 0xfd, 0x0, 0x0, 0x30,
    0x0, 0x5f, 0xff, 0xfb, 0x40, 0x0, 0x0, 0x0,
    0xdf, 0xff, 0xff, 0xe8, 0x10, 0x0, 0x2, 0xcf,
    0xff, 0xff, 0xfe, 0x30, 0x0, 0x0, 0x6c, 0xff,
    0xff, 0xfd, 0x0, 0x0, 0x0, 0x3, 0xaf, 0xff,
    0xf4, 0x0, 0x73, 0x0, 0x0, 0xff, 0xff, 0x60,
    0x6f, 0xfb, 0x86, 0xaf, 0xff, 0xf3, 0x2f, 0xff,
    0xff, 0xff, 0xff, 0xfc, 0x0, 0x7f, 0xff, 0xff,
    0xff, 0xfd, 0x10, 0x0, 0x17, 0xce, 0xfd, 0xb5,
    0x0, 0x0,

    /* U+0074 "t" */
    0x0, 0xc, 0xff, 0xf1, 0x0, 0x0, 0x0, 0xe,
    0xff, 0xf1, 0x0, 0x0, 0x0, 0xf, 0xff, 0xf1,
    0x0, 0x0, 0x0, 0x2f, 0xff, 0xf1, 0x0, 0x0,
    0x7e, 0xff, 0xff, 0xff, 0xff, 0x90, 0x8f, 0xff,
    0xff, 0xff, 0xff, 0x90, 0x8f, 0xff, 0xff, 0xff,
    0xff, 0x90, 0x49, 0xcf, 0xff, 0xf9, 0x99, 0x50,
    0x0, 0x8f, 0xff, 0xf1, 0x0, 0x0, 0x0, 0x8f,
    0xff, 0xf1, 0x0, 0x0, 0x0, 0x8f, 0xff, 0xf1,
    0x0, 0x0, 0x0, 0x8f, 0xff, 0xf1, 0x0, 0x0,
    0x0, 0x8f, 0xff, 0xf1, 0x0, 0x0, 0x0, 0x7f,
    0xff, 0xf2, 0x0, 0x0, 0x0, 0x5f, 0xff, 0xf6,
    0x0, 0x0, 0x0, 0x3f, 0xff, 0xff, 0xaa, 0x50,
    0x0, 0xc, 0xff, 0xff, 0xff, 0x90, 0x0, 0x3,
    0xef, 0xff, 0xff, 0xd0, 0x0, 0x0, 0x19, 0xcf,
    0xed, 0x80,

    /* U+0075 "u" */
    0x4f, 0xff, 0xf5, 0x0, 0x7, 0xff, 0xff, 0x24,
    0xff, 0xff, 0x50, 0x0, 0x7f, 0xff, 0xf2, 0x4f,
    0xff, 0xf5, 0x0, 0x7, 0xff, 0xff, 0x24, 0xff,
    0xff, 0x50, 0x0, 0x7f, 0xff, 0xf2, 0x4f, 0xff,
    0xf5, 0x0, 0x7, 0xff, 0xff, 0x24, 0xff, 0xff,
    0x50, 0x0, 0x7f, 0xff, 0xf2, 0x4f, 0xff, 0xf5,
    0x0, 0x7, 0xff, 0xff, 0x24, 0xff, 0xff, 0x50,
    0x0, 0x7f, 0xff, 0xf2, 0x4f, 0xff, 0xf5, 0x0,
    0x7, 0xff, 0xff, 0x23, 0xff, 0xff, 0x60, 0x0,
    0x8f, 0xff, 0xf2, 0x2f, 0xff, 0xfc, 0x0, 0x6f,
    0xff, 0xff, 0x20, 0xff, 0xff, 0xff, 0xff, 0xff,
    0xff, 0xf2, 0x9, 0xff, 0xff, 0xff, 0xff, 0xff,
    0xff, 0x20, 0x2e, 0xff, 0xff, 0xfd, 0x3d, 0xff,
    0xf2, 0x0, 0x19, 0xdf, 0xd9, 0x10, 0xaf, 0xff,
    0x20,

    /* U+0076 "v" */
    0x7f, 0xff, 0xf2, 0x0, 0x0, 0x2f, 0xff, 0xf4,
    0x2f, 0xff, 0xf6, 0x0, 0x0, 0x6f, 0xff, 0xe0,
    0xd, 0xff, 0xfa, 0x0, 0x0, 0xbf, 0xff, 0x90,
    0x7, 0xff, 0xfe, 0x0, 0x0, 0xff, 0xff, 0x40,
    0x2, 0xff, 0xff, 0x20, 0x3, 0xff, 0xff, 0x0,
    0x0, 0xdf, 0xff, 0x70, 0x7, 0xff, 0xfa, 0x0,
    0x0, 0x8f, 0xff, 0xb0, 0xb, 0xff, 0xf5, 0x0,
    0x0, 0x2f, 0xff, 0xf0, 0xf, 0xff, 0xf0, 0x0,
    0x0, 0xd, 0xff, 0xf3, 0x3f, 0xff, 0xb0, 0x0,
    0x0, 0x8, 0xff, 0xf7, 0x7f, 0xff, 0x60, 0x0,
    0x0, 0x3, 0xff, 0xfa, 0xbf, 0xff, 0x10, 0x0,
    0x0, 0x0, 0xdf, 0xfe, 0xef, 0xfc, 0x0, 0x0,
    0x0, 0x0, 0x8f, 0xff, 0xff, 0xf6, 0x0, 0x0,
    0x0, 0x0, 0x3f, 0xff, 0xff, 0xf1, 0x0, 0x0,
    0x0, 0x0, 0xe, 0xff, 0xff, 0xc0, 0x0, 0x0,

    /* U+0077 "w" */
    0x2f, 0xff, 0xf6, 0x0, 0x5, 0xff, 0xfd, 0x0,
    0x0, 0xcf, 0xff, 0x70, 0xef, 0xff, 0x90, 0x0,
    0x9f, 0xff, 0xf1, 0x0, 0xf, 0xff, 0xf3, 0xa,
    0xff, 0xfc, 0x0, 0xc, 0xff, 0xff, 0x50, 0x2,
    0xff, 0xff, 0x0, 0x6f, 0xff, 0xf0, 0x0, 0xff,
    0xff, 0xf9, 0x0, 0x5f, 0xff, 0xc0, 0x2, 0xff,
    0xff, 0x30, 0x4f, 0xff, 0xff, 0xd0, 0x8, 0xff,
    0xf8, 0x0, 0xe, 0xff, 0xf6, 0x7, 0xff, 0xaf,
    0xff, 0x10, 0xbf, 0xff, 0x50, 0x0, 0xbf, 0xff,
    0x90, 0xbf, 0xf6, 0xff, 0xf4, 0xe, 0xff, 0xf1,
    0x0, 0x7, 0xff, 0xfb, 0xe, 0xff, 0x2e, 0xff,
    0x81, 0xff, 0xfd, 0x0, 0x0, 0x3f, 0xff, 0xd1,
    0xff, 0xf0, 0xbf, 0xfb, 0x3f, 0xff, 0x90, 0x0,
    0x0, 0xff, 0xff, 0x5f, 0xfc, 0x7, 0xff, 0xe6,
    0xff, 0xf6, 0x0, 0x0, 0xb, 0xff, 0xfa, 0xff,
    0x90, 0x4f, 0xff, 0xaf, 0xff, 0x20, 0x0, 0x0,
    0x7f, 0xff, 0xff, 0xf5, 0x1, 0xff, 0xff, 0xff,
    0xe0, 0x0, 0x0, 0x3, 0xff, 0xff, 0xff, 0x20,
    0xd, 0xff, 0xff, 0xfa, 0x0, 0x0, 0x0, 0xf,
    0xff, 0xff, 0xf0, 0x0, 0x9f, 0xff, 0xff, 0x70,
    0x0, 0x0, 0x0, 0xbf, 0xff, 0xfb, 0x0, 0x6,
    0xff, 0xff, 0xf3, 0x0, 0x0,

    /* U+0078 "x" */
    0x1f, 0xff, 0xfe, 0x0, 0x1, 0xff, 0xff, 0x90,
    0x7, 0xff, 0xff, 0x70, 0x8, 0xff, 0xff, 0x10,
    0x0, 0xdf, 0xff, 0xe0, 0xe, 0xff, 0xf7, 0x0,
    0x0, 0x4f, 0xff, 0xf6, 0x4f, 0xff, 0xe0, 0x0,
    0x0, 0xa, 0xff, 0xfe, 0xaf, 0xff, 0x60, 0x0,
    0x0, 0x1, 0xff, 0xff, 0xff, 0xfd, 0x0, 0x0,
    0x0, 0x0, 0x7f, 0xff, 0xff, 0xf4, 0x0, 0x0,
    0x0, 0x0, 0x4f, 0xff, 0xff, 0xc0, 0x0, 0x0,
    0x0, 0x0, 0xcf, 0xff, 0xff, 0xf2, 0x0, 0x0,
    0x0, 0x6, 0xff, 0xff, 0xff, 0xfb, 0x0, 0x0,
    0x0, 0xe, 0xff, 0xf7, 0xff, 0xff, 0x50, 0x0,
    0x0, 0x8f, 0xff, 0xb0, 0xcf, 0xff, 0xe0, 0x0,
    0x2, 0xff, 0xff, 0x40, 0x4f, 0xff, 0xf9, 0x0,
    0xb, 0xff, 0xfd, 0x0, 0xb, 0xff, 0xff, 0x30,
    0x4f, 0xff, 0xf6, 0x0, 0x2, 0xff, 0xff, 0xc0,

    /* U+0079 "y" */
    0x7f, 0xff, 0xf2, 0x0, 0x0, 0x3f, 0xff, 0xf2,
    0x1f, 0xff, 0xf8, 0x0, 0x0, 0x7f, 0xff, 0xd0,
    0xa, 0xff, 0xfd, 0x0, 0x0, 0xcf, 0xff, 0x70,
    0x3, 0xff, 0xff, 0x20, 0x1, 0xff, 0xff, 0x20,
    0x0, 0xdf, 0xff, 0x80, 0x5, 0xff, 0xfc, 0x0,
    0x0, 0x6f, 0xff, 0xd0, 0xa, 0xff, 0xf6, 0x0,
    0x0, 0xf, 0xff, 0xf2, 0xe, 0xff, 0xf1, 0x0,
    0x0, 0x9, 0xff, 0xf6, 0x2f, 0xff, 0xb0, 0x0,
    0x0, 0x3, 0xff, 0xfb, 0x5f, 0xff, 0x50, 0x0,
    0x0, 0x0, 0xcf, 0xff, 0xaf, 0xff, 0x0, 0x0,
    0x0, 0x0, 0x6f, 0xff, 0xff, 0xfa, 0x0, 0x0,
    0x0, 0x0, 0xe, 0xff, 0xff, 0xf4, 0x0, 0x0,
    0x0, 0x0, 0x9, 0xff, 0xff, 0xe0, 0x0, 0x0,
    0x0, 0x0, 0x2, 0xff, 0xff, 0x90, 0x0, 0x0,
    0x0, 0x0, 0x2, 0xff, 0xff, 0x30, 0x0, 0x0,
    0x0, 0x0, 0xb, 0xff, 0xfc, 0x0, 0x0, 0x0,
    0x0, 0x8a, 0xef, 0xff, 0xf5, 0x0, 0x0, 0x0,
    0x0, 0xef, 0xff, 0xff, 0xa0, 0x0, 0x0, 0x0,
    0x2, 0xff, 0xff, 0xfc, 0x0, 0x0, 0x0, 0x0,
    0x4, 0xef, 0xeb, 0x60, 0x0, 0x0, 0x0, 0x0,

    /* U+007A "z" */
    0x2f, 0xff, 0xff, 0xff, 0xff, 0xfe, 0x2, 0xff,
    0xff, 0xff, 0xff, 0xff, 0xe0, 0x2f, 0xff, 0xff,
    0xff, 0xff, 0xfd, 0x1, 0x99, 0x99, 0x9f, 0xff,
    0xff, 0x30, 0x0, 0x0, 0x7, 0xff, 0xff, 0x80,
    0x0, 0x0, 0x2, 0xff, 0xff, 0xd0, 0x0, 0x0,
    0x0, 0xcf, 0xff, 0xf3, 0x0, 0x0, 0x0, 0x7f,
    0xff, 0xf8, 0x0, 0x0, 0x0, 0x2f, 0xff, 0xfd,
    0x0, 0x0, 0x0, 0xc, 0xff, 0xff, 0x30, 0x0,
    0x0, 0x7, 0xff, 0xff, 0x80, 0x0, 0x0, 0x2,
    0xff, 0xff, 0xf9, 0x99, 0x99, 0x91, 0xcf, 0xff,
    0xff, 0xff, 0xff, 0xff, 0x1d, 0xff, 0xff, 0xff,
    0xff, 0xff, 0xf1, 0xdf, 0xff, 0xff, 0xff, 0xff,
    0xff, 0x10,

    /* U+007B "{" */
    0x0, 0x0, 0x3, 0x56, 0x60, 0x0, 0xb, 0xff,
    0xff, 0x0, 0x6, 0xff, 0xff, 0xf0, 0x0, 0xaf,
    0xff, 0x40, 0x0, 0xc, 0xff, 0xf0, 0x0, 0x0,
    0xcf, 0xfe, 0x0, 0x0, 0xc, 0xff, 0xf0, 0x0,
    0x0, 0xbf, 0xff, 0x0, 0x0, 0xa, 0xff, 0xf0,
    0x0, 0x0, 0x9f, 0xff, 0x0, 0x0, 0xa, 0xff,
    0xf0, 0x0, 0x16, 0xff, 0xfc, 0x0, 0xf, 0xff,
    0xff, 0x30, 0x0, 0xff, 0xff, 0x50, 0x0, 0xd,
    0xff, 0xff, 0x60, 0x0, 0x2, 0xff, 0xfd, 0x0,
    0x0, 0x9, 0xff, 0xf0, 0x0, 0x0, 0x9f, 0xff,
    0x0, 0x0, 0xa, 0xff, 0xf0, 0x0, 0x0, 0xbf,
    0xff, 0x0, 0x0, 0xc, 0xff, 0xf0, 0x0, 0x0,
    0xdf, 0xfe, 0x0, 0x0, 0xb, 0xff, 0xf0, 0x0,
    0x0, 0x9f, 0xff, 0xa6, 0x0, 0x3, 0xff, 0xff,
    0xf0, 0x0, 0x5, 0xcf, 0xff,

    /* U+007C "|" */
    0x36, 0x63, 0x7f, 0xf8, 0x7f, 0xf8, 0x7f, 0xf8,
    0x7f, 0xf8, 0x7f, 0xf8, 0x7f, 0xf8, 0x7f, 0xf8,
    0x7f, 0xf8, 0x7f, 0xf8, 0x7f, 0xf8, 0x7f, 0xf8,
    0x7f, 0xf8, 0x7f, 0xf8, 0x7f, 0xf8, 0x7f, 0xf8,
    0x7f, 0xf8, 0x7f, 0xf8, 0x7f, 0xf8, 0x7f, 0xf8,
    0x7f, 0xf8, 0x7f, 0xf8, 0x7f, 0xf8, 0x7f, 0xf8,
    0x7f, 0xf8, 0x7f, 0xf8, 0x7f, 0xf8, 0x7f, 0xf8,
    0x7f, 0xf8, 0x7f, 0xf8,

    /* U+007D "}" */
    0x36, 0x64, 0x0, 0x0, 0x8, 0xff, 0xfe, 0x30,
    0x0, 0x8f, 0xff, 0xfd, 0x0, 0x0, 0x1d, 0xff,
    0xf1, 0x0, 0x0, 0x8f, 0xff, 0x30, 0x0, 0x8,
    0xff, 0xf3, 0x0, 0x0, 0x8f, 0xff, 0x20, 0x0,
    0x9, 0xff, 0xf1, 0x0, 0x0, 0x9f, 0xff, 0x0,
    0x0, 0x9, 0xff, 0xf0, 0x0, 0x0, 0x8f, 0xff,
    0x10, 0x0, 0x6, 0xff, 0xfb, 0x20, 0x0, 0xc,
    0xff, 0xff, 0x70, 0x0, 0x1c, 0xff, 0xf7, 0x0,
    0x1e, 0xff, 0xfe, 0x50, 0x7, 0xff, 0xf7, 0x0,
    0x0, 0x9f, 0xff, 0x0, 0x0, 0x9, 0xff, 0xf0,
    0x0, 0x0, 0x9f, 0xff, 0x0, 0x0, 0x9, 0xff,
    0xf1, 0x0, 0x0, 0x8f, 0xff, 0x20, 0x0, 0x8,
    0xff, 0xf3, 0x0, 0x0, 0x9f, 0xff, 0x20, 0x3,
    0x8f, 0xff, 0xf0, 0x0, 0x8f, 0xff, 0xf9, 0x0,
    0x8, 0xff, 0xd8, 0x0, 0x0,

    /* U+007E "~" */
    0x0, 0x0, 0x12, 0x0, 0x0, 0x0, 0x0, 0x0,
    0x1, 0xbf, 0xff, 0xa1, 0x0, 0x7, 0x20, 0x2,
    0xef, 0xff, 0xff, 0xf8, 0x4a, 0xff, 0x60, 0xdf,
    0xff, 0xff, 0xff, 0xff, 0xff, 0xf8, 0x5, 0xef,
    0x51, 0x5e, 0xff, 0xff, 0xfa, 0x0, 0x1, 0x30,
    0x0, 0x8, 0xdf, 0xd6, 0x0,

    /* U+00B7 "·" */
    0x0, 0x1, 0x10, 0x0, 0x3, 0xdf, 0xfd, 0x30,
    0x1e, 0xff, 0xff, 0xe1, 0x7f, 0xff, 0xff, 0xf7,
    0x9f, 0xff, 0xff, 0xf9, 0x6f, 0xff, 0xff, 0xf6,
    0xd, 0xff, 0xff, 0xd0, 0x1, 0x9e, 0xe9, 0x10,

    /* U+00D7 "×" */
    0x0, 0x20, 0x0, 0x0, 0x0, 0x0, 0x0, 0x2,
    0x0, 0x5, 0xf7, 0x0, 0x0, 0x0, 0x0, 0x0,
    0x6f, 0x60, 0x4f, 0xff, 0x70, 0x0, 0x0, 0x0,
    0x7, 0xff, 0xf5, 0x1d, 0xff, 0xf8, 0x0, 0x0,
    0x0, 0x7f, 0xff, 0xd1, 0x1, 0xdf, 0xff, 0x80,
    0x0, 0x7, 0xff, 0xfd, 0x10, 0x0, 0x1c, 0xff,
    0xf8, 0x0, 0x7f, 0xff, 0xd1, 0x0, 0x0, 0x1,
    0xcf, 0xff, 0x87, 0xff, 0xfd, 0x10, 0x0, 0x0,
    0x0, 0x1c, 0xff, 0xff, 0xff, 0xd1, 0x0, 0x0,
    0x0, 0x0, 0x1, 0xcf, 0xff, 0xfd, 0x10, 0x0,
    0x0, 0x0, 0x0, 0x0, 0x8f, 0xff, 0xf9, 0x0,
    0x0, 0x0, 0x0, 0x0, 0x8, 0xff, 0xff, 0xff,
    0x90, 0x0, 0x0, 0x0, 0x0, 0x8f, 0xff, 0xcc,
    0xff, 0xf9, 0x0, 0x0, 0x0, 0x8, 0xff, 0xfc,
    0x10, 0xcf, 0xff, 0x90, 0x0, 0x0, 0x8f, 0xff,
    0xc1, 0x0, 0xc, 0xff, 0xf9, 0x0, 0x9, 0xff,
    0xfc, 0x10, 0x0, 0x0, 0xcf, 0xff, 0x90, 0x5f,
    0xff, 0xc0, 0x0, 0x0, 0x0, 0xb, 0xff, 0xf6,
    0xa, 0xfc, 0x0, 0x0, 0x0, 0x0, 0x0, 0xbf,
    0xb0, 0x0, 0x70, 0x0, 0x0, 0x0, 0x0, 0x0,
    0x7, 0x0,

    /* U+2026 "…" */
    0x6, 0x94, 0x0, 0x0, 0x1, 0x88, 0x10, 0x0,
    0x0, 0x49, 0x60, 0x9f, 0xff, 0x40, 0x0, 0xe,
    0xff, 0xe0, 0x0, 0x4, 0xff, 0xf9, 0xff, 0xff,
    0xa0, 0x0, 0x4f, 0xff, 0xf4, 0x0, 0xa, 0xff,
    0xff, 0xcf, 0xff, 0x70, 0x0, 0x2f, 0xff, 0xf2,
    0x0, 0x7, 0xff, 0xfc, 0x2c, 0xfa, 0x0, 0x0,
    0x6, 0xee, 0x60, 0x0, 0x0, 0xaf, 0xc2,

    /* U+25B2 "▲" */
    0x0, 0x0, 0x0, 0x0, 0x0, 0x0, 0x11, 0x0,
    0x0, 0x0, 0x0, 0x0, 0x0, 0x0, 0x0, 0x0,
    0x0, 0x0, 0x0, 0x88, 0x0, 0x0, 0x0, 0x0,
    0x0, 0x0, 0x0, 0x0, 0x0, 0x0, 0x0, 0x2,
    0xff, 0x20, 0x0, 0x0, 0x0, 0x0, 0x0, 0x0,
    0x0, 0x0, 0x0, 0x0, 0xb, 0xff, 0xb0, 0x0,
    0x0, 0x0, 0x0, 0x0, 0x0, 0x0, 0x0, 0x0,
    0x0, 0x4f, 0xff, 0xf4, 0x0, 0x0, 0x0, 0x0,
    0x0, 0x0, 0x0, 0x0, 0x0, 0x0, 0xdf, 0xff,
    0xfd, 0x0, 0x0, 0x0, 0x0, 0x0, 0x0, 0x0,
    0x0, 0x0, 0x7, 0xff, 0xff, 0xff, 0x70, 0x0,
    0x0, 0x0, 0x0, 0x0, 0x0, 0x0, 0x0, 0x1f,
    0xff, 0xff, 0xff, 0xf1, 0x0, 0x0, 0x0, 0x0,
    0x0, 0x0, 0x0, 0x0, 0x9f, 0xff, 0xff, 0xff,
    0xf9, 0x0, 0x0, 0x0, 0x0, 0x0, 0x0, 0x0,
    0x3, 0xff, 0xff, 0xff, 0xff, 0xff, 0x30, 0x0,
    0x0, 0x0, 0x0, 0x0, 0x0, 0xc, 0xff, 0xff,
    0xff, 0xff, 0xff, 0xc0, 0x0, 0x0, 0x0, 0x0,
    0x0, 0x0, 0x5f, 0xff, 0xff, 0xff, 0xff, 0xff,
    0xf5, 0x0, 0x0, 0x0, 0x0, 0x0, 0x0, 0xef,
    0xff, 0xff, 0xff, 0xff, 0xff, 0xfe, 0x0, 0x0,
    0x0, 0x0, 0x0, 0x7, 0xff, 0xff, 0xff, 0xff,
    0xff, 0xff, 0xff, 0x70, 0x0, 0x0, 0x0, 0x0,
    0x1f, 0xff, 0xff, 0xff, 0xff, 0xff, 0xff, 0xff,
    0xf1, 0x0, 0x0, 0x0, 0x0, 0xaf, 0xff, 0xff,
    0xff, 0xff, 0xff, 0xff, 0xff, 0xfa, 0x0, 0x0,
    0x0, 0x3, 0xff, 0xff, 0xff, 0xff, 0xff, 0xff,
    0xff, 0xff, 0xff, 0x30, 0x0, 0x0, 0xc, 0xff,
    0xff, 0xff, 0xff, 0xff, 0xff, 0xff, 0xff, 0xff,
    0xc0, 0x0, 0x0, 0x6f, 0xff, 0xff, 0xff, 0xff,
    0xff, 0xff, 0xff, 0xff, 0xff, 0xf5, 0x0, 0x0,
    0xef, 0xff, 0xff, 0xff, 0xff, 0xff, 0xff, 0xff,
    0xff, 0xff, 0xfe, 0x0, 0x8, 0xff, 0xff, 0xff,
    0xff, 0xff, 0xff, 0xff, 0xff, 0xff, 0xff, 0xff,
    0x80, 0xa, 0xaa, 0xaa, 0xaa, 0xaa, 0xaa, 0xaa,
    0xaa, 0xaa, 0xaa, 0xaa, 0xaa, 0xa0,

    /* U+25BC "▼" */
    0x7, 0x77, 0x77, 0x77, 0x77, 0x77, 0x77, 0x77,
    0x77, 0x77, 0x77, 0x77, 0x70, 0xa, 0xff, 0xff,
    0xff, 0xff, 0xff, 0xff, 0xff, 0xff, 0xff, 0xff,
    0xff, 0xa0, 0x2, 0xff, 0xff, 0xff, 0xff, 0xff,
    0xff, 0xff, 0xff, 0xff, 0xff, 0xff, 0x20, 0x0,
    0x8f, 0xff, 0xff, 0xff, 0xff, 0xff, 0xff, 0xff,
    0xff, 0xff, 0xf8, 0x0, 0x0, 0xe, 0xff, 0xff,
    0xff, 0xff, 0xff, 0xff, 0xff, 0xff, 0xff, 0xe0,
    0x0, 0x0, 0x5, 0xff, 0xff, 0xff, 0xff, 0xff,
    0xff, 0xff, 0xff, 0xff, 0x50, 0x0, 0x0, 0x0,
    0xcf, 0xff, 0xff, 0xff, 0xff, 0xff, 0xff, 0xff,
    0xfc, 0x0, 0x0, 0x0, 0x0, 0x3f, 0xff, 0xff,
    0xff, 0xff, 0xff, 0xff, 0xff, 0xf3, 0x0, 0x0,
    0x0, 0x0, 0xa, 0xff, 0xff, 0xff, 0xff, 0xff,
    0xff, 0xff, 0xa0, 0x0, 0x0, 0x0, 0x0, 0x1,
    0xff, 0xff, 0xff, 0xff, 0xff, 0xff, 0xff, 0x10,
    0x0, 0x0, 0x0, 0x0, 0x0, 0x7f, 0xff, 0xff,
    0xff, 0xff, 0xff, 0xf7, 0x0, 0x0, 0x0, 0x0,
    0x0, 0x0, 0xd, 0xff, 0xff, 0xff, 0xff, 0xff,
    0xd0, 0x0, 0x0, 0x0, 0x0, 0x0, 0x0, 0x5,
    0xff, 0xff, 0xff, 0xff, 0xff, 0x50, 0x0, 0x0,
    0x0, 0x0, 0x0, 0x0, 0x0, 0xbf, 0xff, 0xff,
    0xff, 0xfb, 0x0, 0x0, 0x0, 0x0, 0x0, 0x0,
    0x0, 0x0, 0x2f, 0xff, 0xff, 0xff, 0xf2, 0x0,
    0x0, 0x0, 0x0, 0x0, 0x0, 0x0, 0x0, 0x9,
    0xff, 0xff, 0xff, 0x90, 0x0, 0x0, 0x0, 0x0,
    0x0, 0x0, 0x0, 0x0, 0x1, 0xef, 0xff, 0xfe,
    0x10, 0x0, 0x0, 0x0, 0x0, 0x0, 0x0, 0x0,
    0x0, 0x0, 0x6f, 0xff, 0xf6, 0x0, 0x0, 0x0,
    0x0, 0x0, 0x0, 0x0, 0x0, 0x0, 0x0, 0xd,
    0xff, 0xd0, 0x0, 0x0, 0x0, 0x0, 0x0, 0x0,
    0x0, 0x0, 0x0, 0x0, 0x4, 0xff, 0x40, 0x0,
    0x0, 0x0, 0x0, 0x0, 0x0, 0x0, 0x0, 0x0,
    0x0, 0x0, 0xbb, 0x0, 0x0, 0x0, 0x0, 0x0,
    0x0, 0x0, 0x0, 0x0, 0x0, 0x0, 0x0, 0x22,
    0x0, 0x0, 0x0, 0x0, 0x0, 0x0,

    /* U+2605 "★" */
    0x0, 0x0, 0x0, 0x0, 0x0, 0x0, 0x0, 0x0,
    0x0, 0x0, 0x0, 0x0, 0x0, 0x0, 0x0, 0x0,
    0x0, 0x0, 0x0, 0x55, 0x0, 0x0, 0x0, 0x0,
    0x0, 0x0, 0x0, 0x0, 0x0, 0x0, 0x0, 0x0,
    0xaa, 0x0, 0x0, 0x0, 0x0, 0x0, 0x0, 0x0,
    0x0, 0x0, 0x0, 0x0, 0x0, 0xff, 0x0, 0x0,
    0x0, 0x0, 0x0, 0x0, 0x0, 0x0, 0x0, 0x0,
    0x0, 0x5, 0xff, 0x50, 0x0, 0x0, 0x0, 0x0,
    0x0, 0x0, 0x0, 0x0, 0x0, 0x0, 0xa, 0xff,
    0xa0, 0x0, 0x0, 0x0, 0x0, 0x0, 0x0, 0x0,
    0x0, 0x0, 0x0, 0xf, 0xff, 0xf0, 0x0, 0x0,
    0x0, 0x0, 0x0, 0x0, 0x0, 0x0, 0x0, 0x0,
    0x5f, 0xff, 0xf5, 0x0, 0x0, 0x0, 0x0, 0x0,
    0x0, 0x0, 0x0, 0x0, 0x0, 0xaf, 0xff, 0xfa,
    0x0, 0x0, 0x0, 0x0, 0x0, 0x8, 0xaa, 0xaa,
    0xaa, 0xaa, 0xff, 0xff, 0xff, 0xaa, 0xaa, 0xaa,
    0xaa, 0x80, 0x0, 0xaf, 0xff, 0xff, 0xff, 0xff,
    0xff, 0xff, 0xff, 0xff, 0xff, 0xfa, 0x0, 0x0,
    0x5, 0xff, 0xff, 0xff, 0xff, 0xff, 0xff, 0xff,
    0xff, 0xff, 0x50, 0x0, 0x0, 0x0, 0x2c, 0xff,
    0xff, 0xff, 0xff, 0xff, 0xff, 0xff, 0xc2, 0x0,
    0x0, 0x0, 0x0, 0x0, 0x8f, 0xff, 0xff, 0xff,
    0xff, 0xff, 0xf8, 0x0, 0x0, 0x0, 0x0, 0x0,
    0x0, 0x4, 0xef, 0xff, 0xff, 0xff, 0xfe, 0x40,
    0x0, 0x0, 0x0, 0x0, 0x0, 0x0, 0x0, 0xef,
    0xff, 0xff, 0xff, 0xfe, 0x0, 0x0, 0x0, 0x0,
    0x0, 0x0, 0x0, 0x4, 0xff, 0xff, 0xff, 0xff,
    0xff, 0x30, 0x0, 0x0, 0x0, 0x0, 0x0, 0x0,
    0x9, 0xff, 0xff, 0xff, 0xff, 0xff, 0x90, 0x0,
    0x0, 0x0, 0x0, 0x0, 0x0, 0xe, 0xff, 0xff,
    0x99, 0xff, 0xff, 0xe0, 0x0, 0x0, 0x0, 0x0,
    0x0, 0x0, 0x3f, 0xff, 0xf5, 0x0, 0x5f, 0xff,
    0xf3, 0x0, 0x0, 0x0, 0x0, 0x0, 0x0, 0x9f,
    0xfc, 0x20, 0x0, 0x2, 0xcf, 0xf9, 0x0, 0x0,
    0x0, 0x0, 0x0, 0x0, 0xef, 0x80, 0x0, 0x0,
    0x0, 0x8, 0xfe, 0x0, 0x0, 0x0, 0x0, 0x0,
    0x3, 0xe4, 0x0, 0x0, 0x0, 0x0, 0x0, 0x4e,
    0x30, 0x0, 0x0, 0x0, 0x0, 0x4, 0x10, 0x0,
    0x0, 0x0, 0x0, 0x0, 0x1, 0x40, 0x0, 0x0,

    /* U+2606 "☆" */
    0x0, 0x0, 0x0, 0x0, 0x0, 0x0, 0x11, 0x0,
    0x0, 0x0, 0x0, 0x0, 0x0, 0x0, 0x0, 0x0,
    0x0, 0x0, 0x0, 0x77, 0x0, 0x0, 0x0, 0x0,
    0x0, 0x0, 0x0, 0x0, 0x0, 0x0, 0x0, 0x0,
    0xcc, 0x0, 0x0, 0x0, 0x0, 0x0, 0x0, 0x0,
    0x0, 0x0, 0x0, 0x0, 0x1, 0xff, 0x10, 0x0,
    0x0, 0x0, 0x0, 0x0, 0x0, 0x0, 0x0, 0x0,
    0x0, 0x7, 0xbb, 0x60, 0x0, 0x0, 0x0, 0x0,
    0x0, 0x0, 0x0, 0x0, 0x0, 0x0, 0xc, 0x77,
    0xc0, 0x0, 0x0, 0x0, 0x0, 0x0, 0x0, 0x0,
    0x0, 0x0, 0x0, 0x1f, 0x33, 0xf1, 0x0, 0x0,
    0x0, 0x0, 0x0, 0x0, 0x0, 0x0, 0x0, 0x0,
    0x6e, 0x0, 0xe6, 0x0, 0x0, 0x0, 0x0, 0x0,
    0x0, 0x0, 0x0, 0x0, 0x0, 0xb9, 0x0, 0x9b,
    0x0, 0x0, 0x0, 0x0, 0x0, 0xa, 0xdd, 0xdd,
    0xdd, 0xdd, 0xf3, 0x0, 0x4f, 0xdd, 0xdd, 0xdd,
    0xdd, 0xa0, 0x0, 0x8f, 0xa4, 0x56, 0x66, 0x60,
    0x0, 0x6, 0x66, 0x65, 0x4a, 0xf8, 0x0, 0x0,
    0x3, 0xdc, 0x20, 0x0, 0x0, 0x0, 0x0, 0x0,
    0x2, 0xcd, 0x30, 0x0, 0x0, 0x0, 0xa, 0xf7,
    0x0, 0x0, 0x0, 0x0, 0x0, 0x7f, 0xa0, 0x0,
    0x0, 0x0, 0x0, 0x0, 0x5f, 0xc1, 0x0, 0x0,
    0x0, 0x1c, 0xf5, 0x0, 0x0, 0x0, 0x0, 0x0,
    0x0, 0x1, 0xea, 0x0, 0x0, 0x0, 0xae, 0x10,
    0x0, 0x0, 0x0, 0x0, 0x0, 0x0, 0x0, 0xf5,
    0x0, 0x0, 0x0, 0x5f, 0x0, 0x0, 0x0, 0x0,
    0x0, 0x0, 0x0, 0x5, 0xf0, 0x0, 0x22, 0x0,
    0xf, 0x50, 0x0, 0x0, 0x0, 0x0, 0x0, 0x0,
    0xa, 0x90, 0x6, 0xff, 0x60, 0x9, 0xa0, 0x0,
    0x0, 0x0, 0x0, 0x0, 0x0, 0xf, 0x30, 0xaf,
    0x66, 0xfa, 0x3, 0xf0, 0x0, 0x0, 0x0, 0x0,
    0x0, 0x0, 0x5d, 0x2d, 0xd2, 0x0, 0x2d, 0xd2,
    0xd5, 0x0, 0x0, 0x0, 0x0, 0x0, 0x0, 0xab,
    0xe9, 0x0, 0x0, 0x0, 0x9e, 0xba, 0x0, 0x0,
    0x0, 0x0, 0x0, 0x0, 0xff, 0x50, 0x0, 0x0,
    0x0, 0x5, 0xff, 0x0, 0x0, 0x0, 0x0, 0x0,
    0x5, 0xc2, 0x0, 0x0, 0x0, 0x0, 0x0, 0x2c,
    0x50, 0x0, 0x0, 0x0, 0x0, 0x3, 0x0, 0x0,
    0x0, 0x0, 0x0, 0x0, 0x0, 0x30, 0x0, 0x0,

    /* U+3001 "、" */
    0x0, 0x1, 0x30, 0x0, 0x0, 0x0, 0x2e, 0xf5,
    0x0, 0x0, 0x4, 0xff, 0xff, 0x60, 0x0, 0xc,
    0xff, 0xff, 0xf6, 0x0, 0x1, 0xcf, 0xff, 0xff,
    0x50, 0x0, 0xc, 0xff, 0xff, 0xf3, 0x0, 0x0,
    0xcf, 0xff, 0xf4, 0x0, 0x0, 0x1d, 0xfe, 0x30,
    0x0, 0x0, 0x2, 0xb1, 0x0,

    /* U+3056 "ざ" */
    0x0, 0x0, 0x0, 0x0, 0x0, 0x0, 0x0, 0x0,
    0x0, 0x0, 0x69, 0x0, 0x0, 0x0, 0x0, 0x0,
    0x0, 0x13, 0x43, 0x0, 0x5, 0x4a, 0xff, 0x50,
    0x0, 0x0, 0x0, 0x0, 0x9, 0xff, 0xfb, 0x0,
    0xdf, 0xe3, 0xff, 0xe0, 0x0, 0x0, 0x0, 0x0,
    0x3, 0xff, 0xff, 0x0, 0x7f, 0xf9, 0x8f, 0xf5,
    0x0, 0x0, 0x0, 0x0, 0x0, 0xef, 0xff, 0x40,
    0xe, 0xff, 0x39, 0x20, 0x27, 0x64, 0x32, 0x22,
    0x22, 0xaf, 0xff, 0xcc, 0xff, 0xfc, 0x0, 0x0,
    0x4f, 0xff, 0xff, 0xff, 0xff, 0xff, 0xff, 0xff,
    0xff, 0xfd, 0x0, 0x0, 0x4f, 0xff, 0xff, 0xff,
    0xff, 0xff, 0xff, 0xff, 0xff, 0xff, 0x0, 0x0,
    0x3f, 0xff, 0xff, 0xff, 0xff, 0xff, 0xff, 0xff,
    0xfd, 0xa6, 0x0, 0x0, 0x17, 0x89, 0xab, 0xbb,
    0xbb, 0xa9, 0xff, 0xff, 0x20, 0x0, 0x0, 0x0,
    0x0, 0x0, 0x0, 0x0, 0x0, 0x0, 0x9f, 0xff,
    0x90, 0x0, 0x0, 0x0, 0x0, 0x0, 0x0, 0x0,
    0x0, 0x0, 0x1f, 0xff, 0xf2, 0x0, 0x0, 0x0,
    0x0, 0x0, 0x0, 0x0, 0x0, 0x0, 0x9, 0xff,
    0xfb, 0x0, 0x0, 0x0, 0x0, 0x11, 0x0, 0x0,
    0x0, 0x59, 0x88, 0xff, 0xff, 0x70, 0x0, 0x0,
    0x0, 0xaf, 0xea, 0x40, 0x0, 0x9f, 0xff, 0xff,
    0xff, 0xf3, 0x0, 0x0, 0x1, 0xff, 0xff, 0x20,
    0x0, 0xaf, 0xff, 0xff, 0xff, 0xd0, 0x0, 0x0,
    0x6, 0xff, 0xfa, 0x0, 0x0, 0x8c, 0xef, 0xff,
    0xff, 0x30, 0x0, 0x0, 0x9, 0xff, 0xf6, 0x0,
    0x0, 0x0, 0x0, 0x13, 0x55, 0x0, 0x0, 0x0,
    0xb, 0xff, 0xf7, 0x0, 0x0, 0x0, 0x0, 0x0,
    0x0, 0x0, 0x0, 0x0, 0xb, 0xff, 0xfc, 0x0,
    0x0, 0x0, 0x0, 0x0, 0x0, 0x0, 0x0, 0x0,
    0x7, 0xff, 0xff, 0xd7, 0x32, 0x11, 0x23, 0x46,
    0x86, 0x0, 0x0, 0x0, 0x1, 0xff, 0xff, 0xff,
    0xff, 0xff, 0xff, 0xff, 0xf8, 0x0, 0x0, 0x0,
    0x0, 0x4f, 0xff, 0xff, 0xff, 0xff, 0xff, 0xff,
    0xf7, 0x0, 0x0, 0x0, 0x0, 0x2, 0xaf, 0xff,
    0xff, 0xff, 0xff, 0xff, 0xf6, 0x0, 0x0, 0x0,
    0x0, 0x0, 0x1, 0x79, 0xbd, 0xed, 0xdc, 0xa8,
    0x61, 0x0, 0x0, 0x0,

    /* U+308F "わ" */
    0x0, 0x0, 0x0, 0x1, 0x10, 0x0, 0x0, 0x0,
    0x0, 0x0, 0x0, 0x0, 0x0, 0x0, 0x0, 0x5,
    0xff, 0xff, 0x10, 0x0, 0x0, 0x0, 0x0, 0x0,
    0x0, 0x0, 0x0, 0x0, 0x4f, 0xff, 0xf0, 0x0,
    0x0, 0x0, 0x0, 0x0, 0x0, 0x0, 0x0, 0x0,
    0x3, 0xff, 0xfc, 0x0, 0x0, 0x0, 0x0, 0x0,
    0x0, 0x0, 0x0, 0x0, 0x0, 0x4f, 0xff, 0xa0,
    0x0, 0x0, 0x0, 0x0, 0x0, 0x0, 0x0, 0x37,
    0x89, 0xbd, 0xff, 0xff, 0x30, 0x0, 0x0, 0x0,
    0x0, 0x0, 0x0, 0x6, 0xff, 0xff, 0xff, 0xff,
    0xf4, 0x5, 0xad, 0xff, 0xeb, 0x60, 0x0, 0x0,
    0x4f, 0xff, 0xff, 0xff, 0xf9, 0x7e, 0xff, 0xff,
    0xff, 0xff, 0xc2, 0x0, 0x3, 0xff, 0xff, 0xff,
    0xff, 0xef, 0xff, 0xff, 0xff, 0xff, 0xff, 0xf1,
    0x0, 0x6, 0x42, 0x9, 0xff, 0xff, 0xff, 0xff,
    0xcb, 0xcf, 0xff, 0xff, 0xb0, 0x0, 0x0, 0x0,
    0xdf, 0xff, 0xff, 0xd5, 0x0, 0x0, 0x1b, 0xff,
    0xff, 0x50, 0x0, 0x0, 0x8f, 0xff, 0xff, 0x70,
    0x0, 0x0, 0x0, 0xd, 0xff, 0xf9, 0x0, 0x0,
    0x4f, 0xff, 0xff, 0x40, 0x0, 0x0, 0x0, 0x0,
    0x8f, 0xff, 0xc0, 0x0, 0x1e, 0xff, 0xff, 0xd0,
    0x0, 0x0, 0x0, 0x0, 0x7, 0xff, 0xfc, 0x0,
    0xc, 0xff, 0xff, 0xfd, 0x0, 0x0, 0x0, 0x0,
    0x0, 0x9f, 0xff, 0xb0, 0x8, 0xff, 0xff, 0xff,
    0xd0, 0x0, 0x0, 0x0, 0x0, 0xe, 0xff, 0xf9,
    0x5, 0xff, 0xff, 0xff, 0xfd, 0x0, 0x0, 0x0,
    0x0, 0xa, 0xff, 0xff, 0x50, 0xef, 0xff, 0xbf,
    0xff, 0xd0, 0x0, 0x0, 0x0, 0x9, 0xff, 0xff,
    0xe0, 0x6, 0xff, 0xe1, 0xff, 0xfe, 0x0, 0x0,
    0x2, 0x7e, 0xff, 0xff, 0xf5, 0x0, 0xb, 0xf5,
    0xf, 0xff, 0xe0, 0x0, 0x8e, 0xff, 0xff, 0xff,
    0xf9, 0x0, 0x0, 0x18, 0x0, 0xff, 0xff, 0x0,
    0x6, 0xff, 0xff, 0xff, 0xf7, 0x0, 0x0, 0x0,
    0x0, 0xf, 0xff, 0xf0, 0x0, 0xe, 0xff, 0xff,
    0xb3, 0x0, 0x0, 0x0, 0x0, 0x0, 0xff, 0xff,
    0x10, 0x0, 0x7f, 0xd8, 0x20, 0x0, 0x0, 0x0,
    0x0, 0x0, 0xb, 0xbb, 0xb2, 0x0, 0x0, 0x10,
    0x0, 0x0, 0x0, 0x0,

    /* U+4E00 "一" */
    0x2, 0x22, 0x22, 0x22, 0x22, 0x22, 0x22, 0x22,
    0x22, 0x22, 0x22, 0x22, 0x20, 0x1f, 0xff, 0xff,
    0xff, 0xff, 0xff, 0xff, 0xff, 0xff, 0xff, 0xff,
    0xff, 0xf2, 0x1f, 0xff, 0xff, 0xff, 0xff, 0xff,
    0xff, 0xff, 0xff, 0xff, 0xff, 0xff, 0xf2, 0x1f,
    0xff, 0xff, 0xff, 0xff, 0xff, 0xff, 0xff, 0xff,
    0xff, 0xff, 0xff, 0xf2, 0x1f, 0xff, 0xff, 0xff,
    0xff, 0xff, 0xff, 0xff, 0xff, 0xff, 0xff, 0xff,
    0xf2,

    /* U+4E0A "上" */
    0x0, 0x0, 0x0, 0x0, 0xc, 0xee, 0xe3, 0x0,
    0x0, 0x0, 0x0, 0x0, 0x0, 0x0, 0x0, 0x0,
    0x0, 0xdf, 0xff, 0x30, 0x0, 0x0, 0x0, 0x0,
    0x0, 0x0, 0x0, 0x0, 0x0, 0xd, 0xff, 0xf3,
    0x0, 0x0, 0x0, 0x0, 0x0, 0x0, 0x0, 0x0,
    0x0, 0x0, 0xdf, 0xff, 0x30, 0x0, 0x0, 0x0,
    0x0, 0x0, 0x0, 0x0, 0x0, 0x0, 0xd, 0xff,
    0xf3, 0x0, 0x0, 0x0, 0x0, 0x0, 0x0, 0x0,
    0x0, 0x0, 0x0, 0xdf, 0xff, 0x30, 0x0, 0x0,
    0x0, 0x0, 0x0, 0x0, 0x0, 0x0, 0x0, 0xd,
    0xff, 0xf3, 0x0, 0x0, 0x0, 0x0, 0x0, 0x0,
    0x0, 0x0, 0x0, 0x0, 0xdf, 0xff, 0xdc, 0xcc,
    0xcc, 0xcc, 0xc2, 0x0, 0x0, 0x0, 0x0, 0x0,
    0xd, 0xff, 0xff, 0xff, 0xff, 0xff, 0xff, 0x20,
    0x0, 0x0, 0x0, 0x0, 0x0, 0xdf, 0xff, 0xff,
    0xff, 0xff, 0xff, 0xf2, 0x0, 0x0, 0x0, 0x0,
    0x0, 0xd, 0xff, 0xff, 0xff, 0xff, 0xff, 0xff,
    0x20, 0x0, 0x0, 0x0, 0x0, 0x0, 0xdf, 0xff,
    0x40, 0x0, 0x0, 0x0, 0x0, 0x0, 0x0, 0x0,
    0x0, 0x0, 0xd, 0xff, 0xf3, 0x0, 0x0, 0x0,
    0x0, 0x0, 0x0, 0x0, 0x0, 0x0, 0x0, 0xdf,
    0xff, 0x30, 0x0, 0x0, 0x0, 0x0, 0x0, 0x0,
    0x0, 0x0, 0x0, 0xd, 0xff, 0xf3, 0x0, 0x0,
    0x0, 0x0, 0x0, 0x0, 0x0, 0x0, 0x0, 0x0,
    0xdf, 0xff, 0x30, 0x0, 0x0, 0x0, 0x0, 0x0,
    0x0, 0x0, 0x0, 0x0, 0xd, 0xff, 0xf3, 0x0,
    0x0, 0x0, 0x0, 0x0, 0x0, 0x0, 0x0, 0x0,
    0x0, 0xdf, 0xff, 0x30, 0x0, 0x0, 0x0, 0x0,
    0x0, 0x0, 0x0, 0x0, 0x0, 0xd, 0xff, 0xf3,
    0x0, 0x0, 0x0, 0x0, 0x0, 0xc, 0xcc, 0xcc,
    0xcc, 0xcc, 0xff, 0xff, 0xdc, 0xcc, 0xcc, 0xcc,
    0xcc, 0xc0, 0xff, 0xff, 0xff, 0xff, 0xff, 0xff,
    0xff, 0xff, 0xff, 0xff, 0xff, 0xff, 0xf, 0xff,
    0xff, 0xff, 0xff, 0xff, 0xff, 0xff, 0xff, 0xff,
    0xff, 0xff, 0xf0, 0xff, 0xff, 0xff, 0xff, 0xff,
    0xff, 0xff, 0xff, 0xff, 0xff, 0xff, 0xff, 0x0,
    0x0, 0x0, 0x0, 0x0, 0x0, 0x0, 0x0, 0x0,
    0x0, 0x0, 0x0, 0x0,

    /* U+4E0B "下" */
    0x1, 0x11, 0x11, 0x11, 0x11, 0x11, 0x11, 0x11,
    0x11, 0x11, 0x11, 0x11, 0x7f, 0xff, 0xff, 0xff,
    0xff, 0xff, 0xff, 0xff, 0xff, 0xff, 0xff, 0xfe,
    0x7f, 0xff, 0xff, 0xff, 0xff, 0xff, 0xff, 0xff,
    0xff, 0xff, 0xff, 0xfe, 0x7f, 0xff, 0xff, 0xff,
    0xff, 0xff, 0xff, 0xff, 0xff, 0xff, 0xff, 0xfe,
    0x5b, 0xbb, 0xbb, 0xbb, 0xbd, 0xff, 0xfe, 0xbb,
    0xbb, 0xbb, 0xbb, 0xba, 0x0, 0x0, 0x0, 0x0,
    0x6, 0xff, 0xfa, 0x0, 0x0, 0x0, 0x0, 0x0,
    0x0, 0x0, 0x0, 0x0, 0x6, 0xff, 0xfa, 0x0,
    0x0, 0x0, 0x0, 0x0, 0x0, 0x0, 0x0, 0x0,
    0x6, 0xff, 0xfa, 0x20, 0x0, 0x0, 0x0, 0x0,
    0x0, 0x0, 0x0, 0x0, 0x6, 0xff, 0xfe, 0xfb,
    0x30, 0x0, 0x0, 0x0, 0x0, 0x0, 0x0, 0x0,
    0x6, 0xff, 0xff, 0xff, 0xfb, 0x20, 0x0, 0x0,
    0x0, 0x0, 0x0, 0x0, 0x6, 0xff, 0xff, 0xff,
    0xff, 0xf9, 0x10, 0x0, 0x0, 0x0, 0x0, 0x0,
    0x6, 0xff, 0xfe, 0xff, 0xff, 0xff, 0xe5, 0x0,
    0x0, 0x0, 0x0, 0x0, 0x6, 0xff, 0xfa, 0x3c,
    0xff, 0xff, 0xff, 0xa0, 0x0, 0x0, 0x0, 0x0,
    0x6, 0xff, 0xfa, 0x0, 0x7f, 0xff, 0xff, 0x50,
    0x0, 0x0, 0x0, 0x0, 0x6, 0xff, 0xfa, 0x0,
    0x1, 0xbf, 0xf7, 0x0, 0x0, 0x0, 0x0, 0x0,
    0x6, 0xff, 0xfa, 0x0, 0x0, 0x8, 0xa0, 0x0,
    0x0, 0x0, 0x0, 0x0, 0x6, 0xff, 0xfa, 0x0,
    0x0, 0x0, 0x0, 0x0, 0x0, 0x0, 0x0, 0x0,
    0x6, 0xff, 0xfa, 0x0, 0x0, 0x0, 0x0, 0x0,
    0x0, 0x0, 0x0, 0x0, 0x6, 0xff, 0xfa, 0x0,
    0x0, 0x0, 0x0, 0x0, 0x0, 0x0, 0x0, 0x0,
    0x6, 0xff, 0xfa, 0x0, 0x0, 0x0, 0x0, 0x0,
    0x0, 0x0, 0x0, 0x0, 0x6, 0xff, 0xfa, 0x0,
    0x0, 0x0, 0x0, 0x0, 0x0, 0x0, 0x0, 0x0,
    0x6, 0xff, 0xfa, 0x0, 0x0, 0x0, 0x0, 0x0,
    0x0, 0x0, 0x0, 0x0, 0x6, 0xff, 0xfa, 0x0,
    0x0, 0x0, 0x0, 0x0,

    /* U+4E0D "不" */
    0x2, 0xcc, 0xcc, 0xcc, 0xcc, 0xcc, 0xcc, 0xcc,
    0xcc, 0xcc, 0xcc, 0xcc, 0x80, 0x2, 0xff, 0xff,
    0xff, 0xff, 0xff, 0xff, 0xff, 0xff, 0xff, 0xff,
    0xff, 0xa0, 0x2, 0xff, 0xff, 0xff, 0xff, 0xff,
    0xff, 0xff, 0xff, 0xff, 0xff, 0xff, 0xa0, 0x2,
    0xff, 0xff, 0xff, 0xff, 0xff, 0xff, 0xff, 0xff,
    0xff, 0xff, 0xff, 0xa0, 0x0, 0x11, 0x11, 0x11,
    0x11, 0x1b, 0xff, 0xff, 0x71, 0x11, 0x11, 0x11,
    0x10, 0x0, 0x0, 0x0, 0x0, 0x0, 0x6f, 0xff,
    0xfc, 0x0, 0x0, 0x0, 0x0, 0x0, 0x0, 0x0,
    0x0, 0x0, 0x2, 0xff, 0xff, 0xf5, 0x0, 0x0,
    0x0, 0x0, 0x0, 0x0, 0x0, 0x0, 0x0, 0x1d,
    0xff, 0xff, 0xf5, 0x4a, 0x10, 0x0, 0x0, 0x0,
    0x0, 0x0, 0x0, 0x1, 0xdf, 0xff, 0xff, 0xfb,
    0xff, 0xd3, 0x0, 0x0, 0x0, 0x0, 0x0, 0x0,
    0x1c, 0xff, 0xff, 0xff, 0xff, 0xff, 0xff, 0x50,
    0x0, 0x0, 0x0, 0x0, 0x3, 0xef, 0xff, 0xff,
    0xff, 0xfc, 0xff, 0xff, 0xf9, 0x0, 0x0, 0x0,
    0x0, 0x6f, 0xff, 0xff, 0xde, 0xff, 0xf5, 0x6f,
    0xff, 0xff, 0xb1, 0x0, 0x0, 0x3c, 0xff, 0xff,
    0xfc, 0x1d, 0xff, 0xf5, 0x4, 0xff, 0xff, 0xfd,
    0x20, 0xa, 0xff, 0xff, 0xff, 0xb0, 0xd, 0xff,
    0xf5, 0x0, 0x2e, 0xff, 0xff, 0xe2, 0x6, 0xff,
    0xff, 0xf8, 0x0, 0xd, 0xff, 0xf5, 0x0, 0x2,
    0xdf, 0xff, 0xf6, 0x0, 0x9f, 0xfc, 0x30, 0x0,
    0xd, 0xff, 0xf5, 0x0, 0x0, 0x1d, 0xff, 0x50,
    0x0, 0xc, 0x70, 0x0, 0x0, 0xd, 0xff, 0xf5,
    0x0, 0x0, 0x2, 0xd4, 0x0, 0x0, 0x0, 0x0,
    0x0, 0x0, 0xd, 0xff, 0xf5, 0x0, 0x0, 0x0,
    0x0, 0x0, 0x0, 0x0, 0x0, 0x0, 0x0, 0xd,
    0xff, 0xf5, 0x0, 0x0, 0x0, 0x0, 0x0, 0x0,
    0x0, 0x0, 0x0, 0x0, 0xd, 0xff, 0xf5, 0x0,
    0x0, 0x0, 0x0, 0x0, 0x0, 0x0, 0x0, 0x0,
    0x0, 0xd, 0xff, 0xf5, 0x0, 0x0, 0x0, 0x0,
    0x0, 0x0, 0x0, 0x0, 0x0, 0x0, 0xd, 0xff,
    0xf5, 0x0, 0x0, 0x0, 0x0, 0x0, 0x0, 0x0,
    0x0, 0x0, 0x0, 0xd, 0xff, 0xf5, 0x0, 0x0,
    0x0, 0x0, 0x0,

    /* U+4E0E "与" */
    0x0, 0x0, 0x0, 0x0, 0x0, 0x0, 0x0, 0x0,
    0x0, 0x0, 0x0, 0x0, 0x0, 0x0, 0xe, 0xfe,
    0xc0, 0x0, 0x0, 0x0, 0x0, 0x0, 0x0, 0x0,
    0x0, 0x0, 0xf, 0xff, 0xe0, 0x0, 0x0, 0x0,
    0x0, 0x0, 0x0, 0x0, 0x0, 0x0, 0x3f, 0xff,
    0xe8, 0x88, 0x88, 0x88, 0x88, 0x88, 0x88, 0x10,
    0x0, 0x0, 0x6f, 0xff, 0xff, 0xff, 0xff, 0xff,
    0xff, 0xff, 0xff, 0x30, 0x0, 0x0, 0x8f, 0xff,
    0xff, 0xff, 0xff, 0xff, 0xff, 0xff, 0xff, 0x30,
    0x0, 0x0, 0xbf, 0xff, 0xff, 0xff, 0xff, 0xff,
    0xff, 0xff, 0xff, 0x30, 0x0, 0x0, 0xef, 0xff,
    0x11, 0x11, 0x11, 0x11, 0x11, 0x11, 0x11, 0x0,
    0x0, 0x1, 0xff, 0xfd, 0x0, 0x0, 0x0, 0x0,
    0x0, 0x0, 0x0, 0x0, 0x0, 0x4, 0xff, 0xfa,
    0x0, 0x0, 0x0, 0x0, 0x0, 0x0, 0x0, 0x0,
    0x0, 0x7, 0xff, 0xff, 0xff, 0xff, 0xff, 0xff,
    0xff, 0xff, 0xff, 0xf0, 0x0, 0xb, 0xff, 0xff,
    0xff, 0xff, 0xff, 0xff, 0xff, 0xff, 0xff, 0xe0,
    0x0, 0xe, 0xff, 0xff, 0xff, 0xff, 0xff, 0xff,
    0xff, 0xff, 0xff, 0xd0, 0x0, 0x8, 0x88, 0x88,
    0x88, 0x88, 0x88, 0x88, 0x88, 0x9f, 0xff, 0xb0,
    0x0, 0x0, 0x0, 0x0, 0x0, 0x0, 0x0, 0x0,
    0x0, 0x3f, 0xff, 0xa0, 0x0, 0x0, 0x0, 0x0,
    0x0, 0x0, 0x0, 0x0, 0x0, 0x5f, 0xff, 0x80,
    0xef, 0xff, 0xff, 0xff, 0xff, 0xff, 0xff, 0xff,
    0x50, 0x7f, 0xff, 0x60, 0xef, 0xff, 0xff, 0xff,
    0xff, 0xff, 0xff, 0xff, 0x50, 0xaf, 0xff, 0x40,
    0xef, 0xff, 0xff, 0xff, 0xff, 0xff, 0xff, 0xff,
    0x50, 0xdf, 0xff, 0x20, 0x88, 0x88, 0x88, 0x88,
    0x88, 0x88, 0x88, 0x88, 0x32, 0xff, 0xff, 0x0,
    0x0, 0x0, 0x0, 0x0, 0x0, 0x0, 0x0, 0x0,
    0x9, 0xff, 0xfb, 0x0, 0x0, 0x0, 0x0, 0x0,
    0x0, 0x4c, 0xbb, 0xaa, 0xcf, 0xff, 0xf6, 0x0,
    0x0, 0x0, 0x0, 0x0, 0x0, 0xd, 0xff, 0xff,
    0xff, 0xff, 0xe0, 0x0, 0x0, 0x0, 0x0, 0x0,
    0x0, 0x7, 0xff, 0xff, 0xff, 0xfe, 0x40, 0x0,
    0x0, 0x0, 0x0, 0x0, 0x0, 0x3, 0xff, 0xff,
    0xec, 0x81, 0x0, 0x0, 0x0, 0x0, 0x0, 0x0,
    0x0, 0x0, 0x0, 0x0, 0x0, 0x0, 0x0, 0x0,

    /* U+4E24 "两" */
    0x39, 0x99, 0x99, 0x99, 0x99, 0x99, 0x99, 0x99,
    0x99, 0x99, 0x99, 0x98, 0x5f, 0xff, 0xff, 0xff,
    0xff, 0xff, 0xff, 0xff, 0xff, 0xff, 0xff, 0xfe,
    0x5f, 0xff, 0xff, 0xff, 0xff, 0xff, 0xff, 0xff,
    0xff, 0xff, 0xff, 0xfe, 0x5f, 0xff, 0xff, 0xff,
    0xff, 0xff, 0xff, 0xff, 0xff, 0xff, 0xff, 0xfe,
    0x0, 0x0, 0x0, 0xd, 0xff, 0xe0, 0x6, 0xff,
    0xf4, 0x0, 0x0, 0x0, 0x0, 0x0, 0x0, 0xd,
    0xff, 0xe0, 0x6, 0xff, 0xf4, 0x0, 0x0, 0x0,
    0x8, 0xff, 0xff, 0xff, 0xff, 0xff, 0xff, 0xff,
    0xff, 0xff, 0xff, 0xf0, 0x8, 0xff, 0xff, 0xff,
    0xff, 0xff, 0xff, 0xff, 0xff, 0xff, 0xff, 0xf0,
    0x8, 0xff, 0xff, 0xff, 0xff, 0xff, 0xff, 0xff,
    0xff, 0xff, 0xff, 0xf0, 0x8, 0xff, 0xfa, 0x9e,
    0xff, 0xf9, 0x9c, 0xff, 0xfb, 0x9e, 0xff, 0xf0,
    0x8, 0xff, 0xf3, 0xe, 0xff, 0xd0, 0x7, 0xff,
    0xf3, 0xd, 0xff, 0xf0, 0x8, 0xff, 0xf3, 0xf,
    0xff, 0xd0, 0x8, 0xff, 0xf4, 0xd, 0xff, 0xf0,
    0x8, 0xff, 0xf3, 0x2f, 0xff, 0xfb, 0xb, 0xff,
    0xff, 0x3d, 0xff, 0xf0, 0x8, 0xff, 0xf3, 0x4f,
    0xff, 0xff, 0xae, 0xff, 0xff, 0xff, 0xff, 0xf0,
    0x8, 0xff, 0xf3, 0x9f, 0xff, 0xff, 0xcf, 0xff,
    0xff, 0xff, 0xff, 0xf0, 0x8, 0xff, 0xf5, 0xff,
    0xfe, 0xfc, 0xbf, 0xff, 0xcf, 0xff, 0xff, 0xf0,
    0x8, 0xff, 0xfd, 0xff, 0xf7, 0x57, 0xff, 0xfd,
    0xa, 0xfe, 0xff, 0xf0, 0x8, 0xff, 0xff, 0xff,
    0xe0, 0x1f, 0xff, 0xf6, 0x0, 0x5d, 0xff, 0xf0,
    0x8, 0xff, 0xfd, 0xff, 0x50, 0x5, 0xff, 0xb0,
    0x0, 0xd, 0xff, 0xf0, 0x8, 0xff, 0xf3, 0xb8,
    0x0, 0x0, 0x5d, 0x19, 0xa9, 0xaf, 0xff, 0xf0,
    0x8, 0xff, 0xf3, 0x0, 0x0, 0x0, 0x0, 0x8,
    0xff, 0xff, 0xff, 0xd0, 0x8, 0xff, 0xf3, 0x0,
    0x0, 0x0, 0x0, 0x3, 0xff, 0xff, 0xff, 0x60,
    0x8, 0xff, 0xf3, 0x0, 0x0, 0x0, 0x0, 0x0,
    0xff, 0xfd, 0x94, 0x0, 0x0, 0x0, 0x0, 0x0,
    0x0, 0x0, 0x0, 0x0, 0x0, 0x0, 0x0, 0x0,

    /* U+4E2A "个" */
    0x0, 0x0, 0x0, 0x0, 0x0, 0x0, 0x46, 0x0,
    0x0, 0x0, 0x0, 0x0, 0x0, 0x0, 0x0, 0x0,
    0x0, 0x0, 0x2, 0xff, 0xe7, 0x0, 0x0, 0x0,
    0x0, 0x0, 0x0, 0x0, 0x0, 0x0, 0x0, 0xd,
    0xff, 0xfd, 0x0, 0x0, 0x0, 0x0, 0x0, 0x0,
    0x0, 0x0, 0x0, 0x0, 0xaf, 0xff, 0xfc, 0x10,
    0x0, 0x0, 0x0, 0x0, 0x0, 0x0, 0x0, 0x0,
    0x1c, 0xff, 0xff, 0xff, 0xd2, 0x0, 0x0, 0x0,
    0x0, 0x0, 0x0, 0x0, 0x2, 0xef, 0xff, 0xff,
    0xff, 0xff, 0x50, 0x0, 0x0, 0x0, 0x0, 0x0,
    0x0, 0x8f, 0xff, 0xff, 0xb7, 0xff, 0xff, 0xfa,
    0x10, 0x0, 0x0, 0x0, 0x0, 0x6e, 0xff, 0xff,
    0xfb, 0x0, 0x5f, 0xff, 0xff, 0xe6, 0x0, 0x0,
    0x1, 0x7e, 0xff, 0xff, 0xff, 0x90, 0x0, 0x4,
    0xff, 0xff, 0xff, 0xd5, 0x0, 0x4f, 0xff, 0xff,
    0xff, 0xf6, 0xc, 0xcc, 0xb0, 0x2d, 0xff, 0xff,
    0xff, 0xe5, 0x9, 0xff, 0xff, 0xfb, 0x20, 0xf,
    0xff, 0xe0, 0x0, 0x9f, 0xff, 0xff, 0xc0, 0x0,
    0xcf, 0xfd, 0x40, 0x0, 0xf, 0xff, 0xe0, 0x0,
    0x4, 0xdf, 0xfe, 0x10, 0x0, 0x3e, 0x60, 0x0,
    0x0, 0xf, 0xff, 0xe0, 0x0, 0x0, 0x6, 0xe5,
    0x0, 0x0, 0x0, 0x0, 0x0, 0x0, 0xf, 0xff,
    0xe0, 0x0, 0x0, 0x0, 0x0, 0x0, 0x0, 0x0,
    0x0, 0x0, 0x0, 0xf, 0xff, 0xe0, 0x0, 0x0,
    0x0, 0x0, 0x0, 0x0, 0x0, 0x0, 0x0, 0x0,
    0xf, 0xff, 0xe0, 0x0, 0x0, 0x0, 0x0, 0x0,
    0x0, 0x0, 0x0, 0x0, 0x0, 0xf, 0xff, 0xe0,
    0x0, 0x0, 0x0, 0x0, 0x0, 0x0, 0x0, 0x0,
    0x0, 0x0, 0xf, 0xff, 0xe0, 0x0, 0x0, 0x0,
    0x0, 0x0, 0x0, 0x0, 0x0, 0x0, 0x0, 0xf,
    0xff, 0xe0, 0x0, 0x0, 0x0, 0x0, 0x0, 0x0,
    0x0, 0x0, 0x0, 0x0, 0xf, 0xff, 0xe0, 0x0,
    0x0, 0x0, 0x0, 0x0, 0x0, 0x0, 0x0, 0x0,
    0x0, 0xf, 0xff, 0xe0, 0x0, 0x0, 0x0, 0x0,
    0x0, 0x0, 0x0, 0x0, 0x0, 0x0, 0xf, 0xff,
    0xe0, 0x0, 0x0, 0x0, 0x0, 0x0, 0x0, 0x0,
    0x0, 0x0, 0x0, 0xf, 0xff, 0xe0, 0x0, 0x0,
    0x0, 0x0, 0x0, 0x0, 0x0, 0x0, 0x0, 0x0,
    0xf, 0xff, 0xe0, 0x0, 0x0, 0x0, 0x0, 0x0,
    0x0, 0x0, 0x0, 0x0, 0x0, 0xf, 0xff, 0xe0,
    0x0, 0x0, 0x0, 0x0, 0x0,

    /* U+4E2D "中" */
    0x0, 0x0, 0x0, 0x0, 0xb, 0xbb, 0xa0, 0x0,
    0x0, 0x0, 0x0, 0x0, 0x0, 0x0, 0x0, 0xf,
    0xff, 0xf0, 0x0, 0x0, 0x0, 0x0, 0x0, 0x0,
    0x0, 0x0, 0xf, 0xff, 0xf0, 0x0, 0x0, 0x0,
    0x0, 0x0, 0x0, 0x0, 0x0, 0xf, 0xff, 0xf0,
    0x0, 0x0, 0x0, 0x0, 0x0, 0x0, 0x0, 0x0,
    0xf, 0xff, 0xf0, 0x0, 0x0, 0x0, 0x0, 0xac,
    0xcc, 0xcc, 0xcc, 0xcf, 0xff, 0xfc, 0xcc, 0xcc,
    0xcc, 0xcb, 0xdf, 0xff, 0xff, 0xff, 0xff, 0xff,
    0xff, 0xff, 0xff, 0xff, 0xff, 0xdf, 0xff, 0xff,
    0xff, 0xff, 0xff, 0xff, 0xff, 0xff, 0xff, 0xff,
    0xdf, 0xff, 0xff, 0xff, 0xff, 0xff, 0xff, 0xff,
    0xff, 0xff, 0xff, 0xdf, 0xff, 0x0, 0x0, 0xf,
    0xff, 0xf0, 0x0, 0x0, 0xff, 0xff, 0xdf, 0xff,
    0x0, 0x0, 0xf, 0xff, 0xf0, 0x0, 0x0, 0xff,
    0xff, 0xdf, 0xff, 0x0, 0x0, 0xf, 0xff, 0xf0,
    0x0, 0x0, 0xff, 0xff, 0xdf, 0xff, 0x0, 0x0,
    0xf, 0xff, 0xf0, 0x0, 0x0, 0xff, 0xff, 0xdf,
    0xff, 0x0, 0x0, 0x1f, 0xff, 0xf0, 0x0, 0x1,
    0xff, 0xff, 0xdf, 0xff, 0xff, 0xff, 0xff, 0xff,
    0xff, 0xff, 0xff, 0xff, 0xff, 0xdf, 0xff, 0xff,
    0xff, 0xff, 0xff, 0xff, 0xff, 0xff, 0xff, 0xff,
    0xdf, 0xff, 0xff, 0xff, 0xff, 0xff, 0xff, 0xff,
    0xff, 0xff, 0xff, 0xdf, 0xff, 0xaa, 0xaa, 0xaf,
    0xff, 0xfa, 0xaa, 0xaa, 0xff, 0xff, 0xbd, 0xdd,
    0x0, 0x0, 0xf, 0xff, 0xf0, 0x0, 0x0, 0xbb,
    0xbb, 0x0, 0x0, 0x0, 0x0, 0xf, 0xff, 0xf0,
    0x0, 0x0, 0x0, 0x0, 0x0, 0x0, 0x0, 0x0,
    0xf, 0xff, 0xf0, 0x0, 0x0, 0x0, 0x0, 0x0,
    0x0, 0x0, 0x0, 0xf, 0xff, 0xf0, 0x0, 0x0,
    0x0, 0x0, 0x0, 0x0, 0x0, 0x0, 0xf, 0xff,
    0xf0, 0x0, 0x0, 0x0, 0x0, 0x0, 0x0, 0x0,
    0x0, 0xf, 0xff, 0xf0, 0x0, 0x0, 0x0, 0x0,
    0x0, 0x0, 0x0, 0x0, 0xf, 0xff, 0xf0, 0x0,
    0x0, 0x0, 0x0,

    /* U+4E5F "也" */
    0x0, 0x0, 0x0, 0x0, 0x0, 0x0, 0x0, 0x0,
    0x0, 0x0, 0x0, 0x0, 0x0, 0x0, 0x0, 0x0,
    0x0, 0x0, 0x1, 0xff, 0xfa, 0x0, 0x0, 0x0,
    0x0, 0x0, 0x0, 0x0, 0x3, 0x33, 0x20, 0x1,
    0xff, 0xfa, 0x0, 0x0, 0x0, 0x0, 0x0, 0x0,
    0x0, 0x1f, 0xff, 0x90, 0x1, 0xff, 0xfa, 0x0,
    0x0, 0x0, 0x0, 0x0, 0x0, 0x0, 0x1f, 0xff,
    0x90, 0x1, 0xff, 0xfa, 0x0, 0x1, 0x97, 0x10,
    0x0, 0x0, 0x0, 0x1f, 0xff, 0x90, 0x1, 0xff,
    0xfa, 0x5, 0xaf, 0xff, 0xf4, 0x0, 0x0, 0x0,
    0x1f, 0xff, 0x90, 0x1, 0xff, 0xff, 0xff, 0xff,
    0xff, 0xf4, 0x0, 0x0, 0x0, 0x1f, 0xff, 0x90,
    0x27, 0xff, 0xff, 0xff, 0xff, 0xff, 0xf4, 0x0,
    0x0, 0x0, 0x1f, 0xff, 0xdc, 0xff, 0xff, 0xff,
    0xff, 0xfd, 0xff, 0xf3, 0x0, 0x0, 0x0, 0x4f,
    0xff, 0xff, 0xff, 0xff, 0xff, 0xa5, 0x7, 0xff,
    0xf3, 0x0, 0x4, 0x9e, 0xff, 0xff, 0xff, 0xff,
    0xff, 0xfa, 0x0, 0x7, 0xff, 0xf2, 0x0, 0x3f,
    0xff, 0xff, 0xff, 0xfe, 0x95, 0xff, 0xfa, 0x0,
    0x8, 0xff, 0xf1, 0x0, 0xe, 0xff, 0xff, 0xff,
    0xa0, 0x1, 0xff, 0xfa, 0x0, 0x9, 0xff, 0xf0,
    0x0, 0xa, 0xfd, 0x9f, 0xff, 0x90, 0x1, 0xff,
    0xfa, 0x0, 0xb, 0xff, 0xf0, 0x0, 0x2, 0x20,
    0x1f, 0xff, 0x90, 0x1, 0xff, 0xfa, 0x21, 0x4f,
    0xff, 0xc0, 0x0, 0x0, 0x0, 0x1f, 0xff, 0x90,
    0x1, 0xff, 0xfa, 0x9f, 0xff, 0xff, 0x80, 0x0,
    0x0, 0x0, 0x1f, 0xff, 0x90, 0x1, 0xff, 0xfa,
    0x4f, 0xff, 0xff, 0x20, 0x0, 0x0, 0x0, 0x1f,
    0xff, 0x90, 0x1, 0xff, 0xfa, 0x1f, 0xff, 0xd3,
    0x0, 0x0, 0x0, 0x0, 0x1f, 0xff, 0x90, 0x1,
    0xff, 0xfa, 0x3, 0x31, 0x5, 0xb4, 0x0, 0x0,
    0x0, 0x1f, 0xff, 0x90, 0x0, 0x88, 0x85, 0x0,
    0x0, 0x8, 0xff, 0xe2, 0x0, 0x0, 0xf, 0xff,
    0xb0, 0x0, 0x0, 0x0, 0x0, 0x0, 0xd, 0xff,
    0xf0, 0x0, 0x0, 0xe, 0xff, 0xfa, 0x77, 0x66,
    0x66, 0x66, 0x78, 0xdf, 0xff, 0xc0, 0x0, 0x0,
    0x8, 0xff, 0xff, 0xff, 0xff, 0xff, 0xff, 0xff,
    0xff, 0xff, 0x50, 0x0, 0x0, 0x0, 0xef, 0xff,
    0xff, 0xff, 0xff, 0xff, 0xff, 0xff, 0xfa, 0x0,
    0x0, 0x0, 0x0, 0x17, 0xbd, 0xef, 0xff, 0xff,
    0xff, 0xfe, 0xdb, 0x40, 0x0,

    /* U+4E86 "了" */
    0x7b, 0xbb, 0xbb, 0xbb, 0xbb, 0xbb, 0xbb, 0xbb,
    0xbb, 0xc7, 0x0, 0xaf, 0xff, 0xff, 0xff, 0xff,
    0xff, 0xff, 0xff, 0xff, 0xff, 0xb1, 0xaf, 0xff,
    0xff, 0xff, 0xff, 0xff, 0xff, 0xff, 0xff, 0xff,
    0xfa, 0xaf, 0xff, 0xff, 0xff, 0xff, 0xff, 0xff,
    0xff, 0xff, 0xff, 0xb0, 0x0, 0x0, 0x0, 0x0,
    0x0, 0x0, 0x5, 0xff, 0xff, 0xfb, 0x0, 0x0,
    0x0, 0x0, 0x0, 0x0, 0x0, 0x7f, 0xff, 0xff,
    0x90, 0x0, 0x0, 0x0, 0x0, 0x0, 0x0, 0x2b,
    0xff, 0xff, 0xf6, 0x0, 0x0, 0x0, 0x0, 0x0,
    0x0, 0x7, 0xff, 0xff, 0xfd, 0x20, 0x0, 0x0,
    0x0, 0x0, 0x0, 0x0, 0xe, 0xff, 0xff, 0x80,
    0x0, 0x0, 0x0, 0x0, 0x0, 0x0, 0x0, 0xe,
    0xff, 0xf4, 0x0, 0x0, 0x0, 0x0, 0x0, 0x0,
    0x0, 0x0, 0xe, 0xff, 0xf1, 0x0, 0x0, 0x0,
    0x0, 0x0, 0x0, 0x0, 0x0, 0xe, 0xff, 0xf1,
    0x0, 0x0, 0x0, 0x0, 0x0, 0x0, 0x0, 0x0,
    0xe, 0xff, 0xf1, 0x0, 0x0, 0x0, 0x0, 0x0,
    0x0, 0x0, 0x0, 0xe, 0xff, 0xf1, 0x0, 0x0,
    0x0, 0x0, 0x0, 0x0, 0x0, 0x0, 0xe, 0xff,
    0xf1, 0x0, 0x0, 0x0, 0x0, 0x0, 0x0, 0x0,
    0x0, 0xe, 0xff, 0xf1, 0x0, 0x0, 0x0, 0x0,
    0x0, 0x0, 0x0, 0x0, 0xe, 0xff, 0xf1, 0x0,
    0x0, 0x0, 0x0, 0x0, 0x0, 0x0, 0x0, 0xe,
    0xff, 0xf1, 0x0, 0x0, 0x0, 0x0, 0x0, 0x0,
    0x0, 0x0, 0xe, 0xff, 0xf1, 0x0, 0x0, 0x0,
    0x0, 0x0, 0x0, 0xbc, 0xbb, 0xcf, 0xff, 0xf0,
    0x0, 0x0, 0x0, 0x0, 0x0, 0x0, 0x8f, 0xff,
    0xff, 0xff, 0xd0, 0x0, 0x0, 0x0, 0x0, 0x0,
    0x0, 0x2f, 0xff, 0xff, 0xff, 0x60, 0x0, 0x0,
    0x0, 0x0, 0x0, 0x0, 0xd, 0xff, 0xeb, 0x83,
    0x0, 0x0, 0x0, 0x0, 0x0, 0x0, 0x0, 0x0,
    0x0, 0x0, 0x0, 0x0, 0x0, 0x0, 0x0, 0x0,

    /* U+4E8C "二" */
    0x0, 0x3e, 0xee, 0xee, 0xee, 0xee, 0xee, 0xee,
    0xee, 0xee, 0xeb, 0x0, 0x0, 0x3f, 0xff, 0xff,
    0xff, 0xff, 0xff, 0xff, 0xff, 0xff, 0xfb, 0x0,
    0x0, 0x3f, 0xff, 0xff, 0xff, 0xff, 0xff, 0xff,
    0xff, 0xff, 0xfb, 0x0, 0x0, 0x3f, 0xff, 0xff,
    0xff, 0xff, 0xff, 0xff, 0xff, 0xff, 0xfb, 0x0,
    0x0, 0x3, 0x33, 0x33, 0x33, 0x33, 0x33, 0x33,
    0x33, 0x33, 0x32, 0x0, 0x0, 0x0, 0x0, 0x0,
    0x0, 0x0, 0x0, 0x0, 0x0, 0x0, 0x0, 0x0,
    0x0, 0x0, 0x0, 0x0, 0x0, 0x0, 0x0, 0x0,
    0x0, 0x0, 0x0, 0x0, 0x0, 0x0, 0x0, 0x0,
    0x0, 0x0, 0x0, 0x0, 0x0, 0x0, 0x0, 0x0,
    0x0, 0x0, 0x0, 0x0, 0x0, 0x0, 0x0, 0x0,
    0x0, 0x0, 0x0, 0x0, 0x0, 0x0, 0x0, 0x0,
    0x0, 0x0, 0x0, 0x0, 0x0, 0x0, 0x0, 0x0,
    0x0, 0x0, 0x0, 0x0, 0x0, 0x0, 0x0, 0x0,
    0x0, 0x0, 0x0, 0x0, 0x0, 0x0, 0x0, 0x0,
    0x0, 0x0, 0x0, 0x0, 0x0, 0x0, 0x0, 0x0,
    0x0, 0x0, 0x0, 0x0, 0x0, 0x0, 0x0, 0x0,
    0x0, 0x0, 0x0, 0x0, 0x0, 0x0, 0x0, 0x0,
    0x0, 0x0, 0x0, 0x0, 0x0, 0x0, 0x0, 0x0,
    0x0, 0x0, 0x0, 0x0, 0x0, 0x0, 0x0, 0x0,
    0x0, 0x0, 0x0, 0x0, 0x6f, 0xff, 0xff, 0xff,
    0xff, 0xff, 0xff, 0xff, 0xff, 0xff, 0xff, 0xfd,
    0x6f, 0xff, 0xff, 0xff, 0xff, 0xff, 0xff, 0xff,
    0xff, 0xff, 0xff, 0xfe, 0x6f, 0xff, 0xff, 0xff,
    0xff, 0xff, 0xff, 0xff, 0xff, 0xff, 0xff, 0xfe,
    0x6f, 0xff, 0xff, 0xff, 0xff, 0xff, 0xff, 0xff,
    0xff, 0xff, 0xff, 0xfe, 0x26, 0x66, 0x66, 0x66,
    0x66, 0x66, 0x66, 0x66, 0x66, 0x66, 0x66, 0x66,

    /* U+4EAE "亮" */
    0x0, 0x0, 0x0, 0x0, 0x0, 0x0, 0x14, 0x20,
    0x0, 0x0, 0x0, 0x0, 0x0, 0x0, 0x0, 0x0,
    0x0, 0x0, 0x5e, 0xff, 0xa0, 0x0, 0x0, 0x0,
    0x0, 0x0, 0x5, 0x55, 0x55, 0x55, 0x55, 0x8f,
    0xff, 0xf6, 0x55, 0x55, 0x55, 0x55, 0x50, 0xf,
    0xff, 0xff, 0xff, 0xff, 0xff, 0xff, 0xff, 0xff,
    0xff, 0xff, 0xff, 0xe0, 0xf, 0xff, 0xff, 0xff,
    0xff, 0xff, 0xff, 0xff, 0xff, 0xff, 0xff, 0xff,
    0xe0, 0xa, 0xbb, 0xbb, 0xbb, 0xbb, 0xbb, 0xbb,
    0xbb, 0xbb, 0xbb, 0xbb, 0xbb, 0xa0, 0x0, 0x0,
    0x16, 0x66, 0x66, 0x66, 0x66, 0x66, 0x66, 0x66,
    0x62, 0x0, 0x0, 0x0, 0x0, 0x3f, 0xff, 0xff,
    0xff, 0xff, 0xff, 0xff, 0xff, 0xf5, 0x0, 0x0,
    0x0, 0x0, 0x3f, 0xff, 0xff, 0xff, 0xff, 0xff,
    0xff, 0xff, 0xf5, 0x0, 0x0, 0x0, 0x0, 0x3f,
    0xff, 0x80, 0x0, 0x0, 0x0, 0xb, 0xff, 0xf5,
    0x0, 0x0, 0x0, 0x0, 0x3f, 0xff, 0xff, 0xff,
    0xff, 0xff, 0xff, 0xff, 0xf5, 0x0, 0x0, 0x0,
    0x0, 0x3f, 0xff, 0xff, 0xff, 0xff, 0xff, 0xff,
    0xff, 0xf5, 0x0, 0x0, 0x0, 0x0, 0x14, 0x44,
    0x44, 0x44, 0x44, 0x44, 0x44, 0x44, 0x41, 0x0,
    0x0, 0xb, 0xff, 0xff, 0xff, 0xff, 0xff, 0xff,
    0xff, 0xff, 0xff, 0xff, 0xff, 0xb0, 0xb, 0xff,
    0xff, 0xff, 0xff, 0xff, 0xff, 0xff, 0xff, 0xff,
    0xff, 0xff, 0xb0, 0xb, 0xff, 0xfd, 0xdd, 0xdd,
    0xdd, 0xdd, 0xdd, 0xdd, 0xdd, 0xdf, 0xff, 0xb0,
    0xb, 0xff, 0xc0, 0x1, 0x11, 0x11, 0x11, 0x11,
    0x11, 0x10, 0xf, 0xff, 0xb0, 0xb, 0xff, 0xc0,
    0x2f, 0xff, 0xff, 0xff, 0xff, 0xff, 0xf1, 0xf,
    0xff, 0xb0, 0x5, 0x77, 0x60, 0x4f, 0xff, 0xff,
    0xff, 0xff, 0xff, 0xf1, 0x7, 0x77, 0x50, 0x0,
    0x0, 0x0, 0xaf, 0xff, 0xff, 0xff, 0xff, 0xff,
    0xf1, 0x2, 0x30, 0x0, 0x0, 0x0, 0x4, 0xff,
    0xff, 0x40, 0x0, 0xf, 0xff, 0xf1, 0x5, 0xfb,
    0x60, 0x0, 0x15, 0xbf, 0xff, 0xfd, 0x0, 0x0,
    0xe, 0xff, 0xf6, 0x4a, 0xff, 0xf0, 0xa, 0xff,
    0xff, 0xff, 0xf2, 0x0, 0x0, 0xd, 0xff, 0xff,
    0xff, 0xff, 0xc0, 0x1, 0xef, 0xff, 0xfd, 0x30,
    0x0, 0x0, 0x8, 0xff, 0xff, 0xff, 0xff, 0x60,
    0x0, 0x7f, 0xfc, 0x60, 0x0, 0x0, 0x0, 0x0,
    0x8d, 0xff, 0xff, 0xd7, 0x0, 0x0, 0x5, 0x10,
    0x0, 0x0, 0x0, 0x0, 0x0, 0x0, 0x0, 0x0,
    0x0, 0x0,

    /* U+4EBA "人" */
    0x0, 0x0, 0x0, 0x0, 0x0, 0x23, 0x33, 0x30,
    0x0, 0x0, 0x0, 0x0, 0x0, 0x0, 0x0, 0x0,
    0x0, 0x0, 0x8f, 0xff, 0xc0, 0x0, 0x0, 0x0,
    0x0, 0x0, 0x0, 0x0, 0x0, 0x0, 0x0, 0x9f,
    0xff, 0xc0, 0x0, 0x0, 0x0, 0x0, 0x0, 0x0,
    0x0, 0x0, 0x0, 0x0, 0x9f, 0xff, 0xb0, 0x0,
    0x0, 0x0, 0x0, 0x0, 0x0, 0x0, 0x0, 0x0,
    0x0, 0xaf, 0xff, 0xa0, 0x0, 0x0, 0x0, 0x0,
    0x0, 0x0, 0x0, 0x0, 0x0, 0x0, 0xbf, 0xff,
    0xa0, 0x0, 0x0, 0x0, 0x0, 0x0, 0x0, 0x0,
    0x0, 0x0, 0x0, 0xcf, 0xff, 0xc0, 0x0, 0x0,
    0x0, 0x0, 0x0, 0x0, 0x0, 0x0, 0x0, 0x0,
    0xef, 0xff, 0xf0, 0x0, 0x0, 0x0, 0x0, 0x0,
    0x0, 0x0, 0x0, 0x0, 0x1, 0xff, 0xff, 0xf3,
    0x0, 0x0, 0x0, 0x0, 0x0, 0x0, 0x0, 0x0,
    0x0, 0x4, 0xff, 0xff, 0xf7, 0x0, 0x0, 0x0,
    0x0, 0x0, 0x0, 0x0, 0x0, 0x0, 0x7, 0xff,
    0xff, 0xfb, 0x0, 0x0, 0x0, 0x0, 0x0, 0x0,
    0x0, 0x0, 0x0, 0xc, 0xff, 0xff, 0xff, 0x10,
    0x0, 0x0, 0x0, 0x0, 0x0, 0x0, 0x0, 0x0,
    0x2f, 0xff, 0xff, 0xff, 0x80, 0x0, 0x0, 0x0,
    0x0, 0x0, 0x0, 0x0, 0x0, 0x8f, 0xff, 0xff,
    0xff, 0xe0, 0x0, 0x0, 0x0, 0x0, 0x0, 0x0,
    0x0, 0x0, 0xef, 0xff, 0x9c, 0xff, 0xf8, 0x0,
    0x0, 0x0, 0x0, 0x0, 0x0, 0x0, 0x8, 0xff,
    0xff, 0x35, 0xff, 0xff, 0x20, 0x0, 0x0, 0x0,
    0x0, 0x0, 0x0, 0x2f, 0xff, 0xfc, 0x0, 0xdf,
    0xff, 0xc0, 0x0, 0x0, 0x0, 0x0, 0x0, 0x0,
    0xcf, 0xff, 0xf3, 0x0, 0x5f, 0xff, 0xfa, 0x0,
    0x0, 0x0, 0x0, 0x0, 0xb, 0xff, 0xff, 0x90,
    0x0, 0xa, 0xff, 0xff, 0x80, 0x0, 0x0, 0x0,
    0x0, 0xaf, 0xff, 0xfe, 0x10, 0x0, 0x1, 0xef,
    0xff, 0xfa, 0x0, 0x0, 0x0, 0x1b, 0xff, 0xff,
    0xf4, 0x0, 0x0, 0x0, 0x4f, 0xff, 0xff, 0xd3,
    0x0, 0x5, 0xef, 0xff, 0xff, 0x50, 0x0, 0x0,
    0x0, 0x4, 0xff, 0xff, 0xff, 0xa2, 0x2f, 0xff,
    0xff, 0xf6, 0x0, 0x0, 0x0, 0x0, 0x0, 0x4f,
    0xff, 0xff, 0xe2, 0x2, 0xef, 0xff, 0x50, 0x0,
    0x0, 0x0, 0x0, 0x0, 0x2, 0xcf, 0xff, 0x20,
    0x0, 0x2e, 0xd2, 0x0, 0x0, 0x0, 0x0, 0x0,
    0x0, 0x0, 0x6, 0xe5, 0x0, 0x0, 0x2, 0x0,
    0x0, 0x0, 0x0, 0x0, 0x0, 0x0, 0x0, 0x0,
    0x10, 0x0,

    /* U+4EE5 "以" */
    0x0, 0x0, 0x0, 0x0, 0x0, 0x0, 0x0, 0x0,
    0x0, 0x0, 0x0, 0x0, 0x0, 0x2, 0x99, 0x98,
    0x0, 0x0, 0x0, 0x0, 0x0, 0xd, 0xff, 0xe3,
    0x0, 0x0, 0x4f, 0xff, 0xd0, 0x0, 0x2, 0x0,
    0x0, 0x0, 0xef, 0xff, 0x20, 0x0, 0x4, 0xff,
    0xfd, 0x0, 0x4c, 0xf3, 0x0, 0x0, 0xe, 0xff,
    0xf1, 0x0, 0x0, 0x4f, 0xff, 0xd0, 0x7f, 0xff,
    0xd0, 0x0, 0x0, 0xff, 0xff, 0x0, 0x0, 0x4,
    0xff, 0xfd, 0x1, 0xef, 0xff, 0xa0, 0x0, 0x1f,
    0xff, 0xf0, 0x0, 0x0, 0x4f, 0xff, 0xd0, 0x4,
    0xff, 0xff, 0x30, 0x3, 0xff, 0xfd, 0x0, 0x0,
    0x4, 0xff, 0xfd, 0x0, 0xa, 0xff, 0xfc, 0x0,
    0x4f, 0xff, 0xa0, 0x0, 0x0, 0x4f, 0xff, 0xd0,
    0x0, 0x1f, 0xff, 0xe2, 0x7, 0xff, 0xf8, 0x0,
    0x0, 0x4, 0xff, 0xfd, 0x0, 0x0, 0x9f, 0x91,
    0x0, 0xaf, 0xff, 0x60, 0x0, 0x0, 0x4f, 0xff,
    0xd0, 0x0, 0x1, 0x30, 0x0, 0xd, 0xff, 0xf2,
    0x0, 0x0, 0x4, 0xff, 0xfd, 0x0, 0x0, 0x0,
    0x0, 0x1, 0xff, 0xff, 0x0, 0x0, 0x0, 0x4f,
    0xff, 0xd0, 0x0, 0x0, 0x0, 0x0, 0x7f, 0xff,
    0xb0, 0x0, 0x0, 0x4, 0xff, 0xfd, 0x0, 0x18,
    0x40, 0x0, 0xc, 0xff, 0xf6, 0x0, 0x0, 0x0,
    0x4f, 0xff, 0xd0, 0x7e, 0xf8, 0x0, 0x3, 0xff,
    0xff, 0x10, 0x0, 0x0, 0x4, 0xff, 0xff, 0xef,
    0xff, 0xc0, 0x0, 0xcf, 0xff, 0xc0, 0x0, 0x0,
    0x0, 0x5f, 0xff, 0xff, 0xff, 0xff, 0x0, 0x6f,
    0xff, 0xff, 0x50, 0x0, 0x0, 0xa, 0xff, 0xff,
    0xff, 0xfa, 0x20, 0x3f, 0xff, 0xff, 0xff, 0x40,
    0x0, 0x5, 0xff, 0xff, 0xff, 0xc3, 0x0, 0x3e,
    0xff, 0xff, 0xff, 0xff, 0x30, 0x3, 0xff, 0xff,
    0xfe, 0x60, 0x0, 0x6f, 0xff, 0xff, 0x9f, 0xff,
    0xfe, 0x20, 0xa, 0xff, 0xf8, 0x0, 0x4, 0xcf,
    0xff, 0xff, 0x90, 0x4f, 0xff, 0xfd, 0x10, 0x1e,
    0xd3, 0x0, 0x2, 0xff, 0xff, 0xff, 0xa0, 0x0,
    0x7f, 0xff, 0xfa, 0x0, 0x40, 0x0, 0x0, 0x4,
    0xff, 0xff, 0x90, 0x0, 0x0, 0xbf, 0xfd, 0x20,
    0x0, 0x0, 0x0, 0x0, 0x6, 0xfd, 0x30, 0x0,
    0x0, 0x1, 0xea, 0x0, 0x0, 0x0, 0x0, 0x0,
    0x0, 0x5, 0x0, 0x0, 0x0, 0x0, 0x1, 0x0,
    0x0,

    /* U+4EF6 "件" */
    0x0, 0x0, 0x1, 0x50, 0x0, 0x0, 0x0, 0x5,
    0x55, 0x30, 0x0, 0x0, 0x0, 0x0, 0x0, 0x8,
    0xff, 0xb2, 0x0, 0x0, 0x1f, 0xff, 0xb0, 0x0,
    0x0, 0x0, 0x0, 0x0, 0xe, 0xff, 0xe0, 0xae,
    0xa7, 0x2f, 0xff, 0xb0, 0x0, 0x0, 0x0, 0x0,
    0x0, 0x5f, 0xff, 0x80, 0xef, 0xfe, 0x1f, 0xff,
    0xb0, 0x0, 0x0, 0x0, 0x0, 0x0, 0xdf, 0xff,
    0x22, 0xff, 0xfb, 0x1f, 0xff, 0xb0, 0x0, 0x0,
    0x0, 0x0, 0x6, 0xff, 0xfb, 0x6, 0xff, 0xfc,
    0x9f, 0xff, 0xe8, 0x88, 0x88, 0x0, 0x0, 0x1e,
    0xff, 0xf4, 0xb, 0xff, 0xff, 0xff, 0xff, 0xff,
    0xff, 0xfe, 0x0, 0x0, 0xaf, 0xff, 0xf0, 0x1f,
    0xff, 0xff, 0xff, 0xff, 0xff, 0xff, 0xfe, 0x0,
    0x5, 0xff, 0xff, 0xf0, 0x7f, 0xff, 0xff, 0xff,
    0xff, 0xff, 0xff, 0xfe, 0x0, 0x3f, 0xff, 0xff,
    0xf0, 0xef, 0xff, 0x21, 0x3f, 0xff, 0xc1, 0x11,
    0x11, 0x0, 0x7f, 0xff, 0xff, 0xf3, 0xef, 0xf9,
    0x0, 0x1f, 0xff, 0xb0, 0x0, 0x0, 0x0, 0xe,
    0xff, 0xff, 0xf0, 0x8, 0xf2, 0x0, 0x1f, 0xff,
    0xb0, 0x0, 0x0, 0x0, 0x7, 0xff, 0xff, 0xf0,
    0x0, 0x10, 0x0, 0x1f, 0xff, 0xb0, 0x0, 0x0,
    0x0, 0x0, 0xca, 0xff, 0xf0, 0xef, 0xff, 0xff,
    0xff, 0xff, 0xff, 0xff, 0xff, 0xf2, 0x0, 0x9,
    0xff, 0xf0, 0xef, 0xff, 0xff, 0xff, 0xff, 0xff,
    0xff, 0xff, 0xf2, 0x0, 0x9, 0xff, 0xf0, 0xef,
    0xff, 0xff, 0xff, 0xff, 0xff, 0xff, 0xff, 0xf2,
    0x0, 0x9, 0xff, 0xf0, 0xbb, 0xbb, 0xbb, 0xcf,
    0xff, 0xeb, 0xbb, 0xbb, 0xb2, 0x0, 0x9, 0xff,
    0xf0, 0x0, 0x0, 0x0, 0x1f, 0xff, 0xb0, 0x0,
    0x0, 0x0, 0x0, 0x9, 0xff, 0xf0, 0x0, 0x0,
    0x0, 0x1f, 0xff, 0xb0, 0x0, 0x0, 0x0, 0x0,
    0x9, 0xff, 0xf0, 0x0, 0x0, 0x0, 0x1f, 0xff,
    0xb0, 0x0, 0x0, 0x0, 0x0, 0x9, 0xff, 0xf0,
    0x0, 0x0, 0x0, 0x1f, 0xff, 0xb0, 0x0, 0x0,
    0x0, 0x0, 0x9, 0xff, 0xf0, 0x0, 0x0, 0x0,
    0x1f, 0xff, 0xb0, 0x0, 0x0, 0x0, 0x0, 0x9,
    0xff, 0xf0, 0x0, 0x0, 0x0, 0x1f, 0xff, 0xb0,
    0x0, 0x0, 0x0, 0x0, 0x9, 0xff, 0xf0, 0x0,
    0x0, 0x0, 0x1f, 0xff, 0xb0, 0x0, 0x0, 0x0,
    0x0, 0x9, 0xff, 0xf0, 0x0, 0x0, 0x0, 0x1f,
    0xff, 0xb0, 0x0, 0x0, 0x0,

    /* U+4F1A "会" */
    0x0, 0x0, 0x0, 0x0, 0x0, 0x0, 0x21, 0x0,
    0x0, 0x0, 0x0, 0x0, 0x0, 0x0, 0x0, 0x0,
    0x0, 0x0, 0x3, 0xef, 0x92, 0x0, 0x0, 0x0,
    0x0, 0x0, 0x0, 0x0, 0x0, 0x0, 0x0, 0x2e,
    0xff, 0xfd, 0x0, 0x0, 0x0, 0x0, 0x0, 0x0,
    0x0, 0x0, 0x0, 0x5, 0xff, 0xff, 0xfa, 0x0,
    0x0, 0x0, 0x0, 0x0, 0x0, 0x0, 0x0, 0x0,
    0x9f, 0xff, 0xff, 0xff, 0xd3, 0x0, 0x0, 0x0,
    0x0, 0x0, 0x0, 0x0, 0x4d, 0xff, 0xff, 0xfe,
    0xff, 0xff, 0x91, 0x0, 0x0, 0x0, 0x0, 0x0,
    0x2a, 0xff, 0xff, 0xfd, 0x21, 0xbf, 0xff, 0xff,
    0x81, 0x0, 0x0, 0x0, 0x3a, 0xff, 0xff, 0xff,
    0xb0, 0x0, 0x8, 0xff, 0xff, 0xff, 0xa3, 0x0,
    0x2c, 0xff, 0xff, 0xff, 0xfe, 0x88, 0x88, 0x88,
    0xcf, 0xff, 0xff, 0xff, 0xe3, 0xb, 0xff, 0xff,
    0xff, 0xff, 0xff, 0xff, 0xff, 0xff, 0xff, 0xff,
    0xff, 0xa0, 0x0, 0xdf, 0xfd, 0x5f, 0xff, 0xff,
    0xff, 0xff, 0xff, 0xf3, 0x9f, 0xfd, 0x0, 0x0,
    0x3d, 0x50, 0xf, 0xff, 0xff, 0xff, 0xff, 0xff,
    0xf0, 0x1, 0x92, 0x0, 0x0, 0x0, 0x0, 0x0,
    0x0, 0x0, 0x0, 0x0, 0x0, 0x0, 0x0, 0x0,
    0x0, 0x0, 0x79, 0x99, 0x99, 0x99, 0x99, 0x99,
    0x99, 0x99, 0x99, 0x99, 0x99, 0x0, 0x0, 0xbf,
    0xff, 0xff, 0xff, 0xff, 0xff, 0xff, 0xff, 0xff,
    0xff, 0xfe, 0x0, 0x0, 0xbf, 0xff, 0xff, 0xff,
    0xff, 0xff, 0xff, 0xff, 0xff, 0xff, 0xfe, 0x0,
    0x0, 0xbf, 0xff, 0xff, 0xff, 0xff, 0xff, 0xff,
    0xff, 0xff, 0xff, 0xfe, 0x0, 0x0, 0x0, 0x0,
    0x9, 0xff, 0xff, 0xc1, 0x0, 0x3c, 0xfb, 0x0,
    0x0, 0x0, 0x0, 0x0, 0x0, 0x7f, 0xff, 0xfc,
    0x0, 0x2, 0xff, 0xff, 0xa0, 0x0, 0x0, 0x0,
    0x0, 0x7, 0xff, 0xff, 0xd1, 0x0, 0x0, 0x6f,
    0xff, 0xf9, 0x0, 0x0, 0x0, 0x0, 0xaf, 0xff,
    0xff, 0x87, 0x88, 0x9a, 0xbf, 0xff, 0xff, 0x70,
    0x0, 0x0, 0xe, 0xff, 0xff, 0xff, 0xff, 0xff,
    0xff, 0xff, 0xff, 0xff, 0xf4, 0x0, 0x0, 0xa,
    0xff, 0xff, 0xff, 0xff, 0xff, 0xff, 0xff, 0xff,
    0xff, 0xfe, 0x10, 0x0, 0x4, 0xff, 0xff, 0xff,
    0xff, 0xff, 0xfe, 0xdb, 0xa9, 0xff, 0xff, 0x40,
    0x0, 0x0, 0xeb, 0x97, 0x64, 0x32, 0x10, 0x0,
    0x0, 0x0, 0x7f, 0xa1, 0x0, 0x0, 0x0, 0x0,
    0x0, 0x0, 0x0, 0x0, 0x0, 0x0, 0x0, 0x3,
    0x0, 0x0,

    /* U+4F5C "作" */
    0x0, 0x0, 0x0, 0x0, 0x0, 0x0, 0x0, 0x0,
    0x0, 0x0, 0x0, 0x0, 0x0, 0x0, 0x0, 0x7,
    0xe9, 0x40, 0x0, 0x3e, 0x95, 0x10, 0x0, 0x0,
    0x0, 0x0, 0x0, 0x0, 0xd, 0xff, 0xf3, 0x0,
    0x9f, 0xff, 0x60, 0x0, 0x0, 0x0, 0x0, 0x0,
    0x0, 0x4f, 0xff, 0xc0, 0x0, 0xef, 0xff, 0x0,
    0x0, 0x0, 0x0, 0x0, 0x0, 0x0, 0xcf, 0xff,
    0x50, 0x6, 0xff, 0xfa, 0x0, 0x0, 0x0, 0x0,
    0x0, 0x0, 0x5, 0xff, 0xfe, 0x0, 0xd, 0xff,
    0xff, 0xff, 0xff, 0xff, 0xff, 0xf1, 0x0, 0xe,
    0xff, 0xf7, 0x0, 0x5f, 0xff, 0xff, 0xff, 0xff,
    0xff, 0xff, 0xf1, 0x0, 0x9f, 0xff, 0xf1, 0x1,
    0xef, 0xff, 0xff, 0xff, 0xff, 0xff, 0xff, 0xf1,
    0x5, 0xff, 0xff, 0xf1, 0x9, 0xff, 0xfc, 0xef,
    0xff, 0x98, 0x88, 0x88, 0x81, 0x3f, 0xff, 0xff,
    0xf1, 0x6f, 0xff, 0xf2, 0xcf, 0xff, 0x10, 0x0,
    0x0, 0x0, 0xaf, 0xff, 0xff, 0xf3, 0xff, 0xff,
    0x80, 0xcf, 0xff, 0x54, 0x44, 0x44, 0x20, 0x2f,
    0xff, 0xff, 0xf1, 0x8f, 0xfd, 0x0, 0xcf, 0xff,
    0xff, 0xff, 0xff, 0x60, 0xa, 0xff, 0xff, 0xf1,
    0x7, 0xf2, 0x0, 0xcf, 0xff, 0xff, 0xff, 0xff,
    0x60, 0x2, 0xed, 0xff, 0xf1, 0x0, 0x20, 0x0,
    0xcf, 0xff, 0xff, 0xff, 0xff, 0x60, 0x0, 0x1b,
    0xff, 0xf1, 0x0, 0x0, 0x0, 0xcf, 0xff, 0x32,
    0x22, 0x22, 0x0, 0x0, 0xb, 0xff, 0xf1, 0x0,
    0x0, 0x0, 0xcf, 0xff, 0x10, 0x0, 0x0, 0x0,
    0x0, 0xb, 0xff, 0xf1, 0x0, 0x0, 0x0, 0xcf,
    0xff, 0x98, 0x88, 0x88, 0x60, 0x0, 0xb, 0xff,
    0xf1, 0x0, 0x0, 0x0, 0xcf, 0xff, 0xff, 0xff,
    0xff, 0xc0, 0x0, 0xb, 0xff, 0xf1, 0x0, 0x0,
    0x0, 0xcf, 0xff, 0xff, 0xff, 0xff, 0xc0, 0x0,
    0xb, 0xff, 0xf1, 0x0, 0x0, 0x0, 0xcf, 0xff,
    0xff, 0xff, 0xff, 0xc0, 0x0, 0xb, 0xff, 0xf1,
    0x0, 0x0, 0x0, 0xcf, 0xff, 0x10, 0x0, 0x0,
    0x0, 0x0, 0xb, 0xff, 0xf1, 0x0, 0x0, 0x0,
    0xcf, 0xff, 0x10, 0x0, 0x0, 0x0, 0x0, 0xb,
    0xff, 0xf1, 0x0, 0x0, 0x0, 0xcf, 0xff, 0x10,
    0x0, 0x0, 0x0, 0x0, 0xb, 0xff, 0xf1, 0x0,
    0x0, 0x0, 0xcf, 0xff, 0x10, 0x0, 0x0, 0x0,
    0x0, 0xb, 0xff, 0xf1, 0x0, 0x0, 0x0, 0xcf,
    0xff, 0x10, 0x0, 0x0, 0x0,

    /* U+4F60 "你" */
    0x0, 0x0, 0x1, 0x10, 0x0, 0x2, 0x10, 0x0,
    0x0, 0x0, 0x0, 0x0, 0x0, 0x0, 0x0, 0x9,
    0xfc, 0x71, 0xb, 0xfe, 0xa1, 0x0, 0x0, 0x0,
    0x0, 0x0, 0x0, 0x0, 0xf, 0xff, 0xf0, 0x1f,
    0xff, 0xe0, 0x0, 0x0, 0x0, 0x0, 0x0, 0x0,
    0x0, 0x6f, 0xff, 0x80, 0x6f, 0xff, 0x90, 0x0,
    0x0, 0x0, 0x0, 0x0, 0x0, 0x0, 0xef, 0xff,
    0x10, 0xdf, 0xff, 0x30, 0x0, 0x0, 0x0, 0x0,
    0x0, 0x0, 0x7, 0xff, 0xfa, 0x3, 0xff, 0xff,
    0xff, 0xff, 0xff, 0xff, 0xfe, 0xb3, 0x0, 0x2f,
    0xff, 0xf3, 0xc, 0xff, 0xff, 0xff, 0xff, 0xff,
    0xff, 0xff, 0xf3, 0x0, 0xcf, 0xff, 0xf0, 0x5f,
    0xff, 0xff, 0xff, 0xff, 0xff, 0xff, 0xff, 0xf1,
    0x8, 0xff, 0xff, 0xf1, 0xef, 0xff, 0xa8, 0x8f,
    0xff, 0xd8, 0x8d, 0xff, 0xe0, 0x6f, 0xff, 0xff,
    0xfb, 0xff, 0xfd, 0x0, 0xf, 0xff, 0xa0, 0xb,
    0xff, 0xb0, 0x9f, 0xff, 0xff, 0xf2, 0xcf, 0xf4,
    0x0, 0xf, 0xff, 0xa0, 0xd, 0xff, 0x80, 0x1f,
    0xff, 0xff, 0xf0, 0xa, 0x80, 0x0, 0xf, 0xff,
    0xa0, 0x3, 0x69, 0x40, 0x8, 0xfe, 0xff, 0xf0,
    0x0, 0x46, 0x30, 0xf, 0xff, 0xa0, 0x49, 0x80,
    0x0, 0x1, 0x79, 0xff, 0xf0, 0x0, 0xaf, 0xff,
    0x3f, 0xff, 0xab, 0xff, 0xf0, 0x0, 0x0, 0x9,
    0xff, 0xf0, 0x0, 0xff, 0xfd, 0xf, 0xff, 0xa7,
    0xff, 0xf6, 0x0, 0x0, 0x9, 0xff, 0xf0, 0x4,
    0xff, 0xf9, 0xf, 0xff, 0xa1, 0xff, 0xfc, 0x0,
    0x0, 0x9, 0xff, 0xf0, 0x9, 0xff, 0xf4, 0xf,
    0xff, 0xa0, 0xbf, 0xff, 0x20, 0x0, 0x9, 0xff,
    0xf0, 0x1f, 0xff, 0xe0, 0xf, 0xff, 0xa0, 0x6f,
    0xff, 0x70, 0x0, 0x9, 0xff, 0xf0, 0x9f, 0xff,
    0x80, 0xf, 0xff, 0xa0, 0x2f, 0xff, 0xb0, 0x0,
    0x9, 0xff, 0xf1, 0xff, 0xff, 0x10, 0xf, 0xff,
    0xa0, 0xe, 0xff, 0xe0, 0x0, 0x9, 0xff, 0xf0,
    0x1a, 0xf8, 0x0, 0xf, 0xff, 0xa0, 0xb, 0xfd,
    0x70, 0x0, 0x9, 0xff, 0xf0, 0x0, 0x50, 0xac,
    0xcf, 0xff, 0x90, 0x4, 0x20, 0x0, 0x0, 0x9,
    0xff, 0xf0, 0x0, 0x0, 0x7f, 0xff, 0xff, 0x70,
    0x0, 0x0, 0x0, 0x0, 0x9, 0xff, 0xf0, 0x0,
    0x0, 0x1f, 0xff, 0xff, 0x20, 0x0, 0x0, 0x0,
    0x0, 0x9, 0xee, 0xe0, 0x0, 0x0, 0xd, 0xed,
    0x82, 0x0, 0x0, 0x0, 0x0,

    /* U+4FE1 "信" */
    0x0, 0x0, 0x0, 0x0, 0x0, 0x0, 0x0, 0x0,
    0x0, 0x0, 0x0, 0x0, 0x0, 0x0, 0x0, 0x5,
    0xb6, 0x10, 0x0, 0x0, 0x6, 0xcb, 0x0, 0x0,
    0x0, 0x0, 0x0, 0x0, 0xb, 0xff, 0xf1, 0x0,
    0x0, 0x9f, 0xff, 0x40, 0x0, 0x0, 0x0, 0x0,
    0x0, 0x2f, 0xff, 0xa0, 0x0, 0x0, 0x2f, 0xff,
    0xd0, 0x0, 0x0, 0x0, 0x0, 0x0, 0x9f, 0xff,
    0x41, 0x11, 0x11, 0x1a, 0xff, 0xc2, 0x11, 0x11,
    0x10, 0x0, 0x2, 0xff, 0xfc, 0xbf, 0xff, 0xff,
    0xff, 0xff, 0xff, 0xff, 0xff, 0xf5, 0x0, 0xa,
    0xff, 0xf6, 0xbf, 0xff, 0xff, 0xff, 0xff, 0xff,
    0xff, 0xff, 0xf5, 0x0, 0x4f, 0xff, 0xf6, 0xbe,
    0xee, 0xee, 0xee, 0xee, 0xee, 0xee, 0xee, 0xe5,
    0x0, 0xdf, 0xff, 0xf6, 0x0, 0x11, 0x11, 0x11,
    0x11, 0x11, 0x11, 0x10, 0x0, 0xa, 0xff, 0xff,
    0xf6, 0x0, 0xdf, 0xff, 0xff, 0xff, 0xff, 0xff,
    0xf8, 0x0, 0x5f, 0xff, 0xff, 0xf6, 0x0, 0xdf,
    0xff, 0xff, 0xff, 0xff, 0xff, 0xf8, 0x0, 0xe,
    0xff, 0xff, 0xf6, 0x0, 0xad, 0xdd, 0xdd, 0xdd,
    0xdd, 0xdd, 0xd7, 0x0, 0x5, 0xfb, 0xff, 0xf6,
    0x0, 0x44, 0x44, 0x44, 0x44, 0x44, 0x44, 0x42,
    0x0, 0x0, 0xa1, 0xff, 0xf6, 0x0, 0xdf, 0xff,
    0xff, 0xff, 0xff, 0xff, 0xf8, 0x0, 0x0, 0x0,
    0xff, 0xf6, 0x0, 0xdf, 0xff, 0xff, 0xff, 0xff,
    0xff, 0xf8, 0x0, 0x0, 0x0, 0xff, 0xf6, 0x0,
    0x45, 0x55, 0x55, 0x55, 0x55, 0x55, 0x52, 0x0,
    0x0, 0x0, 0xff, 0xf6, 0x2, 0xbb, 0xbb, 0xbb,
    0xbb, 0xbb, 0xbb, 0xba, 0x0, 0x0, 0x0, 0xff,
    0xf6, 0x3, 0xff, 0xff, 0xff, 0xff, 0xff, 0xff,
    0xfe, 0x0, 0x0, 0x0, 0xff, 0xf6, 0x3, 0xff,
    0xff, 0xff, 0xff, 0xff, 0xff, 0xfe, 0x0, 0x0,
    0x0, 0xff, 0xf6, 0x3, 0xff, 0xf3, 0x33, 0x33,
    0x33, 0x8f, 0xfe, 0x0, 0x0, 0x0, 0xff, 0xf6,
    0x3, 0xff, 0xe0, 0x0, 0x0, 0x0, 0x6f, 0xfe,
    0x0, 0x0, 0x0, 0xff, 0xf6, 0x3, 0xff, 0xe0,
    0x0, 0x0, 0x0, 0x6f, 0xfe, 0x0, 0x0, 0x0,
    0xff, 0xf6, 0x3, 0xff, 0xff, 0xff, 0xff, 0xff,
    0xff, 0xfe, 0x0, 0x0, 0x0, 0xff, 0xf6, 0x3,
    0xff, 0xff, 0xff, 0xff, 0xff, 0xff, 0xfe, 0x0,
    0x0, 0x0, 0xff, 0xf6, 0x3, 0xff, 0xfe, 0xee,
    0xee, 0xee, 0xee, 0xed, 0x0, 0x0, 0x0, 0x22,
    0x20, 0x0, 0x0, 0x0, 0x0, 0x0, 0x0, 0x0,
    0x0, 0x0,

    /* U+4FEE "修" */
    0x0, 0x0, 0x3, 0x0, 0x0, 0x0, 0x0, 0x43,
    0x0, 0x0, 0x0, 0x0, 0x0, 0x0, 0x0, 0x1f,
    0xfb, 0x50, 0x0, 0x0, 0xef, 0xe8, 0x0, 0x0,
    0x0, 0x0, 0x0, 0x0, 0x6f, 0xff, 0x70, 0x0,
    0x6, 0xff, 0xf5, 0x0, 0x0, 0x0, 0x0, 0x0,
    0x0, 0xcf, 0xff, 0x10, 0x0, 0xe, 0xff, 0xfe,
    0xee, 0xee, 0xf8, 0x10, 0x0, 0x2, 0xff, 0xfa,
    0x0, 0x0, 0x9f, 0xff, 0xff, 0xff, 0xff, 0xff,
    0x50, 0x0, 0x9, 0xff, 0xf4, 0x0, 0x5, 0xff,
    0xff, 0xff, 0xff, 0xff, 0xfd, 0x0, 0x0, 0x1f,
    0xff, 0xd0, 0x0, 0x5f, 0xff, 0xff, 0x60, 0x9,
    0xff, 0xf6, 0x0, 0x0, 0xaf, 0xff, 0xa0, 0x0,
    0x9f, 0xff, 0xff, 0xf5, 0x6f, 0xff, 0xc0, 0x0,
    0x3, 0xff, 0xff, 0xa1, 0xaa, 0x95, 0xfb, 0xdf,
    0xff, 0xff, 0xfe, 0x10, 0x0, 0xd, 0xff, 0xff,
    0xa2, 0xff, 0xe0, 0x30, 0x1e, 0xff, 0xff, 0xf3,
    0x0, 0x0, 0x8f, 0xff, 0xff, 0xa2, 0xff, 0xe0,
    0x16, 0xcf, 0xff, 0xff, 0xfd, 0x72, 0x0, 0x4f,
    0xff, 0xff, 0xa2, 0xff, 0xfb, 0xff, 0xff, 0xff,
    0xff, 0xff, 0xff, 0xe6, 0xd, 0xff, 0xff, 0xa2,
    0xff, 0xff, 0xff, 0xff, 0xb3, 0x3c, 0xff, 0xff,
    0xd1, 0x6, 0xff, 0xff, 0xa2, 0xff, 0xeb, 0xff,
    0xa3, 0x1b, 0xd7, 0x5a, 0xef, 0x40, 0x0, 0x4e,
    0xff, 0xa2, 0xff, 0xe2, 0x40, 0x4a, 0xff, 0xfe,
    0x40, 0x3, 0x0, 0x0, 0xe, 0xff, 0xa2, 0xff,
    0xe0, 0x5e, 0xff, 0xff, 0xb2, 0x63, 0x0, 0x0,
    0x0, 0xe, 0xff, 0xa2, 0xff, 0xe0, 0xb, 0xff,
    0xa3, 0x2c, 0xff, 0xc0, 0x0, 0x0, 0xe, 0xff,
    0xa2, 0xff, 0xe0, 0x1, 0x71, 0x4a, 0xff, 0xfe,
    0x30, 0x0, 0x0, 0xe, 0xff, 0xa2, 0xff, 0xe0,
    0x27, 0xbf, 0xff, 0xff, 0x94, 0x82, 0x0, 0x0,
    0xe, 0xff, 0xa2, 0xff, 0xe0, 0x3f, 0xff, 0xff,
    0x93, 0x6f, 0xff, 0xc1, 0x0, 0xe, 0xff, 0xa2,
    0xff, 0xe0, 0x7, 0xfa, 0x51, 0x6d, 0xff, 0xff,
    0x50, 0x0, 0xe, 0xff, 0xa0, 0x0, 0x0, 0x0,
    0x37, 0xbf, 0xff, 0xff, 0xd3, 0x0, 0x0, 0xe,
    0xff, 0xa0, 0x0, 0x8, 0xdf, 0xff, 0xff, 0xff,
    0xd5, 0x0, 0x0, 0x0, 0xe, 0xff, 0xa0, 0x0,
    0x2, 0xff, 0xff, 0xfe, 0x94, 0x0, 0x0, 0x0,
    0x0, 0xe, 0xff, 0xa0, 0x0, 0x0, 0x6e, 0xa7,
    0x30, 0x0, 0x0, 0x0, 0x0, 0x0, 0x0, 0x0,
    0x0, 0x0, 0x0, 0x0, 0x0, 0x0, 0x0, 0x0,
    0x0, 0x0,

    /* U+5148 "先" */
    0x0, 0x0, 0x0, 0x0, 0x0, 0x23, 0x33, 0x0,
    0x0, 0x0, 0x0, 0x0, 0x0, 0x0, 0xa, 0xc9,
    0x61, 0xb, 0xff, 0xf2, 0x0, 0x0, 0x0, 0x0,
    0x0, 0x0, 0x0, 0xff, 0xff, 0x10, 0xbf, 0xff,
    0x20, 0x0, 0x0, 0x0, 0x0, 0x0, 0x0, 0x4f,
    0xff, 0xc0, 0xb, 0xff, 0xf2, 0x0, 0x0, 0x0,
    0x0, 0x0, 0x0, 0x8, 0xff, 0xff, 0xff, 0xff,
    0xff, 0xff, 0xff, 0xff, 0xfc, 0x0, 0x0, 0x0,
    0xdf, 0xff, 0xff, 0xff, 0xff, 0xff, 0xff, 0xff,
    0xff, 0xc0, 0x0, 0x0, 0x4f, 0xff, 0xff, 0xff,
    0xff, 0xff, 0xff, 0xff, 0xff, 0xfc, 0x0, 0x0,
    0xc, 0xff, 0xfb, 0x99, 0x9e, 0xff, 0xfa, 0x99,
    0x99, 0x99, 0x70, 0x0, 0x6, 0xff, 0xfd, 0x0,
    0x0, 0xbf, 0xff, 0x20, 0x0, 0x0, 0x0, 0x0,
    0x0, 0x7e, 0xff, 0x60, 0x0, 0xb, 0xff, 0xf2,
    0x0, 0x0, 0x0, 0x0, 0x0, 0x0, 0x7, 0xb0,
    0x0, 0x0, 0xbf, 0xff, 0x20, 0x0, 0x0, 0x0,
    0x0, 0x5, 0xaa, 0xaa, 0xaa, 0xaa, 0xae, 0xff,
    0xfb, 0xaa, 0xaa, 0xaa, 0xaa, 0x90, 0x7f, 0xff,
    0xff, 0xff, 0xff, 0xff, 0xff, 0xff, 0xff, 0xff,
    0xff, 0xfe, 0x7, 0xff, 0xff, 0xff, 0xff, 0xff,
    0xff, 0xff, 0xff, 0xff, 0xff, 0xff, 0xe0, 0x7f,
    0xff, 0xff, 0xff, 0xff, 0xff, 0xff, 0xff, 0xff,
    0xff, 0xff, 0xfe, 0x0, 0x0, 0x0, 0xc, 0xff,
    0xf3, 0x0, 0x8f, 0xff, 0x40, 0x0, 0x0, 0x0,
    0x0, 0x0, 0x0, 0xff, 0xff, 0x0, 0x8, 0xff,
    0xf4, 0x0, 0x0, 0x0, 0x0, 0x0, 0x0, 0x5f,
    0xff, 0xd0, 0x0, 0x8f, 0xff, 0x40, 0x0, 0x0,
    0x0, 0x0, 0x0, 0xc, 0xff, 0xf8, 0x0, 0x8,
    0xff, 0xf4, 0x0, 0x46, 0x0, 0x0, 0x0, 0x7,
    0xff, 0xff, 0x10, 0x0, 0x8f, 0xff, 0x40, 0x6,
    0xfe, 0x90, 0x0, 0x8, 0xff, 0xff, 0xa0, 0x0,
    0x8, 0xff, 0xf4, 0x0, 0x8f, 0xff, 0x0, 0x6d,
    0xff, 0xff, 0xe1, 0x0, 0x0, 0x7f, 0xff, 0xc9,
    0x9e, 0xff, 0xd0, 0x9f, 0xff, 0xff, 0xf3, 0x0,
    0x0, 0x5, 0xff, 0xff, 0xff, 0xff, 0xf9, 0x0,
    0xcf, 0xff, 0xd2, 0x0, 0x0, 0x0, 0xf, 0xff,
    0xff, 0xff, 0xff, 0x20, 0x2, 0xff, 0x80, 0x0,
    0x0, 0x0, 0x0, 0x3b, 0xef, 0xff, 0xfc, 0x30,
    0x0, 0x4, 0x10, 0x0, 0x0, 0x0, 0x0, 0x0,
    0x0, 0x0, 0x0, 0x0, 0x0,

    /* U+5149 "光" */
    0x0, 0x0, 0x0, 0x0, 0x0, 0x4, 0x44, 0x30,
    0x0, 0x0, 0x0, 0x0, 0x0, 0x0, 0x0, 0x0,
    0x10, 0x0, 0xf, 0xff, 0xe0, 0x0, 0x2, 0x10,
    0x0, 0x0, 0x0, 0x2, 0x8e, 0xc0, 0x0, 0xf,
    0xff, 0xe0, 0x0, 0xa, 0xfc, 0x61, 0x0, 0x0,
    0xc, 0xff, 0xf4, 0x0, 0xf, 0xff, 0xe0, 0x0,
    0x1f, 0xff, 0xf6, 0x0, 0x0, 0x5, 0xff, 0xfc,
    0x0, 0xf, 0xff, 0xe0, 0x0, 0x6f, 0xff, 0xd0,
    0x0, 0x0, 0x0, 0xef, 0xff, 0x30, 0xf, 0xff,
    0xe0, 0x0, 0xdf, 0xff, 0x50, 0x0, 0x0, 0x0,
    0x7f, 0xff, 0x90, 0xf, 0xff, 0xe0, 0x5, 0xff,
    0xfd, 0x0, 0x0, 0x0, 0x0, 0x2f, 0xff, 0xe0,
    0xf, 0xff, 0xe0, 0xd, 0xff, 0xf3, 0x0, 0x0,
    0x0, 0x0, 0xc, 0xfa, 0x30, 0xf, 0xff, 0xe0,
    0x4, 0xaf, 0xa0, 0x0, 0x0, 0x0, 0x0, 0x3,
    0x10, 0x0, 0xf, 0xff, 0xe0, 0x0, 0x1, 0x10,
    0x0, 0x0, 0xb, 0xff, 0xff, 0xff, 0xff, 0xff,
    0xff, 0xff, 0xff, 0xff, 0xff, 0xff, 0xe0, 0xb,
    0xff, 0xff, 0xff, 0xff, 0xff, 0xff, 0xff, 0xff,
    0xff, 0xff, 0xff, 0xe0, 0xb, 0xff, 0xff, 0xff,
    0xff, 0xff, 0xff, 0xff, 0xff, 0xff, 0xff, 0xff,
    0xe0, 0x7, 0x99, 0x99, 0x9e, 0xff, 0xfb, 0x99,
    0xdf, 0xff, 0xb9, 0x99, 0x99, 0x80, 0x0, 0x0,
    0x0, 0xd, 0xff, 0xf3, 0x0, 0x8f, 0xff, 0x40,
    0x0, 0x0, 0x0, 0x0, 0x0, 0x0, 0xf, 0xff,
    0xf1, 0x0, 0x8f, 0xff, 0x40, 0x0, 0x0, 0x0,
    0x0, 0x0, 0x0, 0x2f, 0xff, 0xe0, 0x0, 0x8f,
    0xff, 0x40, 0x0, 0x0, 0x0, 0x0, 0x0, 0x0,
    0x9f, 0xff, 0xb0, 0x0, 0x8f, 0xff, 0x40, 0x0,
    0x10, 0x0, 0x0, 0x0, 0x1, 0xff, 0xff, 0x70,
    0x0, 0x8f, 0xff, 0x40, 0x1, 0xf9, 0x30, 0x0,
    0x0, 0x1d, 0xff, 0xff, 0x10, 0x0, 0x8f, 0xff,
    0x40, 0x2, 0xff, 0xf5, 0x0, 0x5, 0xef, 0xff,
    0xf7, 0x0, 0x0, 0x8f, 0xff, 0x40, 0x4, 0xff,
    0xf3, 0x18, 0xdf, 0xff, 0xff, 0xb0, 0x0, 0x0,
    0x7f, 0xff, 0xc8, 0x8d, 0xff, 0xf1, 0x1d, 0xff,
    0xff, 0xfb, 0x0, 0x0, 0x0, 0x5f, 0xff, 0xff,
    0xff, 0xff, 0xc0, 0x2, 0xff, 0xfe, 0x60, 0x0,
    0x0, 0x0, 0xe, 0xff, 0xff, 0xff, 0xff, 0x50,
    0x0, 0x9d, 0x71, 0x0, 0x0, 0x0, 0x0, 0x2,
    0xbe, 0xff, 0xff, 0xd6, 0x0, 0x0, 0x0, 0x0,
    0x0, 0x0, 0x0, 0x0, 0x0, 0x0, 0x0, 0x0,
    0x0, 0x0,

    /* U+514D "免" */
    0x0, 0x0, 0x0, 0x6, 0x63, 0x0, 0x0, 0x0,
    0x0, 0x0, 0x0, 0x0, 0x0, 0x0, 0x0, 0x0,
    0x3f, 0xff, 0xf5, 0x0, 0x0, 0x0, 0x0, 0x0,
    0x0, 0x0, 0x0, 0x0, 0x0, 0xdf, 0xff, 0xfe,
    0xee, 0xee, 0xd3, 0x0, 0x0, 0x0, 0x0, 0x0,
    0x0, 0x9, 0xff, 0xff, 0xff, 0xff, 0xff, 0xff,
    0x60, 0x0, 0x0, 0x0, 0x0, 0x0, 0x6f, 0xff,
    0xff, 0xff, 0xff, 0xff, 0xff, 0x40, 0x0, 0x0,
    0x0, 0x0, 0x6, 0xff, 0xff, 0xa2, 0x22, 0x2d,
    0xff, 0xf9, 0x0, 0x0, 0x0, 0x0, 0x0, 0x7f,
    0xff, 0xfc, 0x0, 0x0, 0x8f, 0xff, 0xd0, 0x0,
    0x0, 0x0, 0x0, 0xa, 0xff, 0xff, 0xff, 0xff,
    0xff, 0xff, 0xff, 0xff, 0xff, 0xff, 0xf1, 0x0,
    0x7f, 0xff, 0xff, 0xff, 0xff, 0xff, 0xff, 0xff,
    0xff, 0xff, 0xff, 0xf1, 0x0, 0x8, 0xff, 0xff,
    0xff, 0xff, 0xff, 0xff, 0xff, 0xff, 0xff, 0xff,
    0xf1, 0x0, 0x0, 0xaf, 0xff, 0xf6, 0x55, 0x5f,
    0xff, 0xf7, 0x55, 0x5f, 0xff, 0xf1, 0x0, 0x0,
    0xb, 0xff, 0xf1, 0x0, 0xf, 0xff, 0xf0, 0x0,
    0xe, 0xff, 0xf1, 0x0, 0x0, 0xb, 0xff, 0xf1,
    0x0, 0x2f, 0xff, 0xe0, 0x0, 0xe, 0xff, 0xf1,
    0x0, 0x0, 0xb, 0xff, 0xff, 0xff, 0xff, 0xff,
    0xff, 0xff, 0xff, 0xff, 0xf1, 0x0, 0x0, 0xb,
    0xff, 0xff, 0xff, 0xff, 0xff, 0xff, 0xff, 0xff,
    0xff, 0xf1, 0x0, 0x0, 0xb, 0xff, 0xff, 0xff,
    0xff, 0xff, 0xff, 0xff, 0xff, 0xff, 0xf1, 0x0,
    0x0, 0x4, 0x55, 0x55, 0x5c, 0xff, 0xfe, 0xff,
    0xfe, 0x55, 0x55, 0x50, 0x0, 0x0, 0x0, 0x0,
    0x0, 0x3f, 0xff, 0xf6, 0xff, 0xfd, 0x0, 0x0,
    0x0, 0x0, 0x0, 0x0, 0x0, 0x3, 0xef, 0xff,
    0xd1, 0xff, 0xfd, 0x0, 0x1, 0x40, 0x0, 0x0,
    0x0, 0x0, 0x5f, 0xff, 0xff, 0x31, 0xff, 0xfd,
    0x0, 0x4, 0xfb, 0x60, 0x0, 0x0, 0x3c, 0xff,
    0xff, 0xf4, 0x1, 0xff, 0xfe, 0x0, 0x5, 0xff,
    0xf2, 0x1, 0x7c, 0xff, 0xff, 0xff, 0x50, 0x0,
    0xff, 0xff, 0x65, 0x5c, 0xff, 0xf0, 0xe, 0xff,
    0xff, 0xff, 0xd3, 0x0, 0x0, 0xef, 0xff, 0xff,
    0xff, 0xff, 0xc0, 0x3, 0xff, 0xff, 0xe7, 0x0,
    0x0, 0x0, 0x7f, 0xff, 0xff, 0xff, 0xff, 0x40,
    0x0, 0x9f, 0xc6, 0x0, 0x0, 0x0, 0x0, 0x7,
    0xde, 0xff, 0xff, 0xd5, 0x0, 0x0, 0x11, 0x0,
    0x0, 0x0, 0x0, 0x0, 0x0, 0x0, 0x0, 0x0,
    0x0, 0x0,

    /* U+5165 "入" */
    0x0, 0x0, 0x0, 0x0, 0x1, 0x0, 0x0, 0x0,
    0x0, 0x0, 0x0, 0x0, 0x0, 0x0, 0x0, 0x0,
    0x0, 0x8d, 0x20, 0x0, 0x0, 0x0, 0x0, 0x0,
    0x0, 0x0, 0x0, 0x0, 0x0, 0x4, 0xff, 0xe3,
    0x0, 0x0, 0x0, 0x0, 0x0, 0x0, 0x0, 0x0,
    0x0, 0x0, 0x1e, 0xff, 0xff, 0x30, 0x0, 0x0,
    0x0, 0x0, 0x0, 0x0, 0x0, 0x0, 0x0, 0x9,
    0xff, 0xff, 0xe1, 0x0, 0x0, 0x0, 0x0, 0x0,
    0x0, 0x0, 0x0, 0x0, 0x0, 0x6f, 0xff, 0xfc,
    0x0, 0x0, 0x0, 0x0, 0x0, 0x0, 0x0, 0x0,
    0x0, 0x0, 0x7, 0xff, 0xff, 0x80, 0x0, 0x0,
    0x0, 0x0, 0x0, 0x0, 0x0, 0x0, 0x0, 0x0,
    0x9f, 0xff, 0xf3, 0x0, 0x0, 0x0, 0x0, 0x0,
    0x0, 0x0, 0x0, 0x0, 0x0, 0x7f, 0xff, 0xfd,
    0x0, 0x0, 0x0, 0x0, 0x0, 0x0, 0x0, 0x0,
    0x0, 0x0, 0xcf, 0xff, 0xff, 0x70, 0x0, 0x0,
    0x0, 0x0, 0x0, 0x0, 0x0, 0x0, 0x1, 0xff,
    0xff, 0xff, 0xf1, 0x0, 0x0, 0x0, 0x0, 0x0,
    0x0, 0x0, 0x0, 0x6, 0xff, 0xff, 0xff, 0xfa,
    0x0, 0x0, 0x0, 0x0, 0x0, 0x0, 0x0, 0x0,
    0xb, 0xff, 0xff, 0xff, 0xff, 0x40, 0x0, 0x0,
    0x0, 0x0, 0x0, 0x0, 0x0, 0x3f, 0xff, 0xf7,
    0xcf, 0xff, 0xe0, 0x0, 0x0, 0x0, 0x0, 0x0,
    0x0, 0x0, 0xcf, 0xff, 0xf1, 0x3f, 0xff, 0xf9,
    0x0, 0x0, 0x0, 0x0, 0x0, 0x0, 0x4, 0xff,
    0xff, 0x80, 0xa, 0xff, 0xff, 0x30, 0x0, 0x0,
    0x0, 0x0, 0x0, 0xd, 0xff, 0xff, 0x10, 0x2,
    0xff, 0xff, 0xd1, 0x0, 0x0, 0x0, 0x0, 0x0,
    0xbf, 0xff, 0xf7, 0x0, 0x0, 0x7f, 0xff, 0xfc,
    0x0, 0x0, 0x0, 0x0, 0xa, 0xff, 0xff, 0xd0,
    0x0, 0x0, 0xd, 0xff, 0xff, 0xb0, 0x0, 0x0,
    0x0, 0x9f, 0xff, 0xff, 0x30, 0x0, 0x0, 0x3,
    0xff, 0xff, 0xfc, 0x10, 0x0, 0x2c, 0xff, 0xff,
    0xf6, 0x0, 0x0, 0x0, 0x0, 0x6f, 0xff, 0xff,
    0xe3, 0x8, 0xff, 0xff, 0xff, 0x70, 0x0, 0x0,
    0x0, 0x0, 0x9, 0xff, 0xff, 0xf5, 0xa, 0xff,
    0xff, 0xf8, 0x0, 0x0, 0x0, 0x0, 0x0, 0x0,
    0xbf, 0xff, 0xd0, 0x0, 0x7f, 0xff, 0x60, 0x0,
    0x0, 0x0, 0x0, 0x0, 0x0, 0x8, 0xff, 0x60,
    0x0, 0x6, 0xd2, 0x0, 0x0, 0x0, 0x0, 0x0,
    0x0, 0x0, 0x0, 0x4e, 0x0, 0x0, 0x0, 0x0,
    0x0, 0x0, 0x0, 0x0, 0x0, 0x0, 0x0, 0x0,
    0x0, 0x0,

    /* U+5168 "全" */
    0x0, 0x0, 0x0, 0x0, 0x0, 0x0, 0x50, 0x0,
    0x0, 0x0, 0x0, 0x0, 0x0, 0x0, 0x0, 0x0,
    0x0, 0x0, 0x8, 0xfe, 0x60, 0x0, 0x0, 0x0,
    0x0, 0x0, 0x0, 0x0, 0x0, 0x0, 0x0, 0x5f,
    0xff, 0xf5, 0x0, 0x0, 0x0, 0x0, 0x0, 0x0,
    0x0, 0x0, 0x0, 0x4, 0xff, 0xff, 0xfc, 0x10,
    0x0, 0x0, 0x0, 0x0, 0x0, 0x0, 0x0, 0x0,
    0x6f, 0xff, 0xff, 0xff, 0xd2, 0x0, 0x0, 0x0,
    0x0, 0x0, 0x0, 0x0, 0x9, 0xff, 0xff, 0xcd,
    0xff, 0xff, 0x50, 0x0, 0x0, 0x0, 0x0, 0x0,
    0x3, 0xdf, 0xff, 0xfb, 0x1, 0xdf, 0xff, 0xfa,
    0x10, 0x0, 0x0, 0x0, 0x0, 0x9f, 0xff, 0xff,
    0xb0, 0x0, 0x1c, 0xff, 0xff, 0xf8, 0x10, 0x0,
    0x1, 0x8f, 0xff, 0xff, 0xf8, 0x0, 0x0, 0x0,
    0x9f, 0xff, 0xff, 0xf9, 0x10, 0x6f, 0xff, 0xff,
    0xfe, 0x40, 0x0, 0x0, 0x0, 0x5, 0xff, 0xff,
    0xff, 0xf6, 0xc, 0xff, 0xff, 0xff, 0xff, 0xff,
    0xff, 0xff, 0xff, 0xff, 0xff, 0xff, 0xd1, 0x1,
    0xef, 0xcf, 0xff, 0xff, 0xff, 0xff, 0xff, 0xff,
    0xff, 0xfe, 0xff, 0x20, 0x0, 0x45, 0xf, 0xff,
    0xff, 0xff, 0xff, 0xff, 0xff, 0xff, 0xf1, 0x66,
    0x0, 0x0, 0x0, 0x5, 0x55, 0x55, 0x5f, 0xff,
    0xf5, 0x55, 0x55, 0x50, 0x0, 0x0, 0x0, 0x0,
    0x0, 0x0, 0x0, 0xf, 0xff, 0xf0, 0x0, 0x0,
    0x0, 0x0, 0x0, 0x0, 0x0, 0x1, 0x33, 0x33,
    0x3f, 0xff, 0xf3, 0x33, 0x33, 0x20, 0x0, 0x0,
    0x0, 0x0, 0x8, 0xff, 0xff, 0xff, 0xff, 0xff,
    0xff, 0xff, 0xb0, 0x0, 0x0, 0x0, 0x0, 0x8,
    0xff, 0xff, 0xff, 0xff, 0xff, 0xff, 0xff, 0xb0,
    0x0, 0x0, 0x0, 0x0, 0x8, 0xff, 0xff, 0xff,
    0xff, 0xff, 0xff, 0xff, 0xb0, 0x0, 0x0, 0x0,
    0x0, 0x0, 0x0, 0x0, 0xf, 0xff, 0xf0, 0x0,
    0x0, 0x0, 0x0, 0x0, 0x0, 0x0, 0x0, 0x0,
    0x0, 0xf, 0xff, 0xf0, 0x0, 0x0, 0x0, 0x0,
    0x0, 0x0, 0x66, 0x66, 0x66, 0x66, 0x6f, 0xff,
    0xf6, 0x66, 0x66, 0x66, 0x66, 0x10, 0x0, 0xff,
    0xff, 0xff, 0xff, 0xff, 0xff, 0xff, 0xff, 0xff,
    0xff, 0xff, 0x30, 0x0, 0xff, 0xff, 0xff, 0xff,
    0xff, 0xff, 0xff, 0xff, 0xff, 0xff, 0xff, 0x30,
    0x0, 0xff, 0xff, 0xff, 0xff, 0xff, 0xff, 0xff,
    0xff, 0xff, 0xff, 0xff, 0x30,

    /* U+5173 "关" */
    0x0, 0x0, 0x0, 0x0, 0x0, 0x0, 0x0, 0x0,
    0x0, 0x0, 0x0, 0x0, 0x0, 0x0, 0x0, 0x0,
    0x3b, 0xd1, 0x0, 0x0, 0x0, 0x6, 0xfa, 0x50,
    0x0, 0x0, 0x0, 0x0, 0x7, 0xff, 0xfa, 0x0,
    0x0, 0x0, 0xd, 0xff, 0xfc, 0x0, 0x0, 0x0,
    0x0, 0x1, 0xef, 0xff, 0x50, 0x0, 0x0, 0x4f,
    0xff, 0xf3, 0x0, 0x0, 0x0, 0x0, 0x0, 0x6f,
    0xff, 0xd0, 0x0, 0x0, 0xcf, 0xff, 0x80, 0x0,
    0x0, 0x0, 0x0, 0x0, 0xd, 0xff, 0x81, 0x0,
    0x5, 0xff, 0xfe, 0x10, 0x0, 0x0, 0x0, 0x7,
    0xff, 0xff, 0xff, 0xff, 0xff, 0xff, 0xff, 0xff,
    0xff, 0xf8, 0x0, 0x0, 0x7, 0xff, 0xff, 0xff,
    0xff, 0xff, 0xff, 0xff, 0xff, 0xff, 0xf8, 0x0,
    0x0, 0x7, 0xff, 0xff, 0xff, 0xff, 0xff, 0xff,
    0xff, 0xff, 0xff, 0xf8, 0x0, 0x0, 0x5, 0xbb,
    0xbb, 0xbb, 0xbe, 0xff, 0xfe, 0xbb, 0xbb, 0xbb,
    0xb5, 0x0, 0x0, 0x0, 0x0, 0x0, 0x0, 0xb,
    0xff, 0xfb, 0x0, 0x0, 0x0, 0x0, 0x0, 0x0,
    0x0, 0x0, 0x0, 0x0, 0xb, 0xff, 0xfb, 0x0,
    0x0, 0x0, 0x0, 0x0, 0x3, 0xaa, 0xaa, 0xaa,
    0xaa, 0xae, 0xff, 0xfe, 0xaa, 0xaa, 0xaa, 0xaa,
    0x80, 0x5, 0xff, 0xff, 0xff, 0xff, 0xff, 0xff,
    0xff, 0xff, 0xff, 0xff, 0xff, 0xd0, 0x5, 0xff,
    0xff, 0xff, 0xff, 0xff, 0xff, 0xff, 0xff, 0xff,
    0xff, 0xff, 0xd0, 0x5, 0xff, 0xff, 0xff, 0xff,
    0xff, 0xff, 0xff, 0xff, 0xff, 0xff, 0xff, 0xd0,
    0x0, 0x11, 0x11, 0x11, 0x11, 0xcf, 0xff, 0xff,
    0xe3, 0x11, 0x11, 0x11, 0x10, 0x0, 0x0, 0x0,
    0x0, 0x8, 0xff, 0xff, 0xff, 0xfd, 0x10, 0x0,
    0x0, 0x0, 0x0, 0x0, 0x0, 0x0, 0xaf, 0xff,
    0xff, 0xff, 0xff, 0xe4, 0x0, 0x0, 0x0, 0x0,
    0x0, 0x0, 0x4d, 0xff, 0xff, 0xf8, 0x7f, 0xff,
    0xff, 0x92, 0x0, 0x0, 0x0, 0x0, 0x6d, 0xff,
    0xff, 0xff, 0xa0, 0xa, 0xff, 0xff, 0xff, 0xa4,
    0x0, 0x6, 0xbf, 0xff, 0xff, 0xff, 0xf7, 0x0,
    0x0, 0x9f, 0xff, 0xff, 0xff, 0xf8, 0xa, 0xff,
    0xff, 0xff, 0xfc, 0x30, 0x0, 0x0, 0x6, 0xff,
    0xff, 0xff, 0xe1, 0x0, 0xbf, 0xff, 0xfd, 0x50,
    0x0, 0x0, 0x0, 0x0, 0x1a, 0xff, 0xff, 0x40,
    0x0, 0x1e, 0xe9, 0x30, 0x0, 0x0, 0x0, 0x0,
    0x0, 0x0, 0x28, 0xda, 0x0, 0x0, 0x1, 0x0,
    0x0, 0x0, 0x0, 0x0, 0x0, 0x0, 0x0, 0x0,
    0x0, 0x0,

    /* U+5185 "内" */
    0x0, 0x0, 0x0, 0x0, 0x3, 0x33, 0x30, 0x0,
    0x0, 0x0, 0x0, 0x0, 0x0, 0x0, 0x0, 0xe,
    0xff, 0xf0, 0x0, 0x0, 0x0, 0x0, 0x0, 0x0,
    0x0, 0x0, 0xe, 0xff, 0xf0, 0x0, 0x0, 0x0,
    0x0, 0x0, 0x0, 0x0, 0x0, 0xe, 0xff, 0xf0,
    0x0, 0x0, 0x0, 0x0, 0x0, 0x0, 0x0, 0x0,
    0xe, 0xff, 0xf0, 0x0, 0x0, 0x0, 0x0, 0xdf,
    0xff, 0xff, 0xff, 0xff, 0xff, 0xff, 0xff, 0xff,
    0xff, 0xfe, 0xdf, 0xff, 0xff, 0xff, 0xff, 0xff,
    0xff, 0xff, 0xff, 0xff, 0xff, 0xdf, 0xff, 0xff,
    0xff, 0xff, 0xff, 0xff, 0xff, 0xff, 0xff, 0xff,
    0xdf, 0xff, 0xbb, 0xbb, 0xbf, 0xff, 0xfb, 0xbb,
    0xbb, 0xff, 0xff, 0xdf, 0xff, 0x0, 0x0, 0xf,
    0xff, 0xd0, 0x0, 0x0, 0xcf, 0xff, 0xdf, 0xff,
    0x0, 0x0, 0x2f, 0xff, 0xb0, 0x0, 0x0, 0xcf,
    0xff, 0xdf, 0xff, 0x0, 0x0, 0x6f, 0xff, 0xd1,
    0x0, 0x0, 0xcf, 0xff, 0xdf, 0xff, 0x0, 0x0,
    0xcf, 0xff, 0xfd, 0x10, 0x0, 0xcf, 0xff, 0xdf,
    0xff, 0x0, 0x3, 0xff, 0xff, 0xff, 0xe2, 0x0,
    0xcf, 0xff, 0xdf, 0xff, 0x0, 0xe, 0xff, 0xff,
    0xff, 0xfe, 0x20, 0xcf, 0xff, 0xdf, 0xff, 0x0,
    0xbf, 0xff, 0xe3, 0xef, 0xff, 0xe2, 0xcf, 0xff,
    0xdf, 0xff, 0x3d, 0xff, 0xff, 0x50, 0x3f, 0xff,
    0xfe, 0xef, 0xff, 0xdf, 0xff, 0xff, 0xff, 0xf7,
    0x0, 0x3, 0xff, 0xfe, 0xef, 0xff, 0xdf, 0xff,
    0x5f, 0xff, 0x70, 0x0, 0x0, 0x6f, 0xb1, 0xcf,
    0xff, 0xdf, 0xff, 0x5, 0xe4, 0x0, 0x0, 0x0,
    0x4, 0x0, 0xcf, 0xff, 0xdf, 0xff, 0x0, 0x0,
    0x0, 0x0, 0x0, 0x0, 0x0, 0xcf, 0xff, 0xdf,
    0xff, 0x0, 0x0, 0x0, 0x0, 0x0, 0x9a, 0xaa,
    0xff, 0xfe, 0xdf, 0xff, 0x0, 0x0, 0x0, 0x0,
    0x0, 0x8f, 0xff, 0xff, 0xfc, 0xdf, 0xff, 0x0,
    0x0, 0x0, 0x0, 0x0, 0x3f, 0xff, 0xff, 0xf5,
    0xdf, 0xff, 0x0, 0x0, 0x0, 0x0, 0x0, 0xe,
    0xfe, 0xd9, 0x40,

    /* U+518D "再" */
    0x0, 0xff, 0xff, 0xff, 0xff, 0xff, 0xff, 0xff,
    0xff, 0xff, 0xff, 0xff, 0x70, 0x0, 0xff, 0xff,
    0xff, 0xff, 0xff, 0xff, 0xff, 0xff, 0xff, 0xff,
    0xff, 0x70, 0x0, 0xff, 0xff, 0xff, 0xff, 0xff,
    0xff, 0xff, 0xff, 0xff, 0xff, 0xff, 0x70, 0x0,
    0x88, 0x88, 0x88, 0x88, 0x8e, 0xff, 0xf8, 0x88,
    0x88, 0x88, 0x88, 0x30, 0x0, 0x0, 0x33, 0x33,
    0x33, 0x3d, 0xff, 0xf3, 0x33, 0x33, 0x33, 0x20,
    0x0, 0x0, 0x3, 0xff, 0xff, 0xff, 0xff, 0xff,
    0xff, 0xff, 0xff, 0xff, 0xa0, 0x0, 0x0, 0x3,
    0xff, 0xff, 0xff, 0xff, 0xff, 0xff, 0xff, 0xff,
    0xff, 0xa0, 0x0, 0x0, 0x3, 0xff, 0xff, 0xff,
    0xff, 0xff, 0xff, 0xff, 0xff, 0xff, 0xa0, 0x0,
    0x0, 0x3, 0xff, 0xf9, 0x22, 0x2d, 0xff, 0xf2,
    0x22, 0x3f, 0xff, 0xa0, 0x0, 0x0, 0x3, 0xff,
    0xfa, 0x33, 0x3d, 0xff, 0xf3, 0x33, 0x4f, 0xff,
    0xa0, 0x0, 0x0, 0x3, 0xff, 0xff, 0xff, 0xff,
    0xff, 0xff, 0xff, 0xff, 0xff, 0xa0, 0x0, 0x0,
    0x3, 0xff, 0xff, 0xff, 0xff, 0xff, 0xff, 0xff,
    0xff, 0xff, 0xa0, 0x0, 0x0, 0x3, 0xff, 0xff,
    0xff, 0xff, 0xff, 0xff, 0xff, 0xff, 0xff, 0xa0,
    0x0, 0x0, 0x3, 0xff, 0xf8, 0x0, 0xc, 0xff,
    0xf0, 0x0, 0x1f, 0xff, 0xa0, 0x0, 0x1f, 0xff,
    0xff, 0xff, 0xff, 0xff, 0xff, 0xff, 0xff, 0xff,
    0xff, 0xff, 0xf8, 0x1f, 0xff, 0xff, 0xff, 0xff,
    0xff, 0xff, 0xff, 0xff, 0xff, 0xff, 0xff, 0xf8,
    0x1f, 0xff, 0xff, 0xff, 0xff, 0xff, 0xff, 0xff,
    0xff, 0xff, 0xff, 0xff, 0xf8, 0x7, 0x79, 0xff,
    0xfc, 0x77, 0x77, 0x77, 0x77, 0x77, 0x8f, 0xff,
    0xd7, 0x74, 0x0, 0x3, 0xff, 0xf8, 0x0, 0x0,
    0x0, 0x0, 0x0, 0x1f, 0xff, 0xa0, 0x0, 0x0,
    0x3, 0xff, 0xf8, 0x0, 0x0, 0x0, 0x7, 0x77,
    0x9f, 0xff, 0xa0, 0x0, 0x0, 0x3, 0xff, 0xf8,
    0x0, 0x0, 0x0, 0xb, 0xff, 0xff, 0xff, 0x80,
    0x0, 0x0, 0x3, 0xff, 0xf8, 0x0, 0x0, 0x0,
    0x5, 0xff, 0xff, 0xff, 0x20, 0x0, 0x0, 0x3,
    0xff, 0xf8, 0x0, 0x0, 0x0, 0x0, 0xff, 0xfc,
    0x82, 0x0, 0x0, 0x0, 0x0, 0x0, 0x0, 0x0,
    0x0, 0x0, 0x0, 0x0, 0x0, 0x0, 0x0, 0x0,

    /* U+5199 "写" */
    0x12, 0x22, 0x22, 0x22, 0x22, 0x22, 0x22, 0x22,
    0x22, 0x22, 0x22, 0x20, 0xaf, 0xff, 0xff, 0xff,
    0xff, 0xff, 0xff, 0xff, 0xff, 0xff, 0xff, 0xf1,
    0xaf, 0xff, 0xff, 0xff, 0xff, 0xff, 0xff, 0xff,
    0xff, 0xff, 0xff, 0xf1, 0xaf, 0xff, 0xff, 0xff,
    0xff, 0xff, 0xff, 0xff, 0xff, 0xff, 0xff, 0xf1,
    0xaf, 0xff, 0x66, 0xb9, 0x86, 0x55, 0x55, 0x55,
    0x55, 0x5e, 0xff, 0xf1, 0xaf, 0xff, 0x14, 0xff,
    0xf8, 0x0, 0x0, 0x0, 0x0, 0xd, 0xff, 0xf1,
    0xaf, 0xff, 0x17, 0xff, 0xf8, 0x44, 0x44, 0x44,
    0x44, 0x4e, 0xff, 0xf1, 0x23, 0x33, 0xa, 0xff,
    0xff, 0xff, 0xff, 0xff, 0xff, 0xf9, 0x33, 0x30,
    0x0, 0x0, 0xc, 0xff, 0xff, 0xff, 0xff, 0xff,
    0xff, 0xf7, 0x0, 0x0, 0x0, 0x0, 0xf, 0xff,
    0xff, 0xff, 0xff, 0xff, 0xff, 0xf6, 0x0, 0x0,
    0x0, 0x0, 0x2f, 0xff, 0x90, 0x0, 0x0, 0x0,
    0x0, 0x0, 0x0, 0x0, 0x0, 0x0, 0x5f, 0xff,
    0xa6, 0x66, 0x66, 0x66, 0x66, 0x66, 0x50, 0x0,
    0x0, 0x0, 0x9f, 0xff, 0xff, 0xff, 0xff, 0xff,
    0xff, 0xff, 0xd0, 0x0, 0x0, 0x0, 0xcf, 0xff,
    0xff, 0xff, 0xff, 0xff, 0xff, 0xff, 0xc0, 0x0,
    0x0, 0x0, 0xee, 0xee, 0xee, 0xee, 0xee, 0xee,
    0xef, 0xff, 0xa0, 0x0, 0x1, 0x11, 0x11, 0x11,
    0x11, 0x11, 0x11, 0x10, 0x2f, 0xff, 0x90, 0x0,
    0xf, 0xff, 0xff, 0xff, 0xff, 0xff, 0xff, 0xf1,
    0x4f, 0xff, 0x70, 0x0, 0xf, 0xff, 0xff, 0xff,
    0xff, 0xff, 0xff, 0xf1, 0x7f, 0xff, 0x40, 0x0,
    0xf, 0xff, 0xff, 0xff, 0xff, 0xff, 0xff, 0xf1,
    0xaf, 0xff, 0x20, 0x0, 0x5, 0x55, 0x55, 0x55,
    0x55, 0x55, 0x55, 0x51, 0xff, 0xff, 0x0, 0x0,
    0x0, 0x0, 0x0, 0x0, 0x0, 0x57, 0x66, 0x7c,
    0xff, 0xfa, 0x0, 0x0, 0x0, 0x0, 0x0, 0x0,
    0x0, 0x5f, 0xff, 0xff, 0xff, 0xf5, 0x0, 0x0,
    0x0, 0x0, 0x0, 0x0, 0x0, 0xe, 0xff, 0xff,
    0xff, 0xb0, 0x0, 0x0, 0x0, 0x0, 0x0, 0x0,
    0x0, 0xa, 0xff, 0xfe, 0xb7, 0x0, 0x0, 0x0,
    0x0, 0x0, 0x0, 0x0, 0x0, 0x0, 0x0, 0x0,
    0x0, 0x0, 0x0, 0x0,

    /* U+51B3 "决" */
    0x0, 0x0, 0x0, 0x0, 0x0, 0x0, 0x1, 0x33,
    0x32, 0x0, 0x0, 0x0, 0x0, 0x0, 0x0, 0x0,
    0x0, 0x0, 0x0, 0x4, 0xff, 0xfa, 0x0, 0x0,
    0x0, 0x0, 0x0, 0x8f, 0x30, 0x0, 0x0, 0x0,
    0x4, 0xff, 0xfa, 0x0, 0x0, 0x0, 0x0, 0x2e,
    0xff, 0xe1, 0x0, 0x0, 0x0, 0x4, 0xff, 0xfa,
    0x0, 0x0, 0x0, 0x0, 0xb, 0xff, 0xfc, 0x0,
    0x5, 0x88, 0x8a, 0xff, 0xfd, 0x88, 0x88, 0x82,
    0x0, 0x1, 0xef, 0xff, 0x80, 0xb, 0xff, 0xff,
    0xff, 0xff, 0xff, 0xff, 0xf4, 0x0, 0x0, 0x4f,
    0xff, 0xf4, 0xb, 0xff, 0xff, 0xff, 0xff, 0xff,
    0xff, 0xf4, 0x0, 0x0, 0x9, 0xff, 0xfb, 0xb,
    0xff, 0xff, 0xff, 0xff, 0xff, 0xff, 0xf4, 0x0,
    0x0, 0x1, 0xef, 0x80, 0x0, 0x0, 0x5, 0xff,
    0xfa, 0x5, 0xff, 0xf4, 0x0, 0x0, 0x0, 0x52,
    0x0, 0x0, 0x0, 0x4, 0xff, 0xfa, 0x4, 0xff,
    0xf4, 0x0, 0x0, 0x0, 0x0, 0x0, 0x0, 0x0,
    0x5, 0xff, 0xfa, 0x4, 0xff, 0xf4, 0x0, 0x0,
    0x0, 0x0, 0x0, 0x0, 0x0, 0x5, 0xff, 0xf9,
    0x4, 0xff, 0xf4, 0x0, 0x0, 0x0, 0x0, 0x0,
    0x9a, 0xaa, 0xac, 0xff, 0xfd, 0xac, 0xff, 0xfc,
    0xa1, 0x0, 0x0, 0x20, 0x0, 0xef, 0xff, 0xff,
    0xff, 0xff, 0xff, 0xff, 0xff, 0xf2, 0x0, 0x0,
    0xbd, 0x20, 0xef, 0xff, 0xff, 0xff, 0xff, 0xff,
    0xff, 0xff, 0xf2, 0x0, 0x3, 0xff, 0xf4, 0xef,
    0xff, 0xff, 0xff, 0xff, 0xff, 0xff, 0xff, 0xf2,
    0x0, 0xb, 0xff, 0xf4, 0x0, 0x0, 0x5f, 0xff,
    0xff, 0xf9, 0x0, 0x0, 0x0, 0x0, 0x2f, 0xff,
    0xc0, 0x0, 0x0, 0xcf, 0xff, 0xff, 0xff, 0x20,
    0x0, 0x0, 0x0, 0xaf, 0xff, 0x50, 0x0, 0x6,
    0xff, 0xff, 0x8f, 0xff, 0xc0, 0x0, 0x0, 0x3,
    0xff, 0xfd, 0x0, 0x0, 0x3f, 0xff, 0xf8, 0xe,
    0xff, 0xfa, 0x0, 0x0, 0xb, 0xff, 0xf6, 0x0,
    0x5, 0xff, 0xff, 0xd0, 0x6, 0xff, 0xff, 0xb1,
    0x0, 0x5f, 0xff, 0xe0, 0x1, 0x9f, 0xff, 0xff,
    0x30, 0x0, 0xbf, 0xff, 0xfe, 0x60, 0x4e, 0xff,
    0x70, 0x4f, 0xff, 0xff, 0xf5, 0x0, 0x0, 0x1d,
    0xff, 0xff, 0xf5, 0x1, 0xaf, 0x0, 0x9, 0xff,
    0xff, 0x40, 0x0, 0x0, 0x1, 0xcf, 0xff, 0x80,
    0x0, 0x2, 0x0, 0x0, 0xaf, 0xc2, 0x0, 0x0,
    0x0, 0x0, 0x8, 0xfc, 0x0, 0x0, 0x0, 0x0,
    0x0, 0x6, 0x0, 0x0, 0x0, 0x0, 0x0, 0x0,
    0x12, 0x0,

    /* U+51FA "出" */
    0x0, 0x0, 0x0, 0x0, 0x0, 0x33, 0x33, 0x0,
    0x0, 0x0, 0x0, 0x0, 0x0, 0x0, 0x0, 0x0,
    0x3f, 0xff, 0xf0, 0x0, 0x0, 0x0, 0x0, 0x0,
    0x1, 0x11, 0x0, 0x3, 0xff, 0xff, 0x0, 0x0,
    0x11, 0x11, 0x0, 0x9, 0xff, 0xf6, 0x0, 0x3f,
    0xff, 0xf0, 0x0, 0x4f, 0xff, 0xe0, 0x0, 0x9f,
    0xff, 0x60, 0x3, 0xff, 0xff, 0x0, 0x4, 0xff,
    0xfe, 0x0, 0x9, 0xff, 0xf6, 0x0, 0x3f, 0xff,
    0xf0, 0x0, 0x4f, 0xff, 0xe0, 0x0, 0x9f, 0xff,
    0x60, 0x3, 0xff, 0xff, 0x0, 0x4, 0xff, 0xfe,
    0x0, 0x9, 0xff, 0xf6, 0x0, 0x3f, 0xff, 0xf0,
    0x0, 0x4f, 0xff, 0xe0, 0x0, 0x9f, 0xff, 0x60,
    0x3, 0xff, 0xff, 0x0, 0x4, 0xff, 0xfe, 0x0,
    0x9, 0xff, 0xff, 0xff, 0xff, 0xff, 0xff, 0xff,
    0xff, 0xff, 0xe0, 0x0, 0x9f, 0xff, 0xff, 0xff,
    0xff, 0xff, 0xff, 0xff, 0xff, 0xfe, 0x0, 0x9,
    0xff, 0xff, 0xff, 0xff, 0xff, 0xff, 0xff, 0xff,
    0xff, 0xe0, 0x0, 0x6a, 0xaa, 0xaa, 0xab, 0xff,
    0xff, 0xaa, 0xaa, 0xaa, 0xa9, 0x0, 0x88, 0x88,
    0x10, 0x0, 0x3f, 0xff, 0xf0, 0x0, 0x2, 0x99,
    0x99, 0x1f, 0xff, 0xf2, 0x0, 0x3, 0xff, 0xff,
    0x0, 0x0, 0x4f, 0xff, 0xf1, 0xff, 0xff, 0x20,
    0x0, 0x3f, 0xff, 0xf0, 0x0, 0x4, 0xff, 0xff,
    0x1f, 0xff, 0xf2, 0x0, 0x3, 0xff, 0xff, 0x0,
    0x0, 0x4f, 0xff, 0xf1, 0xff, 0xff, 0x20, 0x0,
    0x3f, 0xff, 0xf0, 0x0, 0x4, 0xff, 0xff, 0x1f,
    0xff, 0xf2, 0x0, 0x3, 0xff, 0xff, 0x0, 0x0,
    0x4f, 0xff, 0xf1, 0xff, 0xff, 0x20, 0x0, 0x3f,
    0xff, 0xf0, 0x0, 0x4, 0xff, 0xff, 0x1f, 0xff,
    0xfc, 0xbb, 0xbc, 0xff, 0xff, 0xbb, 0xbb, 0xcf,
    0xff, 0xf1, 0xff, 0xff, 0xff, 0xff, 0xff, 0xff,
    0xff, 0xff, 0xff, 0xff, 0xff, 0x1f, 0xff, 0xff,
    0xff, 0xff, 0xff, 0xff, 0xff, 0xff, 0xff, 0xff,
    0xf1, 0xff, 0xff, 0xff, 0xff, 0xff, 0xff, 0xff,
    0xff, 0xff, 0xff, 0xff, 0x0, 0x0, 0x0, 0x0,
    0x0, 0x0, 0x0, 0x0, 0x0, 0x5f, 0xff, 0xf0,

    /* U+5200 "刀" */
    0x0, 0xac, 0xcc, 0xcc, 0xcc, 0xcc, 0xcc, 0xcc,
    0xcc, 0xcc, 0xcc, 0xcc, 0x0, 0xd, 0xff, 0xff,
    0xff, 0xff, 0xff, 0xff, 0xff, 0xff, 0xff, 0xff,
    0xf0, 0x0, 0xdf, 0xff, 0xff, 0xff, 0xff, 0xff,
    0xff, 0xff, 0xff, 0xff, 0xff, 0x0, 0xd, 0xff,
    0xff, 0xff, 0xff, 0xff, 0xff, 0xff, 0xff, 0xff,
    0xff, 0xf0, 0x0, 0x0, 0x0, 0x0, 0x3f, 0xff,
    0xf3, 0x0, 0x0, 0x2, 0xff, 0xfe, 0x0, 0x0,
    0x0, 0x0, 0x3, 0xff, 0xff, 0x0, 0x0, 0x0,
    0x2f, 0xff, 0xe0, 0x0, 0x0, 0x0, 0x0, 0x5f,
    0xff, 0xf0, 0x0, 0x0, 0x3, 0xff, 0xfd, 0x0,
    0x0, 0x0, 0x0, 0x6, 0xff, 0xfd, 0x0, 0x0,
    0x0, 0x3f, 0xff, 0xd0, 0x0, 0x0, 0x0, 0x0,
    0x8f, 0xff, 0xb0, 0x0, 0x0, 0x4, 0xff, 0xfc,
    0x0, 0x0, 0x0, 0x0, 0xc, 0xff, 0xf9, 0x0,
    0x0, 0x0, 0x4f, 0xff, 0xb0, 0x0, 0x0, 0x0,
    0x0, 0xff, 0xff, 0x50, 0x0, 0x0, 0x5, 0xff,
    0xfb, 0x0, 0x0, 0x0, 0x0, 0x6f, 0xff, 0xf1,
    0x0, 0x0, 0x0, 0x6f, 0xff, 0xa0, 0x0, 0x0,
    0x0, 0xc, 0xff, 0xfc, 0x0, 0x0, 0x0, 0x7,
    0xff, 0xf9, 0x0, 0x0, 0x0, 0x5, 0xff, 0xff,
    0x60, 0x0, 0x0, 0x0, 0x9f, 0xff, 0x80, 0x0,
    0x0, 0x1, 0xef, 0xff, 0xf1, 0x0, 0x0, 0x0,
    0xb, 0xff, 0xf7, 0x0, 0x0, 0x0, 0xcf, 0xff,
    0xf7, 0x0, 0x0, 0x0, 0x0, 0xdf, 0xff, 0x50,
    0x0, 0x1, 0xbf, 0xff, 0xfd, 0x0, 0x0, 0x0,
    0x0, 0x1f, 0xff, 0xf3, 0x0, 0x3, 0xdf, 0xff,
    0xff, 0x30, 0x0, 0x22, 0x11, 0x19, 0xff, 0xff,
    0x0, 0x19, 0xff, 0xff, 0xff, 0x60, 0x0, 0x9,
    0xff, 0xff, 0xff, 0xff, 0xc0, 0x1, 0xdf, 0xff,
    0xff, 0x60, 0x0, 0x0, 0x2f, 0xff, 0xff, 0xff,
    0xf6, 0x0, 0x1, 0xdf, 0xfe, 0x40, 0x0, 0x0,
    0x0, 0xcf, 0xff, 0xff, 0xfa, 0x0, 0x0, 0x3,
    0xfa, 0x10, 0x0, 0x0, 0x0, 0x8, 0xff, 0xed,
    0xa5, 0x0, 0x0, 0x0, 0x2, 0x0, 0x0, 0x0,
    0x0, 0x0, 0x0, 0x0, 0x0, 0x0, 0x0, 0x0,

    /* U+522B "别" */
    0x0, 0x11, 0x11, 0x11, 0x11, 0x11, 0x10, 0x0,
    0x0, 0x0, 0x6a, 0xaa, 0x10, 0x1f, 0xff, 0xff,
    0xff, 0xff, 0xff, 0x0, 0x0, 0x0, 0x9, 0xff,
    0xf1, 0x1, 0xff, 0xff, 0xff, 0xff, 0xff, 0xf0,
    0x0, 0x0, 0x0, 0x9f, 0xff, 0x10, 0x1f, 0xff,
    0xff, 0xff, 0xff, 0xff, 0x0, 0xbf, 0xfe, 0x9,
    0xff, 0xf1, 0x1, 0xff, 0xf6, 0x22, 0x2a, 0xff,
    0xf0, 0xb, 0xff, 0xe0, 0x9f, 0xff, 0x10, 0x1f,
    0xff, 0x40, 0x0, 0x9f, 0xff, 0x0, 0xbf, 0xfe,
    0x9, 0xff, 0xf1, 0x1, 0xff, 0xf5, 0x0, 0xa,
    0xff, 0xf0, 0xb, 0xff, 0xe0, 0x9f, 0xff, 0x10,
    0x1f, 0xff, 0xff, 0xff, 0xff, 0xff, 0x0, 0xbf,
    0xfe, 0x9, 0xff, 0xf1, 0x1, 0xff, 0xff, 0xff,
    0xff, 0xff, 0xf0, 0xb, 0xff, 0xe0, 0x9f, 0xff,
    0x10, 0x1f, 0xff, 0xff, 0xff, 0xff, 0xff, 0x0,
    0xbf, 0xfe, 0x9, 0xff, 0xf1, 0x0, 0x44, 0x48,
    0x88, 0x64, 0x44, 0x40, 0xb, 0xff, 0xe0, 0x9f,
    0xff, 0x10, 0x0, 0x2, 0xff, 0xf6, 0x0, 0x0,
    0x0, 0xbf, 0xfe, 0x9, 0xff, 0xf1, 0xa, 0xff,
    0xff, 0xff, 0xff, 0xff, 0xfc, 0xb, 0xff, 0xe0,
    0x9f, 0xff, 0x10, 0xaf, 0xff, 0xff, 0xff, 0xff,
    0xff, 0xb0, 0xbf, 0xfe, 0x9, 0xff, 0xf1, 0xa,
    0xff, 0xff, 0xff, 0xff, 0xff, 0xfb, 0xb, 0xff,
    0xe0, 0x9f, 0xff, 0x10, 0x46, 0x6b, 0xff, 0xf7,
    0x6f, 0xff, 0xa0, 0xbf, 0xfe, 0x9, 0xff, 0xf1,
    0x0, 0x0, 0xaf, 0xfe, 0x0, 0xff, 0xf9, 0xb,
    0xff, 0xe0, 0x9f, 0xff, 0x10, 0x0, 0xe, 0xff,
    0xa0, 0x1f, 0xff, 0x90, 0x9d, 0xdc, 0x9, 0xff,
    0xf1, 0x0, 0x6, 0xff, 0xf6, 0x2, 0xff, 0xf8,
    0x0, 0x0, 0x0, 0x9f, 0xff, 0x10, 0x2, 0xef,
    0xfe, 0x0, 0x5f, 0xff, 0x60, 0x0, 0x0, 0xa,
    0xff, 0xf1, 0x3, 0xdf, 0xff, 0x89, 0x8d, 0xff,
    0xf4, 0x0, 0x1e, 0xdd, 0xff, 0xff, 0x15, 0xff,
    0xff, 0xb0, 0xcf, 0xff, 0xff, 0x10, 0x0, 0xaf,
    0xff, 0xff, 0xe0, 0xa, 0xff, 0xb0, 0x8, 0xff,
    0xff, 0xa0, 0x0, 0x5, 0xff, 0xff, 0xf7, 0x0,
    0xc, 0x70, 0x0, 0x5f, 0xfd, 0x80, 0x0, 0x0,
    0x2f, 0xed, 0x94, 0x0, 0x0, 0x0, 0x0, 0x0,
    0x0, 0x0, 0x0, 0x0, 0x0, 0x0, 0x0, 0x0,
    0x0,

    /* U+5230 "到" */
    0x0, 0x0, 0x0, 0x0, 0x0, 0x0, 0x0, 0x0,
    0x0, 0x0, 0x0, 0x0, 0x0, 0x0, 0x0, 0x0,
    0x0, 0x0, 0x0, 0x0, 0x0, 0x1, 0xff, 0xf9,
    0x7d, 0xdd, 0xdd, 0xdd, 0xdd, 0xdd, 0xdd, 0x20,
    0x0, 0x1, 0xff, 0xf9, 0x8f, 0xff, 0xff, 0xff,
    0xff, 0xff, 0xff, 0x3b, 0xbb, 0x51, 0xff, 0xf9,
    0x8f, 0xff, 0xff, 0xff, 0xff, 0xff, 0xff, 0x3f,
    0xff, 0x71, 0xff, 0xf9, 0x36, 0x6e, 0xff, 0xf7,
    0x7e, 0xf8, 0x66, 0x2f, 0xff, 0x71, 0xff, 0xf9,
    0x0, 0x4f, 0xff, 0x90, 0xdf, 0xfb, 0x0, 0x1f,
    0xff, 0x71, 0xff, 0xf9, 0x0, 0xcf, 0xfe, 0x10,
    0x7f, 0xff, 0x60, 0x1f, 0xff, 0x71, 0xff, 0xf9,
    0xa, 0xff, 0xfc, 0x99, 0xaf, 0xff, 0xf1, 0x1f,
    0xff, 0x71, 0xff, 0xf9, 0xe, 0xff, 0xff, 0xff,
    0xff, 0xff, 0xf8, 0x1f, 0xff, 0x71, 0xff, 0xf9,
    0x8, 0xff, 0xff, 0xff, 0xff, 0xff, 0xfc, 0x1f,
    0xff, 0x71, 0xff, 0xf9, 0x2, 0xfe, 0xca, 0x98,
    0x65, 0x5f, 0x70, 0x1f, 0xff, 0x71, 0xff, 0xf9,
    0x0, 0x10, 0x5, 0xdd, 0xd2, 0x1, 0x0, 0x1f,
    0xff, 0x71, 0xff, 0xf9, 0x0, 0x0, 0x6, 0xff,
    0xf2, 0x0, 0x0, 0x1f, 0xff, 0x71, 0xff, 0xf9,
    0xd, 0xdd, 0xde, 0xff, 0xfd, 0xdd, 0xd7, 0x1f,
    0xff, 0x71, 0xff, 0xf9, 0xf, 0xff, 0xff, 0xff,
    0xff, 0xff, 0xf8, 0x1f, 0xff, 0x71, 0xff, 0xf9,
    0xf, 0xff, 0xff, 0xff, 0xff, 0xff, 0xf8, 0x1f,
    0xff, 0x71, 0xff, 0xf9, 0x6, 0x66, 0x6a, 0xff,
    0xf7, 0x66, 0x63, 0x1f, 0xff, 0x71, 0xff, 0xf9,
    0x0, 0x0, 0x6, 0xff, 0xf2, 0x0, 0x0, 0x1f,
    0xff, 0x71, 0xff, 0xf9, 0x0, 0x0, 0x6, 0xff,
    0xf6, 0x68, 0xbc, 0x0, 0x0, 0x1, 0xff, 0xf9,
    0x0, 0x35, 0x7c, 0xff, 0xff, 0xff, 0xff, 0x0,
    0x0, 0x1, 0xff, 0xf9, 0xaf, 0xff, 0xff, 0xff,
    0xff, 0xff, 0xff, 0x0, 0x78, 0x8a, 0xff, 0xf9,
    0x7f, 0xff, 0xff, 0xff, 0xff, 0xda, 0x74, 0x0,
    0x7f, 0xff, 0xff, 0xf7, 0x4f, 0xff, 0xec, 0x96,
    0x30, 0x0, 0x0, 0x0, 0x1f, 0xff, 0xff, 0xe1,
    0x7, 0x41, 0x0, 0x0, 0x0, 0x0, 0x0, 0x0,
    0xc, 0xfe, 0xc7, 0x10,

    /* U+5269 "剩" */
    0x0, 0x0, 0x0, 0x0, 0x0, 0x0, 0x21, 0x0,
    0x0, 0x0, 0x3, 0x33, 0x20, 0x0, 0x1, 0x23,
    0x47, 0x9b, 0xff, 0xc0, 0x0, 0x0, 0x0, 0xff,
    0xfa, 0x4, 0xef, 0xff, 0xff, 0xff, 0xff, 0xff,
    0xb0, 0x0, 0x0, 0xf, 0xff, 0xa0, 0xe, 0xff,
    0xff, 0xff, 0xff, 0xff, 0xeb, 0x30, 0x0, 0x0,
    0xff, 0xfa, 0x0, 0xbf, 0xfe, 0xef, 0xff, 0xa4,
    0x20, 0x0, 0x4f, 0xff, 0x1f, 0xff, 0xa0, 0x45,
    0x55, 0x46, 0xff, 0xf9, 0x44, 0x44, 0x44, 0xff,
    0xf1, 0xff, 0xfa, 0xe, 0xff, 0xff, 0xff, 0xff,
    0xff, 0xff, 0xff, 0x5f, 0xff, 0x1f, 0xff, 0xa0,
    0xef, 0xff, 0xff, 0xff, 0xff, 0xff, 0xff, 0xf5,
    0xff, 0xf1, 0xff, 0xfa, 0xb, 0xcc, 0xcc, 0xdf,
    0xff, 0xec, 0xcc, 0xcc, 0x5f, 0xff, 0x1f, 0xff,
    0xa0, 0x0, 0x5b, 0xb3, 0xff, 0xf5, 0xaa, 0x60,
    0x4, 0xff, 0xf1, 0xff, 0xfa, 0x4, 0x6b, 0xff,
    0x4f, 0xff, 0x5f, 0xfc, 0xb0, 0x4f, 0xff, 0x1f,
    0xff, 0xa0, 0x9f, 0xff, 0xf4, 0xff, 0xf5, 0xff,
    0xff, 0xb4, 0xff, 0xf1, 0xff, 0xfa, 0x9, 0xff,
    0xff, 0x4f, 0xff, 0x5f, 0xff, 0xe7, 0x4f, 0xff,
    0x1f, 0xff, 0xa0, 0x1, 0xaf, 0xf4, 0xff, 0xf5,
    0xff, 0xc4, 0x4, 0xff, 0xf1, 0xff, 0xfa, 0xb,
    0xff, 0xff, 0x4f, 0xff, 0x5f, 0xfb, 0xde, 0x9f,
    0xff, 0x1f, 0xff, 0xa0, 0xbf, 0xff, 0xf4, 0xff,
    0xf5, 0xef, 0xff, 0xf8, 0xff, 0xf1, 0xff, 0xfa,
    0x5, 0x9a, 0xff, 0xbf, 0xff, 0x66, 0xff, 0xfa,
    0x4f, 0xff, 0x1f, 0xff, 0xa0, 0x0, 0x13, 0x9f,
    0xff, 0xff, 0x81, 0x0, 0x4, 0xff, 0xf1, 0xff,
    0xfa, 0x0, 0x0, 0x6f, 0xff, 0xff, 0xff, 0xf8,
    0x0, 0x3d, 0xdd, 0x1f, 0xff, 0xa0, 0x0, 0x7f,
    0xff, 0xff, 0xff, 0xff, 0xfe, 0x60, 0x0, 0x0,
    0xff, 0xfa, 0x2, 0xcf, 0xff, 0xff, 0xff, 0x8c,
    0xff, 0xfd, 0x0, 0x0, 0xf, 0xff, 0xa1, 0xff,
    0xff, 0xf5, 0xff, 0xf5, 0x9, 0xff, 0x30, 0x49,
    0x99, 0xff, 0xf9, 0x5, 0xff, 0xf5, 0x1f, 0xff,
    0x50, 0x6, 0x80, 0x2, 0xff, 0xff, 0xff, 0x80,
    0x8, 0xe4, 0x1, 0xff, 0xf5, 0x0, 0x0, 0x0,
    0xc, 0xff, 0xff, 0xf2, 0x0, 0x2, 0x0, 0x1f,
    0xff, 0x50, 0x0, 0x0, 0x0, 0x9f, 0xec, 0x82,
    0x0,

    /* U+526A "剪" */
    0x0, 0x0, 0x0, 0x0, 0x10, 0x0, 0x0, 0x0,
    0x0, 0x0, 0x0, 0x0, 0x0, 0x0, 0xa, 0xdf,
    0xd0, 0x0, 0x0, 0x7, 0xfe, 0xc5, 0x0, 0x0,
    0x0, 0x0, 0xa, 0xff, 0xf4, 0x0, 0x0, 0xe,
    0xff, 0xe1, 0x0, 0x0, 0x3d, 0xdd, 0xde, 0xff,
    0xfd, 0xdd, 0xdd, 0xdf, 0xff, 0xed, 0xdd, 0xda,
    0x4f, 0xff, 0xff, 0xff, 0xff, 0xff, 0xff, 0xff,
    0xff, 0xff, 0xff, 0xfc, 0x4f, 0xff, 0xff, 0xff,
    0xff, 0xff, 0xff, 0xff, 0xff, 0xff, 0xff, 0xfb,
    0x0, 0x23, 0x33, 0x33, 0x33, 0x33, 0x0, 0x0,
    0x0, 0x25, 0x54, 0x0, 0x0, 0xbf, 0xff, 0xff,
    0xff, 0xff, 0x4, 0xcc, 0x90, 0x7f, 0xfc, 0x0,
    0x0, 0xbf, 0xff, 0xee, 0xef, 0xff, 0x5, 0xff,
    0xc0, 0x7f, 0xfc, 0x0, 0x0, 0xbf, 0xf9, 0x66,
    0x6f, 0xff, 0x5, 0xff, 0xc0, 0x7f, 0xfc, 0x0,
    0x0, 0xbf, 0xff, 0xff, 0xff, 0xff, 0x5, 0xff,
    0xc0, 0x7f, 0xfc, 0x0, 0x0, 0xbf, 0xf8, 0x55,
    0x5f, 0xff, 0x5, 0xff, 0xc0, 0x7f, 0xfc, 0x0,
    0x0, 0xbf, 0xff, 0xff, 0xff, 0xff, 0x5, 0xff,
    0xc0, 0x7f, 0xfc, 0x0, 0x0, 0xbf, 0xfe, 0xdd,
    0xdf, 0xff, 0x3, 0x88, 0x70, 0x8f, 0xfc, 0x0,
    0x0, 0xbf, 0xf5, 0x5, 0x9f, 0xff, 0x0, 0x0,
    0x9b, 0xef, 0xfb, 0x0, 0x0, 0xbf, 0xf5, 0x4,
    0xff, 0xfa, 0x0, 0x0, 0x7f, 0xff, 0xf6, 0x0,
    0x0, 0x57, 0x72, 0x0, 0x66, 0x30, 0x0, 0x0,
    0x19, 0x97, 0x30, 0x0, 0xb, 0xff, 0xff, 0xff,
    0xff, 0xff, 0xff, 0xff, 0xff, 0xff, 0xff, 0x60,
    0xb, 0xff, 0xff, 0xff, 0xff, 0xff, 0xff, 0xff,
    0xff, 0xff, 0xff, 0x50, 0xa, 0xdd, 0xdd, 0xdd,
    0xff, 0xff, 0xed, 0xdd, 0xdd, 0xff, 0xff, 0x20,
    0x0, 0x0, 0x0, 0x8, 0xff, 0xfd, 0x0, 0x0,
    0x0, 0xbf, 0xff, 0x0, 0x0, 0x24, 0x7a, 0xff,
    0xff, 0xf5, 0x1, 0x21, 0x14, 0xff, 0xfd, 0x0,
    0x6f, 0xff, 0xff, 0xff, 0xff, 0x70, 0x3, 0xff,
    0xff, 0xff, 0xf8, 0x0, 0xc, 0xff, 0xff, 0xff,
    0xa3, 0x0, 0x0, 0xcf, 0xff, 0xff, 0xf2, 0x0,
    0x4, 0xff, 0xc9, 0x51, 0x0, 0x0, 0x0, 0x8f,
    0xff, 0xda, 0x20, 0x0, 0x0, 0x10, 0x0, 0x0,
    0x0, 0x0, 0x0, 0x0, 0x0, 0x0, 0x0, 0x0,

    /* U+529F "功" */
    0x0, 0x0, 0x0, 0x0, 0x0, 0x0, 0x0, 0x5d,
    0xdd, 0x60, 0x0, 0x0, 0x0, 0x0, 0x0, 0x0,
    0x0, 0x0, 0x0, 0x6, 0xff, 0xf6, 0x0, 0x0,
    0x0, 0x9, 0x99, 0x99, 0x99, 0x99, 0x80, 0x0,
    0x6f, 0xff, 0x60, 0x0, 0x0, 0x1, 0xff, 0xff,
    0xff, 0xff, 0xfd, 0x0, 0x6, 0xff, 0xf6, 0x0,
    0x0, 0x0, 0x1f, 0xff, 0xff, 0xff, 0xff, 0xd0,
    0x0, 0x6f, 0xff, 0x60, 0x0, 0x0, 0x1, 0xff,
    0xff, 0xff, 0xff, 0xfd, 0x8f, 0xff, 0xff, 0xff,
    0xff, 0xff, 0xf9, 0x0, 0x0, 0xff, 0xfc, 0x0,
    0x8, 0xff, 0xff, 0xff, 0xff, 0xff, 0xff, 0x90,
    0x0, 0xf, 0xff, 0xc0, 0x0, 0x8f, 0xff, 0xff,
    0xff, 0xff, 0xff, 0xf9, 0x0, 0x0, 0xff, 0xfc,
    0x0, 0x5, 0xaa, 0xdf, 0xff, 0xba, 0xbf, 0xff,
    0x80, 0x0, 0xf, 0xff, 0xc0, 0x0, 0x0, 0xa,
    0xff, 0xf2, 0x2, 0xff, 0xf8, 0x0, 0x0, 0xff,
    0xfc, 0x0, 0x0, 0x0, 0xcf, 0xff, 0x0, 0x2f,
    0xff, 0x80, 0x0, 0xf, 0xff, 0xc0, 0x0, 0x0,
    0xd, 0xff, 0xe0, 0x3, 0xff, 0xf7, 0x0, 0x0,
    0xff, 0xfc, 0x0, 0x0, 0x0, 0xff, 0xfc, 0x0,
    0x3f, 0xff, 0x70, 0x0, 0xf, 0xff, 0xc0, 0x2,
    0x0, 0x4f, 0xff, 0xa0, 0x4, 0xff, 0xf6, 0x0,
    0x0, 0xff, 0xfe, 0xae, 0xf3, 0x9, 0xff, 0xf6,
    0x0, 0x5f, 0xff, 0x50, 0x3, 0x6f, 0xff, 0xff,
    0xff, 0x50, 0xef, 0xff, 0x10, 0x6, 0xff, 0xf5,
    0x4f, 0xff, 0xff, 0xff, 0xff, 0xf7, 0x5f, 0xff,
    0xc0, 0x0, 0x7f, 0xff, 0x42, 0xff, 0xff, 0xff,
    0xff, 0xd9, 0x4e, 0xff, 0xf7, 0x0, 0x8, 0xff,
    0xf3, 0xe, 0xff, 0xff, 0xb6, 0x20, 0xa, 0xff,
    0xff, 0x10, 0x0, 0xaf, 0xff, 0x10, 0xbd, 0x84,
    0x0, 0x0, 0x9, 0xff, 0xff, 0x80, 0x0, 0xe,
    0xff, 0xf0, 0x0, 0x0, 0x0, 0x0, 0x1b, 0xff,
    0xff, 0xd0, 0xba, 0xad, 0xff, 0xfd, 0x0, 0x0,
    0x0, 0x0, 0xa, 0xff, 0xff, 0xe2, 0x9, 0xff,
    0xff, 0xff, 0x90, 0x0, 0x0, 0x0, 0x0, 0xb,
    0xff, 0xe2, 0x0, 0x4f, 0xff, 0xff, 0xd1, 0x0,
    0x0, 0x0, 0x0, 0x0, 0xd, 0xc1, 0x0, 0x1,
    0xff, 0xed, 0x81, 0x0, 0x0, 0x0, 0x0, 0x0,
    0x0, 0x10, 0x0, 0x0, 0x0, 0x0, 0x0, 0x0,
    0x0,

    /* U+52A0 "加" */
    0x0, 0x0, 0xdd, 0xd9, 0x0, 0x0, 0x0, 0x0,
    0x0, 0x0, 0x0, 0x0, 0x0, 0x0, 0xf, 0xff,
    0xb0, 0x0, 0x0, 0x0, 0x0, 0x0, 0x0, 0x0,
    0x0, 0x0, 0x0, 0xff, 0xfb, 0x0, 0x0, 0x0,
    0x46, 0x66, 0x66, 0x66, 0x66, 0x0, 0x0, 0xf,
    0xff, 0xb0, 0x0, 0x0, 0xa, 0xff, 0xff, 0xff,
    0xff, 0xf1, 0x8, 0xbb, 0xff, 0xfe, 0xbb, 0xbb,
    0xb2, 0xaf, 0xff, 0xff, 0xff, 0xff, 0x10, 0xbf,
    0xff, 0xff, 0xff, 0xff, 0xff, 0x3a, 0xff, 0xff,
    0xff, 0xff, 0xf1, 0xb, 0xff, 0xff, 0xff, 0xff,
    0xff, 0xf3, 0xaf, 0xff, 0x44, 0xcf, 0xff, 0x10,
    0xbf, 0xff, 0xff, 0xff, 0xff, 0xff, 0x3a, 0xff,
    0xf0, 0xa, 0xff, 0xf1, 0x0, 0x1, 0xff, 0xf9,
    0x7, 0xff, 0xf2, 0xaf, 0xff, 0x0, 0xaf, 0xff,
    0x10, 0x0, 0x2f, 0xff, 0x70, 0x7f, 0xff, 0x2a,
    0xff, 0xf0, 0xa, 0xff, 0xf1, 0x0, 0x3, 0xff,
    0xf6, 0x8, 0xff, 0xf1, 0xaf, 0xff, 0x0, 0xaf,
    0xff, 0x10, 0x0, 0x3f, 0xff, 0x50, 0x8f, 0xff,
    0x1a, 0xff, 0xf0, 0xa, 0xff, 0xf1, 0x0, 0x5,
    0xff, 0xf3, 0x9, 0xff, 0xf1, 0xaf, 0xff, 0x0,
    0xaf, 0xff, 0x10, 0x0, 0x7f, 0xff, 0x20, 0x9f,
    0xff, 0xa, 0xff, 0xf0, 0xa, 0xff, 0xf1, 0x0,
    0xa, 0xff, 0xf1, 0xa, 0xff, 0xf0, 0xaf, 0xff,
    0x0, 0xaf, 0xff, 0x10, 0x0, 0xcf, 0xfe, 0x0,
    0xbf, 0xff, 0xa, 0xff, 0xf0, 0xa, 0xff, 0xf1,
    0x0, 0x1f, 0xff, 0xb0, 0xc, 0xff, 0xe0, 0xaf,
    0xff, 0x0, 0xaf, 0xff, 0x10, 0x6, 0xff, 0xf7,
    0x0, 0xdf, 0xfd, 0xa, 0xff, 0xf0, 0xa, 0xff,
    0xf1, 0x0, 0xbf, 0xff, 0x30, 0xf, 0xff, 0xc0,
    0xaf, 0xff, 0x77, 0xdf, 0xff, 0x10, 0x3f, 0xff,
    0xe0, 0x3, 0xff, 0xfa, 0xa, 0xff, 0xff, 0xff,
    0xff, 0xf1, 0xd, 0xff, 0xfb, 0xbb, 0xef, 0xff,
    0x80, 0xaf, 0xff, 0xff, 0xff, 0xff, 0x16, 0xff,
    0xff, 0x1e, 0xff, 0xff, 0xf4, 0xa, 0xff, 0xff,
    0xff, 0xff, 0xf1, 0xa, 0xff, 0x80, 0xaf, 0xff,
    0xfb, 0x0, 0xaf, 0xff, 0x22, 0xbf, 0xff, 0x10,
    0xa, 0xd0, 0x7, 0xff, 0xd8, 0x0, 0x9, 0xff,
    0xe0, 0x8, 0xbb, 0xb0, 0x0, 0x2, 0x0, 0x0,
    0x0, 0x0, 0x0, 0x0, 0x0, 0x0, 0x0, 0x0,
    0x0,

    /* U+52A1 "务" */
    0x0, 0x0, 0x0, 0x0, 0x30, 0x0, 0x0, 0x0,
    0x0, 0x0, 0x0, 0x0, 0x0, 0x0, 0x0, 0x0,
    0x9f, 0xfd, 0x70, 0x0, 0x0, 0x0, 0x0, 0x0,
    0x0, 0x0, 0x0, 0x0, 0x5f, 0xff, 0xf2, 0x0,
    0x0, 0x0, 0x0, 0x0, 0x0, 0x0, 0x0, 0x0,
    0x6f, 0xff, 0xff, 0xff, 0xff, 0xff, 0xff, 0xff,
    0x90, 0x0, 0x0, 0x0, 0x9f, 0xff, 0xff, 0xff,
    0xff, 0xff, 0xff, 0xff, 0xff, 0xb0, 0x0, 0x5,
    0xdf, 0xff, 0xff, 0xff, 0xff, 0xff, 0xff, 0xff,
    0xff, 0xe1, 0x0, 0x1d, 0xff, 0xff, 0xff, 0x72,
    0x22, 0x22, 0x25, 0xef, 0xff, 0xf3, 0x0, 0x0,
    0x9f, 0xff, 0xff, 0xff, 0x91, 0x0, 0x19, 0xff,
    0xff, 0xf4, 0x0, 0x0, 0x0, 0xdf, 0xb5, 0xef,
    0xff, 0xf8, 0xaf, 0xff, 0xff, 0xc2, 0x0, 0x0,
    0x0, 0x4, 0x40, 0x2, 0xef, 0xff, 0xff, 0xff,
    0xff, 0x70, 0x0, 0x0, 0x0, 0x13, 0x58, 0xac,
    0xff, 0xff, 0xff, 0xff, 0xff, 0xff, 0xdb, 0x97,
    0x65, 0x1a, 0xff, 0xff, 0xff, 0xff, 0xff, 0xff,
    0xff, 0xff, 0xff, 0xff, 0xff, 0xc0, 0x2f, 0xff,
    0xff, 0xff, 0xfb, 0x73, 0x38, 0xcf, 0xff, 0xff,
    0xff, 0xf2, 0x0, 0xbf, 0xeb, 0x96, 0x30, 0x58,
    0x76, 0x10, 0x4, 0x68, 0xac, 0xe9, 0x0, 0x1,
    0x0, 0x0, 0x0, 0xd, 0xff, 0xf2, 0x0, 0x0,
    0x0, 0x0, 0x0, 0x0, 0x1f, 0xff, 0xff, 0xff,
    0xff, 0xff, 0xff, 0xff, 0xff, 0xff, 0xf5, 0x0,
    0x1, 0xff, 0xff, 0xff, 0xff, 0xff, 0xff, 0xff,
    0xff, 0xff, 0xff, 0x30, 0x0, 0x1f, 0xff, 0xff,
    0xff, 0xff, 0xff, 0xff, 0xff, 0xff, 0xff, 0xf0,
    0x0, 0x0, 0x33, 0x33, 0x4d, 0xff, 0xfa, 0x33,
    0x33, 0x33, 0xef, 0xfe, 0x0, 0x0, 0x0, 0x0,
    0xb, 0xff, 0xfe, 0x0, 0x0, 0x0, 0x1f, 0xff,
    0xb0, 0x0, 0x0, 0x0, 0x4e, 0xff, 0xff, 0x40,
    0x0, 0x0, 0x6, 0xff, 0xf7, 0x0, 0x0, 0x27,
    0xdf, 0xff, 0xff, 0x50, 0x33, 0x21, 0x14, 0xef,
    0xff, 0x30, 0x0, 0x6f, 0xff, 0xff, 0xfe, 0x40,
    0x9, 0xff, 0xff, 0xff, 0xff, 0xd0, 0x0, 0x0,
    0xaf, 0xff, 0xf8, 0x0, 0x0, 0x2f, 0xff, 0xff,
    0xff, 0xf3, 0x0, 0x0, 0x1, 0xed, 0x82, 0x0,
    0x0, 0x0, 0xdf, 0xff, 0xfd, 0xa2, 0x0, 0x0,
    0x0, 0x1, 0x0, 0x0, 0x0, 0x0, 0x0, 0x0,
    0x0, 0x0, 0x0, 0x0, 0x0,

    /* U+52A8 "动" */
    0x0, 0x0, 0x0, 0x0, 0x0, 0x0, 0x0, 0x6c,
    0xcc, 0x20, 0x0, 0x0, 0x4, 0x44, 0x44, 0x44,
    0x44, 0x41, 0x0, 0x8f, 0xff, 0x30, 0x0, 0x0,
    0x1f, 0xff, 0xff, 0xff, 0xff, 0xf3, 0x0, 0x8f,
    0xff, 0x30, 0x0, 0x0, 0x1f, 0xff, 0xff, 0xff,
    0xff, 0xf3, 0x0, 0x8f, 0xff, 0x30, 0x0, 0x0,
    0x1f, 0xff, 0xff, 0xff, 0xff, 0xf3, 0x0, 0x8f,
    0xff, 0x30, 0x0, 0x0, 0x0, 0x0, 0x0, 0x0,
    0x0, 0x0, 0xcc, 0xef, 0xff, 0xdc, 0xcc, 0xc9,
    0x0, 0x0, 0x0, 0x0, 0x0, 0x0, 0xff, 0xff,
    0xff, 0xff, 0xff, 0xfc, 0x45, 0x55, 0x55, 0x55,
    0x55, 0x53, 0xff, 0xff, 0xff, 0xff, 0xff, 0xfb,
    0xef, 0xff, 0xff, 0xff, 0xff, 0xfa, 0xdd, 0xff,
    0xff, 0xdd, 0xff, 0xfb, 0xef, 0xff, 0xff, 0xff,
    0xff, 0xfa, 0x0, 0xbf, 0xff, 0x0, 0xff, 0xfb,
    0xef, 0xff, 0xff, 0xff, 0xff, 0xfa, 0x0, 0xdf,
    0xfd, 0x0, 0xff, 0xfa, 0x11, 0x1f, 0xff, 0xd1,
    0x11, 0x10, 0x0, 0xef, 0xfc, 0x0, 0xff, 0xfa,
    0x0, 0x3f, 0xff, 0x70, 0x15, 0x50, 0x0, 0xff,
    0xfa, 0x0, 0xff, 0xf9, 0x0, 0x7f, 0xff, 0x25,
    0xff, 0xe0, 0x2, 0xff, 0xf8, 0x1, 0xff, 0xf9,
    0x0, 0xcf, 0xfd, 0x1, 0xff, 0xf5, 0x5, 0xff,
    0xf6, 0x2, 0xff, 0xf8, 0x1, 0xff, 0xf7, 0x0,
    0xaf, 0xfb, 0xa, 0xff, 0xf4, 0x3, 0xff, 0xf7,
    0x7, 0xff, 0xf7, 0x9d, 0xff, 0xff, 0x1f, 0xff,
    0xf0, 0x4, 0xff, 0xf6, 0x1e, 0xff, 0xff, 0xff,
    0xff, 0xff, 0xbf, 0xff, 0xc0, 0x5, 0xff, 0xf5,
    0xbf, 0xff, 0xff, 0xff, 0xff, 0xff, 0xff, 0xff,
    0x60, 0x7, 0xff, 0xf4, 0x6f, 0xff, 0xff, 0xd8,
    0x47, 0xaa, 0xff, 0xff, 0x10, 0xb, 0xff, 0xf2,
    0x1f, 0xfb, 0x61, 0x0, 0x0, 0x2f, 0xff, 0xfc,
    0xaa, 0xbf, 0xff, 0xf0, 0x6, 0x10, 0x0, 0x0,
    0x0, 0x7f, 0xff, 0xf1, 0xef, 0xff, 0xff, 0xc0,
    0x0, 0x0, 0x0, 0x0, 0x0, 0x7, 0xff, 0x60,
    0x9f, 0xff, 0xff, 0x30, 0x0, 0x0, 0x0, 0x0,
    0x0, 0x0, 0x99, 0x0, 0x6f, 0xfe, 0xa3, 0x0,
    0x0, 0x0, 0x0, 0x0, 0x0, 0x0, 0x0, 0x0,
    0x0, 0x0, 0x0, 0x0,

    /* U+5355 "单" */
    0x0, 0x0, 0x0, 0x1, 0x0, 0x0, 0x0, 0x0,
    0x0, 0x0, 0x0, 0x0, 0x0, 0x0, 0x5, 0xcf,
    0x30, 0x0, 0x0, 0x0, 0xec, 0x83, 0x0, 0x0,
    0x0, 0x0, 0x6f, 0xff, 0xe1, 0x0, 0x0, 0x5,
    0xff, 0xff, 0x40, 0x0, 0x0, 0x0, 0xc, 0xff,
    0xfa, 0x0, 0x0, 0xd, 0xff, 0xfa, 0x0, 0x0,
    0x0, 0x0, 0x2, 0xff, 0xfd, 0x10, 0x0, 0x6f,
    0xff, 0xe1, 0x0, 0x0, 0x0, 0x9f, 0xff, 0xff,
    0xff, 0xff, 0xff, 0xff, 0xff, 0xff, 0xfe, 0x0,
    0x0, 0x9f, 0xff, 0xff, 0xff, 0xff, 0xff, 0xff,
    0xff, 0xff, 0xfe, 0x0, 0x0, 0x9f, 0xff, 0xff,
    0xff, 0xff, 0xff, 0xff, 0xff, 0xff, 0xfe, 0x0,
    0x0, 0x9f, 0xff, 0x31, 0x11, 0xff, 0xfe, 0x11,
    0x11, 0xff, 0xfe, 0x0, 0x0, 0x9f, 0xff, 0xbb,
    0xbb, 0xff, 0xff, 0xbb, 0xbb, 0xff, 0xfe, 0x0,
    0x0, 0x9f, 0xff, 0xff, 0xff, 0xff, 0xff, 0xff,
    0xff, 0xff, 0xfe, 0x0, 0x0, 0x9f, 0xff, 0xff,
    0xff, 0xff, 0xff, 0xff, 0xff, 0xff, 0xfe, 0x0,
    0x0, 0x9f, 0xff, 0x20, 0x0, 0xff, 0xfe, 0x0,
    0x0, 0xff, 0xfe, 0x0, 0x0, 0x9f, 0xff, 0xcc,
    0xcc, 0xff, 0xff, 0xcc, 0xcc, 0xff, 0xfe, 0x0,
    0x0, 0x9f, 0xff, 0xff, 0xff, 0xff, 0xff, 0xff,
    0xff, 0xff, 0xfe, 0x0, 0x0, 0x9f, 0xff, 0xff,
    0xff, 0xff, 0xff, 0xff, 0xff, 0xff, 0xfe, 0x0,
    0x0, 0x34, 0x44, 0x44, 0x44, 0xff, 0xfe, 0x44,
    0x44, 0x44, 0x44, 0x0, 0x22, 0x22, 0x22, 0x22,
    0x22, 0xff, 0xfe, 0x22, 0x22, 0x22, 0x22, 0x22,
    0xdf, 0xff, 0xff, 0xff, 0xff, 0xff, 0xff, 0xff,
    0xff, 0xff, 0xff, 0xfe, 0xdf, 0xff, 0xff, 0xff,
    0xff, 0xff, 0xff, 0xff, 0xff, 0xff, 0xff, 0xfe,
    0xdf, 0xff, 0xff, 0xff, 0xff, 0xff, 0xff, 0xff,
    0xff, 0xff, 0xff, 0xfe, 0x44, 0x44, 0x44, 0x44,
    0x44, 0xff, 0xfe, 0x44, 0x44, 0x44, 0x44, 0x44,
    0x0, 0x0, 0x0, 0x0, 0x0, 0xff, 0xfe, 0x0,
    0x0, 0x0, 0x0, 0x0, 0x0, 0x0, 0x0, 0x0,
    0x0, 0xff, 0xfe, 0x0, 0x0, 0x0, 0x0, 0x0,
    0x0, 0x0, 0x0, 0x0, 0x0, 0xff, 0xfe, 0x0,
    0x0, 0x0, 0x0, 0x0,

    /* U+53CD "反" */
    0x0, 0x0, 0x0, 0x0, 0x0, 0x0, 0x0, 0x0,
    0x0, 0x0, 0x10, 0x0, 0x0, 0x0, 0x0, 0x0,
    0x0, 0x0, 0x0, 0x0, 0x13, 0x69, 0xdf, 0x70,
    0x0, 0x0, 0x2, 0x34, 0x56, 0x78, 0x9a, 0xbc,
    0xff, 0xff, 0xff, 0xff, 0x70, 0x0, 0x0, 0xbf,
    0xff, 0xff, 0xff, 0xff, 0xff, 0xff, 0xff, 0xff,
    0xff, 0x70, 0x0, 0xb, 0xff, 0xff, 0xff, 0xff,
    0xff, 0xff, 0xff, 0xfe, 0xb7, 0x30, 0x0, 0x0,
    0xbf, 0xff, 0xff, 0xfe, 0xdc, 0xb9, 0x86, 0x41,
    0x0, 0x0, 0x0, 0x0, 0xb, 0xff, 0xf4, 0x10,
    0x0, 0x0, 0x0, 0x0, 0x0, 0x0, 0x0, 0x0,
    0x0, 0xbf, 0xff, 0x20, 0x0, 0x0, 0x0, 0x0,
    0x0, 0x0, 0x0, 0x0, 0x0, 0xb, 0xff, 0xff,
    0xff, 0xff, 0xff, 0xff, 0xff, 0xff, 0xfd, 0x61,
    0x0, 0x0, 0xbf, 0xff, 0xff, 0xff, 0xff, 0xff,
    0xff, 0xff, 0xff, 0xff, 0x40, 0x0, 0xb, 0xff,
    0xff, 0xff, 0xff, 0xff, 0xff, 0xff, 0xff, 0xff,
    0xf0, 0x0, 0x0, 0xcf, 0xff, 0xbf, 0xff, 0xfa,
    0xaa, 0xaa, 0xad, 0xff, 0xfb, 0x0, 0x0, 0xc,
    0xff, 0xf1, 0x9f, 0xff, 0x30, 0x0, 0x0, 0xef,
    0xff, 0x50, 0x0, 0x0, 0xdf, 0xff, 0x2, 0xff,
    0xfc, 0x0, 0x0, 0x6f, 0xff, 0xe0, 0x0, 0x0,
    0xe, 0xff, 0xf0, 0xa, 0xff, 0xf5, 0x0, 0x1e,
    0xff, 0xf8, 0x0, 0x0, 0x0, 0xff, 0xfe, 0x0,
    0x3f, 0xff, 0xf2, 0xb, 0xff, 0xfe, 0x10, 0x0,
    0x0, 0x1f, 0xff, 0xb0, 0x0, 0x9f, 0xff, 0xd9,
    0xff, 0xff, 0x60, 0x0, 0x0, 0x5, 0xff, 0xf9,
    0x0, 0x0, 0xdf, 0xff, 0xff, 0xff, 0xb0, 0x0,
    0x0, 0x0, 0x8f, 0xff, 0x70, 0x0, 0x3, 0xff,
    0xff, 0xff, 0xd1, 0x0, 0x0, 0x0, 0xc, 0xff,
    0xf3, 0x0, 0x0, 0x5e, 0xff, 0xff, 0xfa, 0x10,
    0x0, 0x0, 0x2, 0xff, 0xff, 0x0, 0x5, 0xdf,
    0xff, 0xff, 0xff, 0xff, 0x92, 0x0, 0x0, 0x9f,
    0xff, 0xb5, 0xaf, 0xff, 0xff, 0xff, 0xff, 0xff,
    0xff, 0xfd, 0x83, 0x1f, 0xff, 0xf5, 0xaf, 0xff,
    0xff, 0xfe, 0x51, 0x9f, 0xff, 0xff, 0xff, 0x52,
    0xcf, 0xfd, 0x1, 0xef, 0xff, 0xf7, 0x0, 0x0,
    0x3c, 0xff, 0xff, 0x80, 0x0, 0x6f, 0x60, 0x6,
    0xfc, 0x50, 0x0, 0x0, 0x0, 0x2, 0x7d, 0xd0,
    0x0, 0x0, 0x30, 0x0, 0x2, 0x0, 0x0, 0x0,
    0x0, 0x0, 0x0, 0x0, 0x0,

    /* U+53D1 "发" */
    0x0, 0x0, 0x0, 0x0, 0x0, 0x5, 0x41, 0x0,
    0x0, 0x0, 0x10, 0x0, 0x0, 0x0, 0x0, 0xb,
    0x96, 0x40, 0xe, 0xff, 0xe5, 0x0, 0x4d, 0xd1,
    0x0, 0x0, 0x0, 0x0, 0x4f, 0xff, 0xd0, 0x1f,
    0xff, 0xf4, 0x6, 0xff, 0xfc, 0x0, 0x0, 0x0,
    0x0, 0xaf, 0xff, 0x70, 0x3f, 0xff, 0xf1, 0x0,
    0xcf, 0xff, 0xa0, 0x0, 0x0, 0x1, 0xff, 0xff,
    0x10, 0x6f, 0xff, 0xf0, 0x0, 0x2e, 0xff, 0xa0,
    0x0, 0x0, 0x8, 0xff, 0xf9, 0x0, 0x9f, 0xff,
    0xc0, 0x0, 0x5, 0xd4, 0x0, 0x0, 0x0, 0x5f,
    0xff, 0xff, 0xff, 0xff, 0xff, 0xff, 0xff, 0xff,
    0xff, 0xff, 0xc0, 0x0, 0xaf, 0xff, 0xff, 0xff,
    0xff, 0xff, 0xff, 0xff, 0xff, 0xff, 0xff, 0xc0,
    0x0, 0x4f, 0xff, 0xff, 0xff, 0xff, 0xff, 0xff,
    0xff, 0xff, 0xff, 0xff, 0xc0, 0x0, 0xe, 0xcb,
    0xaa, 0xae, 0xff, 0xfe, 0xaa, 0xaa, 0xaa, 0xaa,
    0xaa, 0x80, 0x0, 0x1, 0x0, 0x0, 0x1f, 0xff,
    0xf8, 0x0, 0x0, 0x0, 0x0, 0x0, 0x0, 0x0,
    0x0, 0x0, 0x0, 0x7f, 0xff, 0xfb, 0x99, 0x99,
    0x99, 0xa7, 0x0, 0x0, 0x0, 0x0, 0x0, 0x0,
    0xef, 0xff, 0xff, 0xff, 0xff, 0xff, 0xff, 0xf4,
    0x0, 0x0, 0x0, 0x0, 0x7, 0xff, 0xff, 0xff,
    0xff, 0xff, 0xff, 0xff, 0xf1, 0x0, 0x0, 0x0,
    0x0, 0x2f, 0xff, 0xff, 0xff, 0xff, 0xff, 0xff,
    0xff, 0xa0, 0x0, 0x0, 0x0, 0x0, 0xcf, 0xff,
    0xff, 0xf3, 0x0, 0x6, 0xff, 0xff, 0x20, 0x0,
    0x0, 0x0, 0x9, 0xff, 0xff, 0xff, 0xfd, 0x10,
    0x3f, 0xff, 0xfb, 0x0, 0x0, 0x0, 0x0, 0x9f,
    0xff, 0xfe, 0xbf, 0xff, 0xd4, 0xef, 0xff, 0xe1,
    0x0, 0x0, 0x0, 0x1a, 0xff, 0xff, 0xf3, 0xc,
    0xff, 0xff, 0xff, 0xff, 0x30, 0x0, 0x0, 0x5,
    0xef, 0xff, 0xff, 0x40, 0x1, 0xef, 0xff, 0xff,
    0xf5, 0x0, 0x0, 0x0, 0x5f, 0xff, 0xff, 0xf5,
    0x0, 0x39, 0xff, 0xff, 0xff, 0xfa, 0x40, 0x0,
    0x0, 0x8, 0xff, 0xfe, 0x43, 0x7c, 0xff, 0xff,
    0xff, 0xff, 0xff, 0xfe, 0xa7, 0x30, 0x0, 0xaf,
    0xa1, 0x9f, 0xff, 0xff, 0xff, 0xfa, 0xff, 0xff,
    0xff, 0xff, 0xf4, 0x0, 0x3, 0x0, 0xe, 0xff,
    0xff, 0xf8, 0x10, 0x18, 0xff, 0xff, 0xff, 0x80,
    0x0, 0x0, 0x0, 0x6, 0xff, 0xb6, 0x10, 0x0,
    0x0, 0x16, 0xbf, 0xfd, 0x0, 0x0, 0x0, 0x0,
    0x0, 0x51, 0x0, 0x0, 0x0, 0x0, 0x0, 0x0,
    0x43, 0x0,

    /* U+53D6 "取" */
    0x4, 0x44, 0x44, 0x44, 0x44, 0x44, 0x40, 0x0,
    0x0, 0x0, 0x0, 0x0, 0x0, 0xe, 0xff, 0xff,
    0xff, 0xff, 0xff, 0xf1, 0x0, 0x0, 0x0, 0x0,
    0x0, 0x0, 0xe, 0xff, 0xff, 0xff, 0xff, 0xff,
    0xf7, 0x99, 0x99, 0x99, 0x9a, 0xa7, 0x30, 0xe,
    0xff, 0xff, 0xff, 0xff, 0xff, 0xfb, 0xff, 0xff,
    0xff, 0xff, 0xff, 0xb0, 0x0, 0xaf, 0xff, 0x0,
    0xff, 0xfc, 0xa, 0xff, 0xff, 0xff, 0xff, 0xff,
    0xa0, 0x0, 0xaf, 0xff, 0x0, 0xef, 0xfb, 0x8,
    0xff, 0xfd, 0xcc, 0xcf, 0xff, 0x80, 0x0, 0xaf,
    0xff, 0xff, 0xff, 0xfb, 0x0, 0xdf, 0xf7, 0x0,
    0x3f, 0xff, 0x60, 0x0, 0xaf, 0xff, 0xff, 0xff,
    0xfb, 0x0, 0xaf, 0xfa, 0x0, 0x6f, 0xff, 0x30,
    0x0, 0xaf, 0xff, 0xff, 0xff, 0xfb, 0x0, 0x6f,
    0xfe, 0x0, 0x9f, 0xff, 0x0, 0x0, 0xaf, 0xff,
    0x33, 0xff, 0xfb, 0x0, 0x3f, 0xff, 0x20, 0xcf,
    0xfd, 0x0, 0x0, 0xaf, 0xff, 0x0, 0xef, 0xfb,
    0x0, 0xf, 0xff, 0x61, 0xff, 0xf9, 0x0, 0x0,
    0xaf, 0xff, 0x33, 0xff, 0xfb, 0x0, 0xb, 0xff,
    0xb6, 0xff, 0xf5, 0x0, 0x0, 0xaf, 0xff, 0xff,
    0xff, 0xfb, 0x0, 0x6, 0xff, 0xfc, 0xff, 0xf0,
    0x0, 0x0, 0xaf, 0xff, 0xff, 0xff, 0xfb, 0x0,
    0x1, 0xff, 0xff, 0xff, 0xb0, 0x0, 0x0, 0xaf,
    0xff, 0xff, 0xff, 0xfb, 0x0, 0x0, 0xbf, 0xff,
    0xff, 0x60, 0x0, 0x0, 0xaf, 0xff, 0x0, 0xef,
    0xfb, 0x0, 0x0, 0x5f, 0xff, 0xfe, 0x0, 0x0,
    0x0, 0xaf, 0xff, 0x0, 0xff, 0xfe, 0x98, 0x0,
    0xf, 0xff, 0xf8, 0x0, 0x0, 0x4, 0xcf, 0xff,
    0xdf, 0xff, 0xff, 0xfc, 0x0, 0x5f, 0xff, 0xfb,
    0x0, 0x0, 0x1f, 0xff, 0xff, 0xff, 0xff, 0xff,
    0xfd, 0x3, 0xff, 0xff, 0xff, 0x80, 0x0, 0xd,
    0xff, 0xff, 0xff, 0xff, 0xfe, 0x63, 0x3e, 0xff,
    0xff, 0xff, 0xf7, 0x0, 0xa, 0xfe, 0xb9, 0x64,
    0xff, 0xfb, 0x6, 0xff, 0xff, 0xd9, 0xff, 0xff,
    0xb1, 0x1, 0x0, 0x0, 0x0, 0xef, 0xfb, 0x6f,
    0xff, 0xfd, 0x10, 0xaf, 0xff, 0xf4, 0x0, 0x0,
    0x0, 0x0, 0xef, 0xfb, 0x9, 0xff, 0xc1, 0x0,
    0xa, 0xff, 0x30, 0x0, 0x0, 0x0, 0x0, 0xef,
    0xfb, 0x0, 0xb8, 0x0, 0x0, 0x0, 0x66, 0x0,
    0x0, 0x0, 0x0, 0x0, 0x0, 0x0, 0x0, 0x0,
    0x0, 0x0, 0x0, 0x0, 0x0,

    /* U+53D8 "变" */
    0x0, 0x0, 0x0, 0x0, 0x0, 0x14, 0x86, 0x0,
    0x0, 0x0, 0x0, 0x0, 0x0, 0x0, 0x0, 0x0,
    0x0, 0x2f, 0xff, 0xf1, 0x0, 0x0, 0x0, 0x0,
    0x0, 0x0, 0x0, 0x0, 0x0, 0x0, 0xbf, 0xff,
    0x80, 0x0, 0x0, 0x0, 0x0, 0x2, 0xff, 0xff,
    0xff, 0xff, 0xff, 0xff, 0xff, 0xff, 0xff, 0xff,
    0xff, 0x80, 0x2f, 0xff, 0xff, 0xff, 0xff, 0xff,
    0xff, 0xff, 0xff, 0xff, 0xff, 0xf9, 0x2, 0xff,
    0xff, 0xff, 0xff, 0xff, 0xff, 0xff, 0xff, 0xff,
    0xff, 0xff, 0x90, 0x5, 0x57, 0x65, 0x5f, 0xff,
    0xe5, 0x5b, 0xff, 0xf8, 0x57, 0x55, 0x53, 0x0,
    0x0, 0xdf, 0xc7, 0xef, 0xfe, 0x0, 0x8f, 0xff,
    0x7c, 0xf6, 0x0, 0x0, 0x0, 0x7f, 0xff, 0x7e,
    0xff, 0xe0, 0x8, 0xff, 0xff, 0xff, 0xf9, 0x0,
    0x0, 0x5f, 0xff, 0xd0, 0xef, 0xfe, 0x0, 0x8f,
    0xff, 0x8f, 0xff, 0xfb, 0x0, 0x4f, 0xff, 0xf4,
    0xe, 0xff, 0xe0, 0x8, 0xff, 0xf4, 0x3e, 0xff,
    0xf7, 0x0, 0x6f, 0xf6, 0x0, 0xef, 0xfe, 0x0,
    0x8f, 0xff, 0x40, 0x3f, 0xf8, 0x0, 0x0, 0x26,
    0x0, 0xe, 0xff, 0xe0, 0x8, 0xff, 0xf4, 0x0,
    0x43, 0x0, 0x0, 0x1, 0x22, 0x22, 0x55, 0x55,
    0x22, 0x45, 0x55, 0x32, 0x20, 0x0, 0x0, 0x0,
    0xbf, 0xff, 0xff, 0xff, 0xff, 0xff, 0xff, 0xff,
    0xff, 0x70, 0x0, 0x0, 0xb, 0xff, 0xff, 0xff,
    0xff, 0xff, 0xff, 0xff, 0xff, 0xff, 0x70, 0x0,
    0x0, 0xbf, 0xff, 0xff, 0xff, 0xff, 0xff, 0xff,
    0xff, 0xff, 0xc0, 0x0, 0x0, 0x1, 0x16, 0xff,
    0xff, 0x51, 0x11, 0x12, 0xbf, 0xff, 0xf2, 0x0,
    0x0, 0x0, 0x0, 0x7, 0xff, 0xff, 0x80, 0x4,
    0xdf, 0xff, 0xf4, 0x0, 0x0, 0x0, 0x0, 0x0,
    0x7, 0xff, 0xff, 0xeb, 0xff, 0xff, 0xe3, 0x0,
    0x0, 0x0, 0x0, 0x0, 0x0, 0x5, 0xff, 0xff,
    0xff, 0xff, 0xc1, 0x0, 0x0, 0x0, 0x0, 0x1,
    0x35, 0x8c, 0xff, 0xff, 0xff, 0xff, 0xff, 0xd9,
    0x63, 0x10, 0x0, 0xaf, 0xff, 0xff, 0xff, 0xff,
    0xff, 0xff, 0xff, 0xff, 0xff, 0xff, 0xfd, 0x12,
    0xff, 0xff, 0xff, 0xff, 0xd9, 0x43, 0x8d, 0xff,
    0xff, 0xff, 0xff, 0x70, 0xa, 0xff, 0xfd, 0xb7,
    0x20, 0x0, 0x0, 0x3, 0x8b, 0xef, 0xff, 0xd0,
    0x0, 0x26, 0x30, 0x0, 0x0, 0x0, 0x0, 0x0,
    0x0, 0x0, 0x3, 0x63, 0x0,

    /* U+53EF "可" */
    0xac, 0xcc, 0xcc, 0xcc, 0xcc, 0xcc, 0xcc, 0xcc,
    0xcc, 0xcc, 0xcc, 0xcb, 0xdf, 0xff, 0xff, 0xff,
    0xff, 0xff, 0xff, 0xff, 0xff, 0xff, 0xff, 0xfe,
    0xdf, 0xff, 0xff, 0xff, 0xff, 0xff, 0xff, 0xff,
    0xff, 0xff, 0xff, 0xfe, 0xdf, 0xff, 0xff, 0xff,
    0xff, 0xff, 0xff, 0xff, 0xff, 0xff, 0xff, 0xfe,
    0x0, 0x0, 0x0, 0x0, 0x0, 0x0, 0x0, 0x0,
    0xf, 0xff, 0xf1, 0x0, 0x0, 0x0, 0x0, 0x0,
    0x0, 0x0, 0x0, 0x0, 0xf, 0xff, 0xf0, 0x0,
    0x0, 0x58, 0x88, 0x88, 0x88, 0x88, 0x86, 0x0,
    0xf, 0xff, 0xf0, 0x0, 0x0, 0x9f, 0xff, 0xff,
    0xff, 0xff, 0xfb, 0x0, 0xf, 0xff, 0xf0, 0x0,
    0x0, 0x9f, 0xff, 0xff, 0xff, 0xff, 0xfb, 0x0,
    0xf, 0xff, 0xf0, 0x0, 0x0, 0x9f, 0xff, 0xff,
    0xff, 0xff, 0xfb, 0x0, 0xf, 0xff, 0xf0, 0x0,
    0x0, 0x9f, 0xff, 0x10, 0x0, 0xff, 0xfb, 0x0,
    0xf, 0xff, 0xf0, 0x0, 0x0, 0x9f, 0xff, 0x10,
    0x0, 0xff, 0xfb, 0x0, 0xf, 0xff, 0xf0, 0x0,
    0x0, 0x9f, 0xff, 0x10, 0x0, 0xff, 0xfb, 0x0,
    0xf, 0xff, 0xf0, 0x0, 0x0, 0x9f, 0xff, 0x98,
    0x88, 0xff, 0xfb, 0x0, 0xf, 0xff, 0xf0, 0x0,
    0x0, 0x9f, 0xff, 0xff, 0xff, 0xff, 0xfb, 0x0,
    0xf, 0xff, 0xf0, 0x0, 0x0, 0x9f, 0xff, 0xff,
    0xff, 0xff, 0xfb, 0x0, 0xf, 0xff, 0xf0, 0x0,
    0x0, 0x9f, 0xff, 0xff, 0xff, 0xff, 0xfb, 0x0,
    0xf, 0xff, 0xf0, 0x0, 0x0, 0x9f, 0xff, 0x10,
    0x0, 0x0, 0x0, 0x0, 0xf, 0xff, 0xf0, 0x0,
    0x0, 0x6b, 0xbb, 0x0, 0x0, 0x0, 0x0, 0x0,
    0xf, 0xff, 0xf0, 0x0, 0x0, 0x0, 0x0, 0x0,
    0x0, 0x5, 0xee, 0xdd, 0xff, 0xff, 0xf0, 0x0,
    0x0, 0x0, 0x0, 0x0, 0x0, 0x0, 0xdf, 0xff,
    0xff, 0xff, 0xb0, 0x0, 0x0, 0x0, 0x0, 0x0,
    0x0, 0x0, 0x7f, 0xff, 0xff, 0xff, 0x30, 0x0,
    0x0, 0x0, 0x0, 0x0, 0x0, 0x0, 0x2f, 0xff,
    0xea, 0x71, 0x0, 0x0, 0x0, 0x0, 0x0, 0x0,
    0x0, 0x0, 0x0, 0x0, 0x0, 0x0, 0x0, 0x0,

    /* U+53F7 "号" */
    0x0, 0x4, 0x55, 0x55, 0x55, 0x55, 0x55, 0x55,
    0x55, 0x55, 0x20, 0x0, 0x0, 0xd, 0xff, 0xff,
    0xff, 0xff, 0xff, 0xff, 0xff, 0xff, 0x80, 0x0,
    0x0, 0xd, 0xff, 0xff, 0xff, 0xff, 0xff, 0xff,
    0xff, 0xff, 0x80, 0x0, 0x0, 0xd, 0xff, 0xff,
    0xff, 0xff, 0xff, 0xff, 0xff, 0xff, 0x80, 0x0,
    0x0, 0xd, 0xff, 0xe0, 0x0, 0x0, 0x0, 0x0,
    0x7f, 0xff, 0x80, 0x0, 0x0, 0xd, 0xff, 0xf5,
    0x55, 0x55, 0x55, 0x55, 0xaf, 0xff, 0x80, 0x0,
    0x0, 0xd, 0xff, 0xff, 0xff, 0xff, 0xff, 0xff,
    0xff, 0xff, 0x80, 0x0, 0x0, 0xd, 0xff, 0xff,
    0xff, 0xff, 0xff, 0xff, 0xff, 0xff, 0x80, 0x0,
    0x0, 0xd, 0xff, 0xff, 0xff, 0xff, 0xff, 0xff,
    0xff, 0xff, 0x80, 0x0, 0x0, 0x0, 0x0, 0x0,
    0x0, 0x0, 0x0, 0x0, 0x0, 0x0, 0x0, 0x0,
    0xef, 0xff, 0xff, 0xff, 0xff, 0xff, 0xff, 0xff,
    0xff, 0xff, 0xff, 0xf7, 0xef, 0xff, 0xff, 0xff,
    0xff, 0xff, 0xff, 0xff, 0xff, 0xff, 0xff, 0xf7,
    0xef, 0xff, 0xff, 0xff, 0xff, 0xff, 0xff, 0xff,
    0xff, 0xff, 0xff, 0xf7, 0x67, 0x77, 0xaf, 0xff,
    0xf7, 0x77, 0x77, 0x77, 0x77, 0x77, 0x77, 0x73,
    0x0, 0x0, 0xaf, 0xff, 0xa0, 0x0, 0x0, 0x0,
    0x0, 0x0, 0x0, 0x0, 0x0, 0x0, 0xef, 0xff,
    0xff, 0xff, 0xff, 0xff, 0xff, 0xff, 0xb0, 0x0,
    0x0, 0x4, 0xff, 0xff, 0xff, 0xff, 0xff, 0xff,
    0xff, 0xff, 0x80, 0x0, 0x0, 0xa, 0xff, 0xff,
    0xff, 0xff, 0xff, 0xff, 0xff, 0xff, 0x60, 0x0,
    0x0, 0x5, 0x55, 0x55, 0x55, 0x55, 0x55, 0x55,
    0xef, 0xff, 0x40, 0x0, 0x0, 0x0, 0x0, 0x0,
    0x0, 0x0, 0x0, 0x3, 0xff, 0xff, 0x0, 0x0,
    0x0, 0x0, 0x0, 0x0, 0x2, 0x87, 0x76, 0x8d,
    0xff, 0xfc, 0x0, 0x0, 0x0, 0x0, 0x0, 0x0,
    0x0, 0xef, 0xff, 0xff, 0xff, 0xf7, 0x0, 0x0,
    0x0, 0x0, 0x0, 0x0, 0x0, 0x8f, 0xff, 0xff,
    0xff, 0xd0, 0x0, 0x0, 0x0, 0x0, 0x0, 0x0,
    0x0, 0x4f, 0xff, 0xfe, 0xc7, 0x0, 0x0, 0x0,
    0x0, 0x0, 0x0, 0x0, 0x0, 0x0, 0x0, 0x0,
    0x0, 0x0, 0x0, 0x0,

    /* U+540C "同" */
    0x0, 0x0, 0x0, 0x0, 0x0, 0x0, 0x0, 0x0,
    0x0, 0x0, 0x0, 0x0, 0x1f, 0xff, 0xff, 0xff,
    0xff, 0xff, 0xff, 0xff, 0xff, 0xff, 0xff, 0xfa,
    0x1f, 0xff, 0xff, 0xff, 0xff, 0xff, 0xff, 0xff,
    0xff, 0xff, 0xff, 0xfa, 0x1f, 0xff, 0xff, 0xff,
    0xff, 0xff, 0xff, 0xff, 0xff, 0xff, 0xff, 0xfa,
    0x1f, 0xff, 0xc8, 0x88, 0x88, 0x88, 0x88, 0x88,
    0x88, 0x88, 0xff, 0xfa, 0x1f, 0xff, 0x90, 0x22,
    0x22, 0x22, 0x22, 0x22, 0x22, 0x11, 0xff, 0xfa,
    0x1f, 0xff, 0x95, 0xff, 0xff, 0xff, 0xff, 0xff,
    0xff, 0xa1, 0xff, 0xfa, 0x1f, 0xff, 0x95, 0xff,
    0xff, 0xff, 0xff, 0xff, 0xff, 0xa1, 0xff, 0xfa,
    0x1f, 0xff, 0x95, 0xff, 0xff, 0xff, 0xff, 0xff,
    0xff, 0xa1, 0xff, 0xfa, 0x1f, 0xff, 0x90, 0x0,
    0x0, 0x0, 0x0, 0x0, 0x0, 0x1, 0xff, 0xfa,
    0x1f, 0xff, 0x90, 0x3, 0x33, 0x33, 0x33, 0x33,
    0x31, 0x1, 0xff, 0xfa, 0x1f, 0xff, 0x90, 0x2f,
    0xff, 0xff, 0xff, 0xff, 0xf8, 0x1, 0xff, 0xfa,
    0x1f, 0xff, 0x90, 0x2f, 0xff, 0xff, 0xff, 0xff,
    0xf8, 0x1, 0xff, 0xfa, 0x1f, 0xff, 0x90, 0x2f,
    0xff, 0xed, 0xdd, 0xff, 0xf8, 0x1, 0xff, 0xfa,
    0x1f, 0xff, 0x90, 0x2f, 0xff, 0x40, 0x0, 0xff,
    0xf8, 0x1, 0xff, 0xfa, 0x1f, 0xff, 0x90, 0x2f,
    0xff, 0x40, 0x0, 0xff, 0xf8, 0x1, 0xff, 0xfa,
    0x1f, 0xff, 0x90, 0x2f, 0xff, 0x74, 0x44, 0xff,
    0xf8, 0x1, 0xff, 0xfa, 0x1f, 0xff, 0x90, 0x2f,
    0xff, 0xff, 0xff, 0xff, 0xf8, 0x1, 0xff, 0xfa,
    0x1f, 0xff, 0x90, 0x2f, 0xff, 0xff, 0xff, 0xff,
    0xf8, 0x1, 0xff, 0xfa, 0x1f, 0xff, 0x90, 0x2f,
    0xff, 0xdc, 0xcc, 0xcc, 0xc6, 0x1, 0xff, 0xfa,
    0x1f, 0xff, 0x90, 0x2f, 0xff, 0x40, 0x0, 0x0,
    0xaa, 0xac, 0xff, 0xf9, 0x1f, 0xff, 0x90, 0x16,
    0x66, 0x10, 0x0, 0x0, 0x8f, 0xff, 0xff, 0xf7,
    0x1f, 0xff, 0x90, 0x0, 0x0, 0x0, 0x0, 0x0,
    0x3f, 0xff, 0xff, 0xe1, 0x1f, 0xff, 0x90, 0x0,
    0x0, 0x0, 0x0, 0x0, 0xe, 0xfe, 0xc7, 0x10,
    0x0, 0x0, 0x0, 0x0, 0x0, 0x0, 0x0, 0x0,
    0x0, 0x0, 0x0, 0x0,

    /* U+540D "名" */
    0x0, 0x0, 0x0, 0x0, 0x1, 0x0, 0x0, 0x0,
    0x0, 0x0, 0x0, 0x0, 0x0, 0x0, 0x0, 0x0,
    0xdf, 0xc9, 0x50, 0x0, 0x0, 0x0, 0x0, 0x0,
    0x0, 0x0, 0x0, 0xaf, 0xff, 0xf5, 0x0, 0x0,
    0x0, 0x0, 0x0, 0x0, 0x0, 0x0, 0xbf, 0xff,
    0xfd, 0x77, 0x77, 0x77, 0x86, 0x0, 0x0, 0x0,
    0x1, 0xcf, 0xff, 0xff, 0xff, 0xff, 0xff, 0xff,
    0xfc, 0x30, 0x0, 0x6, 0xff, 0xff, 0xff, 0xff,
    0xff, 0xff, 0xff, 0xff, 0xf5, 0x0, 0x4c, 0xff,
    0xff, 0xfe, 0xee, 0xee, 0xee, 0xef, 0xff, 0xfc,
    0x0, 0xbf, 0xff, 0xff, 0xf5, 0x0, 0x0, 0x0,
    0xb, 0xff, 0xff, 0x20, 0x3, 0xef, 0xff, 0xc2,
    0x61, 0x0, 0x0, 0xa, 0xff, 0xff, 0x60, 0x0,
    0x4, 0xfe, 0x61, 0xcf, 0xe4, 0x0, 0x1b, 0xff,
    0xff, 0x90, 0x0, 0x0, 0x4, 0x1, 0xef, 0xff,
    0xf7, 0x5e, 0xff, 0xff, 0xa0, 0x0, 0x0, 0x0,
    0x0, 0x3, 0xef, 0xff, 0xff, 0xff, 0xff, 0xa0,
    0x0, 0x0, 0x0, 0x0, 0x0, 0x2, 0xdf, 0xff,
    0xff, 0xff, 0x70, 0x0, 0x0, 0x0, 0x0, 0x0,
    0x5, 0xbf, 0xff, 0xff, 0xff, 0xb7, 0x77, 0x77,
    0x75, 0x0, 0x15, 0xaf, 0xff, 0xff, 0xff, 0xff,
    0xff, 0xff, 0xff, 0xff, 0xa4, 0xdf, 0xff, 0xff,
    0xff, 0xff, 0xff, 0xff, 0xff, 0xff, 0xff, 0xfa,
    0xc, 0xff, 0xff, 0xff, 0xff, 0xee, 0xee, 0xee,
    0xee, 0xff, 0xff, 0xa0, 0x3f, 0xff, 0xff, 0xff,
    0xc0, 0x0, 0x0, 0x0, 0x3, 0xff, 0xfa, 0x0,
    0x97, 0x30, 0xff, 0xfc, 0x0, 0x0, 0x0, 0x0,
    0x3f, 0xff, 0xa0, 0x0, 0x0, 0xf, 0xff, 0xc0,
    0x0, 0x0, 0x0, 0x3, 0xff, 0xfa, 0x0, 0x0,
    0x0, 0xff, 0xfc, 0x0, 0x0, 0x0, 0x0, 0x3f,
    0xff, 0xa0, 0x0, 0x0, 0xf, 0xff, 0xff, 0xff,
    0xff, 0xff, 0xff, 0xff, 0xfa, 0x0, 0x0, 0x0,
    0xff, 0xff, 0xff, 0xff, 0xff, 0xff, 0xff, 0xff,
    0xa0, 0x0, 0x0, 0xf, 0xff, 0xff, 0xff, 0xff,
    0xff, 0xff, 0xff, 0xfa, 0x0, 0x0, 0x0, 0xff,
    0xfe, 0x77, 0x77, 0x77, 0x77, 0x9f, 0xff, 0xa0,
    0x0, 0x0, 0x0, 0x0, 0x0, 0x0, 0x0, 0x0,
    0x0, 0x0, 0x0,

    /* U+540E "后" */
    0x0, 0x0, 0x0, 0x0, 0x0, 0x0, 0x0, 0x0,
    0x0, 0x0, 0x10, 0x0, 0x0, 0x0, 0x0, 0x0,
    0x0, 0x0, 0x0, 0x2, 0x46, 0x9c, 0xfe, 0x20,
    0x0, 0x0, 0x1, 0x34, 0x67, 0x89, 0xbc, 0xdf,
    0xff, 0xff, 0xff, 0xfe, 0x20, 0x0, 0x0, 0xcf,
    0xff, 0xff, 0xff, 0xff, 0xff, 0xff, 0xff, 0xff,
    0xfe, 0x10, 0x0, 0xc, 0xff, 0xff, 0xff, 0xff,
    0xff, 0xff, 0xff, 0xdb, 0x84, 0x10, 0x0, 0x0,
    0xcf, 0xff, 0xff, 0xdc, 0xa9, 0x76, 0x42, 0x0,
    0x0, 0x0, 0x0, 0x0, 0xc, 0xff, 0xf3, 0x0,
    0x0, 0x0, 0x0, 0x0, 0x0, 0x0, 0x0, 0x0,
    0x0, 0xcf, 0xff, 0x30, 0x0, 0x0, 0x0, 0x0,
    0x0, 0x0, 0x0, 0x0, 0x0, 0xc, 0xff, 0xff,
    0xff, 0xff, 0xff, 0xff, 0xff, 0xff, 0xff, 0xff,
    0xe0, 0x0, 0xcf, 0xff, 0xff, 0xff, 0xff, 0xff,
    0xff, 0xff, 0xff, 0xff, 0xfe, 0x0, 0xc, 0xff,
    0xff, 0xff, 0xff, 0xff, 0xff, 0xff, 0xff, 0xff,
    0xff, 0xe0, 0x0, 0xdf, 0xff, 0xa9, 0x99, 0x99,
    0x99, 0x99, 0x99, 0x99, 0x99, 0x98, 0x0, 0xd,
    0xff, 0xf1, 0x0, 0x0, 0x0, 0x0, 0x0, 0x0,
    0x0, 0x0, 0x0, 0x0, 0xef, 0xff, 0x1, 0x11,
    0x11, 0x11, 0x11, 0x11, 0x11, 0x11, 0x0, 0x0,
    0xf, 0xff, 0xe0, 0xef, 0xff, 0xff, 0xff, 0xff,
    0xff, 0xff, 0xf4, 0x0, 0x1, 0xff, 0xfd, 0xe,
    0xff, 0xff, 0xff, 0xff, 0xff, 0xff, 0xff, 0x40,
    0x0, 0x3f, 0xff, 0xa0, 0xef, 0xff, 0xff, 0xff,
    0xff, 0xff, 0xff, 0xf4, 0x0, 0x7, 0xff, 0xf7,
    0xe, 0xff, 0xe6, 0x66, 0x66, 0x66, 0xdf, 0xff,
    0x40, 0x0, 0xbf, 0xff, 0x40, 0xef, 0xfe, 0x0,
    0x0, 0x0, 0xb, 0xff, 0xf4, 0x0, 0xf, 0xff,
    0xf0, 0xe, 0xff, 0xe0, 0x0, 0x0, 0x0, 0xbf,
    0xff, 0x40, 0x7, 0xff, 0xfa, 0x0, 0xef, 0xfe,
    0x11, 0x11, 0x11, 0x1c, 0xff, 0xf4, 0x1, 0xef,
    0xff, 0x50, 0xe, 0xff, 0xff, 0xff, 0xff, 0xff,
    0xff, 0xff, 0x40, 0x9f, 0xff, 0xd0, 0x0, 0xef,
    0xff, 0xff, 0xff, 0xff, 0xff, 0xff, 0xf4, 0x2,
    0xbf, 0xf4, 0x0, 0xe, 0xff, 0xff, 0xff, 0xff,
    0xff, 0xff, 0xff, 0x40, 0x0, 0x6a, 0x0, 0x0,
    0xef, 0xfe, 0x55, 0x55, 0x55, 0x5c, 0xee, 0xe4,
    0x0, 0x0, 0x0, 0x0, 0x0, 0x0, 0x0, 0x0,
    0x0, 0x0, 0x0, 0x0, 0x0,

    /* U+5411 "向" */
    0x0, 0x0, 0x0, 0x0, 0x11, 0x0, 0x0, 0x0,
    0x0, 0x0, 0x0, 0x0, 0x0, 0x0, 0x0, 0xbf,
    0xec, 0xa2, 0x0, 0x0, 0x0, 0x0, 0x0, 0x0,
    0x0, 0x0, 0xff, 0xff, 0xd0, 0x0, 0x0, 0x0,
    0x0, 0x0, 0x0, 0x0, 0x4, 0xff, 0xff, 0x50,
    0x0, 0x0, 0x0, 0x0, 0x0, 0x0, 0x0, 0x9,
    0xff, 0xfd, 0x0, 0x0, 0x0, 0x0, 0x0, 0xef,
    0xff, 0xff, 0xff, 0xff, 0xff, 0xff, 0xff, 0xff,
    0xff, 0xff, 0xff, 0xff, 0xff, 0xff, 0xff, 0xff,
    0xff, 0xff, 0xff, 0xff, 0xff, 0xff, 0xff, 0xff,
    0xff, 0xff, 0xff, 0xff, 0xff, 0xff, 0xff, 0xff,
    0xff, 0xff, 0xbb, 0xbb, 0xbb, 0xbb, 0xbb, 0xbb,
    0xbb, 0xff, 0xff, 0xff, 0xfd, 0x0, 0x0, 0x0,
    0x0, 0x0, 0x0, 0x0, 0xcf, 0xff, 0xff, 0xfd,
    0x0, 0x33, 0x33, 0x33, 0x33, 0x33, 0x0, 0xcf,
    0xff, 0xff, 0xfd, 0x1, 0xff, 0xff, 0xff, 0xff,
    0xff, 0x10, 0xcf, 0xff, 0xff, 0xfd, 0x1, 0xff,
    0xff, 0xff, 0xff, 0xff, 0x10, 0xcf, 0xff, 0xff,
    0xfd, 0x1, 0xff, 0xff, 0xff, 0xff, 0xff, 0x10,
    0xcf, 0xff, 0xff, 0xfd, 0x1, 0xff, 0xf4, 0x0,
    0x6f, 0xff, 0x10, 0xcf, 0xff, 0xff, 0xfd, 0x1,
    0xff, 0xf4, 0x0, 0x5f, 0xff, 0x10, 0xcf, 0xff,
    0xff, 0xfd, 0x1, 0xff, 0xf8, 0x55, 0x9f, 0xff,
    0x10, 0xcf, 0xff, 0xff, 0xfd, 0x1, 0xff, 0xff,
    0xff, 0xff, 0xff, 0x10, 0xcf, 0xff, 0xff, 0xfd,
    0x1, 0xff, 0xff, 0xff, 0xff, 0xff, 0x10, 0xcf,
    0xff, 0xff, 0xfd, 0x1, 0xff, 0xff, 0xff, 0xff,
    0xff, 0x10, 0xcf, 0xff, 0xff, 0xfd, 0x1, 0xff,
    0xf4, 0x0, 0x0, 0x0, 0x0, 0xcf, 0xff, 0xff,
    0xfd, 0x1, 0xaa, 0xa2, 0x0, 0x0, 0x79, 0xaa,
    0xff, 0xff, 0xff, 0xfd, 0x0, 0x0, 0x0, 0x0,
    0x0, 0x9f, 0xff, 0xff, 0xfd, 0xff, 0xfd, 0x0,
    0x0, 0x0, 0x0, 0x0, 0x3f, 0xff, 0xff, 0xf6,
    0xff, 0xfd, 0x0, 0x0, 0x0, 0x0, 0x0, 0xf,
    0xff, 0xd9, 0x40, 0x0, 0x0, 0x0, 0x0, 0x0,
    0x0, 0x0, 0x0, 0x0, 0x0, 0x0,

    /* U+5427 "吧" */
    0x1, 0x11, 0x11, 0x11, 0x10, 0xbb, 0xbb, 0xbb,
    0xbb, 0xbb, 0xbb, 0xb6, 0x7, 0xff, 0xff, 0xff,
    0xfe, 0xe, 0xff, 0xff, 0xff, 0xff, 0xff, 0xff,
    0x90, 0x7f, 0xff, 0xff, 0xff, 0xe0, 0xef, 0xff,
    0xff, 0xff, 0xff, 0xff, 0xf9, 0x7, 0xff, 0xff,
    0xff, 0xfe, 0xe, 0xff, 0xeb, 0xff, 0xfd, 0xbf,
    0xff, 0x90, 0x7f, 0xff, 0x5b, 0xff, 0xe0, 0xef,
    0xfc, 0xf, 0xff, 0x61, 0xff, 0xf9, 0x7, 0xff,
    0xe0, 0x8f, 0xfe, 0xe, 0xff, 0xc0, 0xff, 0xf6,
    0x1f, 0xff, 0x90, 0x7f, 0xfe, 0x8, 0xff, 0xe0,
    0xef, 0xfc, 0xf, 0xff, 0x61, 0xff, 0xf9, 0x7,
    0xff, 0xe0, 0x8f, 0xfe, 0xe, 0xff, 0xc0, 0xff,
    0xf6, 0x1f, 0xff, 0x90, 0x7f, 0xfe, 0x8, 0xff,
    0xe0, 0xef, 0xfc, 0xf, 0xff, 0x61, 0xff, 0xf9,
    0x7, 0xff, 0xe0, 0x8f, 0xfe, 0xe, 0xff, 0xc0,
    0xff, 0xf6, 0x1f, 0xff, 0x90, 0x7f, 0xfe, 0x8,
    0xff, 0xe0, 0xef, 0xff, 0xff, 0xff, 0xff, 0xff,
    0xf9, 0x7, 0xff, 0xe0, 0x8f, 0xfe, 0xe, 0xff,
    0xff, 0xff, 0xff, 0xff, 0xff, 0x90, 0x7f, 0xfe,
    0x8, 0xff, 0xe0, 0xef, 0xff, 0xff, 0xff, 0xff,
    0xff, 0xf9, 0x7, 0xff, 0xff, 0xff, 0xfe, 0xe,
    0xff, 0xd6, 0x66, 0x66, 0x7f, 0xff, 0x90, 0x7f,
    0xff, 0xff, 0xff, 0xe0, 0xef, 0xfc, 0x0, 0x0,
    0x1, 0xdd, 0xd7, 0x7, 0xff, 0xff, 0xff, 0xfe,
    0xe, 0xff, 0xc0, 0x0, 0x0, 0x0, 0x0, 0x0,
    0x7f, 0xff, 0x77, 0x77, 0x70, 0xef, 0xfc, 0x0,
    0x0, 0x0, 0x4, 0x0, 0x7, 0xff, 0xe0, 0x0,
    0x0, 0xe, 0xff, 0xc0, 0x0, 0x0, 0x0, 0xce,
    0x82, 0x5c, 0xcb, 0x0, 0x0, 0x0, 0xef, 0xfd,
    0x0, 0x0, 0x0, 0xf, 0xff, 0x90, 0x0, 0x0,
    0x0, 0x0, 0xd, 0xff, 0xf9, 0x77, 0x77, 0x7c,
    0xff, 0xf5, 0x0, 0x0, 0x0, 0x0, 0x0, 0x9f,
    0xff, 0xff, 0xff, 0xff, 0xff, 0xff, 0x10, 0x0,
    0x0, 0x0, 0x0, 0x2, 0xff, 0xff, 0xff, 0xff,
    0xff, 0xff, 0x80, 0x0, 0x0, 0x0, 0x0, 0x0,
    0x2, 0xad, 0xff, 0xff, 0xff, 0xec, 0x60, 0x0,

    /* U+542F "启" */
    0x0, 0x0, 0x0, 0x0, 0x0, 0x0, 0x3, 0x40,
    0x0, 0x0, 0x0, 0x0, 0x0, 0x0, 0x0, 0x0,
    0x0, 0x0, 0xbf, 0xff, 0x10, 0x0, 0x0, 0x0,
    0x0, 0x0, 0x0, 0x0, 0x0, 0x0, 0xb, 0xff,
    0xf7, 0x0, 0x0, 0x0, 0x0, 0x0, 0x0, 0x0,
    0x0, 0x0, 0x0, 0x5f, 0xff, 0xd0, 0x0, 0x0,
    0x0, 0x0, 0x0, 0x1, 0xff, 0xff, 0xff, 0xff,
    0xff, 0xff, 0xff, 0xff, 0xff, 0xfb, 0x0, 0x0,
    0x1f, 0xff, 0xff, 0xff, 0xff, 0xff, 0xff, 0xff,
    0xff, 0xff, 0xb0, 0x0, 0x1, 0xff, 0xff, 0xff,
    0xff, 0xff, 0xff, 0xff, 0xff, 0xff, 0xfb, 0x0,
    0x0, 0x1f, 0xff, 0xe8, 0x88, 0x88, 0x88, 0x88,
    0x88, 0x9f, 0xff, 0xb0, 0x0, 0x1, 0xff, 0xfc,
    0x0, 0x0, 0x0, 0x0, 0x0, 0x1, 0xff, 0xfb,
    0x0, 0x0, 0x1f, 0xff, 0xe7, 0x77, 0x77, 0x77,
    0x77, 0x77, 0x8f, 0xff, 0xb0, 0x0, 0x1, 0xff,
    0xff, 0xff, 0xff, 0xff, 0xff, 0xff, 0xff, 0xff,
    0xfb, 0x0, 0x0, 0x1f, 0xff, 0xff, 0xff, 0xff,
    0xff, 0xff, 0xff, 0xff, 0xff, 0xb0, 0x0, 0x2,
    0xff, 0xff, 0xff, 0xff, 0xff, 0xff, 0xff, 0xff,
    0xff, 0xfb, 0x0, 0x0, 0x2f, 0xff, 0xb0, 0x0,
    0x0, 0x0, 0x0, 0x0, 0x0, 0x0, 0x0, 0x0,
    0x4, 0xff, 0xfa, 0x77, 0x77, 0x77, 0x77, 0x77,
    0x77, 0x77, 0x77, 0x30, 0x0, 0x6f, 0xff, 0x9f,
    0xff, 0xff, 0xff, 0xff, 0xff, 0xff, 0xff, 0xf7,
    0x0, 0x7, 0xff, 0xf8, 0xff, 0xff, 0xff, 0xff,
    0xff, 0xff, 0xff, 0xff, 0x70, 0x0, 0xaf, 0xff,
    0x4f, 0xff, 0xff, 0xff, 0xff, 0xff, 0xff, 0xff,
    0xf7, 0x0, 0xf, 0xff, 0xf2, 0xff, 0xfa, 0x0,
    0x0, 0x0, 0x0, 0x6f, 0xff, 0x70, 0x4, 0xff,
    0xfd, 0x1f, 0xff, 0xa0, 0x0, 0x0, 0x0, 0x6,
    0xff, 0xf7, 0x0, 0xaf, 0xff, 0x71, 0xff, 0xfb,
    0x33, 0x33, 0x33, 0x33, 0x8f, 0xff, 0x70, 0x4f,
    0xff, 0xf2, 0x1f, 0xff, 0xff, 0xff, 0xff, 0xff,
    0xff, 0xff, 0xf7, 0xd, 0xff, 0xfc, 0x1, 0xff,
    0xff, 0xff, 0xff, 0xff, 0xff, 0xff, 0xff, 0x70,
    0x6f, 0xff, 0x30, 0x1f, 0xff, 0xff, 0xff, 0xff,
    0xff, 0xff, 0xff, 0xf7, 0x0, 0x2d, 0x80, 0x1,
    0xff, 0xfb, 0x22, 0x22, 0x22, 0x22, 0x8f, 0xff,
    0x70, 0x0, 0x10, 0x0, 0x0, 0x0, 0x0, 0x0,
    0x0, 0x0, 0x0, 0x0, 0x0,

    /* U+56DE "回" */
    0x1a, 0xaa, 0xaa, 0xaa, 0xaa, 0xaa, 0xaa, 0xaa,
    0xaa, 0xaa, 0xaa, 0xa3, 0x1f, 0xff, 0xff, 0xff,
    0xff, 0xff, 0xff, 0xff, 0xff, 0xff, 0xff, 0xf5,
    0x1f, 0xff, 0xff, 0xff, 0xff, 0xff, 0xff, 0xff,
    0xff, 0xff, 0xff, 0xf5, 0x1f, 0xff, 0xff, 0xff,
    0xff, 0xff, 0xff, 0xff, 0xff, 0xff, 0xff, 0xf5,
    0x1f, 0xff, 0xd3, 0x33, 0x33, 0x33, 0x33, 0x33,
    0x33, 0x3d, 0xff, 0xf5, 0x1f, 0xff, 0xd0, 0x0,
    0x0, 0x0, 0x0, 0x0, 0x0, 0xc, 0xff, 0xf5,
    0x1f, 0xff, 0xd0, 0x1, 0x11, 0x11, 0x11, 0x11,
    0x10, 0xc, 0xff, 0xf5, 0x1f, 0xff, 0xd0, 0x7f,
    0xff, 0xff, 0xff, 0xff, 0xfb, 0xc, 0xff, 0xf5,
    0x1f, 0xff, 0xd0, 0x7f, 0xff, 0xff, 0xff, 0xff,
    0xfb, 0xc, 0xff, 0xf5, 0x1f, 0xff, 0xd0, 0x7f,
    0xff, 0xff, 0xff, 0xff, 0xfb, 0xc, 0xff, 0xf5,
    0x1f, 0xff, 0xd0, 0x7f, 0xff, 0x43, 0x34, 0xff,
    0xfb, 0xc, 0xff, 0xf5, 0x1f, 0xff, 0xd0, 0x7f,
    0xff, 0x10, 0x1, 0xff, 0xfb, 0xc, 0xff, 0xf5,
    0x1f, 0xff, 0xd0, 0x7f, 0xff, 0x10, 0x1, 0xff,
    0xfb, 0xc, 0xff, 0xf5, 0x1f, 0xff, 0xd0, 0x7f,
    0xff, 0x21, 0x12, 0xff, 0xfb, 0xc, 0xff, 0xf5,
    0x1f, 0xff, 0xd0, 0x7f, 0xff, 0xff, 0xff, 0xff,
    0xfb, 0xc, 0xff, 0xf5, 0x1f, 0xff, 0xd0, 0x7f,
    0xff, 0xff, 0xff, 0xff, 0xfb, 0xc, 0xff, 0xf5,
    0x1f, 0xff, 0xd0, 0x7f, 0xff, 0xff, 0xff, 0xff,
    0xfb, 0xc, 0xff, 0xf5, 0x1f, 0xff, 0xd0, 0x12,
    0x22, 0x22, 0x22, 0x22, 0x21, 0xc, 0xff, 0xf5,
    0x1f, 0xff, 0xd0, 0x0, 0x0, 0x0, 0x0, 0x0,
    0x0, 0xc, 0xff, 0xf5, 0x1f, 0xff, 0xe7, 0x77,
    0x77, 0x77, 0x77, 0x77, 0x77, 0x7e, 0xff, 0xf5,
    0x1f, 0xff, 0xff, 0xff, 0xff, 0xff, 0xff, 0xff,
    0xff, 0xff, 0xff, 0xf5, 0x1f, 0xff, 0xff, 0xff,
    0xff, 0xff, 0xff, 0xff, 0xff, 0xff, 0xff, 0xf5,
    0x1f, 0xff, 0xff, 0xff, 0xff, 0xff, 0xff, 0xff,
    0xff, 0xff, 0xff, 0xf5, 0x1f, 0xff, 0xd0, 0x0,
    0x0, 0x0, 0x0, 0x0, 0x0, 0xc, 0xff, 0xf5,

    /* U+56FA "固" */
    0x2, 0x22, 0x22, 0x22, 0x22, 0x22, 0x22, 0x22,
    0x22, 0x22, 0x22, 0x21, 0x1f, 0xff, 0xff, 0xff,
    0xff, 0xff, 0xff, 0xff, 0xff, 0xff, 0xff, 0xfc,
    0x1f, 0xff, 0xff, 0xff, 0xff, 0xff, 0xff, 0xff,
    0xff, 0xff, 0xff, 0xfc, 0x1f, 0xff, 0xff, 0xff,
    0xff, 0xff, 0xff, 0xff, 0xff, 0xff, 0xff, 0xfc,
    0x1f, 0xff, 0xc4, 0x44, 0x44, 0x44, 0x44, 0x44,
    0x44, 0x47, 0xff, 0xfc, 0x1f, 0xff, 0xb0, 0x0,
    0x0, 0x7e, 0xed, 0x0, 0x0, 0x2, 0xff, 0xfc,
    0x1f, 0xff, 0xb0, 0x0, 0x0, 0x7f, 0xfe, 0x0,
    0x0, 0x2, 0xff, 0xfc, 0x1f, 0xff, 0xb5, 0xee,
    0xee, 0xff, 0xff, 0xee, 0xee, 0xd2, 0xff, 0xfc,
    0x1f, 0xff, 0xb5, 0xff, 0xff, 0xff, 0xff, 0xff,
    0xff, 0xe2, 0xff, 0xfc, 0x1f, 0xff, 0xb5, 0xff,
    0xff, 0xff, 0xff, 0xff, 0xff, 0xe2, 0xff, 0xfc,
    0x1f, 0xff, 0xb0, 0x0, 0x0, 0x8f, 0xff, 0x0,
    0x0, 0x2, 0xff, 0xfc, 0x1f, 0xff, 0xb0, 0x1,
    0x11, 0x8f, 0xff, 0x11, 0x11, 0x2, 0xff, 0xfc,
    0x1f, 0xff, 0xb0, 0x5f, 0xff, 0xff, 0xff, 0xff,
    0xff, 0x2, 0xff, 0xfc, 0x1f, 0xff, 0xb0, 0x5f,
    0xff, 0xff, 0xff, 0xff, 0xff, 0x2, 0xff, 0xfc,
    0x1f, 0xff, 0xb0, 0x5f, 0xff, 0xaa, 0xaa, 0xdf,
    0xff, 0x2, 0xff, 0xfc, 0x1f, 0xff, 0xb0, 0x5f,
    0xfe, 0x0, 0x0, 0x7f, 0xff, 0x2, 0xff, 0xfc,
    0x1f, 0xff, 0xb0, 0x5f, 0xff, 0xff, 0xff, 0xff,
    0xff, 0x2, 0xff, 0xfc, 0x1f, 0xff, 0xb0, 0x5f,
    0xff, 0xff, 0xff, 0xff, 0xff, 0x2, 0xff, 0xfc,
    0x1f, 0xff, 0xb0, 0x4b, 0xbb, 0xbb, 0xbb, 0xbb,
    0xbb, 0x2, 0xff, 0xfc, 0x1f, 0xff, 0xb0, 0x0,
    0x0, 0x0, 0x0, 0x0, 0x0, 0x3, 0xff, 0xfc,
    0x1f, 0xff, 0xff, 0xff, 0xff, 0xff, 0xff, 0xff,
    0xff, 0xff, 0xff, 0xfc, 0x1f, 0xff, 0xff, 0xff,
    0xff, 0xff, 0xff, 0xff, 0xff, 0xff, 0xff, 0xfc,
    0x1f, 0xff, 0xff, 0xff, 0xff, 0xff, 0xff, 0xff,
    0xff, 0xff, 0xff, 0xfc, 0x1f, 0xff, 0xd7, 0x77,
    0x77, 0x77, 0x77, 0x77, 0x77, 0x78, 0xff, 0xfc,

    /* U+5728 "在" */
    0x0, 0x0, 0x0, 0x0, 0x2, 0x10, 0x0, 0x0,
    0x0, 0x0, 0x0, 0x0, 0x0, 0x0, 0x0, 0x0,
    0x0, 0xcf, 0xea, 0x20, 0x0, 0x0, 0x0, 0x0,
    0x0, 0x0, 0x0, 0x0, 0x0, 0x1f, 0xff, 0xf2,
    0x0, 0x0, 0x0, 0x0, 0x0, 0x0, 0x0, 0x0,
    0x0, 0x6, 0xff, 0xfc, 0x0, 0x0, 0x0, 0x0,
    0x0, 0x0, 0x7, 0xff, 0xff, 0xff, 0xff, 0xff,
    0xff, 0xff, 0xff, 0xff, 0xff, 0xff, 0xe0, 0x7f,
    0xff, 0xff, 0xff, 0xff, 0xff, 0xff, 0xff, 0xff,
    0xff, 0xff, 0xfe, 0x7, 0xff, 0xff, 0xff, 0xff,
    0xff, 0xff, 0xff, 0xff, 0xff, 0xff, 0xff, 0xe0,
    0x5a, 0xaa, 0xac, 0xff, 0xff, 0xaa, 0xaa, 0xaa,
    0xaa, 0xaa, 0xaa, 0xa9, 0x0, 0x0, 0x0, 0xcf,
    0xff, 0x90, 0x0, 0x4, 0x55, 0x50, 0x0, 0x0,
    0x0, 0x0, 0x0, 0x7f, 0xff, 0xf1, 0x0, 0x0,
    0xcf, 0xff, 0x0, 0x0, 0x0, 0x0, 0x0, 0x2f,
    0xff, 0xf7, 0x0, 0x0, 0xc, 0xff, 0xf0, 0x0,
    0x0, 0x0, 0x0, 0xd, 0xff, 0xfd, 0x0, 0x0,
    0x0, 0xcf, 0xff, 0x0, 0x0, 0x0, 0x0, 0xb,
    0xff, 0xff, 0x40, 0x45, 0x55, 0x5d, 0xff, 0xf5,
    0x55, 0x54, 0x0, 0x1c, 0xff, 0xff, 0xf1, 0xc,
    0xff, 0xff, 0xff, 0xff, 0xff, 0xff, 0xc0, 0x2e,
    0xff, 0xff, 0xff, 0x10, 0xcf, 0xff, 0xff, 0xff,
    0xff, 0xff, 0xfc, 0x1, 0xff, 0xff, 0xff, 0xf1,
    0xc, 0xff, 0xff, 0xff, 0xff, 0xff, 0xff, 0xc0,
    0x8, 0xff, 0xff, 0xff, 0x10, 0x12, 0x22, 0x2d,
    0xff, 0xf2, 0x22, 0x21, 0x0, 0x1f, 0x9b, 0xff,
    0xf1, 0x0, 0x0, 0x0, 0xcf, 0xff, 0x0, 0x0,
    0x0, 0x0, 0x30, 0xbf, 0xff, 0x10, 0x0, 0x0,
    0xc, 0xff, 0xf0, 0x0, 0x0, 0x0, 0x0, 0xb,
    0xff, 0xf1, 0x0, 0x0, 0x0, 0xcf, 0xff, 0x0,
    0x0, 0x0, 0x0, 0x0, 0xbf, 0xff, 0x10, 0x0,
    0x0, 0xc, 0xff, 0xf0, 0x0, 0x0, 0x0, 0x0,
    0xb, 0xff, 0xf1, 0x68, 0x88, 0x88, 0xef, 0xff,
    0x88, 0x88, 0x86, 0x0, 0x0, 0xbf, 0xff, 0x1c,
    0xff, 0xff, 0xff, 0xff, 0xff, 0xff, 0xff, 0xc0,
    0x0, 0xb, 0xff, 0xf1, 0xcf, 0xff, 0xff, 0xff,
    0xff, 0xff, 0xff, 0xfc, 0x0, 0x0, 0xbf, 0xff,
    0x1b, 0xff, 0xff, 0xff, 0xff, 0xff, 0xff, 0xff,
    0xc0,

    /* U+573A "场" */
    0x0, 0x5, 0xcc, 0xc0, 0x0, 0x0, 0x0, 0x0,
    0x0, 0x0, 0x30, 0x0, 0x0, 0x0, 0x7, 0xff,
    0xf0, 0x3, 0xff, 0xff, 0xff, 0xff, 0xff, 0xfa,
    0x0, 0x0, 0x0, 0x7, 0xff, 0xf0, 0x3, 0xff,
    0xff, 0xff, 0xff, 0xff, 0xff, 0xd1, 0x0, 0x0,
    0x7, 0xff, 0xf0, 0x3, 0xff, 0xff, 0xff, 0xff,
    0xff, 0xff, 0x80, 0x0, 0x0, 0x7, 0xff, 0xf0,
    0x2, 0x88, 0x88, 0x8c, 0xff, 0xff, 0xf6, 0x0,
    0x0, 0x0, 0x7, 0xff, 0xf0, 0x0, 0x0, 0x0,
    0x7f, 0xff, 0xfe, 0x40, 0x0, 0x0, 0x1f, 0xff,
    0xff, 0xff, 0xf7, 0x0, 0x1b, 0xff, 0xff, 0xc1,
    0x0, 0x0, 0x0, 0x1f, 0xff, 0xff, 0xff, 0xf7,
    0x6, 0xef, 0xff, 0xf9, 0x10, 0x0, 0x0, 0x0,
    0x1f, 0xff, 0xff, 0xff, 0xfa, 0xef, 0xff, 0xff,
    0xff, 0xff, 0xff, 0xff, 0xf2, 0xa, 0xac, 0xff,
    0xfa, 0xa5, 0xef, 0xff, 0xff, 0xff, 0xff, 0xff,
    0xff, 0xf2, 0x0, 0x7, 0xff, 0xf0, 0x0, 0x7f,
    0xff, 0xff, 0xff, 0xff, 0xff, 0xff, 0xf0, 0x0,
    0x7, 0xff, 0xf0, 0x0, 0xb, 0xbf, 0xff, 0x9d,
    0xff, 0xee, 0xff, 0xf0, 0x0, 0x7, 0xff, 0xf0,
    0x0, 0x0, 0xaf, 0xfd, 0xe, 0xff, 0x8d, 0xff,
    0xe0, 0x0, 0x7, 0xff, 0xf0, 0x0, 0x3, 0xff,
    0xf7, 0x4f, 0xff, 0x2e, 0xff, 0xd0, 0x0, 0x7,
    0xff, 0xf0, 0x0, 0x1d, 0xff, 0xd0, 0xaf, 0xfd,
    0xf, 0xff, 0xc0, 0x0, 0x7, 0xff, 0xfa, 0xe8,
    0xdf, 0xff, 0x42, 0xff, 0xf6, 0xf, 0xff, 0xb0,
    0x0, 0x9, 0xff, 0xff, 0xff, 0xff, 0xf7, 0xb,
    0xff, 0xe0, 0x2f, 0xff, 0x90, 0x3b, 0xff, 0xff,
    0xff, 0xff, 0xef, 0x80, 0x4f, 0xff, 0x60, 0x4f,
    0xff, 0x70, 0x1f, 0xff, 0xff, 0xff, 0xa3, 0x15,
    0x2, 0xef, 0xfd, 0x0, 0x8f, 0xff, 0x50, 0xc,
    0xff, 0xfc, 0x60, 0x0, 0x0, 0xd, 0xff, 0xf3,
    0x0, 0xcf, 0xff, 0x30, 0x7, 0xe9, 0x30, 0x0,
    0x0, 0x2, 0xdf, 0xff, 0x97, 0x7a, 0xff, 0xff,
    0x0, 0x0, 0x0, 0x0, 0x0, 0x0, 0x3f, 0xff,
    0xfa, 0xe, 0xff, 0xff, 0xfb, 0x0, 0x0, 0x0,
    0x0, 0x0, 0x0, 0x7, 0xff, 0x90, 0x9, 0xff,
    0xff, 0xf3, 0x0, 0x0, 0x0, 0x0, 0x0, 0x0,
    0x0, 0x37, 0x0, 0x6, 0xff, 0xea, 0x20, 0x0,

    /* U+586B "填" */
    0x0, 0x0, 0x0, 0x0, 0x0, 0x0, 0x0, 0x1,
    0x11, 0x10, 0x0, 0x0, 0x0, 0x0, 0xa, 0xdd,
    0xa0, 0x0, 0x0, 0x0, 0x9, 0xff, 0xf4, 0x0,
    0x0, 0x0, 0x0, 0xb, 0xff, 0xc0, 0x0, 0x77,
    0x77, 0x7d, 0xff, 0xf8, 0x77, 0x77, 0x50, 0x0,
    0xb, 0xff, 0xc0, 0x0, 0xff, 0xff, 0xff, 0xff,
    0xff, 0xff, 0xff, 0xb0, 0x0, 0xb, 0xff, 0xc0,
    0x0, 0xff, 0xff, 0xff, 0xff, 0xff, 0xff, 0xff,
    0xb0, 0x0, 0xb, 0xff, 0xc0, 0x0, 0x66, 0x66,
    0x7f, 0xff, 0x96, 0x66, 0x66, 0x40, 0x18, 0x8e,
    0xff, 0xe8, 0x82, 0x8, 0x99, 0xaf, 0xff, 0xa9,
    0x99, 0x94, 0x0, 0x2f, 0xff, 0xff, 0xff, 0xf4,
    0xe, 0xff, 0xff, 0xff, 0xff, 0xff, 0xf7, 0x0,
    0x2f, 0xff, 0xff, 0xff, 0xf4, 0xe, 0xff, 0xdb,
    0xbb, 0xbb, 0xff, 0xf7, 0x0, 0x2f, 0xff, 0xff,
    0xff, 0xf4, 0xe, 0xff, 0xa7, 0x77, 0x77, 0xff,
    0xf7, 0x0, 0x0, 0xc, 0xff, 0xd0, 0x0, 0xe,
    0xff, 0xff, 0xff, 0xff, 0xff, 0xf7, 0x0, 0x0,
    0xb, 0xff, 0xc0, 0x0, 0xe, 0xff, 0x95, 0x55,
    0x55, 0xff, 0xf7, 0x0, 0x0, 0xb, 0xff, 0xc0,
    0x0, 0xe, 0xff, 0xee, 0xee, 0xee, 0xff, 0xf7,
    0x0, 0x0, 0xb, 0xff, 0xc0, 0x0, 0xe, 0xff,
    0xff, 0xff, 0xff, 0xff, 0xf7, 0x0, 0x0, 0xb,
    0xff, 0xc0, 0x0, 0xe, 0xff, 0x72, 0x22, 0x22,
    0xef, 0xf7, 0x0, 0x0, 0xb, 0xff, 0xc0, 0x0,
    0xe, 0xff, 0xff, 0xff, 0xff, 0xff, 0xf7, 0x0,
    0x0, 0xb, 0xff, 0xd3, 0x90, 0xe, 0xff, 0xff,
    0xff, 0xff, 0xff, 0xf7, 0x0, 0x0, 0xb, 0xff,
    0xff, 0xf5, 0x3f, 0xff, 0x73, 0x33, 0x33, 0xff,
    0xf9, 0x31, 0x16, 0xaf, 0xff, 0xff, 0xff, 0xff,
    0xff, 0xff, 0xff, 0xff, 0xff, 0xff, 0xf4, 0x5f,
    0xff, 0xff, 0xff, 0xff, 0xff, 0xff, 0xff, 0xff,
    0xff, 0xff, 0xff, 0xf4, 0xf, 0xff, 0xff, 0xe8,
    0x2b, 0xff, 0xff, 0xff, 0xff, 0xff, 0xff, 0xff,
    0xf4, 0xa, 0xff, 0xa4, 0x0, 0x0, 0x6, 0xef,
    0xfd, 0x20, 0x6f, 0xff, 0x91, 0x0, 0x3, 0x61,
    0x0, 0x0, 0x28, 0xef, 0xff, 0xff, 0x91, 0xef,
    0xff, 0xff, 0x80, 0x0, 0x0, 0x0, 0x0, 0x7f,
    0xff, 0xff, 0xb3, 0x0, 0x8, 0xff, 0xff, 0xf2,
    0x0, 0x0, 0x0, 0x0, 0x8, 0xff, 0x93, 0x0,
    0x0, 0x0, 0x1a, 0xff, 0x30, 0x0, 0x0, 0x0,
    0x0, 0x0, 0x51, 0x0, 0x0, 0x0, 0x0, 0x0,
    0x44, 0x0,

    /* U+5907 "备" */
    0x0, 0x0, 0x0, 0x0, 0x3, 0x20, 0x0, 0x0,
    0x0, 0x0, 0x0, 0x0, 0x0, 0x0, 0x0, 0x0,
    0x0, 0x4, 0xff, 0xfb, 0x20, 0x0, 0x0, 0x0,
    0x0, 0x0, 0x0, 0x0, 0x0, 0x0, 0x3, 0xff,
    0xff, 0xc3, 0x33, 0x33, 0x34, 0x10, 0x0, 0x0,
    0x0, 0x0, 0x0, 0x5, 0xff, 0xff, 0xff, 0xff,
    0xff, 0xff, 0xfe, 0x60, 0x0, 0x0, 0x0, 0x0,
    0x1a, 0xff, 0xff, 0xff, 0xff, 0xff, 0xff, 0xff,
    0xfe, 0x10, 0x0, 0x0, 0x0, 0x6e, 0xff, 0xff,
    0xff, 0xff, 0xff, 0xff, 0xff, 0xff, 0x40, 0x0,
    0x0, 0x2, 0xef, 0xff, 0xff, 0xfd, 0x40, 0x0,
    0x1a, 0xff, 0xff, 0x80, 0x0, 0x0, 0x0, 0x8,
    0xff, 0xff, 0xff, 0xff, 0xb4, 0x6e, 0xff, 0xff,
    0x90, 0x0, 0x0, 0x0, 0x0, 0xa, 0xf9, 0x3c,
    0xff, 0xff, 0xff, 0xff, 0xff, 0x70, 0x0, 0x0,
    0x0, 0x0, 0x0, 0x12, 0x0, 0x4d, 0xff, 0xff,
    0xff, 0xff, 0xd7, 0x41, 0x0, 0x0, 0x0, 0x13,
    0x57, 0xad, 0xff, 0xff, 0xff, 0xff, 0xff, 0xff,
    0xff, 0xfe, 0xca, 0x96, 0x3, 0xff, 0xff, 0xff,
    0xff, 0xff, 0xfe, 0xdf, 0xff, 0xff, 0xff, 0xff,
    0xff, 0x50, 0xa, 0xff, 0xff, 0xff, 0xfe, 0x94,
    0x0, 0x16, 0xbf, 0xff, 0xff, 0xff, 0xa0, 0x0,
    0x4f, 0xff, 0xfb, 0x74, 0x10, 0x0, 0x0, 0x0,
    0x15, 0x7a, 0xdf, 0xf2, 0x0, 0x0, 0x67, 0xff,
    0xff, 0xff, 0xff, 0xff, 0xff, 0xff, 0xff, 0xff,
    0x31, 0x0, 0x0, 0x0, 0x3f, 0xff, 0xff, 0xff,
    0xff, 0xff, 0xff, 0xff, 0xff, 0xf3, 0x0, 0x0,
    0x0, 0x3, 0xff, 0xff, 0xff, 0xff, 0xff, 0xff,
    0xff, 0xff, 0xff, 0x30, 0x0, 0x0, 0x0, 0x3f,
    0xff, 0xc4, 0x44, 0xef, 0xff, 0x44, 0x4f, 0xff,
    0xf3, 0x0, 0x0, 0x0, 0x3, 0xff, 0xff, 0xff,
    0xff, 0xff, 0xff, 0xff, 0xff, 0xff, 0x30, 0x0,
    0x0, 0x0, 0x3f, 0xff, 0xff, 0xff, 0xff, 0xff,
    0xff, 0xff, 0xff, 0xf3, 0x0, 0x0, 0x0, 0x3,
    0xff, 0xff, 0xdd, 0xdf, 0xff, 0xfd, 0xdd, 0xff,
    0xff, 0x30, 0x0, 0x0, 0x0, 0x3f, 0xff, 0xc3,
    0x33, 0xef, 0xff, 0x43, 0x3f, 0xff, 0xf3, 0x0,
    0x0, 0x0, 0x3, 0xff, 0xff, 0xff, 0xff, 0xff,
    0xff, 0xff, 0xff, 0xff, 0x30, 0x0, 0x0, 0x0,
    0x3f, 0xff, 0xff, 0xff, 0xff, 0xff, 0xff, 0xff,
    0xff, 0xf3, 0x0, 0x0, 0x0, 0x3, 0xff, 0xff,
    0xff, 0xff, 0xff, 0xff, 0xff, 0xff, 0xff, 0x30,
    0x0, 0x0,

    /* U+590D "复" */
    0x0, 0x0, 0x0, 0x0, 0x0, 0x0, 0x0, 0x0,
    0x0, 0x0, 0x0, 0x0, 0x0, 0x0, 0x0, 0x4,
    0xfb, 0x61, 0x0, 0x0, 0x0, 0x0, 0x0, 0x0,
    0x0, 0x0, 0x0, 0x0, 0xd, 0xff, 0xf3, 0x0,
    0x0, 0x0, 0x0, 0x0, 0x0, 0x0, 0x0, 0x0,
    0x0, 0x9f, 0xff, 0xff, 0xff, 0xff, 0xff, 0xff,
    0xff, 0xff, 0xff, 0x70, 0x0, 0x7, 0xff, 0xff,
    0xff, 0xff, 0xff, 0xff, 0xff, 0xff, 0xff, 0xff,
    0x70, 0x0, 0x7f, 0xff, 0xff, 0xff, 0xff, 0xff,
    0xff, 0xff, 0xff, 0xff, 0xff, 0x70, 0xa, 0xff,
    0xff, 0xb4, 0x44, 0x44, 0x44, 0x44, 0x44, 0x44,
    0x44, 0x30, 0x0, 0x8, 0xff, 0xff, 0xff, 0xff,
    0xff, 0xff, 0xff, 0xff, 0xff, 0xff, 0xc0, 0x0,
    0x0, 0x9f, 0x9f, 0xff, 0xff, 0xff, 0xff, 0xff,
    0xff, 0xff, 0xff, 0xc0, 0x0, 0x0, 0x4, 0x1f,
    0xff, 0xd5, 0x55, 0x55, 0x55, 0x55, 0x7f, 0xff,
    0xc0, 0x0, 0x0, 0x0, 0x1f, 0xff, 0xff, 0xff,
    0xff, 0xff, 0xff, 0xff, 0xff, 0xc0, 0x0, 0x0,
    0x0, 0x1f, 0xff, 0xff, 0xff, 0xff, 0xff, 0xff,
    0xff, 0xff, 0xc0, 0x0, 0x0, 0x0, 0x1f, 0xff,
    0xc4, 0x44, 0x44, 0x44, 0x44, 0x6f, 0xff, 0xc0,
    0x0, 0x0, 0x0, 0x1f, 0xff, 0xff, 0xff, 0xff,
    0xff, 0xff, 0xff, 0xff, 0xc0, 0x0, 0x0, 0x0,
    0x1f, 0xff, 0xff, 0xff, 0xff, 0xff, 0xff, 0xff,
    0xff, 0xc0, 0x0, 0x0, 0x0, 0x2, 0x4d, 0xff,
    0xf9, 0x33, 0x33, 0x33, 0x33, 0x42, 0x20, 0x0,
    0x0, 0x0, 0x3, 0xef, 0xff, 0xff, 0xff, 0xff,
    0xff, 0xff, 0xf7, 0x0, 0x0, 0x0, 0x1, 0x8f,
    0xff, 0xff, 0xff, 0xff, 0xff, 0xff, 0xff, 0xff,
    0x50, 0x0, 0x0, 0x7f, 0xff, 0xff, 0xff, 0xb9,
    0x99, 0x9a, 0xef, 0xff, 0xf8, 0x0, 0x0, 0x0,
    0x4e, 0xff, 0xdd, 0xff, 0xf8, 0x11, 0x7e, 0xff,
    0xff, 0x80, 0x0, 0x0, 0x0, 0x2, 0xd8, 0x1,
    0xbf, 0xff, 0xff, 0xff, 0xff, 0xe4, 0x0, 0x0,
    0x0, 0x0, 0x1, 0x35, 0x79, 0xcf, 0xff, 0xff,
    0xff, 0xff, 0xb8, 0x75, 0x43, 0x21, 0x3f, 0xff,
    0xff, 0xff, 0xff, 0xff, 0xff, 0xff, 0xff, 0xff,
    0xff, 0xff, 0xf4, 0xc, 0xff, 0xff, 0xff, 0xff,
    0xfc, 0x85, 0x8c, 0xff, 0xff, 0xff, 0xff, 0x90,
    0x6, 0xff, 0xfe, 0xdb, 0x73, 0x0, 0x0, 0x0,
    0x15, 0x8a, 0xcd, 0xff, 0x10, 0x1, 0x42, 0x0,
    0x0, 0x0, 0x0, 0x0, 0x0, 0x0, 0x0, 0x0,
    0x0, 0x0,

    /* U+591A "多" */
    0x0, 0x0, 0x0, 0x0, 0x0, 0x30, 0x0, 0x0,
    0x0, 0x0, 0x0, 0x0, 0x0, 0x0, 0x0, 0x0,
    0x0, 0xcf, 0xfc, 0x70, 0x0, 0x0, 0x0, 0x0,
    0x0, 0x0, 0x0, 0x0, 0x3, 0xdf, 0xff, 0xf7,
    0x33, 0x33, 0x30, 0x0, 0x0, 0x0, 0x0, 0x0,
    0x7, 0xff, 0xff, 0xff, 0xff, 0xff, 0xff, 0xa1,
    0x0, 0x0, 0x0, 0x0, 0x6e, 0xff, 0xff, 0xff,
    0xff, 0xff, 0xff, 0xff, 0x70, 0x0, 0x0, 0x17,
    0xef, 0xff, 0xff, 0xff, 0xff, 0xff, 0xff, 0xff,
    0xb0, 0x0, 0x0, 0x9, 0xff, 0xff, 0xfc, 0x41,
    0x11, 0x13, 0xdf, 0xff, 0xe1, 0x0, 0x0, 0x0,
    0x9, 0xff, 0xd5, 0x7f, 0xa0, 0x5, 0xef, 0xff,
    0xf4, 0x0, 0x0, 0x0, 0x0, 0x9, 0x50, 0xbf,
    0xff, 0xdc, 0xff, 0xff, 0xd2, 0x0, 0x0, 0x0,
    0x0, 0x0, 0x0, 0x1, 0xdf, 0xff, 0xff, 0xff,
    0xb1, 0x0, 0x0, 0x0, 0x0, 0x0, 0x1, 0x49,
    0xdf, 0xff, 0xff, 0xff, 0xfa, 0x62, 0x0, 0x0,
    0x0, 0x4, 0xbe, 0xff, 0xff, 0xff, 0xff, 0xd9,
    0xef, 0xff, 0xe2, 0x0, 0x0, 0x0, 0xe, 0xff,
    0xff, 0xff, 0xfb, 0x43, 0xef, 0xff, 0xf8, 0x44,
    0x45, 0x0, 0x0, 0x6f, 0xff, 0xfb, 0x72, 0x8,
    0xff, 0xff, 0xff, 0xff, 0xff, 0xfd, 0x40, 0x0,
    0xa7, 0x30, 0x0, 0x6e, 0xff, 0xff, 0xff, 0xff,
    0xff, 0xff, 0xfb, 0x0, 0x0, 0x0, 0x27, 0xef,
    0xff, 0xff, 0xff, 0xff, 0xff, 0xff, 0xff, 0x20,
    0x0, 0x3, 0xcf, 0xff, 0xff, 0xfc, 0x30, 0x0,
    0x6, 0xff, 0xff, 0x90, 0x0, 0x0, 0xb, 0xff,
    0xff, 0xe6, 0x7a, 0x10, 0x8, 0xff, 0xff, 0xc0,
    0x0, 0x0, 0x0, 0xe, 0xfc, 0x54, 0xdf, 0xfd,
    0x6d, 0xff, 0xff, 0xd1, 0x0, 0x0, 0x0, 0x0,
    0x32, 0x0, 0x4e, 0xff, 0xff, 0xff, 0xff, 0xc1,
    0x0, 0x0, 0x0, 0x0, 0x0, 0x0, 0x37, 0xcf,
    0xff, 0xff, 0xff, 0x90, 0x0, 0x0, 0x2, 0x35,
    0x68, 0x9c, 0xff, 0xff, 0xff, 0xff, 0xfc, 0x30,
    0x0, 0x0, 0x0, 0xaf, 0xff, 0xff, 0xff, 0xff,
    0xff, 0xff, 0xc5, 0x0, 0x0, 0x0, 0x0, 0x3,
    0xff, 0xff, 0xff, 0xff, 0xff, 0xd8, 0x20, 0x0,
    0x0, 0x0, 0x0, 0x0, 0xd, 0xff, 0xff, 0xdb,
    0x85, 0x10, 0x0, 0x0, 0x0, 0x0, 0x0, 0x0,
    0x0, 0x46, 0x41, 0x0, 0x0, 0x0, 0x0, 0x0,
    0x0, 0x0, 0x0, 0x0, 0x0,

    /* U+592A "太" */
    0x0, 0x0, 0x0, 0x0, 0x0, 0x3, 0x33, 0x30,
    0x0, 0x0, 0x0, 0x0, 0x0, 0x0, 0x0, 0x0,
    0x0, 0x0, 0x2f, 0xff, 0xf0, 0x0, 0x0, 0x0,
    0x0, 0x0, 0x0, 0x0, 0x0, 0x0, 0x0, 0x2f,
    0xff, 0xf0, 0x0, 0x0, 0x0, 0x0, 0x0, 0x0,
    0x0, 0x0, 0x0, 0x0, 0x3f, 0xff, 0xe0, 0x0,
    0x0, 0x0, 0x0, 0x0, 0x0, 0x0, 0x0, 0x0,
    0x0, 0x3f, 0xff, 0xd0, 0x0, 0x0, 0x0, 0x0,
    0x0, 0x0, 0x0, 0x0, 0x0, 0x0, 0x4f, 0xff,
    0xd0, 0x0, 0x0, 0x0, 0x0, 0x0, 0x0, 0x0,
    0x0, 0x0, 0x0, 0x4f, 0xff, 0xc0, 0x0, 0x0,
    0x0, 0x0, 0x0, 0x9, 0xee, 0xee, 0xee, 0xee,
    0xff, 0xff, 0xfe, 0xee, 0xee, 0xee, 0xee, 0xd0,
    0x9, 0xff, 0xff, 0xff, 0xff, 0xff, 0xff, 0xff,
    0xff, 0xff, 0xff, 0xff, 0xe0, 0x9, 0xff, 0xff,
    0xff, 0xff, 0xff, 0xff, 0xff, 0xff, 0xff, 0xff,
    0xff, 0xe0, 0x9, 0xff, 0xff, 0xff, 0xff, 0xff,
    0xff, 0xff, 0xff, 0xff, 0xff, 0xff, 0xe0, 0x0,
    0x0, 0x0, 0x0, 0x0, 0xff, 0xff, 0xff, 0x60,
    0x0, 0x0, 0x0, 0x0, 0x0, 0x0, 0x0, 0x0,
    0x5, 0xff, 0xff, 0xff, 0xd0, 0x0, 0x0, 0x0,
    0x0, 0x0, 0x0, 0x0, 0x0, 0xa, 0xff, 0xff,
    0xff, 0xf4, 0x0, 0x0, 0x0, 0x0, 0x0, 0x0,
    0x0, 0x0, 0x1f, 0xff, 0xfd, 0xff, 0xfc, 0x0,
    0x0, 0x0, 0x0, 0x0, 0x0, 0x0, 0x0, 0xaf,
    0xff, 0xe1, 0xff, 0xff, 0x60, 0x0, 0x0, 0x0,
    0x0, 0x0, 0x0, 0x4, 0xff, 0xff, 0x80, 0x9f,
    0xff, 0xf2, 0x0, 0x0, 0x0, 0x0, 0x0, 0x0,
    0x1d, 0xff, 0xfe, 0x10, 0x2f, 0xff, 0xfc, 0x0,
    0x0, 0x0, 0x0, 0x0, 0x0, 0xcf, 0xff, 0xfa,
    0x0, 0x8, 0xff, 0xff, 0xc0, 0x0, 0x0, 0x0,
    0x0, 0x1d, 0xff, 0xff, 0xff, 0xc0, 0x0, 0xcf,
    0xff, 0xfc, 0x10, 0x0, 0x0, 0x5, 0xef, 0xff,
    0xff, 0xff, 0xfc, 0x10, 0x2f, 0xff, 0xff, 0xe5,
    0x0, 0x3, 0xbf, 0xff, 0xff, 0xea, 0xff, 0xff,
    0xc0, 0x4, 0xff, 0xff, 0xff, 0xb2, 0x2f, 0xff,
    0xff, 0xfc, 0x10, 0xaf, 0xff, 0xfa, 0x0, 0x4f,
    0xff, 0xff, 0xe2, 0x3, 0xff, 0xff, 0xa0, 0x0,
    0xc, 0xff, 0xf8, 0x0, 0x4, 0xef, 0xff, 0x30,
    0x0, 0x5f, 0xc3, 0x0, 0x0, 0x1, 0xee, 0x40,
    0x0, 0x0, 0x19, 0xf6, 0x0, 0x0, 0x4, 0x0,
    0x0, 0x0, 0x0, 0x31, 0x0, 0x0, 0x0, 0x0,
    0x30, 0x0,

    /* U+5931 "失" */
    0x0, 0x0, 0x0, 0x0, 0x0, 0x0, 0x0, 0x0,
    0x0, 0x0, 0x0, 0x0, 0x0, 0x0, 0x0, 0x49,
    0x52, 0x0, 0x3f, 0xff, 0xc0, 0x0, 0x0, 0x0,
    0x0, 0x0, 0x0, 0x0, 0xbf, 0xff, 0x90, 0x3f,
    0xff, 0xc0, 0x0, 0x0, 0x0, 0x0, 0x0, 0x0,
    0x1, 0xff, 0xff, 0x50, 0x3f, 0xff, 0xc0, 0x0,
    0x0, 0x0, 0x0, 0x0, 0x0, 0x6, 0xff, 0xff,
    0x32, 0x5f, 0xff, 0xc2, 0x22, 0x22, 0x22, 0x10,
    0x0, 0x0, 0xc, 0xff, 0xff, 0xff, 0xff, 0xff,
    0xff, 0xff, 0xff, 0xff, 0x70, 0x0, 0x0, 0x3f,
    0xff, 0xff, 0xff, 0xff, 0xff, 0xff, 0xff, 0xff,
    0xff, 0x70, 0x0, 0x0, 0xcf, 0xff, 0xff, 0xff,
    0xff, 0xff, 0xff, 0xff, 0xff, 0xff, 0x70, 0x0,
    0x6, 0xff, 0xff, 0xbb, 0xbb, 0xcf, 0xff, 0xeb,
    0xbb, 0xbb, 0xbb, 0x50, 0x0, 0x1e, 0xff, 0xfb,
    0x0, 0x0, 0x3f, 0xff, 0xc0, 0x0, 0x0, 0x0,
    0x0, 0x0, 0x1, 0x7f, 0xf1, 0x0, 0x0, 0x4f,
    0xff, 0xb0, 0x0, 0x0, 0x0, 0x0, 0x0, 0x0,
    0x1, 0x40, 0x0, 0x0, 0x5f, 0xff, 0xa0, 0x0,
    0x0, 0x0, 0x0, 0x0, 0xe, 0xff, 0xff, 0xff,
    0xff, 0xff, 0xff, 0xff, 0xff, 0xff, 0xff, 0xff,
    0xb0, 0xe, 0xff, 0xff, 0xff, 0xff, 0xff, 0xff,
    0xff, 0xff, 0xff, 0xff, 0xff, 0xb0, 0xe, 0xff,
    0xff, 0xff, 0xff, 0xff, 0xff, 0xff, 0xff, 0xff,
    0xff, 0xff, 0xb0, 0xc, 0xdd, 0xdd, 0xdd, 0xdf,
    0xff, 0xff, 0xff, 0xed, 0xdd, 0xdd, 0xdd, 0x90,
    0x0, 0x0, 0x0, 0x0, 0x1e, 0xff, 0xff, 0xff,
    0xa0, 0x0, 0x0, 0x0, 0x0, 0x0, 0x0, 0x0,
    0x0, 0xaf, 0xff, 0xff, 0xff, 0xf6, 0x0, 0x0,
    0x0, 0x0, 0x0, 0x0, 0x0, 0xa, 0xff, 0xff,
    0xa9, 0xff, 0xff, 0x70, 0x0, 0x0, 0x0, 0x0,
    0x0, 0x2, 0xbf, 0xff, 0xfe, 0x10, 0xdf, 0xff,
    0xfa, 0x10, 0x0, 0x0, 0x0, 0x0, 0x8f, 0xff,
    0xff, 0xf4, 0x0, 0x3f, 0xff, 0xff, 0xf8, 0x10,
    0x0, 0x4, 0xaf, 0xff, 0xff, 0xff, 0x40, 0x0,
    0x3, 0xff, 0xff, 0xff, 0xfb, 0x72, 0x2f, 0xff,
    0xff, 0xff, 0xd3, 0x0, 0x0, 0x0, 0x3e, 0xff,
    0xff, 0xff, 0xf2, 0x5, 0xff, 0xff, 0xf7, 0x0,
    0x0, 0x0, 0x0, 0x0, 0x8f, 0xff, 0xff, 0x40,
    0x0, 0xaf, 0xc6, 0x10, 0x0, 0x0, 0x0, 0x0,
    0x0, 0x2, 0x8e, 0xfa, 0x0, 0x0, 0x13, 0x0,
    0x0, 0x0, 0x0, 0x0, 0x0, 0x0, 0x0, 0x0,
    0x41, 0x0,

    /* U+5934 "头" */
    0x0, 0x0, 0x1, 0x50, 0x0, 0x0, 0xe, 0xff,
    0xf0, 0x0, 0x0, 0x0, 0x0, 0x0, 0x0, 0xb,
    0xfe, 0x82, 0x0, 0xf, 0xff, 0xf0, 0x0, 0x0,
    0x0, 0x0, 0x0, 0x0, 0x7f, 0xff, 0xff, 0xa1,
    0xf, 0xff, 0xf0, 0x0, 0x0, 0x0, 0x0, 0x0,
    0x0, 0x5d, 0xff, 0xff, 0xff, 0x1f, 0xff, 0xf0,
    0x0, 0x0, 0x0, 0x0, 0x0, 0x0, 0x0, 0x4c,
    0xff, 0xf8, 0xf, 0xff, 0xe0, 0x0, 0x0, 0x0,
    0x0, 0x0, 0x2, 0x10, 0x0, 0x5e, 0xc0, 0xf,
    0xff, 0xe0, 0x0, 0x0, 0x0, 0x0, 0x0, 0x1d,
    0xfa, 0x40, 0x1, 0x10, 0xf, 0xff, 0xe0, 0x0,
    0x0, 0x0, 0x0, 0x0, 0xbf, 0xff, 0xfc, 0x40,
    0x0, 0x1f, 0xff, 0xc0, 0x0, 0x0, 0x0, 0x0,
    0x1, 0xaf, 0xff, 0xff, 0xfa, 0x0, 0x2f, 0xff,
    0xa0, 0x0, 0x0, 0x0, 0x0, 0x0, 0x2, 0x9f,
    0xff, 0xf8, 0x0, 0x3f, 0xff, 0x90, 0x0, 0x0,
    0x0, 0x0, 0x0, 0x0, 0x2, 0xcf, 0xb0, 0x0,
    0x6f, 0xff, 0x70, 0x0, 0x0, 0x0, 0x0, 0x7,
    0x88, 0x88, 0x8e, 0x98, 0x88, 0xcf, 0xff, 0xb8,
    0x88, 0x88, 0x88, 0x70, 0xd, 0xff, 0xff, 0xff,
    0xff, 0xff, 0xff, 0xff, 0xff, 0xff, 0xff, 0xff,
    0xe0, 0xd, 0xff, 0xff, 0xff, 0xff, 0xff, 0xff,
    0xff, 0xff, 0xff, 0xff, 0xff, 0xe0, 0xc, 0xff,
    0xff, 0xff, 0xff, 0xff, 0xff, 0xff, 0xff, 0xff,
    0xff, 0xff, 0xe0, 0x0, 0x0, 0x0, 0x0, 0x0,
    0x2f, 0xff, 0xf3, 0x0, 0x0, 0x0, 0x0, 0x0,
    0x0, 0x0, 0x0, 0x0, 0x0, 0xdf, 0xff, 0xb0,
    0x40, 0x0, 0x0, 0x0, 0x0, 0x0, 0x0, 0x0,
    0x0, 0x1b, 0xff, 0xff, 0x2a, 0xfc, 0x50, 0x0,
    0x0, 0x0, 0x0, 0x0, 0x0, 0x2, 0xdf, 0xff,
    0xf8, 0x5f, 0xff, 0xfd, 0x60, 0x0, 0x0, 0x0,
    0x0, 0x2, 0xaf, 0xff, 0xff, 0xa0, 0x6e, 0xff,
    0xff, 0xfe, 0x50, 0x0, 0x0, 0x4, 0xaf, 0xff,
    0xff, 0xf9, 0x0, 0x0, 0x7e, 0xff, 0xff, 0xfb,
    0x20, 0xb, 0xff, 0xff, 0xff, 0xfe, 0x50, 0x0,
    0x0, 0x0, 0x7f, 0xff, 0xff, 0xe0, 0x7, 0xff,
    0xff, 0xff, 0x81, 0x0, 0x0, 0x0, 0x0, 0x1,
    0xbf, 0xff, 0x50, 0x0, 0xcf, 0xfd, 0x71, 0x0,
    0x0, 0x0, 0x0, 0x0, 0x0, 0x6, 0xf8, 0x0,
    0x0, 0x37, 0x20, 0x0, 0x0, 0x0, 0x0, 0x0,
    0x0, 0x0, 0x0, 0x20, 0x0,

    /* U+597D "好" */
    0x0, 0x1, 0x10, 0x0, 0x0, 0x0, 0x0, 0x0,
    0x0, 0x0, 0x0, 0x0, 0x0, 0x0, 0xc, 0xff,
    0xe0, 0x0, 0x0, 0x0, 0x0, 0x0, 0x0, 0x0,
    0x0, 0x0, 0x0, 0xe, 0xff, 0xe0, 0x0, 0x0,
    0xcc, 0xcc, 0xcc, 0xcc, 0xcd, 0xd3, 0x0, 0x0,
    0xf, 0xff, 0xb0, 0x0, 0x0, 0xff, 0xff, 0xff,
    0xff, 0xff, 0xff, 0x70, 0x0, 0x2f, 0xff, 0x90,
    0x0, 0x0, 0xff, 0xff, 0xff, 0xff, 0xff, 0xff,
    0x70, 0x12, 0x5f, 0xff, 0x82, 0x23, 0x0, 0x89,
    0x99, 0x99, 0x9f, 0xff, 0xfb, 0x0, 0x7f, 0xff,
    0xff, 0xff, 0xff, 0xf8, 0x0, 0x0, 0x0, 0x8f,
    0xff, 0xe1, 0x0, 0x7f, 0xff, 0xff, 0xff, 0xff,
    0xf8, 0x0, 0x0, 0x4, 0xff, 0xff, 0x30, 0x0,
    0x7f, 0xff, 0xff, 0xff, 0xff, 0xf7, 0x0, 0x0,
    0x2f, 0xff, 0xf4, 0x0, 0x0, 0x25, 0xff, 0xfb,
    0x48, 0xff, 0xf5, 0x0, 0x0, 0xbf, 0xff, 0x60,
    0x0, 0x0, 0x3, 0xff, 0xf6, 0x7, 0xff, 0xf2,
    0x0, 0x0, 0xbf, 0xff, 0x30, 0x0, 0x0, 0x7,
    0xff, 0xf3, 0xa, 0xff, 0xf9, 0xaa, 0xaa, 0xef,
    0xff, 0xba, 0xaa, 0xa1, 0xa, 0xff, 0xf0, 0xe,
    0xff, 0xce, 0xff, 0xff, 0xff, 0xff, 0xff, 0xff,
    0xf2, 0xf, 0xff, 0xc0, 0x3f, 0xff, 0x8e, 0xff,
    0xff, 0xff, 0xff, 0xff, 0xff, 0xf2, 0x3f, 0xff,
    0xf9, 0x8f, 0xff, 0x4e, 0xff, 0xff, 0xff, 0xff,
    0xff, 0xff, 0xf2, 0xb, 0xff, 0xff, 0xff, 0xfe,
    0x0, 0x0, 0x0, 0xbf, 0xff, 0x30, 0x0, 0x0,
    0x0, 0x7f, 0xff, 0xff, 0xf8, 0x0, 0x0, 0x0,
    0xbf, 0xff, 0x30, 0x0, 0x0, 0x0, 0x4, 0xff,
    0xff, 0xf7, 0x0, 0x0, 0x0, 0xbf, 0xff, 0x30,
    0x0, 0x0, 0x0, 0x0, 0xbf, 0xff, 0xff, 0x70,
    0x0, 0x0, 0xbf, 0xff, 0x30, 0x0, 0x0, 0x0,
    0x9, 0xff, 0xff, 0xff, 0xf7, 0x0, 0x0, 0xbf,
    0xff, 0x30, 0x0, 0x0, 0x0, 0x9f, 0xff, 0xfd,
    0xff, 0xfa, 0x0, 0x0, 0xbf, 0xff, 0x30, 0x0,
    0x0, 0x4d, 0xff, 0xff, 0x70, 0xcf, 0xd0, 0x39,
    0x88, 0xef, 0xff, 0x30, 0x0, 0x0, 0x7f, 0xff,
    0xf8, 0x0, 0x1d, 0x20, 0xf, 0xff, 0xff, 0xff,
    0x10, 0x0, 0x0, 0xa, 0xff, 0x70, 0x0, 0x0,
    0x0, 0xa, 0xff, 0xff, 0xfb, 0x0, 0x0, 0x0,
    0x1, 0xc3, 0x0, 0x0, 0x0, 0x0, 0x5, 0xff,
    0xeb, 0x70, 0x0, 0x0, 0x0, 0x0, 0x0, 0x0,
    0x0, 0x0, 0x0, 0x0, 0x0, 0x0, 0x0, 0x0,
    0x0, 0x0,

    /* U+59CB "始" */
    0x0, 0x0, 0x0, 0x0, 0x0, 0x0, 0x0, 0x1,
    0x0, 0x0, 0x0, 0x0, 0x0, 0x0, 0xc, 0xfe,
    0xb0, 0x0, 0x0, 0x0, 0x4f, 0xc8, 0x40, 0x0,
    0x0, 0x0, 0x0, 0xd, 0xff, 0xa0, 0x0, 0x0,
    0x0, 0x9f, 0xff, 0x90, 0x0, 0x0, 0x0, 0x0,
    0xf, 0xff, 0x80, 0x0, 0x0, 0x0, 0xff, 0xff,
    0x20, 0x0, 0x0, 0x0, 0x0, 0x1f, 0xff, 0x60,
    0x0, 0x0, 0x6, 0xff, 0xfa, 0x0, 0x16, 0x0,
    0x0, 0x2, 0x4f, 0xff, 0x62, 0x20, 0x0, 0xd,
    0xff, 0xf2, 0x19, 0xff, 0x40, 0x0, 0x2f, 0xff,
    0xff, 0xff, 0xff, 0x30, 0x5f, 0xff, 0x90, 0x1e,
    0xff, 0xe1, 0x0, 0x2f, 0xff, 0xff, 0xff, 0xff,
    0x20, 0xdf, 0xff, 0x10, 0x5, 0xff, 0xfa, 0x0,
    0x2f, 0xff, 0xff, 0xff, 0xff, 0x18, 0xff, 0xfa,
    0x56, 0x79, 0xef, 0xff, 0x40, 0x4, 0xef, 0xfb,
    0x9f, 0xff, 0x8f, 0xff, 0xff, 0xff, 0xff, 0xff,
    0xff, 0xd0, 0x0, 0xff, 0xf5, 0x8f, 0xfe, 0xaf,
    0xff, 0xff, 0xff, 0xff, 0xff, 0xff, 0xf4, 0x4,
    0xff, 0xf2, 0xbf, 0xfc, 0x3f, 0xff, 0xff, 0xff,
    0xff, 0xec, 0xff, 0xf9, 0x7, 0xff, 0xe0, 0xef,
    0xfa, 0xd, 0xc9, 0x76, 0x42, 0x10, 0x0, 0xbe,
    0x60, 0xb, 0xff, 0xc1, 0xff, 0xf7, 0x0, 0x0,
    0x0, 0x0, 0x0, 0x0, 0x20, 0x0, 0xf, 0xff,
    0xfd, 0xff, 0xf4, 0x6, 0xdd, 0xdd, 0xdd, 0xdd,
    0xdd, 0xdd, 0x0, 0x4, 0xff, 0xff, 0xff, 0xf0,
    0x7, 0xff, 0xff, 0xff, 0xff, 0xff, 0xff, 0x0,
    0x0, 0x4f, 0xff, 0xff, 0xb0, 0x7, 0xff, 0xff,
    0xff, 0xff, 0xff, 0xff, 0x0, 0x0, 0x3, 0xff,
    0xff, 0xc0, 0x7, 0xff, 0xf6, 0x66, 0x66, 0xcf,
    0xff, 0x0, 0x0, 0x0, 0xdf, 0xff, 0xfa, 0x7,
    0xff, 0xe0, 0x0, 0x0, 0x9f, 0xff, 0x0, 0x0,
    0x8, 0xff, 0xff, 0xff, 0x67, 0xff, 0xe0, 0x0,
    0x0, 0x9f, 0xff, 0x0, 0x0, 0x4f, 0xff, 0xff,
    0xff, 0x27, 0xff, 0xe0, 0x0, 0x0, 0x9f, 0xff,
    0x0, 0x6, 0xff, 0xff, 0x7a, 0xf5, 0x7, 0xff,
    0xff, 0xff, 0xff, 0xff, 0xff, 0x0, 0x2f, 0xff,
    0xfa, 0x0, 0x70, 0x7, 0xff, 0xff, 0xff, 0xff,
    0xff, 0xff, 0x0, 0x5, 0xff, 0xa0, 0x0, 0x0,
    0x7, 0xff, 0xff, 0xff, 0xff, 0xff, 0xff, 0x0,
    0x0, 0x87, 0x0, 0x0, 0x0, 0x7, 0xff, 0xf5,
    0x55, 0x55, 0xbf, 0xff, 0x0,

    /* U+5B8C "完" */
    0x0, 0x0, 0x0, 0x0, 0x0, 0x0, 0x3, 0x30,
    0x0, 0x0, 0x0, 0x0, 0x0, 0x0, 0x0, 0x0,
    0x0, 0x0, 0x3a, 0xef, 0xc0, 0x0, 0x0, 0x0,
    0x0, 0x0, 0x0, 0x0, 0x0, 0x0, 0x0, 0x3f,
    0xff, 0xf3, 0x0, 0x0, 0x0, 0x0, 0x0, 0x1,
    0xaa, 0xaa, 0xaa, 0xaa, 0xaf, 0xff, 0xfd, 0xaa,
    0xaa, 0xaa, 0xaa, 0x50, 0x2, 0xff, 0xff, 0xff,
    0xff, 0xff, 0xff, 0xff, 0xff, 0xff, 0xff, 0xff,
    0x70, 0x2, 0xff, 0xff, 0xff, 0xff, 0xff, 0xff,
    0xff, 0xff, 0xff, 0xff, 0xff, 0x70, 0x2, 0xff,
    0xff, 0xff, 0xff, 0xff, 0xff, 0xff, 0xff, 0xff,
    0xff, 0xff, 0x70, 0x2, 0xff, 0xfa, 0x0, 0x0,
    0x0, 0x0, 0x0, 0x0, 0x0, 0x7f, 0xff, 0x70,
    0x2, 0xff, 0xfa, 0x47, 0x77, 0x77, 0x77, 0x77,
    0x77, 0x74, 0x7f, 0xff, 0x70, 0x2, 0xff, 0xfa,
    0x8f, 0xff, 0xff, 0xff, 0xff, 0xff, 0xf9, 0x7f,
    0xff, 0x70, 0x0, 0x33, 0x32, 0x8f, 0xff, 0xff,
    0xff, 0xff, 0xff, 0xf9, 0x13, 0x33, 0x10, 0x0,
    0x0, 0x0, 0x7f, 0xff, 0xff, 0xff, 0xff, 0xff,
    0xf9, 0x0, 0x0, 0x0, 0x0, 0x0, 0x0, 0x0,
    0x0, 0x0, 0x0, 0x0, 0x0, 0x0, 0x0, 0x0,
    0x0, 0x7, 0xff, 0xff, 0xff, 0xff, 0xff, 0xff,
    0xff, 0xff, 0xff, 0xff, 0xff, 0xe0, 0x7, 0xff,
    0xff, 0xff, 0xff, 0xff, 0xff, 0xff, 0xff, 0xff,
    0xff, 0xff, 0xe0, 0x7, 0xff, 0xff, 0xff, 0xff,
    0xff, 0xff, 0xff, 0xff, 0xff, 0xff, 0xff, 0xe0,
    0x4, 0x99, 0x99, 0x9c, 0xff, 0xfc, 0x99, 0xdf,
    0xff, 0xb9, 0x99, 0x99, 0x80, 0x0, 0x0, 0x0,
    0x8, 0xff, 0xf5, 0x0, 0x9f, 0xff, 0x40, 0x0,
    0x0, 0x0, 0x0, 0x0, 0x0, 0xb, 0xff, 0xf3,
    0x0, 0x9f, 0xff, 0x40, 0x0, 0x10, 0x0, 0x0,
    0x0, 0x0, 0x3f, 0xff, 0xf1, 0x0, 0x9f, 0xff,
    0x40, 0x0, 0xf9, 0x30, 0x0, 0x0, 0x2, 0xdf,
    0xff, 0xc0, 0x0, 0x9f, 0xff, 0x40, 0x1, 0xff,
    0xf6, 0x0, 0x26, 0xbf, 0xff, 0xff, 0x40, 0x0,
    0x8f, 0xff, 0xb6, 0x6a, 0xff, 0xf4, 0xb, 0xff,
    0xff, 0xff, 0xf7, 0x0, 0x0, 0x6f, 0xff, 0xff,
    0xff, 0xff, 0xf0, 0x1, 0xef, 0xff, 0xfe, 0x50,
    0x0, 0x0, 0x1f, 0xff, 0xff, 0xff, 0xff, 0x80,
    0x0, 0x7f, 0xfb, 0x50, 0x0, 0x0, 0x0, 0x3,
    0xbe, 0xff, 0xff, 0xd8, 0x0, 0x0, 0x3, 0x0,
    0x0, 0x0, 0x0, 0x0, 0x0, 0x0, 0x0, 0x0,
    0x0, 0x0,

    /* U+5B9A "定" */
    0x0, 0x0, 0x0, 0x0, 0x0, 0x0, 0x15, 0x30,
    0x0, 0x0, 0x0, 0x0, 0x0, 0x0, 0x0, 0x0,
    0x0, 0x0, 0x3c, 0xff, 0xc0, 0x0, 0x0, 0x0,
    0x0, 0x0, 0x0, 0x0, 0x0, 0x0, 0x0, 0x1f,
    0xff, 0xf3, 0x0, 0x0, 0x0, 0x0, 0x0, 0x1,
    0x99, 0x99, 0x99, 0x99, 0x9e, 0xff, 0xfc, 0x99,
    0x99, 0x99, 0x99, 0x70, 0x1, 0xff, 0xff, 0xff,
    0xff, 0xff, 0xff, 0xff, 0xff, 0xff, 0xff, 0xff,
    0xd0, 0x1, 0xff, 0xff, 0xff, 0xff, 0xff, 0xff,
    0xff, 0xff, 0xff, 0xff, 0xff, 0xd0, 0x1, 0xff,
    0xff, 0xff, 0xff, 0xff, 0xff, 0xff, 0xff, 0xff,
    0xff, 0xff, 0xd0, 0x1, 0xff, 0xf9, 0x0, 0x0,
    0x0, 0x0, 0x0, 0x0, 0x0, 0x1f, 0xff, 0xd0,
    0x1, 0xff, 0xf9, 0x0, 0x0, 0x0, 0x0, 0x0,
    0x0, 0x0, 0x1f, 0xff, 0xd0, 0x1, 0xff, 0xf9,
    0xcf, 0xff, 0xff, 0xff, 0xff, 0xff, 0xff, 0x6f,
    0xff, 0xd0, 0x0, 0x66, 0x64, 0xcf, 0xff, 0xff,
    0xff, 0xff, 0xff, 0xff, 0x56, 0x66, 0x50, 0x0,
    0x0, 0x0, 0xcf, 0xff, 0xff, 0xff, 0xff, 0xff,
    0xff, 0x50, 0x0, 0x0, 0x0, 0x0, 0x0, 0x78,
    0x88, 0x8e, 0xff, 0xf9, 0x88, 0x88, 0x20, 0x0,
    0x0, 0x0, 0x0, 0xa, 0x98, 0x60, 0xd, 0xff,
    0xf1, 0x0, 0x0, 0x0, 0x0, 0x0, 0x0, 0x0,
    0x1f, 0xff, 0xc0, 0xd, 0xff, 0xf1, 0x0, 0x0,
    0x0, 0x0, 0x0, 0x0, 0x0, 0x3f, 0xff, 0x90,
    0xd, 0xff, 0xff, 0xff, 0xff, 0xfe, 0x0, 0x0,
    0x0, 0x0, 0x6f, 0xff, 0x70, 0xd, 0xff, 0xff,
    0xff, 0xff, 0xfe, 0x0, 0x0, 0x0, 0x0, 0xbf,
    0xff, 0xe0, 0xd, 0xff, 0xff, 0xff, 0xff, 0xfe,
    0x0, 0x0, 0x0, 0x0, 0xff, 0xff, 0xf8, 0xd,
    0xff, 0xf8, 0x77, 0x77, 0x76, 0x0, 0x0, 0x0,
    0x8, 0xff, 0xff, 0xff, 0x8d, 0xff, 0xf1, 0x0,
    0x0, 0x0, 0x0, 0x0, 0x0, 0x1f, 0xff, 0xff,
    0xff, 0xff, 0xff, 0xf1, 0x0, 0x0, 0x0, 0x0,
    0x0, 0x0, 0xcf, 0xff, 0xb5, 0xff, 0xff, 0xff,
    0xfd, 0xcc, 0xcc, 0xcc, 0xcc, 0xc6, 0xc, 0xff,
    0xff, 0x20, 0x6f, 0xff, 0xff, 0xff, 0xff, 0xff,
    0xff, 0xff, 0xf1, 0x6, 0xff, 0xf8, 0x0, 0x3,
    0xbf, 0xff, 0xff, 0xff, 0xff, 0xff, 0xff, 0xb0,
    0x0, 0x3e, 0x90, 0x0, 0x0, 0x3, 0x7a, 0xde,
    0xff, 0xff, 0xff, 0xff, 0x70, 0x0, 0x2, 0x0,
    0x0, 0x0, 0x0, 0x0, 0x0, 0x0, 0x0, 0x0,
    0x0, 0x0,

    /* U+5BA3 "宣" */
    0x0, 0x0, 0x0, 0x0, 0x0, 0x1, 0x50, 0x0,
    0x0, 0x0, 0x0, 0x0, 0x0, 0x0, 0x0, 0x0,
    0x6, 0xcf, 0xf4, 0x0, 0x0, 0x0, 0x0, 0x0,
    0x24, 0x44, 0x44, 0x44, 0x4a, 0xff, 0xfc, 0x44,
    0x44, 0x44, 0x44, 0x40, 0x7f, 0xff, 0xff, 0xff,
    0xff, 0xff, 0xff, 0xff, 0xff, 0xff, 0xff, 0xf0,
    0x7f, 0xff, 0xff, 0xff, 0xff, 0xff, 0xff, 0xff,
    0xff, 0xff, 0xff, 0xf0, 0x7f, 0xff, 0xff, 0xff,
    0xff, 0xff, 0xff, 0xff, 0xff, 0xff, 0xff, 0xf0,
    0x7f, 0xff, 0x31, 0x11, 0x11, 0x11, 0x11, 0x11,
    0x11, 0xd, 0xff, 0xf0, 0x7f, 0xff, 0x3f, 0xff,
    0xff, 0xff, 0xff, 0xff, 0xff, 0x7c, 0xff, 0xf0,
    0x7f, 0xff, 0x3f, 0xff, 0xff, 0xff, 0xff, 0xff,
    0xff, 0x7c, 0xff, 0xf0, 0x0, 0x0, 0xe, 0xee,
    0xee, 0xee, 0xee, 0xee, 0xee, 0x60, 0x0, 0x0,
    0x0, 0x0, 0x0, 0x0, 0x0, 0x0, 0x0, 0x0,
    0x0, 0x0, 0x0, 0x0, 0x0, 0x0, 0xdf, 0xff,
    0xff, 0xff, 0xff, 0xff, 0xff, 0xf4, 0x0, 0x0,
    0x0, 0x0, 0xdf, 0xff, 0xff, 0xff, 0xff, 0xff,
    0xff, 0xf4, 0x0, 0x0, 0x0, 0x0, 0xdf, 0xff,
    0xbb, 0xbb, 0xbb, 0xbe, 0xff, 0xf4, 0x0, 0x0,
    0x0, 0x0, 0xdf, 0xfd, 0x77, 0x77, 0x77, 0x7b,
    0xff, 0xf4, 0x0, 0x0, 0x0, 0x0, 0xdf, 0xff,
    0xff, 0xff, 0xff, 0xff, 0xff, 0xf4, 0x0, 0x0,
    0x0, 0x0, 0xdf, 0xff, 0xff, 0xff, 0xff, 0xff,
    0xff, 0xf4, 0x0, 0x0, 0x0, 0x0, 0xdf, 0xfc,
    0x22, 0x22, 0x22, 0x29, 0xff, 0xf4, 0x0, 0x0,
    0x0, 0x0, 0xdf, 0xff, 0xff, 0xff, 0xff, 0xff,
    0xff, 0xf4, 0x0, 0x0, 0x0, 0x0, 0xdf, 0xff,
    0xff, 0xff, 0xff, 0xff, 0xff, 0xf4, 0x0, 0x0,
    0x0, 0x0, 0xab, 0xbb, 0xbb, 0xbb, 0xbb, 0xbb,
    0xbb, 0xb3, 0x0, 0x0, 0x56, 0x66, 0x66, 0x66,
    0x66, 0x66, 0x66, 0x66, 0x66, 0x66, 0x66, 0x62,
    0xdf, 0xff, 0xff, 0xff, 0xff, 0xff, 0xff, 0xff,
    0xff, 0xff, 0xff, 0xf5, 0xdf, 0xff, 0xff, 0xff,
    0xff, 0xff, 0xff, 0xff, 0xff, 0xff, 0xff, 0xf5,
    0xcf, 0xff, 0xff, 0xff, 0xff, 0xff, 0xff, 0xff,
    0xff, 0xff, 0xff, 0xf5,

    /* U+5BA4 "室" */
    0x0, 0x0, 0x0, 0x0, 0x0, 0x2, 0x64, 0x0,
    0x0, 0x0, 0x0, 0x0, 0x0, 0x0, 0x0, 0x0,
    0x2, 0xdf, 0xfd, 0x0, 0x0, 0x0, 0x0, 0x0,
    0x24, 0x44, 0x44, 0x44, 0x44, 0xff, 0xff, 0x74,
    0x44, 0x44, 0x44, 0x43, 0x9f, 0xff, 0xff, 0xff,
    0xff, 0xff, 0xff, 0xff, 0xff, 0xff, 0xff, 0xfb,
    0x9f, 0xff, 0xff, 0xff, 0xff, 0xff, 0xff, 0xff,
    0xff, 0xff, 0xff, 0xfb, 0x9f, 0xff, 0xff, 0xff,
    0xff, 0xff, 0xff, 0xff, 0xff, 0xff, 0xff, 0xfb,
    0x9f, 0xff, 0x31, 0x11, 0x11, 0x11, 0x11, 0x11,
    0x11, 0x13, 0xff, 0xfb, 0x9f, 0xff, 0xed, 0xdd,
    0xdd, 0xdd, 0xdd, 0xdd, 0xdd, 0xde, 0xff, 0xfb,
    0x0, 0x9, 0xff, 0xff, 0xff, 0xff, 0xff, 0xff,
    0xff, 0xff, 0xb0, 0x0, 0x0, 0x9, 0xff, 0xff,
    0xff, 0xff, 0xff, 0xff, 0xff, 0xff, 0xb0, 0x0,
    0x0, 0x3, 0x56, 0xef, 0xff, 0xe5, 0x55, 0x7f,
    0xff, 0xf6, 0x30, 0x0, 0x0, 0x0, 0x2d, 0xff,
    0xfd, 0x10, 0x0, 0x4f, 0xff, 0xfc, 0x10, 0x0,
    0x0, 0x7, 0xff, 0xff, 0xfc, 0xbc, 0xde, 0xff,
    0xff, 0xff, 0xd0, 0x0, 0x0, 0xe, 0xff, 0xff,
    0xff, 0xff, 0xff, 0xff, 0xff, 0xff, 0xfb, 0x0,
    0x0, 0x8, 0xff, 0xff, 0xff, 0xff, 0xff, 0xed,
    0xca, 0xef, 0xfc, 0x10, 0x0, 0x3, 0xeb, 0x97,
    0x65, 0xdc, 0xb8, 0x0, 0x0, 0x3e, 0x70, 0x0,
    0x0, 0x14, 0x44, 0x44, 0x44, 0xff, 0xfe, 0x44,
    0x44, 0x44, 0x43, 0x0, 0x0, 0x4f, 0xff, 0xff,
    0xff, 0xff, 0xff, 0xff, 0xff, 0xff, 0xfe, 0x0,
    0x0, 0x4f, 0xff, 0xff, 0xff, 0xff, 0xff, 0xff,
    0xff, 0xff, 0xfe, 0x0, 0x0, 0x4f, 0xff, 0xff,
    0xff, 0xff, 0xff, 0xff, 0xff, 0xff, 0xfd, 0x0,
    0x0, 0x0, 0x0, 0x0, 0x0, 0xff, 0xfd, 0x0,
    0x0, 0x0, 0x0, 0x0, 0x35, 0x55, 0x55, 0x55,
    0x55, 0xff, 0xfe, 0x55, 0x55, 0x55, 0x55, 0x54,
    0x8f, 0xff, 0xff, 0xff, 0xff, 0xff, 0xff, 0xff,
    0xff, 0xff, 0xff, 0xfd, 0x8f, 0xff, 0xff, 0xff,
    0xff, 0xff, 0xff, 0xff, 0xff, 0xff, 0xff, 0xfd,
    0x8f, 0xff, 0xff, 0xff, 0xff, 0xff, 0xff, 0xff,
    0xff, 0xff, 0xff, 0xfc,

    /* U+5BB6 "家" */
    0x0, 0x0, 0x0, 0x0, 0x0, 0x0, 0x16, 0x20,
    0x0, 0x0, 0x0, 0x0, 0x0, 0x0, 0x0, 0x0,
    0x0, 0x0, 0x7d, 0xff, 0x90, 0x0, 0x0, 0x0,
    0x0, 0x0, 0x3, 0x44, 0x44, 0x44, 0x44, 0xbf,
    0xff, 0xf5, 0x44, 0x44, 0x44, 0x44, 0x0, 0x9,
    0xff, 0xff, 0xff, 0xff, 0xff, 0xff, 0xff, 0xff,
    0xff, 0xff, 0xff, 0x10, 0x9, 0xff, 0xff, 0xff,
    0xff, 0xff, 0xff, 0xff, 0xff, 0xff, 0xff, 0xff,
    0x10, 0x9, 0xff, 0xff, 0xff, 0xff, 0xff, 0xff,
    0xff, 0xff, 0xff, 0xff, 0xff, 0x10, 0x9, 0xff,
    0xf3, 0x22, 0x22, 0x22, 0x22, 0x22, 0x22, 0x22,
    0xcf, 0xff, 0x10, 0x9, 0xff, 0xf8, 0xff, 0xff,
    0xff, 0xff, 0xff, 0xff, 0xfb, 0xcf, 0xff, 0x10,
    0x9, 0xee, 0xe8, 0xff, 0xff, 0xff, 0xff, 0xff,
    0xff, 0xfb, 0xbe, 0xee, 0x10, 0x0, 0x0, 0x7,
    0xff, 0xff, 0xff, 0xff, 0xff, 0xff, 0xfb, 0x0,
    0x0, 0x0, 0x0, 0x0, 0x0, 0x26, 0xcf, 0xff,
    0xfc, 0x21, 0x11, 0x3a, 0x10, 0x0, 0x0, 0x0,
    0x1, 0x59, 0xef, 0xff, 0xff, 0xf5, 0x0, 0x2,
    0xdf, 0xe4, 0x0, 0x0, 0x4, 0xef, 0xff, 0xff,
    0xff, 0xef, 0xff, 0x30, 0x4e, 0xff, 0xff, 0x40,
    0x0, 0x0, 0xcf, 0xff, 0xfd, 0x74, 0xcf, 0xff,
    0xd8, 0xff, 0xff, 0xe5, 0x0, 0x0, 0x0, 0x2f,
    0xd8, 0x45, 0xbf, 0xff, 0xff, 0xff, 0xff, 0xfd,
    0x10, 0x0, 0x0, 0x0, 0x1, 0x49, 0xef, 0xff,
    0xfc, 0xef, 0xff, 0xff, 0xff, 0x0, 0x0, 0x0,
    0x6, 0xbe, 0xff, 0xff, 0xfd, 0x57, 0xff, 0xff,
    0xcf, 0xff, 0x70, 0x0, 0x0, 0x4, 0xff, 0xff,
    0xfb, 0x44, 0xdf, 0xff, 0xff, 0x4d, 0xff, 0xf2,
    0x0, 0x0, 0x0, 0x9f, 0xd7, 0x15, 0xcf, 0xff,
    0xff, 0xff, 0x56, 0xff, 0xfd, 0x10, 0x0, 0x0,
    0x13, 0x28, 0xef, 0xff, 0xfe, 0xaf, 0xff, 0x50,
    0xdf, 0xff, 0xd2, 0x0, 0x4, 0x9d, 0xff, 0xff,
    0xff, 0x81, 0x9f, 0xff, 0x40, 0x3f, 0xff, 0xff,
    0x90, 0xc, 0xff, 0xff, 0xff, 0xca, 0x79, 0xff,
    0xff, 0x10, 0x5, 0xff, 0xff, 0x80, 0x2, 0xff,
    0xfe, 0x81, 0xe, 0xff, 0xff, 0xfb, 0x0, 0x0,
    0x5f, 0xfa, 0x0, 0x0, 0x8b, 0x50, 0x0, 0xa,
    0xff, 0xff, 0xe1, 0x0, 0x0, 0x1, 0x91, 0x0,
    0x0, 0x0, 0x0, 0x0, 0x7, 0xff, 0xd9, 0x10,
    0x0, 0x0, 0x0, 0x0, 0x0, 0x0, 0x0, 0x0,
    0x0, 0x0, 0x0, 0x0, 0x0, 0x0, 0x0, 0x0,
    0x0, 0x0,

    /* U+5BC6 "密" */
    0x0, 0x0, 0x0, 0x0, 0x0, 0x0, 0x36, 0x40,
    0x0, 0x0, 0x0, 0x0, 0x0, 0x0, 0x0, 0x0,
    0x0, 0x0, 0x1f, 0xff, 0xc0, 0x0, 0x0, 0x0,
    0x0, 0x0, 0x0, 0x55, 0x55, 0x55, 0x55, 0x5e,
    0xff, 0xf6, 0x55, 0x55, 0x55, 0x55, 0x30, 0x1,
    0xff, 0xff, 0xff, 0xff, 0xff, 0xff, 0xff, 0xff,
    0xff, 0xff, 0xff, 0x90, 0x1, 0xff, 0xff, 0xff,
    0xff, 0xff, 0xff, 0xff, 0xff, 0xff, 0xff, 0xff,
    0x90, 0x1, 0xff, 0xff, 0xff, 0xff, 0xff, 0xff,
    0xff, 0xff, 0xff, 0xff, 0xff, 0x90, 0x1, 0xff,
    0xf9, 0x0, 0xa, 0xff, 0xe7, 0x0, 0x1a, 0x40,
    0x3f, 0xff, 0x90, 0x1, 0xff, 0xf9, 0x0, 0x1c,
    0xff, 0xff, 0xb1, 0xdf, 0xfc, 0x7f, 0xff, 0x90,
    0x0, 0x55, 0xb4, 0x4, 0xaa, 0xdb, 0xff, 0x5e,
    0xff, 0xfc, 0x28, 0x55, 0x30, 0x0, 0x6, 0xff,
    0xa8, 0xff, 0xe0, 0x4b, 0xff, 0xff, 0xb2, 0xbf,
    0x60, 0x0, 0x0, 0x1e, 0xff, 0xe7, 0xff, 0xe2,
    0xcf, 0xff, 0xfa, 0xd, 0xff, 0xf7, 0x0, 0x1,
    0xdf, 0xff, 0x56, 0xff, 0xff, 0xff, 0xff, 0x63,
    0x95, 0xef, 0xff, 0x60, 0x8, 0xff, 0xfa, 0x8,
    0xff, 0xff, 0xff, 0xc2, 0x7, 0xff, 0xdf, 0xff,
    0xf4, 0x0, 0x4d, 0xf8, 0xdf, 0xff, 0xff, 0xff,
    0xdd, 0xdf, 0xff, 0x84, 0xff, 0xc2, 0x5, 0x9d,
    0xff, 0xff, 0xff, 0xff, 0xff, 0xff, 0xff, 0xff,
    0x20, 0x88, 0x0, 0xb, 0xff, 0xff, 0xff, 0xeb,
    0xff, 0xff, 0xff, 0xff, 0xc4, 0x0, 0x0, 0x0,
    0x1, 0xef, 0xff, 0xa4, 0x0, 0x5, 0x88, 0x81,
    0x0, 0x1, 0x11, 0x10, 0x0, 0x0, 0x6b, 0xa5,
    0x43, 0x0, 0xb, 0xff, 0xf1, 0x0, 0x1f, 0xff,
    0xb0, 0x0, 0x0, 0x0, 0xff, 0xfa, 0x0, 0xb,
    0xff, 0xf1, 0x0, 0x1f, 0xff, 0xb0, 0x0, 0x0,
    0x0, 0xff, 0xfa, 0x0, 0xb, 0xff, 0xf1, 0x0,
    0x1f, 0xff, 0xb0, 0x0, 0x0, 0x0, 0xff, 0xfa,
    0x0, 0xb, 0xff, 0xf1, 0x0, 0x1f, 0xff, 0xb0,
    0x0, 0x0, 0x0, 0xff, 0xff, 0xff, 0xff, 0xff,
    0xff, 0xff, 0xff, 0xff, 0xb0, 0x0, 0x0, 0x0,
    0xff, 0xff, 0xff, 0xff, 0xff, 0xff, 0xff, 0xff,
    0xff, 0xb0, 0x0, 0x0, 0x0, 0xff, 0xff, 0xff,
    0xff, 0xff, 0xff, 0xff, 0xff, 0xff, 0xb0, 0x0,
    0x0, 0x0, 0x99, 0x99, 0x99, 0x99, 0x99, 0x99,
    0x99, 0xaf, 0xff, 0xb0, 0x0,

    /* U+5BF9 "对" */
    0x0, 0x0, 0x0, 0x0, 0x0, 0x0, 0x0, 0x0,
    0x0, 0x3, 0x33, 0x10, 0x0, 0x0, 0x0, 0x0,
    0x0, 0x0, 0x0, 0x0, 0x0, 0x0, 0x4f, 0xff,
    0x70, 0x0, 0x0, 0x0, 0x0, 0x0, 0x0, 0x0,
    0x0, 0x0, 0x0, 0x4f, 0xff, 0x70, 0x0, 0x2,
    0x44, 0x44, 0x44, 0x45, 0x30, 0x0, 0x0, 0x0,
    0x4f, 0xff, 0x70, 0x0, 0x8, 0xff, 0xff, 0xff,
    0xff, 0xff, 0x30, 0x0, 0x0, 0x4f, 0xff, 0x70,
    0x0, 0x8, 0xff, 0xff, 0xff, 0xff, 0xff, 0x20,
    0x0, 0x0, 0x4f, 0xff, 0x70, 0x0, 0x8, 0xff,
    0xff, 0xff, 0xff, 0xff, 0x4a, 0xaa, 0xaa, 0xbf,
    0xff, 0xda, 0xa0, 0x2, 0x44, 0x44, 0x44, 0xef,
    0xfd, 0x7f, 0xff, 0xff, 0xff, 0xff, 0xff, 0xf1,
    0x0, 0x0, 0x0, 0x1, 0xff, 0xfa, 0x7f, 0xff,
    0xff, 0xff, 0xff, 0xff, 0xf1, 0x0, 0x8, 0x20,
    0x5, 0xff, 0xf8, 0x6f, 0xff, 0xff, 0xff, 0xff,
    0xff, 0xf1, 0x0, 0xaf, 0xe4, 0x8, 0xff, 0xf5,
    0x0, 0x0, 0x0, 0x4f, 0xff, 0x70, 0x0, 0x9,
    0xff, 0xff, 0x6c, 0xff, 0xf0, 0x0, 0x40, 0x0,
    0x4f, 0xff, 0x70, 0x0, 0x1, 0xdf, 0xff, 0xff,
    0xff, 0xc0, 0x4c, 0xf9, 0x0, 0x4f, 0xff, 0x70,
    0x0, 0x0, 0x1c, 0xff, 0xff, 0xff, 0x70, 0xcf,
    0xff, 0x40, 0x4f, 0xff, 0x70, 0x0, 0x0, 0x0,
    0xbf, 0xff, 0xff, 0x30, 0x2f, 0xff, 0xd0, 0x4f,
    0xff, 0x70, 0x0, 0x0, 0x0, 0xb, 0xff, 0xff,
    0x90, 0x9, 0xff, 0xf5, 0x4f, 0xff, 0x70, 0x0,
    0x0, 0x0, 0xd, 0xff, 0xff, 0xf7, 0x2, 0xff,
    0xfa, 0x4f, 0xff, 0x70, 0x0, 0x0, 0x0, 0x8f,
    0xff, 0xff, 0xff, 0x50, 0xce, 0x60, 0x4f, 0xff,
    0x70, 0x0, 0x0, 0x3, 0xff, 0xff, 0xff, 0xff,
    0xe1, 0x20, 0x0, 0x4f, 0xff, 0x70, 0x0, 0x0,
    0x1d, 0xff, 0xfd, 0x2f, 0xff, 0xd1, 0x0, 0x0,
    0x4f, 0xff, 0x70, 0x0, 0x1, 0xcf, 0xff, 0xf3,
    0x5, 0xfd, 0x10, 0x0, 0x0, 0x5f, 0xff, 0x70,
    0x0, 0x2d, 0xff, 0xff, 0x70, 0x0, 0x81, 0x0,
    0xd, 0xff, 0xff, 0xff, 0x60, 0x0, 0x1d, 0xff,
    0xfa, 0x0, 0x0, 0x0, 0x0, 0x7, 0xff, 0xff,
    0xff, 0x40, 0x0, 0x1, 0xef, 0xa0, 0x0, 0x0,
    0x0, 0x0, 0x3, 0xff, 0xff, 0xfc, 0x0, 0x0,
    0x0, 0x39, 0x0, 0x0, 0x0, 0x0, 0x0, 0x0,
    0xfe, 0xdb, 0x60, 0x0, 0x0,

    /* U+5BFB "寻" */
    0x0, 0x0, 0x0, 0x0, 0x0, 0x0, 0x0, 0x0,
    0x0, 0x0, 0x0, 0x0, 0x0, 0x1, 0xff, 0xff,
    0xff, 0xff, 0xff, 0xff, 0xff, 0xff, 0xfc, 0x0,
    0x0, 0x0, 0x1f, 0xff, 0xff, 0xff, 0xff, 0xff,
    0xff, 0xff, 0xff, 0xc0, 0x0, 0x0, 0x1, 0xbb,
    0xbb, 0xbb, 0xbb, 0xbb, 0xbb, 0xbc, 0xff, 0xfc,
    0x0, 0x0, 0x0, 0x0, 0x0, 0x0, 0x0, 0x0,
    0x0, 0x0, 0x3f, 0xff, 0xc0, 0x0, 0x0, 0x0,
    0x3f, 0xff, 0xff, 0xff, 0xff, 0xff, 0xff, 0xff,
    0xfc, 0x0, 0x0, 0x0, 0x3, 0xff, 0xff, 0xff,
    0xff, 0xff, 0xff, 0xff, 0xff, 0xc0, 0x0, 0x0,
    0x0, 0x2d, 0xdd, 0xdd, 0xdd, 0xdd, 0xdd, 0xdd,
    0xff, 0xfc, 0x0, 0x0, 0x0, 0x0, 0x0, 0x0,
    0x0, 0x0, 0x0, 0x0, 0x3f, 0xff, 0xc0, 0x0,
    0x0, 0x3, 0xff, 0xff, 0xff, 0xff, 0xff, 0xff,
    0xff, 0xff, 0xfc, 0x0, 0x0, 0x0, 0x3f, 0xff,
    0xff, 0xff, 0xff, 0xff, 0xff, 0xff, 0xff, 0xc0,
    0x0, 0x0, 0x2, 0xbb, 0xbb, 0xbb, 0xbb, 0xbb,
    0xbc, 0xff, 0xfe, 0xb9, 0x0, 0x0, 0x0, 0x0,
    0x0, 0x0, 0x0, 0x0, 0x0, 0x3f, 0xff, 0xb0,
    0x0, 0x0, 0x4, 0xff, 0xff, 0xff, 0xff, 0xff,
    0xff, 0xff, 0xff, 0xff, 0xff, 0xff, 0xf0, 0x4f,
    0xff, 0xff, 0xff, 0xff, 0xff, 0xff, 0xff, 0xff,
    0xff, 0xff, 0xff, 0x4, 0xff, 0xff, 0xff, 0xff,
    0xff, 0xff, 0xff, 0xff, 0xff, 0xff, 0xff, 0xf0,
    0x28, 0x88, 0x8d, 0xff, 0xb8, 0x88, 0x88, 0xaf,
    0xff, 0xd8, 0x88, 0x88, 0x0, 0x0, 0x6, 0xff,
    0xfe, 0x20, 0x0, 0x2, 0xff, 0xfa, 0x0, 0x0,
    0x0, 0x0, 0x0, 0x9, 0xff, 0xfe, 0x10, 0x0,
    0x2f, 0xff, 0xa0, 0x0, 0x0, 0x0, 0x0, 0x0,
    0xa, 0xff, 0xf7, 0x0, 0x3, 0xff, 0xfa, 0x0,
    0x0, 0x0, 0x0, 0x0, 0x0, 0xd, 0xd4, 0x2c,
    0xcc, 0xdf, 0xff, 0xa0, 0x0, 0x0, 0x0, 0x0,
    0x0, 0x0, 0x20, 0x0, 0xdf, 0xff, 0xff, 0xf8,
    0x0, 0x0, 0x0, 0x0, 0x0, 0x0, 0x0, 0x0,
    0x8, 0xff, 0xff, 0xff, 0x20, 0x0, 0x0, 0x0,
    0x0, 0x0, 0x0, 0x0, 0x0, 0x4f, 0xfe, 0xc8,
    0x20, 0x0, 0x0, 0x0, 0x0, 0x0, 0x0, 0x0,
    0x0, 0x0, 0x0, 0x0, 0x0, 0x0, 0x0, 0x0,
    0x0,

    /* U+5C11 "少" */
    0x0, 0x0, 0x0, 0x0, 0x0, 0x2, 0x22, 0x10,
    0x0, 0x0, 0x0, 0x0, 0x0, 0x0, 0x0, 0x0,
    0x0, 0x0, 0x1f, 0xff, 0xb0, 0x0, 0x0, 0x0,
    0x0, 0x0, 0x0, 0x0, 0x0, 0x0, 0x0, 0x1f,
    0xff, 0xb0, 0x0, 0x0, 0x0, 0x0, 0x0, 0x0,
    0x0, 0x0, 0x0, 0x0, 0x1f, 0xff, 0xb0, 0x0,
    0x0, 0x0, 0x0, 0x0, 0x0, 0x0, 0x4, 0x40,
    0x0, 0x1f, 0xff, 0xb0, 0x0, 0x3, 0x70, 0x0,
    0x0, 0x0, 0x0, 0xe, 0xff, 0xc0, 0x1f, 0xff,
    0xb0, 0x2, 0xaf, 0xf3, 0x0, 0x0, 0x0, 0x0,
    0x5f, 0xff, 0xa0, 0x1f, 0xff, 0xb0, 0x3, 0xff,
    0xfd, 0x0, 0x0, 0x0, 0x0, 0xbf, 0xff, 0x30,
    0x1f, 0xff, 0xb0, 0x0, 0xaf, 0xff, 0x60, 0x0,
    0x0, 0x2, 0xff, 0xfc, 0x0, 0x1f, 0xff, 0xb0,
    0x0, 0x2f, 0xff, 0xf1, 0x0, 0x0, 0xa, 0xff,
    0xf5, 0x0, 0x1f, 0xff, 0xb0, 0x0, 0x8, 0xff,
    0xf9, 0x0, 0x0, 0x3f, 0xff, 0xd0, 0x0, 0x1f,
    0xff, 0xb0, 0x0, 0x0, 0xef, 0xff, 0x20, 0x0,
    0xdf, 0xff, 0x50, 0x0, 0x1f, 0xff, 0xb0, 0x0,
    0x0, 0x7f, 0xff, 0xa0, 0x8, 0xff, 0xfc, 0x0,
    0x0, 0x1f, 0xff, 0xb0, 0x0, 0x0, 0xe, 0xff,
    0xf2, 0x5, 0xdf, 0xf3, 0x0, 0x0, 0x1f, 0xff,
    0xb0, 0x0, 0x0, 0x8, 0xfe, 0x60, 0x0, 0x6,
    0x80, 0x0, 0x0, 0x1f, 0xff, 0xb0, 0x0, 0x47,
    0x11, 0x91, 0x0, 0x0, 0x0, 0x0, 0x0, 0x0,
    0x1f, 0xff, 0xb0, 0x1, 0xef, 0xf9, 0x10, 0x0,
    0x0, 0x0, 0x0, 0x0, 0x0, 0x1f, 0xff, 0xb0,
    0x1d, 0xff, 0xfd, 0x0, 0x0, 0x0, 0x0, 0x0,
    0x0, 0x0, 0x3, 0x33, 0x22, 0xdf, 0xff, 0xf2,
    0x0, 0x0, 0x0, 0x0, 0x0, 0x0, 0x0, 0x0,
    0x0, 0x7f, 0xff, 0xff, 0x50, 0x0, 0x0, 0x0,
    0x0, 0x0, 0x0, 0x0, 0x1, 0x7e, 0xff, 0xff,
    0xf5, 0x0, 0x0, 0x0, 0x0, 0x0, 0x0, 0x1,
    0x59, 0xdf, 0xff, 0xff, 0xfd, 0x30, 0x0, 0x0,
    0x0, 0x14, 0x68, 0x9b, 0xdf, 0xff, 0xff, 0xff,
    0xff, 0x90, 0x0, 0x0, 0x0, 0x0, 0x1e, 0xff,
    0xff, 0xff, 0xff, 0xff, 0xff, 0x92, 0x0, 0x0,
    0x0, 0x0, 0x0, 0x7, 0xff, 0xff, 0xff, 0xff,
    0xfb, 0x60, 0x0, 0x0, 0x0, 0x0, 0x0, 0x0,
    0x1, 0xff, 0xfe, 0xca, 0x73, 0x0, 0x0, 0x0,
    0x0, 0x0, 0x0, 0x0, 0x0, 0x0, 0x43, 0x10,
    0x0, 0x0, 0x0, 0x0, 0x0, 0x0, 0x0, 0x0,
    0x0, 0x0,

    /* U+5C31 "就" */
    0x0, 0x0, 0x0, 0x0, 0x0, 0x0, 0x0, 0x0,
    0x0, 0x0, 0x0, 0x0, 0x0, 0x0, 0x0, 0x7,
    0xae, 0x70, 0x0, 0x0, 0x0, 0x6f, 0xff, 0x10,
    0x10, 0x0, 0x0, 0x0, 0xe, 0xff, 0xd0, 0x0,
    0x0, 0x0, 0x7f, 0xff, 0x6d, 0xc0, 0x0, 0x2,
    0x22, 0x2a, 0xff, 0xf5, 0x22, 0x20, 0x0, 0x7f,
    0xff, 0xef, 0xf9, 0x0, 0xe, 0xff, 0xff, 0xff,
    0xff, 0xff, 0xf0, 0x0, 0x7f, 0xff, 0x5f, 0xff,
    0x30, 0xe, 0xff, 0xff, 0xff, 0xff, 0xff, 0xf0,
    0x0, 0x7f, 0xff, 0x9, 0xff, 0xc0, 0xe, 0xff,
    0xff, 0xff, 0xff, 0xff, 0xf0, 0x0, 0x7f, 0xff,
    0x1, 0xfb, 0x20, 0x1, 0x11, 0x11, 0x11, 0x11,
    0x11, 0x14, 0x66, 0xbf, 0xff, 0x66, 0x97, 0x61,
    0x0, 0xef, 0xff, 0xff, 0xff, 0xff, 0x39, 0xff,
    0xff, 0xff, 0xff, 0xff, 0xf3, 0x0, 0xef, 0xff,
    0xff, 0xff, 0xff, 0x39, 0xff, 0xff, 0xff, 0xff,
    0xff, 0xf3, 0x0, 0xef, 0xfe, 0xee, 0xef, 0xff,
    0x38, 0xee, 0xff, 0xff, 0xee, 0xee, 0xe3, 0x0,
    0xef, 0xf4, 0x0, 0x2f, 0xff, 0x30, 0x0, 0xcf,
    0xfc, 0x64, 0x0, 0x0, 0x0, 0xef, 0xfd, 0xcc,
    0xdf, 0xff, 0x30, 0x0, 0xff, 0xff, 0xfa, 0x0,
    0x0, 0x0, 0xef, 0xff, 0xff, 0xff, 0xff, 0x30,
    0x1, 0xff, 0xff, 0xfa, 0x0, 0x0, 0x0, 0xef,
    0xff, 0xff, 0xff, 0xff, 0x30, 0x4, 0xff, 0xff,
    0xfa, 0x0, 0x0, 0x0, 0x56, 0x35, 0xff, 0xf1,
    0x7b, 0x0, 0x9, 0xff, 0xff, 0xfa, 0x0, 0x0,
    0x0, 0xbf, 0xfb, 0xff, 0xfc, 0xff, 0x50, 0xd,
    0xff, 0xff, 0xfa, 0x0, 0x0, 0x0, 0xff, 0xf7,
    0xff, 0xf6, 0xff, 0xc0, 0x3f, 0xff, 0xef, 0xfa,
    0x0, 0x0, 0x3, 0xff, 0xe5, 0xff, 0xf0, 0xef,
    0xf2, 0xaf, 0xfe, 0x9f, 0xfa, 0x15, 0x0, 0x9,
    0xff, 0x94, 0xff, 0xf0, 0x9f, 0xf8, 0xff, 0xf7,
    0x9f, 0xfa, 0x1f, 0xb4, 0x1f, 0xff, 0x34, 0xff,
    0xf0, 0x49, 0x2b, 0xff, 0xf1, 0x9f, 0xfa, 0x2f,
    0xfb, 0x5f, 0xfd, 0x16, 0xff, 0xf0, 0x0, 0x9f,
    0xff, 0xa0, 0x9f, 0xfa, 0x4f, 0xfa, 0x3, 0xda,
    0xff, 0xff, 0xe0, 0x6, 0xff, 0xfe, 0x10, 0x8f,
    0xff, 0xff, 0xf8, 0x0, 0x10, 0xef, 0xff, 0xa0,
    0x2, 0xdf, 0xf5, 0x0, 0x3f, 0xff, 0xff, 0xf3,
    0x0, 0x0, 0xaf, 0xe9, 0x0, 0x0, 0x1d, 0x80,
    0x0, 0x4, 0xac, 0xc9, 0x40, 0x0, 0x0, 0x0,
    0x0, 0x0, 0x0, 0x1, 0x0, 0x0, 0x0, 0x0,
    0x0, 0x0,

    /* U+5C40 "局" */
    0x0, 0x1, 0x11, 0x11, 0x11, 0x11, 0x11, 0x11,
    0x11, 0x11, 0x11, 0x0, 0x0, 0x0, 0x9f, 0xff,
    0xff, 0xff, 0xff, 0xff, 0xff, 0xff, 0xff, 0xf5,
    0x0, 0x0, 0x9, 0xff, 0xff, 0xff, 0xff, 0xff,
    0xff, 0xff, 0xff, 0xff, 0x50, 0x0, 0x0, 0x9f,
    0xff, 0xff, 0xff, 0xff, 0xff, 0xff, 0xff, 0xff,
    0xf5, 0x0, 0x0, 0x9, 0xff, 0xf2, 0x0, 0x0,
    0x0, 0x0, 0x0, 0x9f, 0xff, 0x50, 0x0, 0x0,
    0x9f, 0xff, 0x42, 0x22, 0x22, 0x22, 0x22, 0x2a,
    0xff, 0xf5, 0x0, 0x0, 0x9, 0xff, 0xff, 0xff,
    0xff, 0xff, 0xff, 0xff, 0xff, 0xff, 0x50, 0x0,
    0x0, 0xaf, 0xff, 0xff, 0xff, 0xff, 0xff, 0xff,
    0xff, 0xff, 0xf5, 0x0, 0x0, 0xa, 0xff, 0xff,
    0xff, 0xff, 0xff, 0xff, 0xff, 0xff, 0xff, 0x50,
    0x0, 0x0, 0xaf, 0xff, 0x10, 0x0, 0x0, 0x0,
    0x0, 0x0, 0x0, 0x0, 0x0, 0x0, 0xb, 0xff,
    0xff, 0xff, 0xff, 0xff, 0xff, 0xff, 0xff, 0xff,
    0xff, 0x40, 0x0, 0xcf, 0xff, 0xff, 0xff, 0xff,
    0xff, 0xff, 0xff, 0xff, 0xff, 0xf4, 0x0, 0xe,
    0xff, 0xff, 0xff, 0xff, 0xff, 0xff, 0xff, 0xff,
    0xff, 0xff, 0x30, 0x0, 0xff, 0xfd, 0x55, 0x55,
    0x55, 0x55, 0x55, 0x55, 0x5b, 0xff, 0xf3, 0x0,
    0x2f, 0xff, 0x90, 0x22, 0x22, 0x22, 0x22, 0x22,
    0x0, 0xaf, 0xff, 0x20, 0x6, 0xff, 0xf7, 0x4f,
    0xff, 0xff, 0xff, 0xff, 0xf1, 0xb, 0xff, 0xf1,
    0x0, 0xaf, 0xff, 0x44, 0xff, 0xff, 0xff, 0xff,
    0xff, 0x10, 0xbf, 0xff, 0x0, 0xe, 0xff, 0xf0,
    0x4f, 0xff, 0xdc, 0xce, 0xff, 0xf1, 0xd, 0xff,
    0xf0, 0x5, 0xff, 0xfc, 0x4, 0xff, 0xf1, 0x0,
    0x6f, 0xff, 0x10, 0xef, 0xfe, 0x0, 0xdf, 0xff,
    0x70, 0x4f, 0xff, 0xee, 0xef, 0xff, 0xf1, 0x2f,
    0xff, 0xc0, 0x6f, 0xff, 0xf2, 0x4, 0xff, 0xff,
    0xff, 0xff, 0xff, 0x8c, 0xff, 0xfa, 0x3, 0xef,
    0xfb, 0x0, 0x4f, 0xff, 0xff, 0xff, 0xff, 0xff,
    0xff, 0xff, 0x60, 0x1, 0xdf, 0x30, 0x4, 0xff,
    0xf2, 0x0, 0x0, 0xb, 0xff, 0xff, 0xe1, 0x0,
    0x1, 0x90, 0x0, 0x4f, 0xff, 0x10, 0x0, 0x0,
    0x7f, 0xfd, 0x91, 0x0,

    /* U+5DF1 "己" */
    0x5d, 0xdd, 0xdd, 0xdd, 0xdd, 0xdd, 0xdd, 0xdd,
    0xdd, 0xd3, 0x0, 0x6, 0xff, 0xff, 0xff, 0xff,
    0xff, 0xff, 0xff, 0xff, 0xff, 0x30, 0x0, 0x6f,
    0xff, 0xff, 0xff, 0xff, 0xff, 0xff, 0xff, 0xff,
    0xf3, 0x0, 0x6, 0xff, 0xff, 0xff, 0xff, 0xff,
    0xff, 0xff, 0xff, 0xff, 0x30, 0x0, 0x0, 0x0,
    0x0, 0x0, 0x0, 0x0, 0x0, 0xd, 0xff, 0xf3,
    0x0, 0x0, 0x0, 0x0, 0x0, 0x0, 0x0, 0x0,
    0x0, 0xdf, 0xff, 0x30, 0x0, 0x0, 0x0, 0x0,
    0x0, 0x0, 0x0, 0x0, 0xd, 0xff, 0xf3, 0x0,
    0x0, 0x0, 0x0, 0x0, 0x0, 0x0, 0x0, 0x0,
    0xdf, 0xff, 0x30, 0x0, 0x1a, 0xaa, 0xaa, 0xaa,
    0xaa, 0xaa, 0xaa, 0xaf, 0xff, 0xf3, 0x0, 0x1,
    0xff, 0xff, 0xff, 0xff, 0xff, 0xff, 0xff, 0xff,
    0xff, 0x30, 0x0, 0x1f, 0xff, 0xff, 0xff, 0xff,
    0xff, 0xff, 0xff, 0xff, 0xf3, 0x0, 0x1, 0xff,
    0xff, 0xff, 0xff, 0xff, 0xff, 0xff, 0xff, 0xff,
    0x30, 0x0, 0x1f, 0xff, 0xd0, 0x0, 0x0, 0x0,
    0x0, 0xd, 0xff, 0xf3, 0x0, 0x1, 0xff, 0xfd,
    0x0, 0x0, 0x0, 0x0, 0x0, 0x78, 0x88, 0x20,
    0x0, 0x1f, 0xff, 0xd0, 0x0, 0x0, 0x0, 0x0,
    0x0, 0x0, 0x0, 0x0, 0x1, 0xff, 0xfd, 0x0,
    0x0, 0x0, 0x0, 0x0, 0x0, 0x9, 0x92, 0x0,
    0x1f, 0xff, 0xd0, 0x0, 0x0, 0x0, 0x0, 0x0,
    0x0, 0xcf, 0xfd, 0x21, 0xff, 0xfd, 0x0, 0x0,
    0x0, 0x0, 0x0, 0x0, 0xf, 0xff, 0xf1, 0xf,
    0xff, 0xf1, 0x0, 0x0, 0x0, 0x0, 0x0, 0x8,
    0xff, 0xfe, 0x0, 0xef, 0xff, 0xfd, 0xcc, 0xcc,
    0xcc, 0xcc, 0xce, 0xff, 0xff, 0x90, 0x9, 0xff,
    0xff, 0xff, 0xff, 0xff, 0xff, 0xff, 0xff, 0xff,
    0xf3, 0x0, 0xd, 0xff, 0xff, 0xff, 0xff, 0xff,
    0xff, 0xff, 0xff, 0xf7, 0x0, 0x0, 0x7, 0xbe,
    0xff, 0xff, 0xff, 0xff, 0xff, 0xfd, 0xa2, 0x0,
    0x0,

    /* U+5DF2 "已" */
    0x8c, 0xcc, 0xcc, 0xcc, 0xcc, 0xcc, 0xcc, 0xcc,
    0xcc, 0xcb, 0x0, 0x0, 0xbf, 0xff, 0xff, 0xff,
    0xff, 0xff, 0xff, 0xff, 0xff, 0xfd, 0x0, 0x0,
    0xbf, 0xff, 0xff, 0xff, 0xff, 0xff, 0xff, 0xff,
    0xff, 0xfd, 0x0, 0x0, 0xaf, 0xff, 0xff, 0xff,
    0xff, 0xff, 0xff, 0xff, 0xff, 0xfd, 0x0, 0x0,
    0x0, 0x0, 0x0, 0x0, 0x0, 0x0, 0x0, 0x1,
    0xff, 0xfd, 0x0, 0x0, 0x4, 0x44, 0x40, 0x0,
    0x0, 0x0, 0x0, 0x1, 0xff, 0xfd, 0x0, 0x0,
    0xd, 0xff, 0xf1, 0x0, 0x0, 0x0, 0x0, 0x1,
    0xff, 0xfd, 0x0, 0x0, 0xd, 0xff, 0xf1, 0x0,
    0x0, 0x0, 0x0, 0x1, 0xff, 0xfd, 0x0, 0x0,
    0xd, 0xff, 0xf2, 0x11, 0x11, 0x11, 0x11, 0x12,
    0xff, 0xfd, 0x0, 0x0, 0xd, 0xff, 0xff, 0xff,
    0xff, 0xff, 0xff, 0xff, 0xff, 0xfd, 0x0, 0x0,
    0xd, 0xff, 0xff, 0xff, 0xff, 0xff, 0xff, 0xff,
    0xff, 0xfd, 0x0, 0x0, 0xd, 0xff, 0xff, 0xff,
    0xff, 0xff, 0xff, 0xff, 0xff, 0xfd, 0x0, 0x0,
    0xd, 0xff, 0xfa, 0xaa, 0xaa, 0xaa, 0xaa, 0xaa,
    0xff, 0xfd, 0x0, 0x0, 0xd, 0xff, 0xf1, 0x0,
    0x0, 0x0, 0x0, 0x0, 0xaa, 0xa9, 0x0, 0x0,
    0xd, 0xff, 0xf1, 0x0, 0x0, 0x0, 0x0, 0x0,
    0x0, 0x0, 0x0, 0x0, 0xd, 0xff, 0xf1, 0x0,
    0x0, 0x0, 0x0, 0x0, 0x0, 0x8, 0xa3, 0x0,
    0xd, 0xff, 0xf1, 0x0, 0x0, 0x0, 0x0, 0x0,
    0x0, 0xb, 0xff, 0xe3, 0xd, 0xff, 0xf1, 0x0,
    0x0, 0x0, 0x0, 0x0, 0x0, 0x1f, 0xff, 0xf2,
    0xc, 0xff, 0xf8, 0x10, 0x0, 0x0, 0x0, 0x0,
    0x12, 0xbf, 0xff, 0xe0, 0x9, 0xff, 0xff, 0xff,
    0xff, 0xff, 0xff, 0xff, 0xff, 0xff, 0xff, 0xa0,
    0x2, 0xff, 0xff, 0xff, 0xff, 0xff, 0xff, 0xff,
    0xff, 0xff, 0xff, 0x20, 0x0, 0x6f, 0xff, 0xff,
    0xff, 0xff, 0xff, 0xff, 0xff, 0xff, 0xf5, 0x0,
    0x0, 0x1, 0x69, 0xab, 0xbb, 0xbb, 0xbb, 0xbb,
    0xbb, 0x96, 0x10, 0x0,

    /* U+5E03 "布" */
    0x0, 0x0, 0x0, 0x0, 0x2, 0x0, 0x0, 0x0,
    0x0, 0x0, 0x0, 0x0, 0x0, 0x0, 0x0, 0x0,
    0x0, 0xbf, 0xd9, 0x20, 0x0, 0x0, 0x0, 0x0,
    0x0, 0x0, 0x0, 0x0, 0x0, 0xf, 0xff, 0xf1,
    0x0, 0x0, 0x0, 0x0, 0x0, 0x0, 0x0, 0x0,
    0x0, 0x5, 0xff, 0xfc, 0x0, 0x0, 0x0, 0x0,
    0x0, 0x0, 0x6, 0xaa, 0xaa, 0xaa, 0xdf, 0xff,
    0xda, 0xaa, 0xaa, 0xaa, 0xaa, 0xaa, 0x90, 0x9f,
    0xff, 0xff, 0xff, 0xff, 0xff, 0xff, 0xff, 0xff,
    0xff, 0xff, 0xfe, 0x9, 0xff, 0xff, 0xff, 0xff,
    0xff, 0xff, 0xff, 0xff, 0xff, 0xff, 0xff, 0xe0,
    0x9f, 0xff, 0xff, 0xff, 0xff, 0xff, 0xff, 0xff,
    0xff, 0xff, 0xff, 0xfe, 0x0, 0x0, 0x0, 0x8f,
    0xff, 0xc0, 0x4b, 0xbb, 0x50, 0x0, 0x0, 0x0,
    0x0, 0x0, 0x0, 0x3f, 0xff, 0xf4, 0x5, 0xff,
    0xf7, 0x0, 0x0, 0x0, 0x0, 0x0, 0x0, 0xd,
    0xff, 0xfb, 0x0, 0x5f, 0xff, 0x70, 0x0, 0x0,
    0x0, 0x0, 0x0, 0x8, 0xff, 0xff, 0xb9, 0x9b,
    0xff, 0xfc, 0x99, 0x99, 0x99, 0x70, 0x0, 0x4,
    0xff, 0xff, 0xff, 0xff, 0xff, 0xff, 0xff, 0xff,
    0xff, 0xfc, 0x0, 0x4, 0xff, 0xff, 0xff, 0xff,
    0xff, 0xff, 0xff, 0xff, 0xff, 0xff, 0xc0, 0x6,
    0xff, 0xff, 0xff, 0xff, 0xff, 0xff, 0xff, 0xff,
    0xff, 0xff, 0xfc, 0x5, 0xff, 0xff, 0xff, 0xff,
    0x50, 0x5, 0xff, 0xf7, 0x0, 0xf, 0xff, 0xc0,
    0xc, 0xff, 0xeb, 0xff, 0xf5, 0x0, 0x5f, 0xff,
    0x70, 0x0, 0xff, 0xfc, 0x0, 0x3f, 0xd1, 0x7f,
    0xff, 0x50, 0x5, 0xff, 0xf7, 0x0, 0xf, 0xff,
    0xc0, 0x0, 0x50, 0x7, 0xff, 0xf5, 0x0, 0x5f,
    0xff, 0x70, 0x0, 0xff, 0xfc, 0x0, 0x0, 0x0,
    0x7f, 0xff, 0x50, 0x5, 0xff, 0xf8, 0x77, 0x8f,
    0xff, 0xc0, 0x0, 0x0, 0x7, 0xff, 0xf5, 0x0,
    0x5f, 0xff, 0x7c, 0xff, 0xff, 0xfa, 0x0, 0x0,
    0x0, 0x7f, 0xff, 0x50, 0x5, 0xff, 0xf7, 0x6f,
    0xff, 0xff, 0x40, 0x0, 0x0, 0x7, 0xff, 0xf5,
    0x0, 0x5f, 0xff, 0x72, 0xed, 0xc8, 0x30, 0x0,
    0x0, 0x0, 0x0, 0x0, 0x0, 0x5, 0xff, 0xf7,
    0x0, 0x0, 0x0, 0x0, 0x0, 0x0, 0x0, 0x0,
    0x0, 0x0, 0x5f, 0xff, 0x70, 0x0, 0x0, 0x0,
    0x0,

    /* U+5E73 "平" */
    0x5, 0xbb, 0xbb, 0xbb, 0xbb, 0xbb, 0xbb, 0xbb,
    0xbb, 0xbb, 0xbb, 0x50, 0x7, 0xff, 0xff, 0xff,
    0xff, 0xff, 0xff, 0xff, 0xff, 0xff, 0xff, 0x70,
    0x7, 0xff, 0xff, 0xff, 0xff, 0xff, 0xff, 0xff,
    0xff, 0xff, 0xff, 0x70, 0x7, 0xff, 0xff, 0xff,
    0xff, 0xff, 0xff, 0xff, 0xff, 0xff, 0xff, 0x70,
    0x0, 0x0, 0x2, 0x30, 0x0, 0xff, 0xff, 0x0,
    0x3, 0x30, 0x0, 0x0, 0x0, 0x8, 0xdf, 0xc0,
    0x0, 0xff, 0xff, 0x0, 0xb, 0xfe, 0xa4, 0x0,
    0x0, 0xb, 0xff, 0xf3, 0x0, 0xff, 0xff, 0x0,
    0xf, 0xff, 0xf2, 0x0, 0x0, 0x5, 0xff, 0xfa,
    0x0, 0xff, 0xff, 0x0, 0x6f, 0xff, 0xa0, 0x0,
    0x0, 0x0, 0xff, 0xfe, 0x0, 0xff, 0xff, 0x0,
    0xdf, 0xff, 0x20, 0x0, 0x0, 0x0, 0xbf, 0xfd,
    0x10, 0xff, 0xff, 0x2, 0xef, 0xf9, 0x0, 0x0,
    0x0, 0x0, 0x56, 0x10, 0x0, 0xff, 0xff, 0x0,
    0x2, 0x71, 0x0, 0x0, 0xbc, 0xcc, 0xcc, 0xcc,
    0xcc, 0xff, 0xff, 0xcc, 0xcc, 0xcc, 0xcc, 0xcc,
    0xef, 0xff, 0xff, 0xff, 0xff, 0xff, 0xff, 0xff,
    0xff, 0xff, 0xff, 0xff, 0xef, 0xff, 0xff, 0xff,
    0xff, 0xff, 0xff, 0xff, 0xff, 0xff, 0xff, 0xff,
    0xef, 0xff, 0xff, 0xff, 0xff, 0xff, 0xff, 0xff,
    0xff, 0xff, 0xff, 0xff, 0x0, 0x0, 0x0, 0x0,
    0x0, 0xff, 0xff, 0x0, 0x0, 0x0, 0x0, 0x0,
    0x0, 0x0, 0x0, 0x0, 0x0, 0xff, 0xff, 0x0,
    0x0, 0x0, 0x0, 0x0, 0x0, 0x0, 0x0, 0x0,
    0x0, 0xff, 0xff, 0x0, 0x0, 0x0, 0x0, 0x0,
    0x0, 0x0, 0x0, 0x0, 0x0, 0xff, 0xff, 0x0,
    0x0, 0x0, 0x0, 0x0, 0x0, 0x0, 0x0, 0x0,
    0x0, 0xff, 0xff, 0x0, 0x0, 0x0, 0x0, 0x0,
    0x0, 0x0, 0x0, 0x0, 0x0, 0xff, 0xff, 0x0,
    0x0, 0x0, 0x0, 0x0, 0x0, 0x0, 0x0, 0x0,
    0x0, 0xff, 0xff, 0x0, 0x0, 0x0, 0x0, 0x0,
    0x0, 0x0, 0x0, 0x0, 0x0, 0xff, 0xff, 0x0,
    0x0, 0x0, 0x0, 0x0,

    /* U+5E76 "并" */
    0x0, 0x0, 0x0, 0x3, 0x0, 0x0, 0x0, 0x0,
    0x30, 0x0, 0x0, 0x0, 0x0, 0x0, 0x18, 0xef,
    0x40, 0x0, 0x0, 0x2, 0xff, 0xc7, 0x20, 0x0,
    0x0, 0x0, 0x9f, 0xff, 0xd0, 0x0, 0x0, 0x7,
    0xff, 0xff, 0x40, 0x0, 0x0, 0x0, 0x1f, 0xff,
    0xf6, 0x0, 0x0, 0xc, 0xff, 0xfb, 0x0, 0x0,
    0x0, 0x0, 0x8, 0xff, 0xfe, 0x0, 0x0, 0x3f,
    0xff, 0xf3, 0x0, 0x0, 0x0, 0x0, 0x2, 0xff,
    0xb5, 0x0, 0x0, 0x9f, 0xff, 0xb0, 0x0, 0x0,
    0x1f, 0xff, 0xff, 0xff, 0xff, 0xff, 0xff, 0xff,
    0xff, 0xff, 0xff, 0xf3, 0x1f, 0xff, 0xff, 0xff,
    0xff, 0xff, 0xff, 0xff, 0xff, 0xff, 0xff, 0xf3,
    0x1f, 0xff, 0xff, 0xff, 0xff, 0xff, 0xff, 0xff,
    0xff, 0xff, 0xff, 0xf3, 0x8, 0x88, 0x8b, 0xff,
    0xfd, 0x88, 0x88, 0xcf, 0xff, 0xc8, 0x88, 0x82,
    0x0, 0x0, 0x6, 0xff, 0xf9, 0x0, 0x0, 0x8f,
    0xff, 0x70, 0x0, 0x0, 0x0, 0x0, 0x6, 0xff,
    0xf9, 0x0, 0x0, 0x8f, 0xff, 0x70, 0x0, 0x0,
    0x0, 0x0, 0x6, 0xff, 0xf9, 0x0, 0x0, 0x8f,
    0xff, 0x70, 0x0, 0x0, 0x89, 0x99, 0x9c, 0xff,
    0xfd, 0x99, 0x99, 0xdf, 0xff, 0xc9, 0x99, 0x99,
    0xef, 0xff, 0xff, 0xff, 0xff, 0xff, 0xff, 0xff,
    0xff, 0xff, 0xff, 0xff, 0xef, 0xff, 0xff, 0xff,
    0xff, 0xff, 0xff, 0xff, 0xff, 0xff, 0xff, 0xff,
    0xef, 0xff, 0xff, 0xff, 0xff, 0xff, 0xff, 0xff,
    0xff, 0xff, 0xff, 0xff, 0x0, 0x0, 0x1f, 0xff,
    0xf3, 0x0, 0x0, 0x9f, 0xff, 0x70, 0x0, 0x0,
    0x0, 0x0, 0x7f, 0xff, 0xe0, 0x0, 0x0, 0x8f,
    0xff, 0x70, 0x0, 0x0, 0x0, 0x2, 0xff, 0xff,
    0x90, 0x0, 0x0, 0x8f, 0xff, 0x70, 0x0, 0x0,
    0x0, 0x3e, 0xff, 0xff, 0x20, 0x0, 0x0, 0x8f,
    0xff, 0x70, 0x0, 0x0, 0x7, 0xff, 0xff, 0xf8,
    0x0, 0x0, 0x0, 0x8f, 0xff, 0x70, 0x0, 0x0,
    0x6f, 0xff, 0xff, 0xa0, 0x0, 0x0, 0x0, 0x8f,
    0xff, 0x70, 0x0, 0x0, 0x7, 0xff, 0xfa, 0x0,
    0x0, 0x0, 0x0, 0x8f, 0xff, 0x70, 0x0, 0x0,
    0x0, 0x9e, 0x50, 0x0, 0x0, 0x0, 0x0, 0x8f,
    0xff, 0x70, 0x0, 0x0, 0x0, 0x0, 0x0, 0x0,
    0x0, 0x0, 0x0, 0x0, 0x0, 0x0, 0x0, 0x0,

    /* U+5E84 "庄" */
    0x0, 0x0, 0x0, 0x0, 0x0, 0x0, 0x1, 0x63,
    0x0, 0x0, 0x0, 0x0, 0x0, 0x0, 0x0, 0x0,
    0x0, 0x0, 0x3d, 0xff, 0xc0, 0x0, 0x0, 0x0,
    0x0, 0x0, 0x0, 0x0, 0x0, 0x0, 0x1, 0xff,
    0xff, 0x20, 0x0, 0x0, 0x0, 0x0, 0x0, 0x0,
    0x0, 0x0, 0x0, 0xc, 0xff, 0xc4, 0x0, 0x0,
    0x0, 0x0, 0x0, 0x5f, 0xff, 0xff, 0xff, 0xff,
    0xff, 0xff, 0xff, 0xff, 0xff, 0xff, 0xe0, 0x5,
    0xff, 0xff, 0xff, 0xff, 0xff, 0xff, 0xff, 0xff,
    0xff, 0xff, 0xfe, 0x0, 0x5f, 0xff, 0xff, 0xff,
    0xff, 0xff, 0xff, 0xff, 0xff, 0xff, 0xff, 0xe0,
    0x5, 0xff, 0xfb, 0x77, 0x77, 0x77, 0x77, 0x77,
    0x77, 0x77, 0x77, 0x77, 0x0, 0x5f, 0xff, 0x60,
    0x0, 0x0, 0x4, 0xcc, 0xc6, 0x0, 0x0, 0x0,
    0x0, 0x5, 0xff, 0xf6, 0x0, 0x0, 0x0, 0x6f,
    0xff, 0x80, 0x0, 0x0, 0x0, 0x0, 0x5f, 0xff,
    0x60, 0x0, 0x0, 0x6, 0xff, 0xf8, 0x0, 0x0,
    0x0, 0x0, 0x5, 0xff, 0xf6, 0x0, 0x0, 0x0,
    0x6f, 0xff, 0x80, 0x0, 0x0, 0x0, 0x0, 0x5f,
    0xff, 0x51, 0xff, 0xff, 0xff, 0xff, 0xff, 0xff,
    0xff, 0xf9, 0x0, 0x6, 0xff, 0xf5, 0x1f, 0xff,
    0xff, 0xff, 0xff, 0xff, 0xff, 0xff, 0x90, 0x0,
    0x7f, 0xff, 0x41, 0xff, 0xff, 0xff, 0xff, 0xff,
    0xff, 0xff, 0xf9, 0x0, 0x8, 0xff, 0xf3, 0x9,
    0x99, 0x99, 0xcf, 0xff, 0xc9, 0x99, 0x99, 0x50,
    0x0, 0x9f, 0xff, 0x10, 0x0, 0x0, 0x6, 0xff,
    0xf8, 0x0, 0x0, 0x0, 0x0, 0xb, 0xff, 0xf0,
    0x0, 0x0, 0x0, 0x6f, 0xff, 0x80, 0x0, 0x0,
    0x0, 0x0, 0xef, 0xfe, 0x0, 0x0, 0x0, 0x6,
    0xff, 0xf8, 0x0, 0x0, 0x0, 0x0, 0x1f, 0xff,
    0xb0, 0x0, 0x0, 0x0, 0x6f, 0xff, 0x80, 0x0,
    0x0, 0x0, 0x5, 0xff, 0xf8, 0x0, 0x0, 0x0,
    0x6, 0xff, 0xf8, 0x0, 0x0, 0x0, 0x0, 0xaf,
    0xff, 0x5c, 0xff, 0xff, 0xff, 0xff, 0xff, 0xff,
    0xff, 0xff, 0xfd, 0x1f, 0xff, 0xf1, 0xdf, 0xff,
    0xff, 0xff, 0xff, 0xff, 0xff, 0xff, 0xff, 0xe5,
    0xff, 0xfa, 0xd, 0xff, 0xff, 0xff, 0xff, 0xff,
    0xff, 0xff, 0xff, 0xfe, 0x2, 0x9f, 0x40, 0x8a,
    0xaa, 0xaa, 0xaa, 0xaa, 0xaa, 0xaa, 0xaa, 0xaa,
    0x90, 0x0, 0x20, 0x0, 0x0, 0x0, 0x0, 0x0,
    0x0, 0x0, 0x0, 0x0, 0x0,

    /* U+5E94 "应" */
    0x0, 0x0, 0x0, 0x0, 0x0, 0x0, 0x15, 0x83,
    0x0, 0x0, 0x0, 0x0, 0x0, 0x0, 0x0, 0x0,
    0x0, 0x0, 0x6f, 0xff, 0xa0, 0x0, 0x0, 0x0,
    0x0, 0x0, 0x0, 0x0, 0x0, 0x0, 0x2, 0xff,
    0xff, 0x10, 0x0, 0x0, 0x0, 0x0, 0x4, 0x88,
    0x88, 0x88, 0x88, 0x8e, 0xff, 0xfa, 0x88, 0x88,
    0x88, 0x85, 0x0, 0x9f, 0xff, 0xff, 0xff, 0xff,
    0xff, 0xff, 0xff, 0xff, 0xff, 0xff, 0xa0, 0x9,
    0xff, 0xff, 0xff, 0xff, 0xff, 0xff, 0xff, 0xff,
    0xff, 0xff, 0xfa, 0x0, 0x9f, 0xff, 0xff, 0xff,
    0xff, 0xff, 0xff, 0xff, 0xff, 0xff, 0xff, 0xa0,
    0x9, 0xff, 0xf4, 0x0, 0x0, 0x0, 0x14, 0x0,
    0x0, 0x6, 0x10, 0x0, 0x0, 0x9f, 0xff, 0x30,
    0x0, 0x6, 0xdf, 0xf0, 0x0, 0x2, 0xff, 0xa5,
    0x0, 0x9, 0xff, 0xf4, 0x39, 0xd0, 0x6f, 0xff,
    0x40, 0x0, 0x6f, 0xff, 0xe0, 0x0, 0x9f, 0xff,
    0xaf, 0xff, 0x42, 0xff, 0xf9, 0x0, 0xa, 0xff,
    0xf8, 0x0, 0x9, 0xff, 0xf5, 0xff, 0xfa, 0xe,
    0xff, 0xd0, 0x0, 0xff, 0xff, 0x20, 0x0, 0xaf,
    0xff, 0x3c, 0xff, 0xf1, 0xaf, 0xff, 0x20, 0x4f,
    0xff, 0xc0, 0x0, 0xa, 0xff, 0xf2, 0x7f, 0xff,
    0x66, 0xff, 0xf6, 0xa, 0xff, 0xf6, 0x0, 0x0,
    0xbf, 0xff, 0x12, 0xff, 0xfb, 0x2f, 0xff, 0xa0,
    0xff, 0xff, 0x10, 0x0, 0xc, 0xff, 0xf0, 0xd,
    0xff, 0xf1, 0xff, 0xfd, 0x6f, 0xff, 0xa0, 0x0,
    0x0, 0xdf, 0xff, 0x0, 0x8f, 0xff, 0x5c, 0xfe,
    0xad, 0xff, 0xf2, 0x0, 0x0, 0xf, 0xff, 0xd0,
    0x4, 0xff, 0xf9, 0x43, 0x4, 0xff, 0xf9, 0x0,
    0x0, 0x2, 0xff, 0xfb, 0x0, 0xf, 0xb5, 0x0,
    0x0, 0xcf, 0xff, 0x20, 0x0, 0x0, 0x5f, 0xff,
    0x80, 0x0, 0x10, 0x0, 0x0, 0x5f, 0xff, 0x90,
    0x0, 0x0, 0x8, 0xff, 0xf5, 0x0, 0x0, 0x0,
    0x0, 0xd, 0xff, 0xf1, 0x0, 0x0, 0x0, 0xdf,
    0xff, 0xbf, 0xff, 0xff, 0xff, 0xff, 0xff, 0xff,
    0xff, 0xff, 0xfe, 0x3f, 0xff, 0xe8, 0xff, 0xff,
    0xff, 0xff, 0xff, 0xff, 0xff, 0xff, 0xff, 0xe6,
    0xff, 0xf8, 0x8f, 0xff, 0xff, 0xff, 0xff, 0xff,
    0xff, 0xff, 0xff, 0xfe, 0x3, 0xcf, 0x24, 0x88,
    0x88, 0x88, 0x88, 0x88, 0x88, 0x88, 0x88, 0x88,
    0x80, 0x0, 0x60, 0x0, 0x0, 0x0, 0x0, 0x0,
    0x0, 0x0, 0x0, 0x0, 0x0,

    /* U+5E9F "废" */
    0x0, 0x0, 0x0, 0x0, 0x0, 0x0, 0x14, 0x68,
    0x0, 0x0, 0x0, 0x0, 0x0, 0x0, 0x0, 0x0,
    0x0, 0x0, 0x2, 0xff, 0xff, 0x20, 0x0, 0x0,
    0x0, 0x0, 0x0, 0x58, 0x88, 0x88, 0x88, 0x88,
    0xff, 0xff, 0xb8, 0x88, 0x88, 0x88, 0x60, 0x0,
    0xaf, 0xff, 0xff, 0xff, 0xff, 0xff, 0xff, 0xff,
    0xff, 0xff, 0xff, 0xd0, 0x0, 0xaf, 0xff, 0xff,
    0xff, 0xff, 0xff, 0xff, 0xff, 0xff, 0xff, 0xff,
    0xd0, 0x0, 0xaf, 0xff, 0xff, 0xff, 0xff, 0xff,
    0xff, 0xff, 0xff, 0xff, 0xff, 0xd0, 0x0, 0xaf,
    0xff, 0x40, 0xbb, 0x97, 0x8, 0xeb, 0x82, 0x6,
    0x90, 0x0, 0x0, 0x0, 0xaf, 0xff, 0x30, 0xff,
    0xfe, 0xb, 0xff, 0xf3, 0xcf, 0xf8, 0x0, 0x0,
    0x0, 0xaf, 0xff, 0x34, 0xff, 0xfa, 0xf, 0xff,
    0xd0, 0xdf, 0xff, 0x50, 0x0, 0x0, 0xaf, 0xff,
    0x3a, 0xff, 0xf4, 0x3f, 0xff, 0x90, 0x2f, 0xfc,
    0x20, 0x0, 0x0, 0xaf, 0xff, 0x9f, 0xff, 0xff,
    0xff, 0xff, 0xff, 0xff, 0xff, 0xff, 0x60, 0x0,
    0xaf, 0xff, 0x6f, 0xff, 0xff, 0xff, 0xff, 0xff,
    0xff, 0xff, 0xff, 0x60, 0x0, 0xaf, 0xff, 0x2c,
    0xff, 0xff, 0xff, 0xff, 0xff, 0xff, 0xff, 0xff,
    0x60, 0x0, 0xbf, 0xff, 0x25, 0x87, 0x6e, 0xff,
    0xf7, 0x55, 0x55, 0x55, 0x55, 0x20, 0x0, 0xcf,
    0xff, 0x10, 0x0, 0x7f, 0xff, 0xf4, 0x44, 0x44,
    0x50, 0x0, 0x0, 0x0, 0xdf, 0xff, 0x0, 0x2,
    0xff, 0xff, 0xff, 0xff, 0xff, 0xfe, 0x70, 0x0,
    0x0, 0xff, 0xfd, 0x0, 0xc, 0xff, 0xff, 0xff,
    0xff, 0xff, 0xff, 0xd0, 0x0, 0x1, 0xff, 0xfb,
    0x1, 0xbf, 0xff, 0xff, 0xff, 0xff, 0xff, 0xff,
    0x40, 0x0, 0x4, 0xff, 0xf9, 0x2d, 0xff, 0xff,
    0xff, 0x90, 0x4f, 0xff, 0xfa, 0x0, 0x0, 0x7,
    0xff, 0xfc, 0xff, 0xff, 0xff, 0xff, 0xfd, 0xff,
    0xff, 0xc0, 0x0, 0x0, 0xa, 0xff, 0xff, 0xff,
    0xff, 0x82, 0xef, 0xff, 0xff, 0xfc, 0x0, 0x0,
    0x0, 0x1f, 0xff, 0xf4, 0xff, 0xf6, 0x28, 0xdf,
    0xff, 0xff, 0xfd, 0x83, 0x0, 0x0, 0x6f, 0xff,
    0xc0, 0x7f, 0xcd, 0xff, 0xff, 0xff, 0xff, 0xff,
    0xff, 0xfc, 0x91, 0x9f, 0xff, 0x70, 0x2, 0xef,
    0xff, 0xff, 0xf8, 0x9f, 0xff, 0xff, 0xff, 0xa0,
    0x4, 0xdf, 0x10, 0x0, 0x4f, 0xff, 0xd7, 0x0,
    0x1, 0x7d, 0xff, 0xfe, 0x0, 0x0, 0x6, 0x0,
    0x0, 0x9, 0x82, 0x0, 0x0, 0x0, 0x0, 0x15,
    0x94, 0x0,

    /* U+5EA7 "座" */
    0x0, 0x0, 0x0, 0x0, 0x0, 0x0, 0x1, 0x54,
    0x0, 0x0, 0x0, 0x0, 0x0, 0x0, 0x0, 0x0,
    0x0, 0x0, 0x1, 0xbf, 0xfe, 0x0, 0x0, 0x0,
    0x0, 0x0, 0x0, 0x1, 0x11, 0x11, 0x11, 0x11,
    0xcf, 0xff, 0x81, 0x11, 0x11, 0x11, 0x10, 0x0,
    0x7f, 0xff, 0xff, 0xff, 0xff, 0xff, 0xff, 0xff,
    0xff, 0xff, 0xff, 0xf0, 0x0, 0x7f, 0xff, 0xff,
    0xff, 0xff, 0xff, 0xff, 0xff, 0xff, 0xff, 0xff,
    0xf0, 0x0, 0x7f, 0xff, 0xff, 0xff, 0xff, 0xff,
    0xff, 0xff, 0xff, 0xff, 0xff, 0xf0, 0x0, 0x7f,
    0xff, 0x86, 0x66, 0x66, 0x66, 0x66, 0x66, 0x66,
    0x66, 0x66, 0x60, 0x0, 0x7f, 0xff, 0x20, 0x28,
    0x64, 0x4, 0xdd, 0xd4, 0x4, 0x75, 0x30, 0x0,
    0x0, 0x7f, 0xff, 0x20, 0x6f, 0xff, 0x14, 0xff,
    0xf5, 0xa, 0xff, 0xc0, 0x0, 0x0, 0x8f, 0xff,
    0x20, 0xaf, 0xfd, 0x4, 0xff, 0xf5, 0xe, 0xff,
    0x80, 0x0, 0x0, 0x8f, 0xff, 0x20, 0xef, 0xfc,
    0x4, 0xff, 0xf5, 0x4f, 0xff, 0x40, 0x0, 0x0,
    0x8f, 0xff, 0x25, 0xff, 0xff, 0xa5, 0xff, 0xf5,
    0xdf, 0xff, 0xc1, 0x0, 0x0, 0x8f, 0xff, 0x3e,
    0xff, 0xff, 0xfe, 0xff, 0xfc, 0xff, 0xff, 0xfe,
    0x20, 0x0, 0x9f, 0xff, 0xdf, 0xff, 0xef, 0xff,
    0xff, 0xff, 0xff, 0xff, 0xff, 0xf1, 0x0, 0xaf,
    0xff, 0x8f, 0xfb, 0xc, 0xf8, 0xff, 0xfe, 0xff,
    0x36, 0xff, 0x90, 0x0, 0xbf, 0xfe, 0x4, 0xc0,
    0x1, 0x54, 0xff, 0xf5, 0x95, 0x0, 0x6b, 0x0,
    0x0, 0xdf, 0xfc, 0x2, 0x44, 0x44, 0x47, 0xff,
    0xf8, 0x44, 0x44, 0x44, 0x0, 0x0, 0xff, 0xfa,
    0x9, 0xff, 0xff, 0xff, 0xff, 0xff, 0xff, 0xff,
    0xfe, 0x0, 0x3, 0xff, 0xf8, 0x9, 0xff, 0xff,
    0xff, 0xff, 0xff, 0xff, 0xff, 0xfe, 0x0, 0x6,
    0xff, 0xf6, 0x8, 0xff, 0xff, 0xff, 0xff, 0xff,
    0xff, 0xff, 0xfe, 0x0, 0xa, 0xff, 0xf2, 0x0,
    0x0, 0x0, 0x4, 0xff, 0xf5, 0x0, 0x0, 0x0,
    0x0, 0x1f, 0xff, 0xe1, 0x44, 0x44, 0x44, 0x47,
    0xff, 0xf8, 0x44, 0x44, 0x44, 0x41, 0x7f, 0xff,
    0xa3, 0xff, 0xff, 0xff, 0xff, 0xff, 0xff, 0xff,
    0xff, 0xff, 0xf3, 0x4d, 0xff, 0x43, 0xff, 0xff,
    0xff, 0xff, 0xff, 0xff, 0xff, 0xff, 0xff, 0xf3,
    0x0, 0x7d, 0x3, 0xff, 0xff, 0xff, 0xff, 0xff,
    0xff, 0xff, 0xff, 0xff, 0xf3, 0x0, 0x0, 0x0,
    0x0, 0x0, 0x0, 0x0, 0x0, 0x0, 0x0, 0x0,
    0x0, 0x0,

    /* U+5F00 "开" */
    0x1, 0xff, 0xff, 0xff, 0xff, 0xff, 0xff, 0xff,
    0xff, 0xff, 0xff, 0xff, 0x30, 0x1f, 0xff, 0xff,
    0xff, 0xff, 0xff, 0xff, 0xff, 0xff, 0xff, 0xff,
    0xf3, 0x1, 0xff, 0xff, 0xff, 0xff, 0xff, 0xff,
    0xff, 0xff, 0xff, 0xff, 0xff, 0x30, 0x9, 0x99,
    0x9b, 0xff, 0xfe, 0x99, 0x99, 0xaf, 0xff, 0xf9,
    0x99, 0x92, 0x0, 0x0, 0x0, 0x3f, 0xff, 0xa0,
    0x0, 0x1, 0xff, 0xfe, 0x0, 0x0, 0x0, 0x0,
    0x0, 0x3, 0xff, 0xfa, 0x0, 0x0, 0x1f, 0xff,
    0xe0, 0x0, 0x0, 0x0, 0x0, 0x0, 0x3f, 0xff,
    0xa0, 0x0, 0x1, 0xff, 0xfe, 0x0, 0x0, 0x0,
    0x0, 0x0, 0x3, 0xff, 0xfa, 0x0, 0x0, 0x1f,
    0xff, 0xe0, 0x0, 0x0, 0x0, 0x0, 0x0, 0x3f,
    0xff, 0xa0, 0x0, 0x1, 0xff, 0xfe, 0x0, 0x0,
    0x0, 0x88, 0x88, 0x8a, 0xff, 0xfd, 0x88, 0x88,
    0x9f, 0xff, 0xf8, 0x88, 0x88, 0xe, 0xff, 0xff,
    0xff, 0xff, 0xff, 0xff, 0xff, 0xff, 0xff, 0xff,
    0xff, 0xf0, 0xef, 0xff, 0xff, 0xff, 0xff, 0xff,
    0xff, 0xff, 0xff, 0xff, 0xff, 0xff, 0xe, 0xff,
    0xff, 0xff, 0xff, 0xff, 0xff, 0xff, 0xff, 0xff,
    0xff, 0xff, 0xf0, 0x0, 0x0, 0xb, 0xff, 0xf6,
    0x0, 0x0, 0x2f, 0xff, 0xe0, 0x0, 0x0, 0x0,
    0x0, 0x0, 0xff, 0xff, 0x20, 0x0, 0x1, 0xff,
    0xfe, 0x0, 0x0, 0x0, 0x0, 0x0, 0x6f, 0xff,
    0xe0, 0x0, 0x0, 0x1f, 0xff, 0xe0, 0x0, 0x0,
    0x0, 0x0, 0xe, 0xff, 0xf8, 0x0, 0x0, 0x1,
    0xff, 0xfe, 0x0, 0x0, 0x0, 0x0, 0xa, 0xff,
    0xff, 0x10, 0x0, 0x0, 0x1f, 0xff, 0xe0, 0x0,
    0x0, 0x0, 0x9, 0xff, 0xff, 0x90, 0x0, 0x0,
    0x1, 0xff, 0xfe, 0x0, 0x0, 0x0, 0x1b, 0xff,
    0xff, 0xd0, 0x0, 0x0, 0x0, 0x1f, 0xff, 0xe0,
    0x0, 0x0, 0xb, 0xff, 0xff, 0xf2, 0x0, 0x0,
    0x0, 0x1, 0xff, 0xfe, 0x0, 0x0, 0x0, 0x9,
    0xff, 0xd3, 0x0, 0x0, 0x0, 0x0, 0x1f, 0xff,
    0xe0, 0x0, 0x0, 0x0, 0x8, 0xb1, 0x0, 0x0,
    0x0, 0x0, 0x1, 0xff, 0xfe, 0x0, 0x0, 0x0,
    0x0, 0x0, 0x0, 0x0, 0x0, 0x0, 0x0, 0x0,
    0x0, 0x0, 0x0, 0x0,

    /* U+5F03 "弃" */
    0x0, 0x0, 0x0, 0x0, 0x0, 0x0, 0x38, 0x10,
    0x0, 0x0, 0x0, 0x0, 0x0, 0x0, 0x0, 0x0,
    0x0, 0x6, 0xef, 0xfa, 0x0, 0x0, 0x0, 0x0,
    0x0, 0x0, 0x0, 0x0, 0x0, 0x0, 0x2f, 0xff,
    0xf3, 0x0, 0x0, 0x0, 0x0, 0x0, 0xaf, 0xff,
    0xff, 0xff, 0xff, 0xff, 0xff, 0xff, 0xff, 0xff,
    0xff, 0xf9, 0xb, 0xff, 0xff, 0xff, 0xff, 0xff,
    0xff, 0xff, 0xff, 0xff, 0xff, 0xff, 0x90, 0xbf,
    0xff, 0xff, 0xff, 0xff, 0xff, 0xff, 0xff, 0xff,
    0xff, 0xff, 0xf9, 0x4, 0x55, 0x55, 0x6f, 0xff,
    0xff, 0xa5, 0x56, 0xdf, 0xf8, 0x55, 0x55, 0x30,
    0x0, 0x0, 0x3d, 0xff, 0xff, 0x70, 0x0, 0xbf,
    0xff, 0xf3, 0x0, 0x0, 0x0, 0x1, 0x8f, 0xff,
    0xff, 0x84, 0x45, 0x67, 0xff, 0xff, 0xf4, 0x0,
    0x0, 0x0, 0xef, 0xff, 0xff, 0xff, 0xff, 0xff,
    0xff, 0xff, 0xff, 0xf5, 0x0, 0x0, 0x8, 0xff,
    0xff, 0xff, 0xff, 0xff, 0xff, 0xff, 0xff, 0xff,
    0xf5, 0x0, 0x0, 0x3f, 0xff, 0xff, 0xff, 0xff,
    0xfe, 0xdc, 0xbb, 0xdf, 0xff, 0xf2, 0x0, 0x0,
    0x54, 0x58, 0x76, 0x30, 0x0, 0x3, 0x88, 0x84,
    0xce, 0x71, 0x0, 0x0, 0x0, 0x5, 0xff, 0xf7,
    0x0, 0x0, 0x7f, 0xff, 0x60, 0x0, 0x0, 0x0,
    0x0, 0x0, 0x5f, 0xff, 0x70, 0x0, 0x7, 0xff,
    0xf6, 0x0, 0x0, 0x0, 0x67, 0x77, 0x7a, 0xff,
    0xfb, 0x77, 0x77, 0xbf, 0xff, 0xa7, 0x77, 0x76,
    0xe, 0xff, 0xff, 0xff, 0xff, 0xff, 0xff, 0xff,
    0xff, 0xff, 0xff, 0xff, 0xf0, 0xef, 0xff, 0xff,
    0xff, 0xff, 0xff, 0xff, 0xff, 0xff, 0xff, 0xff,
    0xff, 0xe, 0xff, 0xff, 0xff, 0xff, 0xff, 0xff,
    0xff, 0xff, 0xff, 0xff, 0xff, 0xe0, 0x0, 0x0,
    0x5f, 0xff, 0xe0, 0x0, 0x0, 0x7f, 0xff, 0x60,
    0x0, 0x0, 0x0, 0x0, 0x6f, 0xff, 0xf9, 0x0,
    0x0, 0x7, 0xff, 0xf6, 0x0, 0x0, 0x0, 0x4,
    0xcf, 0xff, 0xfd, 0x0, 0x0, 0x0, 0x7f, 0xff,
    0x60, 0x0, 0x0, 0xd, 0xff, 0xff, 0xfd, 0x20,
    0x0, 0x0, 0x7, 0xff, 0xf6, 0x0, 0x0, 0x0,
    0x2e, 0xff, 0xfa, 0x0, 0x0, 0x0, 0x0, 0x7f,
    0xff, 0x60, 0x0, 0x0, 0x0, 0x4f, 0xa3, 0x0,
    0x0, 0x0, 0x0, 0x7, 0xff, 0xf6, 0x0, 0x0,
    0x0, 0x0, 0x0, 0x0, 0x0, 0x0, 0x0, 0x0,
    0x0, 0x0, 0x0, 0x0, 0x0,

    /* U+5F0F "式" */
    0x0, 0x0, 0x0, 0x0, 0x0, 0x0, 0x1, 0x11,
    0x10, 0x0, 0x20, 0x0, 0x0, 0x0, 0x0, 0x0,
    0x0, 0x0, 0x1, 0xff, 0xff, 0x0, 0xbf, 0x50,
    0x0, 0x0, 0x0, 0x0, 0x0, 0x0, 0x0, 0x1f,
    0xff, 0xf0, 0xdf, 0xff, 0x80, 0x0, 0x0, 0x0,
    0x0, 0x0, 0x0, 0x1, 0xff, 0xff, 0x6, 0xff,
    0xff, 0x30, 0x0, 0x0, 0x0, 0x0, 0x0, 0x0,
    0x1f, 0xff, 0xf0, 0x5, 0xff, 0x40, 0x9, 0xff,
    0xff, 0xff, 0xff, 0xff, 0xff, 0xff, 0xff, 0xff,
    0xff, 0xff, 0xe0, 0x9f, 0xff, 0xff, 0xff, 0xff,
    0xff, 0xff, 0xff, 0xff, 0xff, 0xff, 0xfe, 0x9,
    0xff, 0xff, 0xff, 0xff, 0xff, 0xff, 0xff, 0xff,
    0xff, 0xff, 0xff, 0xe0, 0x6a, 0xaa, 0xaa, 0xaa,
    0xaa, 0xaa, 0xaf, 0xff, 0xfa, 0xaa, 0xaa, 0xa9,
    0x0, 0x0, 0x0, 0x0, 0x0, 0x0, 0x0, 0xcf,
    0xff, 0x30, 0x0, 0x0, 0x0, 0x0, 0x0, 0x0,
    0x0, 0x0, 0x0, 0xa, 0xff, 0xf4, 0x0, 0x0,
    0x0, 0x0, 0x8f, 0xff, 0xff, 0xff, 0xff, 0xf8,
    0x8f, 0xff, 0x60, 0x0, 0x0, 0x0, 0x9, 0xff,
    0xff, 0xff, 0xff, 0xff, 0x86, 0xff, 0xf8, 0x0,
    0x0, 0x0, 0x0, 0x9f, 0xff, 0xff, 0xff, 0xff,
    0xf8, 0x5f, 0xff, 0xa0, 0x0, 0x0, 0x0, 0x6,
    0xaa, 0xbf, 0xff, 0xea, 0xaa, 0x63, 0xff, 0xfc,
    0x0, 0x0, 0x0, 0x0, 0x0, 0x0, 0xff, 0xfb,
    0x0, 0x0, 0xf, 0xff, 0xf0, 0x0, 0x0, 0x0,
    0x0, 0x0, 0xf, 0xff, 0xb0, 0x0, 0x0, 0xdf,
    0xff, 0x30, 0x0, 0x0, 0x0, 0x0, 0x0, 0xff,
    0xfb, 0x0, 0x0, 0xa, 0xff, 0xf7, 0x0, 0xa6,
    0x0, 0x0, 0x0, 0xf, 0xff, 0xb0, 0x1, 0x31,
    0x5f, 0xff, 0xc0, 0xb, 0xfc, 0x30, 0x0, 0x1,
    0xff, 0xfe, 0xcf, 0xff, 0x41, 0xff, 0xff, 0x20,
    0xdf, 0xf9, 0x49, 0xbe, 0xff, 0xff, 0xff, 0xff,
    0xf5, 0xa, 0xff, 0xfb, 0x2f, 0xff, 0x76, 0xff,
    0xff, 0xff, 0xff, 0xff, 0xff, 0x60, 0x3f, 0xff,
    0xff, 0xff, 0xf3, 0x2f, 0xff, 0xff, 0xff, 0xda,
    0x74, 0x0, 0x0, 0xaf, 0xff, 0xff, 0xfe, 0x0,
    0xdf, 0xda, 0x74, 0x10, 0x0, 0x0, 0x0, 0x0,
    0xdf, 0xff, 0xff, 0x60, 0x2, 0x10, 0x0, 0x0,
    0x0, 0x0, 0x0, 0x0, 0x0, 0x9d, 0xfc, 0x50,
    0x0,

    /* U+5F20 "张" */
    0x28, 0x88, 0x88, 0x88, 0x70, 0xa, 0xaa, 0x80,
    0x0, 0x0, 0x0, 0x0, 0x4, 0xff, 0xff, 0xff,
    0xfd, 0x0, 0xff, 0xfc, 0x0, 0x0, 0x3f, 0xb7,
    0x20, 0x4f, 0xff, 0xff, 0xff, 0xd0, 0xf, 0xff,
    0xc0, 0x0, 0xd, 0xff, 0xf8, 0x4, 0xff, 0xff,
    0xff, 0xfd, 0x0, 0xff, 0xfc, 0x0, 0xb, 0xff,
    0xfd, 0x0, 0x0, 0x0, 0xc, 0xff, 0xd0, 0xf,
    0xff, 0xc0, 0x1c, 0xff, 0xff, 0x30, 0x0, 0x0,
    0x0, 0xcf, 0xfd, 0x0, 0xff, 0xfc, 0x3e, 0xff,
    0xff, 0x50, 0x0, 0x9, 0xff, 0xff, 0xff, 0xd0,
    0xf, 0xff, 0xc7, 0xff, 0xff, 0x70, 0x0, 0x0,
    0xaf, 0xff, 0xff, 0xfd, 0x0, 0xff, 0xfc, 0x6,
    0xff, 0x70, 0x0, 0x0, 0xc, 0xff, 0xff, 0xff,
    0xd1, 0x1f, 0xff, 0xc1, 0x17, 0x61, 0x11, 0x11,
    0x0, 0xdf, 0xfd, 0x88, 0x87, 0xff, 0xff, 0xff,
    0xff, 0xff, 0xff, 0xff, 0xf1, 0xe, 0xff, 0x80,
    0x0, 0xf, 0xff, 0xff, 0xff, 0xff, 0xff, 0xff,
    0xff, 0x10, 0xff, 0xf7, 0x0, 0x0, 0xff, 0xff,
    0xff, 0xff, 0xff, 0xff, 0xff, 0xf1, 0x1f, 0xff,
    0x83, 0x33, 0x39, 0x9f, 0xff, 0xe9, 0xff, 0xfe,
    0x99, 0x99, 0x13, 0xff, 0xff, 0xff, 0xff, 0x0,
    0xff, 0xfc, 0xa, 0xff, 0xe0, 0x0, 0x0, 0x5f,
    0xff, 0xff, 0xff, 0xe0, 0xf, 0xff, 0xc0, 0x6f,
    0xff, 0x40, 0x0, 0x7, 0xff, 0xff, 0xff, 0xfd,
    0x0, 0xff, 0xfc, 0x1, 0xff, 0xfb, 0x0, 0x0,
    0x1, 0x11, 0x1f, 0xff, 0xc0, 0xf, 0xff, 0xc0,
    0xb, 0xff, 0xf3, 0x0, 0x0, 0x0, 0x0, 0xff,
    0xfa, 0x0, 0xff, 0xfc, 0x0, 0x5f, 0xff, 0xc0,
    0x0, 0x0, 0x0, 0x2f, 0xff, 0x90, 0xf, 0xff,
    0xd9, 0xe5, 0xdf, 0xff, 0x80, 0x0, 0x0, 0x5,
    0xff, 0xf7, 0x2, 0xff, 0xff, 0xff, 0x55, 0xff,
    0xff, 0x70, 0x13, 0x34, 0xcf, 0xff, 0x40, 0xbf,
    0xff, 0xff, 0xf6, 0xa, 0xff, 0xff, 0x81, 0xff,
    0xff, 0xff, 0xf1, 0x2f, 0xff, 0xff, 0xf9, 0x20,
    0x1e, 0xff, 0xe2, 0xa, 0xff, 0xff, 0xf9, 0x0,
    0x9f, 0xfe, 0x71, 0x0, 0x0, 0x2d, 0xf3, 0x0,
    0x6f, 0xfe, 0xc6, 0x0, 0x2, 0xd5, 0x0, 0x0,
    0x0, 0x0, 0x15, 0x0, 0x0, 0x0, 0x0, 0x0,
    0x0, 0x0, 0x0, 0x0, 0x0, 0x0, 0x0, 0x0,
    0x0,

    /* U+5F39 "弹" */
    0x0, 0x0, 0x0, 0x0, 0x0, 0x0, 0x11, 0x0,
    0x0, 0x14, 0x0, 0x0, 0x3, 0x55, 0x55, 0x55,
    0x51, 0x2, 0xaf, 0xb0, 0x0, 0x8, 0xff, 0xc4,
    0x0, 0x9f, 0xff, 0xff, 0xff, 0x30, 0x9f, 0xff,
    0x60, 0x0, 0xef, 0xff, 0x20, 0x9, 0xff, 0xff,
    0xff, 0xf3, 0x1, 0xef, 0xfe, 0x10, 0x5f, 0xff,
    0xa0, 0x0, 0x9f, 0xff, 0xff, 0xff, 0x30, 0x6,
    0xff, 0xf5, 0xd, 0xff, 0xf1, 0x0, 0x0, 0x0,
    0x3, 0xff, 0xf3, 0x0, 0xd, 0x91, 0x5, 0xff,
    0xf7, 0x0, 0x0, 0x0, 0x0, 0x3f, 0xff, 0x37,
    0xcc, 0xdc, 0xcc, 0xef, 0xff, 0xdc, 0xc6, 0x1,
    0xbb, 0xbc, 0xff, 0xf3, 0x9f, 0xff, 0xff, 0xff,
    0xff, 0xff, 0xff, 0x70, 0x2f, 0xff, 0xff, 0xff,
    0x39, 0xff, 0xff, 0xff, 0xff, 0xff, 0xff, 0xf7,
    0x3, 0xff, 0xff, 0xff, 0xf3, 0x9f, 0xfd, 0xa,
    0xff, 0xf4, 0x2f, 0xff, 0x70, 0x3f, 0xff, 0xdd,
    0xdd, 0x39, 0xff, 0xfb, 0xef, 0xff, 0xcc, 0xff,
    0xf7, 0x3, 0xff, 0xf0, 0x0, 0x0, 0x9f, 0xff,
    0xff, 0xff, 0xff, 0xff, 0xff, 0x70, 0x4f, 0xfe,
    0x0, 0x0, 0x9, 0xff, 0xff, 0xff, 0xff, 0xff,
    0xff, 0xf7, 0x5, 0xff, 0xf9, 0x99, 0x91, 0x9f,
    0xfd, 0xa, 0xff, 0xf4, 0x2f, 0xff, 0x70, 0x6f,
    0xff, 0xff, 0xff, 0x29, 0xff, 0xff, 0xff, 0xff,
    0xff, 0xff, 0xf7, 0x7, 0xff, 0xff, 0xff, 0xf1,
    0x9f, 0xff, 0xff, 0xff, 0xff, 0xff, 0xff, 0x70,
    0x59, 0x99, 0xbf, 0xff, 0x8, 0xdd, 0xdd, 0xff,
    0xff, 0xed, 0xdd, 0xd6, 0x0, 0x0, 0x4, 0xff,
    0xf0, 0x0, 0x0, 0xa, 0xff, 0xf3, 0x0, 0x0,
    0x0, 0x0, 0x0, 0x6f, 0xfe, 0xef, 0xff, 0xff,
    0xff, 0xff, 0xff, 0xff, 0xff, 0x30, 0x0, 0x8,
    0xff, 0xde, 0xff, 0xff, 0xff, 0xff, 0xff, 0xff,
    0xff, 0xf3, 0x0, 0x0, 0xbf, 0xfb, 0xef, 0xff,
    0xff, 0xff, 0xff, 0xff, 0xff, 0xff, 0x33, 0x99,
    0xbf, 0xff, 0x84, 0x44, 0x44, 0x4c, 0xff, 0xf7,
    0x44, 0x44, 0x41, 0xe, 0xff, 0xff, 0xf5, 0x0,
    0x0, 0x0, 0xaf, 0xff, 0x30, 0x0, 0x0, 0x0,
    0x9f, 0xff, 0xfd, 0x0, 0x0, 0x0, 0xa, 0xff,
    0xf3, 0x0, 0x0, 0x0, 0x5, 0xff, 0xda, 0x10,
    0x0, 0x0, 0x0, 0xaf, 0xff, 0x30, 0x0, 0x0,
    0x0, 0x0, 0x0, 0x0, 0x0, 0x0, 0x0, 0x1,
    0x22, 0x20, 0x0, 0x0, 0x0,

    /* U+5F80 "往" */
    0x0, 0x0, 0x1, 0x10, 0x0, 0x0, 0x0, 0x0,
    0x4, 0x10, 0x0, 0x0, 0x0, 0x0, 0x0, 0xb,
    0xfa, 0x40, 0x0, 0x0, 0x29, 0xef, 0x90, 0x0,
    0x0, 0x0, 0x0, 0x0, 0x8f, 0xff, 0xf2, 0x0,
    0x0, 0x1f, 0xff, 0xf2, 0x0, 0x0, 0x0, 0x0,
    0x7, 0xff, 0xff, 0x50, 0x0, 0x0, 0x9, 0xff,
    0xf8, 0x0, 0x0, 0x0, 0x0, 0x9f, 0xff, 0xf7,
    0x0, 0x0, 0x0, 0x3, 0xff, 0xf9, 0x0, 0x0,
    0x0, 0xb, 0xff, 0xff, 0xa0, 0x0, 0x88, 0x88,
    0x88, 0xfe, 0x98, 0x88, 0x88, 0x70, 0x7, 0xff,
    0xfa, 0x54, 0x1, 0xff, 0xff, 0xff, 0xff, 0xff,
    0xff, 0xff, 0xe0, 0x0, 0xdf, 0x92, 0xff, 0xd8,
    0xff, 0xff, 0xff, 0xff, 0xff, 0xff, 0xff, 0xe0,
    0x0, 0x56, 0xc, 0xff, 0xfb, 0xff, 0xff, 0xff,
    0xff, 0xff, 0xff, 0xff, 0xe0, 0x0, 0x0, 0xaf,
    0xff, 0xe1, 0x0, 0x0, 0x5, 0xff, 0xfa, 0x0,
    0x0, 0x0, 0x0, 0x8, 0xff, 0xff, 0x30, 0x0,
    0x0, 0x4, 0xff, 0xfa, 0x0, 0x0, 0x0, 0x0,
    0x8f, 0xff, 0xfd, 0x0, 0x0, 0x0, 0x4, 0xff,
    0xfa, 0x0, 0x0, 0x0, 0xa, 0xff, 0xff, 0xfd,
    0x0, 0x0, 0x0, 0x4, 0xff, 0xfa, 0x0, 0x0,
    0x0, 0x1f, 0xff, 0xff, 0xfd, 0x0, 0x3f, 0xff,
    0xff, 0xff, 0xff, 0xff, 0xff, 0x10, 0x9, 0xff,
    0xff, 0xfd, 0x0, 0x3f, 0xff, 0xff, 0xff, 0xff,
    0xff, 0xff, 0x10, 0x2, 0xfe, 0xff, 0xfd, 0x0,
    0x3f, 0xff, 0xff, 0xff, 0xff, 0xff, 0xff, 0x10,
    0x0, 0x92, 0xff, 0xfd, 0x0, 0x29, 0x99, 0x9b,
    0xff, 0xfd, 0x99, 0x99, 0x10, 0x0, 0x1, 0xff,
    0xfd, 0x0, 0x0, 0x0, 0x4, 0xff, 0xfa, 0x0,
    0x0, 0x0, 0x0, 0x1, 0xff, 0xfd, 0x0, 0x0,
    0x0, 0x4, 0xff, 0xfa, 0x0, 0x0, 0x0, 0x0,
    0x1, 0xff, 0xfd, 0x0, 0x0, 0x0, 0x4, 0xff,
    0xfa, 0x0, 0x0, 0x0, 0x0, 0x1, 0xff, 0xfd,
    0x0, 0x0, 0x0, 0x4, 0xff, 0xfa, 0x0, 0x0,
    0x0, 0x0, 0x1, 0xff, 0xfd, 0xf, 0xff, 0xff,
    0xff, 0xff, 0xff, 0xff, 0xff, 0xf9, 0x0, 0x1,
    0xff, 0xfd, 0xf, 0xff, 0xff, 0xff, 0xff, 0xff,
    0xff, 0xff, 0xf9, 0x0, 0x1, 0xff, 0xfd, 0xf,
    0xff, 0xff, 0xff, 0xff, 0xff, 0xff, 0xff, 0xf9,
    0x0, 0x1, 0xff, 0xfd, 0x9, 0x99, 0x99, 0x99,
    0x99, 0x99, 0x99, 0x99, 0x95,

    /* U+5F85 "待" */
    0x0, 0x0, 0x0, 0x0, 0x0, 0x0, 0x0, 0x1,
    0x11, 0x10, 0x0, 0x0, 0x0, 0x0, 0x0, 0xb,
    0xe8, 0x10, 0x0, 0x0, 0xe, 0xff, 0xd0, 0x0,
    0x0, 0x0, 0x0, 0x0, 0x8f, 0xff, 0xf1, 0x0,
    0x0, 0xe, 0xff, 0xd0, 0x0, 0x0, 0x0, 0x0,
    0x8, 0xff, 0xff, 0x50, 0x77, 0x77, 0x7f, 0xff,
    0xe7, 0x77, 0x77, 0x10, 0x0, 0xaf, 0xff, 0xf7,
    0x0, 0xff, 0xff, 0xff, 0xff, 0xff, 0xff, 0xff,
    0x40, 0x2d, 0xff, 0xff, 0x80, 0x0, 0xff, 0xff,
    0xff, 0xff, 0xff, 0xff, 0xff, 0x40, 0x1f, 0xff,
    0xf7, 0x31, 0x0, 0xff, 0xff, 0xff, 0xff, 0xff,
    0xff, 0xff, 0x40, 0x7, 0xff, 0x62, 0xff, 0xa3,
    0x0, 0x0, 0xe, 0xff, 0xd0, 0x0, 0x0, 0x0,
    0x0, 0xb2, 0xd, 0xff, 0xfb, 0x66, 0x66, 0x6f,
    0xff, 0xe6, 0x66, 0x66, 0x62, 0x0, 0x0, 0xbf,
    0xff, 0xff, 0xff, 0xff, 0xff, 0xff, 0xff, 0xff,
    0xff, 0xf6, 0x0, 0xb, 0xff, 0xfe, 0xaf, 0xff,
    0xff, 0xff, 0xff, 0xff, 0xff, 0xff, 0xf6, 0x1,
    0xcf, 0xff, 0xfa, 0x7f, 0xff, 0xff, 0xff, 0xff,
    0xff, 0xff, 0xff, 0xf6, 0x3d, 0xff, 0xff, 0xfa,
    0x0, 0x0, 0x0, 0x0, 0x0, 0x7f, 0xff, 0x50,
    0x0, 0x6f, 0xff, 0xff, 0xfa, 0x16, 0x66, 0x66,
    0x66, 0x66, 0xaf, 0xff, 0x96, 0x61, 0xe, 0xff,
    0xff, 0xfa, 0x4f, 0xff, 0xff, 0xff, 0xff, 0xff,
    0xff, 0xff, 0xf2, 0x8, 0xf9, 0xff, 0xfa, 0x4f,
    0xff, 0xff, 0xff, 0xff, 0xff, 0xff, 0xff, 0xf2,
    0x2, 0x70, 0xff, 0xfa, 0x4f, 0xff, 0xff, 0xff,
    0xff, 0xff, 0xff, 0xff, 0xf2, 0x0, 0x0, 0xff,
    0xfa, 0x0, 0x7, 0xe9, 0x0, 0x0, 0x6f, 0xff,
    0x50, 0x0, 0x0, 0x0, 0xff, 0xfa, 0x0, 0xdf,
    0xff, 0x60, 0x0, 0x6f, 0xff, 0x50, 0x0, 0x0,
    0x0, 0xff, 0xfa, 0x0, 0x3f, 0xff, 0xf2, 0x0,
    0x6f, 0xff, 0x50, 0x0, 0x0, 0x0, 0xff, 0xfa,
    0x0, 0x8, 0xff, 0xfb, 0x0, 0x6f, 0xff, 0x50,
    0x0, 0x0, 0x0, 0xff, 0xfa, 0x0, 0x0, 0xef,
    0xa8, 0x77, 0xbf, 0xff, 0x50, 0x0, 0x0, 0x0,
    0xff, 0xfa, 0x0, 0x0, 0x42, 0x8, 0xff, 0xff,
    0xff, 0x30, 0x0, 0x0, 0x0, 0xff, 0xfa, 0x0,
    0x0, 0x0, 0x2, 0xff, 0xff, 0xfe, 0x0, 0x0,
    0x0, 0x0, 0xff, 0xfa, 0x0, 0x0, 0x0, 0x0,
    0xef, 0xfc, 0x81, 0x0, 0x0, 0x0, 0x0, 0x0,
    0x0, 0x0, 0x0, 0x0, 0x0, 0x0, 0x0, 0x0,
    0x0, 0x0,

    /* U+5FAE "微" */
    0x0, 0x0, 0x0, 0x0, 0x0, 0x12, 0x20, 0x0,
    0x0, 0x0, 0x0, 0x0, 0x0, 0x0, 0x1, 0xec,
    0x60, 0x0, 0x7f, 0xf2, 0x0, 0x1, 0xfd, 0xb3,
    0x0, 0x0, 0x0, 0xa, 0xff, 0xf8, 0x0, 0x7f,
    0xf2, 0x0, 0x3, 0xff, 0xf3, 0x0, 0x0, 0x0,
    0x8f, 0xff, 0xc6, 0xed, 0x7f, 0xf4, 0xee, 0x46,
    0xff, 0xf1, 0x0, 0x0, 0x8, 0xff, 0xfe, 0x16,
    0xfe, 0x7f, 0xf4, 0xff, 0x58, 0xff, 0xe0, 0x0,
    0x0, 0x8f, 0xff, 0xf4, 0x6, 0xfe, 0x7f, 0xf4,
    0xff, 0x5c, 0xff, 0xb1, 0x11, 0x10, 0x4f, 0xff,
    0x84, 0x6, 0xfe, 0x7f, 0xf4, 0xff, 0x6f, 0xff,
    0xff, 0xff, 0xf2, 0x9, 0xf5, 0xcf, 0xec, 0xff,
    0xff, 0xff, 0xff, 0xaf, 0xff, 0xff, 0xff, 0xf2,
    0x1, 0x36, 0xff, 0xff, 0xff, 0xff, 0xff, 0xff,
    0xff, 0xff, 0xff, 0xff, 0xf2, 0x0, 0xe, 0xff,
    0xf8, 0xee, 0xee, 0xee, 0xee, 0xff, 0xfa, 0xf,
    0xff, 0x40, 0x0, 0xaf, 0xff, 0x91, 0x22, 0x22,
    0x22, 0x29, 0xff, 0xfb, 0x1f, 0xff, 0x10, 0x6,
    0xff, 0xff, 0x78, 0xff, 0xff, 0xff, 0xff, 0xff,
    0xfe, 0x4f, 0xfe, 0x0, 0x5f, 0xff, 0xff, 0x78,
    0xff, 0xff, 0xff, 0xff, 0xff, 0xff, 0x8f, 0xfc,
    0x0, 0xaf, 0xff, 0xff, 0x78, 0xff, 0xff, 0xff,
    0xff, 0xaf, 0xff, 0xef, 0xf9, 0x0, 0x1f, 0xff,
    0xff, 0x70, 0x58, 0x88, 0x88, 0x84, 0x5, 0xff,
    0xff, 0xf5, 0x0, 0x7, 0xdf, 0xff, 0x70, 0xaf,
    0xff, 0xff, 0xf8, 0x0, 0xff, 0xff, 0xf1, 0x0,
    0x0, 0x1e, 0xff, 0x70, 0xaf, 0xff, 0xff, 0xf8,
    0x0, 0xbf, 0xff, 0xb0, 0x0, 0x0, 0xe, 0xff,
    0x70, 0xbf, 0xf7, 0x7f, 0xf9, 0x62, 0x7f, 0xff,
    0x60, 0x0, 0x0, 0xe, 0xff, 0x70, 0xcf, 0xf5,
    0x6f, 0xff, 0xf6, 0x8f, 0xff, 0x50, 0x0, 0x0,
    0xe, 0xff, 0x70, 0xef, 0xf4, 0xaf, 0xff, 0xfd,
    0xff, 0xff, 0xe1, 0x0, 0x0, 0xe, 0xff, 0x72,
    0xff, 0xf2, 0xff, 0xff, 0xbf, 0xff, 0xff, 0xfc,
    0x10, 0x0, 0xe, 0xff, 0x7a, 0xff, 0xd0, 0x8f,
    0xc6, 0xef, 0xff, 0xdf, 0xff, 0xd2, 0x0, 0xe,
    0xff, 0x9e, 0xff, 0x70, 0x29, 0x3f, 0xff, 0xf7,
    0x1e, 0xff, 0xf3, 0x0, 0xe, 0xff, 0x72, 0xed,
    0x0, 0x0, 0x8, 0xff, 0x80, 0x3, 0xff, 0x40,
    0x0, 0xe, 0xff, 0x70, 0x33, 0x0, 0x0, 0x0,
    0xc5, 0x0, 0x0, 0x27, 0x0, 0x0, 0x0, 0x0,
    0x0, 0x0, 0x0, 0x0, 0x0, 0x0, 0x0, 0x0,
    0x0, 0x0,

    /* U+5FD9 "忙" */
    0x0, 0x2, 0xbb, 0xb0, 0x0, 0x0, 0x0, 0x1,
    0x9a, 0x0, 0x0, 0x0, 0x0, 0x0, 0x3, 0xff,
    0xf0, 0x0, 0x0, 0x0, 0x7f, 0xff, 0x70, 0x0,
    0x0, 0x0, 0x0, 0x3, 0xff, 0xf0, 0x0, 0x0,
    0x0, 0x3f, 0xff, 0xf3, 0x0, 0x0, 0x0, 0x0,
    0x3, 0xff, 0xf0, 0x0, 0x0, 0x0, 0x7, 0xff,
    0xfd, 0x0, 0x0, 0x0, 0x0, 0x3, 0xff, 0xf0,
    0x0, 0x0, 0x0, 0x0, 0xdf, 0xf9, 0x0, 0x0,
    0x0, 0x0, 0x3, 0xff, 0xf6, 0xa0, 0x0, 0x0,
    0x0, 0x5b, 0x20, 0x0, 0x0, 0x0, 0x9, 0xfe,
    0xff, 0xff, 0xf5, 0xff, 0xff, 0xff, 0xff, 0xff,
    0xff, 0xff, 0xf7, 0xb, 0xff, 0xff, 0xff, 0xfc,
    0xff, 0xff, 0xff, 0xff, 0xff, 0xff, 0xff, 0xf7,
    0xd, 0xff, 0xff, 0xff, 0xff, 0xff, 0xff, 0xff,
    0xff, 0xff, 0xff, 0xff, 0xf7, 0xf, 0xff, 0xff,
    0xfd, 0xff, 0xda, 0xff, 0xff, 0xaa, 0xaa, 0xaa,
    0xaa, 0xa5, 0x2f, 0xfe, 0xff, 0xf8, 0xfe, 0x50,
    0xef, 0xfc, 0x0, 0x0, 0x0, 0x0, 0x0, 0x6f,
    0xfb, 0xff, 0xf3, 0x50, 0x0, 0xef, 0xfc, 0x0,
    0x0, 0x0, 0x0, 0x0, 0x9f, 0xf8, 0xff, 0xf0,
    0x0, 0x0, 0xef, 0xfc, 0x0, 0x0, 0x0, 0x0,
    0x0, 0x4, 0x94, 0xff, 0xf0, 0x0, 0x0, 0xef,
    0xfc, 0x0, 0x0, 0x0, 0x0, 0x0, 0x0, 0x3,
    0xff, 0xf0, 0x0, 0x0, 0xef, 0xfc, 0x0, 0x0,
    0x0, 0x0, 0x0, 0x0, 0x3, 0xff, 0xf0, 0x0,
    0x0, 0xef, 0xfc, 0x0, 0x0, 0x0, 0x0, 0x0,
    0x0, 0x3, 0xff, 0xf0, 0x0, 0x0, 0xef, 0xfc,
    0x0, 0x0, 0x0, 0x0, 0x0, 0x0, 0x3, 0xff,
    0xf0, 0x0, 0x0, 0xef, 0xfc, 0x0, 0x0, 0x0,
    0x0, 0x0, 0x0, 0x3, 0xff, 0xf0, 0x0, 0x0,
    0xef, 0xfc, 0x0, 0x0, 0x0, 0x0, 0x0, 0x0,
    0x3, 0xff, 0xf0, 0x0, 0x0, 0xef, 0xfc, 0x0,
    0x0, 0x0, 0x0, 0x0, 0x0, 0x3, 0xff, 0xf0,
    0x0, 0x0, 0xef, 0xfd, 0x11, 0x11, 0x11, 0x11,
    0x10, 0x0, 0x3, 0xff, 0xf0, 0x0, 0x0, 0xef,
    0xff, 0xff, 0xff, 0xff, 0xff, 0xc0, 0x0, 0x3,
    0xff, 0xf0, 0x0, 0x0, 0xef, 0xff, 0xff, 0xff,
    0xff, 0xff, 0xc0, 0x0, 0x3, 0xff, 0xf0, 0x0,
    0x0, 0xef, 0xff, 0xff, 0xff, 0xff, 0xff, 0xc0,
    0x0, 0x3, 0xff, 0xf0, 0x0, 0x0, 0x22, 0x22,
    0x22, 0x22, 0x22, 0x22, 0x10,

    /* U+601D "思" */
    0x0, 0x1, 0x22, 0x22, 0x22, 0x22, 0x22, 0x22,
    0x22, 0x22, 0x22, 0x10, 0x0, 0x0, 0x9, 0xff,
    0xff, 0xff, 0xff, 0xff, 0xff, 0xff, 0xff, 0xff,
    0x90, 0x0, 0x0, 0x9, 0xff, 0xff, 0xff, 0xff,
    0xff, 0xff, 0xff, 0xff, 0xff, 0x90, 0x0, 0x0,
    0x9, 0xff, 0xff, 0xff, 0xff, 0xff, 0xff, 0xff,
    0xff, 0xff, 0x90, 0x0, 0x0, 0x9, 0xff, 0xf1,
    0x11, 0x1f, 0xff, 0xb1, 0x11, 0x3f, 0xff, 0x90,
    0x0, 0x0, 0x9, 0xff, 0xf1, 0x11, 0x1f, 0xff,
    0xb1, 0x11, 0x3f, 0xff, 0x90, 0x0, 0x0, 0x9,
    0xff, 0xff, 0xff, 0xff, 0xff, 0xff, 0xff, 0xff,
    0xff, 0x90, 0x0, 0x0, 0x9, 0xff, 0xff, 0xff,
    0xff, 0xff, 0xff, 0xff, 0xff, 0xff, 0x90, 0x0,
    0x0, 0x9, 0xff, 0xfe, 0xee, 0xef, 0xff, 0xfe,
    0xee, 0xef, 0xff, 0x90, 0x0, 0x0, 0x9, 0xff,
    0xf0, 0x0, 0xf, 0xff, 0xb0, 0x0, 0x1f, 0xff,
    0x90, 0x0, 0x0, 0x9, 0xff, 0xfe, 0xee, 0xef,
    0xff, 0xfe, 0xee, 0xef, 0xff, 0x90, 0x0, 0x0,
    0x9, 0xff, 0xff, 0xff, 0xff, 0xff, 0xff, 0xff,
    0xff, 0xff, 0x90, 0x0, 0x0, 0x9, 0xff, 0xff,
    0xff, 0xff, 0xff, 0xff, 0xff, 0xff, 0xff, 0x90,
    0x0, 0x0, 0x3, 0x55, 0x55, 0x55, 0x5b, 0xff,
    0x75, 0x55, 0x55, 0x55, 0x30, 0x0, 0x0, 0x0,
    0x0, 0x0, 0x0, 0x5f, 0xff, 0xf6, 0x0, 0x0,
    0x0, 0x0, 0x0, 0x0, 0xb, 0xa4, 0x0, 0x0,
    0x9f, 0xff, 0xff, 0x90, 0x0, 0x4b, 0xb0, 0x0,
    0x0, 0x1f, 0xff, 0xbb, 0xff, 0xf5, 0xef, 0xff,
    0xf6, 0xb, 0xff, 0xf5, 0x0, 0x0, 0x6f, 0xff,
    0x7b, 0xff, 0xf1, 0x1b, 0xff, 0x80, 0x5, 0xff,
    0xfe, 0x10, 0x0, 0xdf, 0xff, 0x1b, 0xff, 0xf1,
    0x0, 0xa6, 0x2d, 0x61, 0xcf, 0xff, 0x80, 0x6,
    0xff, 0xfc, 0xb, 0xff, 0xf1, 0x0, 0x0, 0x4f,
    0xff, 0x9f, 0xff, 0xf1, 0xe, 0xff, 0xf5, 0xa,
    0xff, 0xf9, 0x66, 0x66, 0xcf, 0xff, 0x3c, 0xff,
    0xf6, 0x6, 0xef, 0xd0, 0x8, 0xff, 0xff, 0xff,
    0xff, 0xff, 0xfe, 0x6, 0xff, 0xa3, 0x0, 0x8,
    0x50, 0x2, 0xff, 0xff, 0xff, 0xff, 0xff, 0xf7,
    0x1, 0x81, 0x0, 0x0, 0x0, 0x0, 0x0, 0x3b,
    0xef, 0xff, 0xff, 0xfd, 0x60, 0x0, 0x0, 0x0,

    /* U+6062 "恢" */
    0x0, 0x1, 0xbb, 0xb3, 0x0, 0x0, 0x89, 0x84,
    0x0, 0x0, 0x0, 0x0, 0x0, 0x0, 0x2, 0xff,
    0xf4, 0x0, 0x0, 0xdf, 0xf9, 0x0, 0x0, 0x0,
    0x0, 0x0, 0x0, 0x2, 0xff, 0xf4, 0x0, 0x0,
    0xef, 0xf8, 0x0, 0x0, 0x0, 0x0, 0x0, 0x0,
    0x2, 0xff, 0xf4, 0x0, 0x0, 0xff, 0xf6, 0x0,
    0x0, 0x0, 0x0, 0x0, 0x0, 0x2, 0xff, 0xf4,
    0x8, 0xff, 0xff, 0xff, 0xff, 0xff, 0xff, 0xff,
    0xe0, 0x0, 0x2, 0xff, 0xfb, 0xdb, 0xff, 0xff,
    0xff, 0xff, 0xff, 0xff, 0xff, 0xe0, 0x7, 0xff,
    0xff, 0xff, 0xff, 0xff, 0xff, 0xff, 0xff, 0xff,
    0xff, 0xff, 0xe0, 0x9, 0xff, 0xff, 0xff, 0xff,
    0x6b, 0xff, 0xe5, 0x55, 0x55, 0x55, 0x55, 0x50,
    0xa, 0xff, 0xff, 0xff, 0xff, 0x2c, 0xff, 0xa0,
    0x0, 0xee, 0xe2, 0x0, 0x0, 0xc, 0xff, 0xff,
    0xfd, 0xff, 0x6f, 0xff, 0x70, 0x0, 0xff, 0xf1,
    0x20, 0x0, 0xf, 0xff, 0xff, 0xfa, 0xfa, 0x6f,
    0xff, 0x7f, 0xd7, 0xff, 0xf1, 0xfe, 0x90, 0x2f,
    0xfd, 0xff, 0xf5, 0x10, 0x7f, 0xff, 0x6f, 0xf8,
    0xff, 0xe4, 0xff, 0x90, 0x4f, 0xf9, 0xff, 0xf4,
    0x0, 0xcf, 0xfc, 0x8f, 0xf6, 0xff, 0xd7, 0xff,
    0x60, 0x0, 0x65, 0xff, 0xf4, 0x1, 0xff, 0xf7,
    0xcf, 0xe7, 0xff, 0xab, 0xff, 0x20, 0x0, 0x2,
    0xff, 0xf4, 0x7, 0xff, 0xf5, 0xff, 0xaa, 0xff,
    0x8f, 0xfe, 0x0, 0x0, 0x2, 0xff, 0xf4, 0xe,
    0xff, 0xd6, 0xff, 0x5e, 0xff, 0xaf, 0xfa, 0x0,
    0x0, 0x2, 0xff, 0xf4, 0x6f, 0xff, 0x60, 0x5c,
    0x4f, 0xff, 0x77, 0xe5, 0x0, 0x0, 0x2, 0xff,
    0xf6, 0xef, 0xff, 0x0, 0x0, 0xaf, 0xff, 0xd0,
    0x0, 0x0, 0x0, 0x2, 0xff, 0xfe, 0xff, 0xf8,
    0x0, 0x3, 0xff, 0xff, 0xf8, 0x0, 0x0, 0x0,
    0x2, 0xff, 0xf6, 0xcf, 0xe0, 0x0, 0x1e, 0xff,
    0xff, 0xff, 0x40, 0x0, 0x0, 0x2, 0xff, 0xf4,
    0xc, 0x50, 0x2, 0xdf, 0xff, 0x8c, 0xff, 0xf4,
    0x0, 0x0, 0x2, 0xff, 0xf4, 0x0, 0x2, 0x8f,
    0xff, 0xfd, 0x2, 0xff, 0xff, 0x80, 0x0, 0x2,
    0xff, 0xf4, 0x0, 0xd, 0xff, 0xff, 0xd1, 0x0,
    0x6f, 0xff, 0xf4, 0x0, 0x2, 0xff, 0xf4, 0x0,
    0x2, 0xff, 0xfb, 0x10, 0x0, 0x5, 0xff, 0x50,
    0x0, 0x2, 0xff, 0xf4, 0x0, 0x0, 0x8c, 0x40,
    0x0, 0x0, 0x0, 0x38, 0x0, 0x0, 0x0, 0x0,
    0x0, 0x0, 0x0, 0x0, 0x0, 0x0, 0x0, 0x0,
    0x0, 0x0,

    /* U+6094 "悔" */
    0x0, 0x2, 0xbb, 0xb3, 0x0, 0x0, 0x89, 0x40,
    0x0, 0x0, 0x0, 0x0, 0x0, 0x0, 0x3, 0xff,
    0xf4, 0x0, 0x1, 0xff, 0xfd, 0x0, 0x0, 0x0,
    0x0, 0x0, 0x0, 0x3, 0xff, 0xf4, 0x0, 0x6,
    0xff, 0xf8, 0x0, 0x0, 0x0, 0x0, 0x0, 0x0,
    0x3, 0xff, 0xf4, 0x0, 0xd, 0xff, 0xff, 0xff,
    0xff, 0xff, 0xff, 0xf2, 0x0, 0x3, 0xff, 0xf4,
    0x10, 0x8f, 0xff, 0xff, 0xff, 0xff, 0xff, 0xff,
    0xf2, 0x0, 0x3, 0xff, 0xfe, 0xe3, 0xff, 0xff,
    0xff, 0xff, 0xff, 0xff, 0xff, 0xf2, 0xb, 0xfe,
    0xff, 0xff, 0xfe, 0xff, 0xfa, 0x55, 0x55, 0x55,
    0x55, 0x55, 0x50, 0xd, 0xff, 0xff, 0xff, 0xff,
    0xff, 0xf2, 0x0, 0x0, 0x0, 0x0, 0x0, 0x0,
    0xe, 0xff, 0xff, 0xff, 0xff, 0xdf, 0xff, 0xff,
    0xff, 0xff, 0xff, 0xff, 0x0, 0xf, 0xff, 0xff,
    0xfe, 0xff, 0x4f, 0xff, 0xff, 0xff, 0xff, 0xff,
    0xff, 0x0, 0x2f, 0xff, 0xff, 0xfa, 0xfd, 0x5f,
    0xff, 0xfe, 0xff, 0xee, 0xff, 0xfe, 0x0, 0x5f,
    0xfe, 0xff, 0xf6, 0x30, 0x3f, 0xff, 0x4b, 0xff,
    0xb1, 0xaf, 0xfd, 0x0, 0x9f, 0xfb, 0xff, 0xf4,
    0x0, 0x5f, 0xff, 0x35, 0xef, 0xc1, 0xbf, 0xfc,
    0x0, 0x5, 0xb7, 0xff, 0xf4, 0x6f, 0xff, 0xff,
    0xff, 0xff, 0xff, 0xff, 0xff, 0xf8, 0x0, 0x3,
    0xff, 0xf4, 0x6f, 0xff, 0xff, 0xff, 0xff, 0xff,
    0xff, 0xff, 0xf8, 0x0, 0x3, 0xff, 0xf4, 0x6f,
    0xff, 0xff, 0xff, 0xff, 0xff, 0xff, 0xff, 0xf8,
    0x0, 0x3, 0xff, 0xf4, 0x12, 0xef, 0xfb, 0x4f,
    0xff, 0xa2, 0xff, 0xf9, 0x21, 0x0, 0x3, 0xff,
    0xf4, 0x0, 0xff, 0xf8, 0x4e, 0xff, 0xe2, 0xff,
    0xf7, 0x0, 0x0, 0x3, 0xff, 0xf4, 0x2, 0xff,
    0xf7, 0x12, 0xbf, 0x53, 0xff, 0xf7, 0x10, 0x0,
    0x3, 0xff, 0xf4, 0x4, 0xff, 0xff, 0xff, 0xff,
    0xff, 0xff, 0xff, 0xf1, 0x0, 0x3, 0xff, 0xf4,
    0x7, 0xff, 0xff, 0xff, 0xff, 0xff, 0xff, 0xff,
    0xf1, 0x0, 0x3, 0xff, 0xf4, 0x9, 0xee, 0xee,
    0xee, 0xee, 0xef, 0xff, 0xfe, 0xe1, 0x0, 0x3,
    0xff, 0xf4, 0x0, 0x0, 0x0, 0x0, 0xef, 0xff,
    0xff, 0xc0, 0x0, 0x0, 0x3, 0xff, 0xf4, 0x0,
    0x0, 0x0, 0x0, 0x8f, 0xff, 0xff, 0x40, 0x0,
    0x0, 0x3, 0xff, 0xf4, 0x0, 0x0, 0x0, 0x0,
    0x5f, 0xfe, 0xb4, 0x0, 0x0, 0x0, 0x0, 0x0,
    0x0, 0x0, 0x0, 0x0, 0x0, 0x0, 0x0, 0x0,
    0x0, 0x0,

    /* U+620F "戏" */
    0x0, 0x0, 0x0, 0x0, 0x0, 0x0, 0xc, 0xdd,
    0xd0, 0x2, 0xc2, 0x0, 0x0, 0x0, 0x0, 0x0,
    0x0, 0x0, 0x0, 0xe, 0xff, 0xf0, 0x6f, 0xfe,
    0x20, 0x0, 0x5, 0x55, 0x55, 0x55, 0x64, 0x0,
    0xd, 0xff, 0xf1, 0x9f, 0xff, 0xd1, 0x0, 0x2f,
    0xff, 0xff, 0xff, 0xff, 0xe2, 0xd, 0xff, 0xf1,
    0xb, 0xff, 0xfb, 0x0, 0x2f, 0xff, 0xff, 0xff,
    0xff, 0xf1, 0xc, 0xff, 0xf1, 0x1, 0xef, 0xb1,
    0x0, 0x2f, 0xff, 0xff, 0xff, 0xff, 0xe0, 0xb,
    0xff, 0xf1, 0x0, 0x4b, 0x56, 0x30, 0x0, 0x0,
    0x0, 0xe, 0xff, 0xb0, 0x1c, 0xff, 0xfc, 0xdf,
    0xff, 0xff, 0x90, 0x0, 0xba, 0x0, 0x3f, 0xff,
    0x9f, 0xff, 0xff, 0xff, 0xff, 0xff, 0xff, 0xb0,
    0x1c, 0xff, 0x70, 0x7f, 0xff, 0x6e, 0xff, 0xff,
    0xff, 0xff, 0xff, 0xff, 0xb0, 0x1e, 0xff, 0xf4,
    0xbf, 0xff, 0x2c, 0xff, 0xff, 0xfd, 0xa8, 0x6b,
    0x30, 0x0, 0x4, 0xff, 0xff, 0xff, 0xfd, 0x5,
    0x69, 0xff, 0xf6, 0x0, 0x5f, 0xe5, 0x0, 0x0,
    0x8f, 0xff, 0xff, 0xf8, 0x0, 0x4, 0xff, 0xf8,
    0x0, 0xdf, 0xff, 0x10, 0x0, 0xc, 0xff, 0xff,
    0xf3, 0x0, 0x2, 0xff, 0xfa, 0x7, 0xff, 0xf7,
    0x0, 0x0, 0x1, 0xef, 0xff, 0xe0, 0x0, 0x1,
    0xff, 0xfd, 0x3f, 0xff, 0xe0, 0x0, 0x0, 0x0,
    0xaf, 0xff, 0xf3, 0x0, 0x0, 0xef, 0xff, 0xdf,
    0xff, 0x60, 0x0, 0x0, 0x3, 0xff, 0xff, 0xfe,
    0x10, 0x0, 0xbf, 0xff, 0xff, 0xfb, 0x0, 0x0,
    0x0, 0xd, 0xff, 0xff, 0xff, 0xa0, 0x0, 0x8f,
    0xff, 0xff, 0xe2, 0x70, 0x0, 0x0, 0x7f, 0xff,
    0xff, 0xff, 0xf4, 0x0, 0x4f, 0xff, 0xff, 0x32,
    0xfa, 0x10, 0x6, 0xff, 0xff, 0x88, 0xff, 0xfa,
    0x3, 0xdf, 0xff, 0xf9, 0x4, 0xff, 0xe0, 0x5f,
    0xff, 0xfd, 0x0, 0xef, 0xa1, 0x7f, 0xff, 0xff,
    0xff, 0x59, 0xff, 0xe0, 0x3f, 0xff, 0xf3, 0x0,
    0x59, 0x6e, 0xff, 0xff, 0xff, 0xff, 0xff, 0xff,
    0xb0, 0x3, 0xff, 0x50, 0x0, 0x0, 0x3e, 0xff,
    0xfe, 0xbf, 0xff, 0xff, 0xff, 0x60, 0x0, 0x67,
    0x0, 0x0, 0x0, 0x1, 0xef, 0xa1, 0xd, 0xff,
    0xff, 0xff, 0x0, 0x0, 0x0, 0x0, 0x0, 0x0,
    0x0, 0x25, 0x0, 0x0, 0xaf, 0xff, 0xf6, 0x0,
    0x0, 0x0, 0x0, 0x0, 0x0, 0x0, 0x0, 0x0,
    0x0, 0x2, 0x79, 0x40, 0x0,

    /* U+6210 "成" */
    0x0, 0x0, 0x0, 0x0, 0x0, 0x0, 0x14, 0x44,
    0x20, 0x18, 0x10, 0x0, 0x0, 0x0, 0x0, 0x0,
    0x0, 0x0, 0x0, 0x3f, 0xff, 0xb1, 0xdf, 0xf7,
    0x0, 0x0, 0x0, 0x0, 0x0, 0x0, 0x0, 0x0,
    0x3f, 0xff, 0xba, 0xff, 0xff, 0xb1, 0x0, 0x0,
    0x0, 0x0, 0x0, 0x0, 0x0, 0x3f, 0xff, 0xb0,
    0x8f, 0xff, 0xd1, 0x0, 0x0, 0x7a, 0xaa, 0xaa,
    0xaa, 0xaa, 0xbf, 0xff, 0xea, 0xad, 0xff, 0xca,
    0x90, 0x0, 0xbf, 0xff, 0xff, 0xff, 0xff, 0xff,
    0xff, 0xff, 0xff, 0xff, 0xff, 0xd0, 0x0, 0xbf,
    0xff, 0xff, 0xff, 0xff, 0xff, 0xff, 0xff, 0xff,
    0xff, 0xff, 0xd0, 0x0, 0xbf, 0xff, 0xff, 0xff,
    0xff, 0xff, 0xff, 0xff, 0xff, 0xff, 0xff, 0xd0,
    0x0, 0xbf, 0xff, 0x50, 0x0, 0x0, 0xe, 0xff,
    0xf0, 0x0, 0x0, 0x0, 0x0, 0x0, 0xbf, 0xff,
    0x40, 0x0, 0x0, 0xc, 0xff, 0xf1, 0x5, 0xc8,
    0x40, 0x0, 0x0, 0xbf, 0xff, 0x96, 0x66, 0x66,
    0x4a, 0xff, 0xf3, 0xc, 0xff, 0xf6, 0x0, 0x0,
    0xbf, 0xff, 0xff, 0xff, 0xff, 0xa8, 0xff, 0xf5,
    0x3f, 0xff, 0xf0, 0x0, 0x0, 0xbf, 0xff, 0xff,
    0xff, 0xff, 0x97, 0xff, 0xf7, 0x9f, 0xff, 0x90,
    0x0, 0x0, 0xbf, 0xff, 0xff, 0xff, 0xff, 0x94,
    0xff, 0xfb, 0xff, 0xff, 0x30, 0x0, 0x0, 0xbf,
    0xff, 0x30, 0x1f, 0xff, 0x91, 0xff, 0xff, 0xff,
    0xfc, 0x0, 0x0, 0x0, 0xcf, 0xff, 0x20, 0x1f,
    0xff, 0x80, 0xef, 0xff, 0xff, 0xf4, 0x0, 0x0,
    0x0, 0xef, 0xff, 0x0, 0x2f, 0xff, 0x70, 0xaf,
    0xff, 0xff, 0xa0, 0x0, 0x0, 0x0, 0xff, 0xff,
    0x0, 0x4f, 0xff, 0x60, 0x6f, 0xff, 0xff, 0x11,
    0x70, 0x0, 0x2, 0xff, 0xfe, 0x99, 0xef, 0xff,
    0x50, 0x6f, 0xff, 0xf7, 0x2, 0xfb, 0x20, 0x6,
    0xff, 0xfa, 0xbf, 0xff, 0xff, 0x25, 0xff, 0xff,
    0xf5, 0x4, 0xff, 0xf0, 0x9, 0xff, 0xf6, 0x6f,
    0xff, 0xfb, 0x7f, 0xff, 0xff, 0xfe, 0x18, 0xff,
    0xe0, 0xf, 0xff, 0xf3, 0x3d, 0xdb, 0x9c, 0xff,
    0xff, 0xff, 0xff, 0xff, 0xff, 0xb0, 0x7f, 0xff,
    0xe0, 0x0, 0x0, 0xcf, 0xff, 0xfe, 0x9f, 0xff,
    0xff, 0xff, 0x60, 0x5e, 0xff, 0x70, 0x0, 0x0,
    0x1d, 0xff, 0xb1, 0x9, 0xff, 0xff, 0xfe, 0x0,
    0x1, 0xbf, 0x0, 0x0, 0x0, 0x1, 0xd6, 0x0,
    0x0, 0x6c, 0xfe, 0xa1, 0x0, 0x0, 0x3, 0x0,
    0x0, 0x0, 0x0, 0x0, 0x0, 0x0, 0x0, 0x0,
    0x0, 0x0,

    /* U+6211 "我" */
    0x0, 0x0, 0x0, 0x0, 0x0, 0x0, 0x0, 0x0,
    0x0, 0x0, 0x0, 0x0, 0x0, 0x0, 0x0, 0x0,
    0x2, 0x6a, 0xed, 0x0, 0xff, 0xfe, 0x0, 0x13,
    0x0, 0x0, 0x2, 0x47, 0x9c, 0xff, 0xff, 0xff,
    0xa0, 0xff, 0xfe, 0x5, 0xef, 0x40, 0x0, 0xc,
    0xff, 0xff, 0xff, 0xff, 0xff, 0xf7, 0xff, 0xff,
    0x5f, 0xff, 0xf4, 0x0, 0x6, 0xff, 0xff, 0xff,
    0xff, 0xda, 0x62, 0xef, 0xff, 0x9, 0xff, 0xff,
    0x30, 0x1, 0xff, 0xdc, 0xff, 0xfa, 0x0, 0x0,
    0xef, 0xff, 0x0, 0xaf, 0xff, 0xb0, 0x0, 0x0,
    0x2, 0xff, 0xfa, 0x0, 0x0, 0xdf, 0xff, 0x0,
    0xd, 0xf9, 0x0, 0x0, 0x0, 0x2, 0xff, 0xfa,
    0x0, 0x0, 0xcf, 0xff, 0x0, 0x3, 0x40, 0x0,
    0xb, 0xff, 0xff, 0xff, 0xff, 0xff, 0xff, 0xff,
    0xff, 0xff, 0xff, 0xff, 0xe0, 0xb, 0xff, 0xff,
    0xff, 0xff, 0xff, 0xff, 0xff, 0xff, 0xff, 0xff,
    0xff, 0xe0, 0xb, 0xff, 0xff, 0xff, 0xff, 0xff,
    0xff, 0xff, 0xff, 0xff, 0xff, 0xff, 0xe0, 0x6,
    0x88, 0x8a, 0xff, 0xfd, 0x88, 0x88, 0xbf, 0xff,
    0xc8, 0x88, 0x88, 0x80, 0x0, 0x0, 0x2, 0xff,
    0xfa, 0x0, 0x0, 0x4f, 0xff, 0x90, 0x39, 0x20,
    0x0, 0x0, 0x0, 0x2, 0xff, 0xfb, 0x58, 0xa5,
    0x2f, 0xff, 0xc1, 0xef, 0xfc, 0x10, 0x1, 0x35,
    0x7a, 0xff, 0xff, 0xff, 0xf8, 0xf, 0xff, 0xea,
    0xff, 0xfa, 0x0, 0x2f, 0xff, 0xff, 0xff, 0xff,
    0xff, 0xf9, 0xc, 0xff, 0xff, 0xff, 0xe1, 0x0,
    0xe, 0xff, 0xff, 0xff, 0xff, 0xfe, 0xb5, 0x8,
    0xff, 0xff, 0xff, 0x40, 0x0, 0xa, 0xff, 0xff,
    0xff, 0xfb, 0x10, 0x0, 0x5, 0xff, 0xff, 0xf5,
    0x31, 0x0, 0x4, 0x85, 0x22, 0xff, 0xfa, 0x0,
    0x0, 0x3d, 0xff, 0xff, 0x70, 0x7e, 0x40, 0x0,
    0x0, 0x2, 0xff, 0xfa, 0x0, 0x8, 0xff, 0xff,
    0xff, 0x50, 0x8f, 0xf8, 0x0, 0x0, 0x2, 0xff,
    0xfa, 0x7, 0xef, 0xff, 0xff, 0xff, 0xd0, 0xbf,
    0xf8, 0x0, 0xbc, 0xbd, 0xff, 0xf9, 0x8f, 0xff,
    0xff, 0xce, 0xff, 0xfd, 0xff, 0xf5, 0x0, 0x8f,
    0xff, 0xff, 0xf7, 0xa, 0xff, 0xf7, 0x5, 0xff,
    0xff, 0xff, 0xf1, 0x0, 0x3f, 0xff, 0xff, 0xe1,
    0x0, 0xdb, 0x20, 0x0, 0x9f, 0xff, 0xff, 0xa0,
    0x0, 0xe, 0xfe, 0xb7, 0x10, 0x0, 0x10, 0x0,
    0x0, 0x8, 0xff, 0xf9, 0x0, 0x0, 0x0, 0x0,
    0x0, 0x0, 0x0, 0x0, 0x0, 0x0, 0x0, 0x1,
    0x0, 0x0,

    /* U+6216 "或" */
    0x0, 0x0, 0x0, 0x0, 0x0, 0x0, 0x13, 0x33,
    0x10, 0x3, 0x0, 0x0, 0x0, 0x0, 0x0, 0x0,
    0x0, 0x0, 0x8, 0xff, 0xf8, 0x4, 0xfe, 0x70,
    0x0, 0x0, 0x0, 0x0, 0x0, 0x0, 0x0, 0x7f,
    0xff, 0x83, 0xff, 0xff, 0xb1, 0x0, 0x0, 0x0,
    0x0, 0x0, 0x0, 0x7, 0xff, 0xf8, 0x8, 0xff,
    0xfb, 0x0, 0x7a, 0xaa, 0xaa, 0xaa, 0xaa, 0xaa,
    0xcf, 0xff, 0xda, 0xad, 0xff, 0xb9, 0xb, 0xff,
    0xff, 0xff, 0xff, 0xff, 0xff, 0xff, 0xff, 0xff,
    0xff, 0xff, 0xe0, 0xbf, 0xff, 0xff, 0xff, 0xff,
    0xff, 0xff, 0xff, 0xff, 0xff, 0xff, 0xfe, 0xb,
    0xff, 0xff, 0xff, 0xff, 0xff, 0xff, 0xff, 0xff,
    0xff, 0xff, 0xff, 0xe0, 0x0, 0x0, 0x0, 0x0,
    0x0, 0x0, 0x2f, 0xff, 0xd0, 0x1, 0x0, 0x0,
    0x0, 0x8c, 0xcc, 0xcc, 0xcc, 0xcc, 0x60, 0xff,
    0xff, 0x0, 0xbe, 0xa7, 0x10, 0xa, 0xff, 0xff,
    0xff, 0xff, 0xf8, 0xe, 0xff, 0xf1, 0x1f, 0xff,
    0xf0, 0x0, 0xaf, 0xff, 0xff, 0xff, 0xff, 0x80,
    0xcf, 0xff, 0x37, 0xff, 0xf9, 0x0, 0xa, 0xff,
    0xd5, 0x56, 0xff, 0xf8, 0xa, 0xff, 0xf5, 0xdf,
    0xff, 0x30, 0x0, 0xaf, 0xfc, 0x0, 0x2f, 0xff,
    0x80, 0x8f, 0xff, 0xbf, 0xff, 0xd0, 0x0, 0xa,
    0xff, 0xd2, 0x24, 0xff, 0xf8, 0x5, 0xff, 0xff,
    0xff, 0xf6, 0x0, 0x0, 0xaf, 0xff, 0xff, 0xff,
    0xff, 0x80, 0x1f, 0xff, 0xff, 0xfd, 0x0, 0x0,
    0xa, 0xff, 0xff, 0xff, 0xff, 0xf8, 0x0, 0xef,
    0xff, 0xff, 0x50, 0x0, 0x0, 0x9f, 0xff, 0xff,
    0xff, 0xff, 0x70, 0xa, 0xff, 0xff, 0xb0, 0x70,
    0x0, 0x0, 0x0, 0x0, 0x0, 0x25, 0x7a, 0x0,
    0x7f, 0xff, 0xf2, 0xe, 0xd5, 0x0, 0x2, 0x47,
    0x9c, 0xff, 0xff, 0xf0, 0x5f, 0xff, 0xff, 0x30,
    0xff, 0xf6, 0xaf, 0xff, 0xff, 0xff, 0xff, 0xff,
    0x9f, 0xff, 0xff, 0xfb, 0x4f, 0xff, 0x49, 0xff,
    0xff, 0xff, 0xff, 0xec, 0xff, 0xff, 0xff, 0xff,
    0xff, 0xff, 0xf0, 0x6f, 0xff, 0xfc, 0x85, 0x10,
    0xbf, 0xff, 0xfd, 0xaf, 0xff, 0xff, 0xfb, 0x2,
    0x96, 0x20, 0x0, 0x0, 0x0, 0xbf, 0xfc, 0x10,
    0xcf, 0xff, 0xff, 0x40, 0x0, 0x0, 0x0, 0x0,
    0x0, 0x0, 0xbb, 0x0, 0x1, 0x9e, 0xec, 0x30,
    0x0, 0x0, 0x0, 0x0, 0x0, 0x0, 0x0, 0x0,
    0x0, 0x0, 0x0, 0x0, 0x0,

    /* U+6218 "战" */
    0x0, 0x0, 0xad, 0xdb, 0x0, 0x0, 0x0, 0x1f,
    0xff, 0x60, 0x2, 0x0, 0x0, 0x0, 0xc, 0xff,
    0xc0, 0x0, 0x0, 0x1, 0xff, 0xf6, 0x4d, 0xf2,
    0x0, 0x0, 0x0, 0xcf, 0xfc, 0x0, 0x0, 0x0,
    0xf, 0xff, 0x7c, 0xff, 0xc0, 0x0, 0x0, 0xc,
    0xff, 0xd0, 0x0, 0x0, 0x0, 0xff, 0xf7, 0x2f,
    0xff, 0x60, 0x0, 0x0, 0xcf, 0xff, 0xff, 0xff,
    0x80, 0xf, 0xff, 0x80, 0x8f, 0xf6, 0x0, 0x0,
    0xc, 0xff, 0xff, 0xff, 0xf8, 0x0, 0xef, 0xf9,
    0x1, 0x91, 0x0, 0x0, 0x0, 0xcf, 0xff, 0xff,
    0xff, 0x80, 0xd, 0xff, 0xb5, 0x79, 0xbb, 0x0,
    0x0, 0xc, 0xff, 0xd4, 0x44, 0x47, 0x8a, 0xff,
    0xff, 0xff, 0xff, 0xf0, 0x0, 0x0, 0xcf, 0xfc,
    0x0, 0x0, 0x8f, 0xff, 0xff, 0xff, 0xff, 0xff,
    0x20, 0x0, 0xc, 0xff, 0xc0, 0x0, 0x6, 0xff,
    0xff, 0xff, 0xca, 0xa6, 0x40, 0x0, 0x0, 0xcf,
    0xfc, 0x0, 0x0, 0x29, 0x7b, 0xff, 0xe0, 0x2f,
    0x81, 0x3, 0xff, 0xff, 0xff, 0xff, 0xff, 0xf4,
    0x0, 0x6f, 0xff, 0x8, 0xff, 0xc0, 0x3f, 0xff,
    0xff, 0xff, 0xff, 0xff, 0x40, 0x5, 0xff, 0xf3,
    0xff, 0xf6, 0x3, 0xff, 0xff, 0xff, 0xff, 0xff,
    0xf4, 0x0, 0x3f, 0xff, 0xcf, 0xff, 0x0, 0x3f,
    0xff, 0x76, 0x66, 0x8f, 0xff, 0x40, 0x1, 0xff,
    0xff, 0xff, 0x90, 0x3, 0xff, 0xf1, 0x0, 0x2,
    0xff, 0xf4, 0x0, 0xe, 0xff, 0xff, 0xf2, 0x0,
    0x3f, 0xff, 0x10, 0x0, 0x2f, 0xff, 0x40, 0x0,
    0xbf, 0xff, 0xf8, 0x0, 0x3, 0xff, 0xf1, 0x0,
    0x2, 0xff, 0xf4, 0x0, 0x8, 0xff, 0xfe, 0xb,
    0x0, 0x3f, 0xff, 0x10, 0x0, 0x2f, 0xff, 0x40,
    0x4, 0xff, 0xff, 0x71, 0xfd, 0x23, 0xff, 0xff,
    0xff, 0xff, 0xff, 0xf4, 0x6, 0xff, 0xff, 0xfe,
    0x9f, 0xfa, 0x3f, 0xff, 0xff, 0xff, 0xff, 0xff,
    0x7c, 0xff, 0xff, 0xff, 0xff, 0xff, 0x63, 0xff,
    0xff, 0xff, 0xff, 0xff, 0xff, 0xff, 0xff, 0xaf,
    0xff, 0xff, 0xf1, 0x3f, 0xff, 0x87, 0x77, 0x8f,
    0xff, 0x6c, 0xff, 0x80, 0x6f, 0xff, 0xf9, 0x3,
    0xff, 0xf1, 0x0, 0x2, 0xdd, 0xd4, 0x1c, 0x40,
    0x0, 0x4c, 0xfa, 0x0, 0x0, 0x0, 0x0, 0x0,
    0x0, 0x0, 0x0, 0x0, 0x0, 0x0, 0x0, 0x0,
    0x0,

    /* U+6240 "所" */
    0x0, 0x0, 0x0, 0x0, 0x2, 0x60, 0x0, 0x0,
    0x0, 0x0, 0x16, 0x70, 0x0, 0x0, 0x0, 0x25,
    0x7b, 0xef, 0xf6, 0x0, 0x0, 0x36, 0x9d, 0xff,
    0xf5, 0x0, 0x0, 0xdf, 0xff, 0xff, 0xff, 0xff,
    0x30, 0xdf, 0xff, 0xff, 0xff, 0xff, 0x20, 0x0,
    0xff, 0xff, 0xff, 0xff, 0xff, 0xa0, 0xff, 0xff,
    0xff, 0xff, 0xff, 0x80, 0x0, 0xff, 0xff, 0xfc,
    0xa7, 0x40, 0x0, 0xff, 0xff, 0xfd, 0xa7, 0x30,
    0x0, 0x0, 0xff, 0xfc, 0x0, 0x0, 0x0, 0x0,
    0xff, 0xfe, 0x0, 0x0, 0x0, 0x0, 0x0, 0xff,
    0xfd, 0x77, 0x77, 0x77, 0x0, 0xff, 0xfd, 0x0,
    0x0, 0x0, 0x0, 0x0, 0xff, 0xff, 0xff, 0xff,
    0xff, 0x10, 0xff, 0xfd, 0x0, 0x0, 0x0, 0x0,
    0x0, 0xff, 0xff, 0xff, 0xff, 0xff, 0x10, 0xff,
    0xfe, 0x55, 0x55, 0x55, 0x53, 0x0, 0xff, 0xff,
    0xee, 0xff, 0xff, 0x10, 0xff, 0xff, 0xff, 0xff,
    0xff, 0xf9, 0x0, 0xff, 0xfc, 0x0, 0x8f, 0xff,
    0x10, 0xff, 0xff, 0xff, 0xff, 0xff, 0xf9, 0x0,
    0xff, 0xfc, 0x0, 0x8f, 0xff, 0x11, 0xff, 0xff,
    0xef, 0xff, 0xfe, 0xe8, 0x0, 0xff, 0xff, 0xee,
    0xff, 0xff, 0x11, 0xff, 0xfc, 0x9, 0xff, 0xf1,
    0x0, 0x0, 0xff, 0xff, 0xff, 0xff, 0xff, 0x13,
    0xff, 0xfa, 0x9, 0xff, 0xf1, 0x0, 0x1, 0xff,
    0xff, 0xff, 0xff, 0xff, 0x16, 0xff, 0xf8, 0x9,
    0xff, 0xf1, 0x0, 0x2, 0xff, 0xfc, 0x66, 0x66,
    0x66, 0x9, 0xff, 0xf5, 0x9, 0xff, 0xf1, 0x0,
    0x3, 0xff, 0xf7, 0x0, 0x0, 0x0, 0xd, 0xff,
    0xf1, 0x9, 0xff, 0xf1, 0x0, 0x5, 0xff, 0xf5,
    0x0, 0x0, 0x0, 0x4f, 0xff, 0xc0, 0x9, 0xff,
    0xf1, 0x0, 0x8, 0xff, 0xf3, 0x0, 0x0, 0x0,
    0xcf, 0xff, 0x70, 0x9, 0xff, 0xf1, 0x0, 0xb,
    0xff, 0xf0, 0x0, 0x0, 0x7, 0xff, 0xff, 0x10,
    0x9, 0xff, 0xf1, 0x0, 0x2f, 0xff, 0xd0, 0x0,
    0x0, 0x4f, 0xff, 0xf7, 0x0, 0x9, 0xff, 0xf1,
    0x0, 0x8f, 0xff, 0x90, 0x0, 0x4, 0xff, 0xff,
    0xe0, 0x0, 0x9, 0xff, 0xf1, 0x0, 0x3d, 0xff,
    0x30, 0x0, 0x0, 0x9f, 0xfe, 0x20, 0x0, 0x9,
    0xff, 0xf1, 0x0, 0x0, 0xac, 0x0, 0x0, 0x0,
    0x6, 0xf3, 0x0, 0x0, 0x9, 0xff, 0xf1, 0x0,
    0x0, 0x1, 0x0, 0x0, 0x0, 0x0, 0x10, 0x0,
    0x0, 0x0, 0x0, 0x0, 0x0,

    /* U+624B "手" */
    0x0, 0x0, 0x0, 0x0, 0x0, 0x0, 0x0, 0x0,
    0x0, 0x3, 0x10, 0x0, 0x0, 0x0, 0x0, 0x0,
    0x0, 0x0, 0x0, 0x13, 0x57, 0x9c, 0xff, 0xc0,
    0x0, 0x0, 0x0, 0x36, 0x78, 0xab, 0xcd, 0xef,
    0xff, 0xff, 0xff, 0xff, 0xfb, 0x0, 0x0, 0x0,
    0x4f, 0xff, 0xff, 0xff, 0xff, 0xff, 0xff, 0xff,
    0xff, 0xff, 0x70, 0x0, 0x0, 0xf, 0xff, 0xff,
    0xff, 0xff, 0xff, 0xff, 0xfc, 0xa8, 0x41, 0x0,
    0x0, 0x0, 0xb, 0xed, 0xcb, 0xaa, 0x9f, 0xff,
    0xf1, 0x0, 0x0, 0x0, 0x0, 0x0, 0x0, 0x0,
    0x0, 0x0, 0x0, 0xe, 0xff, 0xf0, 0x0, 0x0,
    0x0, 0x0, 0x0, 0x0, 0x0, 0x0, 0x0, 0x0,
    0xe, 0xff, 0xf0, 0x0, 0x0, 0x0, 0x0, 0x0,
    0x0, 0x3f, 0xff, 0xff, 0xff, 0xff, 0xff, 0xff,
    0xff, 0xff, 0xff, 0xf7, 0x0, 0x0, 0x3f, 0xff,
    0xff, 0xff, 0xff, 0xff, 0xff, 0xff, 0xff, 0xff,
    0xf8, 0x0, 0x0, 0x3f, 0xff, 0xff, 0xff, 0xff,
    0xff, 0xff, 0xff, 0xff, 0xff, 0xf8, 0x0, 0x0,
    0x2a, 0xaa, 0xaa, 0xaa, 0xaf, 0xff, 0xfa, 0xaa,
    0xaa, 0xaa, 0xa5, 0x0, 0x0, 0x0, 0x0, 0x0,
    0x0, 0xe, 0xff, 0xf0, 0x0, 0x0, 0x0, 0x0,
    0x0, 0x0, 0x0, 0x0, 0x0, 0x0, 0xe, 0xff,
    0xf0, 0x0, 0x0, 0x0, 0x0, 0x0, 0xf, 0xff,
    0xff, 0xff, 0xff, 0xff, 0xff, 0xff, 0xff, 0xff,
    0xff, 0xff, 0xf1, 0xf, 0xff, 0xff, 0xff, 0xff,
    0xff, 0xff, 0xff, 0xff, 0xff, 0xff, 0xff, 0xf1,
    0xf, 0xff, 0xff, 0xff, 0xff, 0xff, 0xff, 0xff,
    0xff, 0xff, 0xff, 0xff, 0xf1, 0xb, 0xbb, 0xbb,
    0xbb, 0xbb, 0xbf, 0xff, 0xfb, 0xbb, 0xbb, 0xbb,
    0xbb, 0xb1, 0x0, 0x0, 0x0, 0x0, 0x0, 0xe,
    0xff, 0xf0, 0x0, 0x0, 0x0, 0x0, 0x0, 0x0,
    0x0, 0x0, 0x0, 0x0, 0xe, 0xff, 0xf0, 0x0,
    0x0, 0x0, 0x0, 0x0, 0x0, 0x0, 0x0, 0x0,
    0x0, 0xe, 0xff, 0xf0, 0x0, 0x0, 0x0, 0x0,
    0x0, 0x0, 0x0, 0x2, 0xba, 0xaa, 0xbf, 0xff,
    0xf0, 0x0, 0x0, 0x0, 0x0, 0x0, 0x0, 0x0,
    0x0, 0xdf, 0xff, 0xff, 0xff, 0xd0, 0x0, 0x0,
    0x0, 0x0, 0x0, 0x0, 0x0, 0x0, 0x6f, 0xff,
    0xff, 0xff, 0x50, 0x0, 0x0, 0x0, 0x0, 0x0,
    0x0, 0x0, 0x0, 0x1f, 0xff, 0xeb, 0x83, 0x0,
    0x0, 0x0, 0x0, 0x0, 0x0, 0x0, 0x0, 0x0,
    0x0, 0x0, 0x0, 0x0, 0x0, 0x0, 0x0, 0x0,
    0x0, 0x0,

    /* U+624D "才" */
    0x0, 0x0, 0x0, 0x0, 0x0, 0x0, 0x0, 0x0,
    0x0, 0x0, 0x0, 0x0, 0x0, 0x0, 0x0, 0x0,
    0x0, 0x0, 0x0, 0x0, 0xaf, 0xff, 0x80, 0x0,
    0x0, 0x0, 0x0, 0x0, 0x0, 0x0, 0x0, 0x0,
    0xa, 0xff, 0xf8, 0x0, 0x0, 0x0, 0x0, 0x0,
    0x0, 0x0, 0x0, 0x0, 0x0, 0xaf, 0xff, 0x80,
    0x0, 0x0, 0x0, 0x0, 0x0, 0x0, 0x0, 0x0,
    0x0, 0xa, 0xff, 0xf8, 0x0, 0x0, 0x0, 0x0,
    0x0, 0x0, 0x0, 0x0, 0x0, 0x0, 0xaf, 0xff,
    0x90, 0x0, 0x0, 0x3, 0xff, 0xff, 0xff, 0xff,
    0xff, 0xff, 0xff, 0xff, 0xff, 0xff, 0xff, 0xd0,
    0x3f, 0xff, 0xff, 0xff, 0xff, 0xff, 0xff, 0xff,
    0xff, 0xff, 0xff, 0xfd, 0x3, 0xff, 0xff, 0xff,
    0xff, 0xff, 0xff, 0xff, 0xff, 0xff, 0xff, 0xff,
    0xd0, 0x3d, 0xdd, 0xdd, 0xdd, 0xdd, 0xff, 0xff,
    0xff, 0xff, 0xfd, 0xdd, 0xdb, 0x0, 0x0, 0x0,
    0x0, 0x0, 0x2f, 0xff, 0xff, 0xff, 0xf8, 0x0,
    0x0, 0x0, 0x0, 0x0, 0x0, 0x0, 0xd, 0xff,
    0xfe, 0xbf, 0xff, 0x80, 0x0, 0x0, 0x0, 0x0,
    0x0, 0x0, 0x9, 0xff, 0xff, 0x5a, 0xff, 0xf8,
    0x0, 0x0, 0x0, 0x0, 0x0, 0x0, 0x8, 0xff,
    0xff, 0xa0, 0xaf, 0xff, 0x80, 0x0, 0x0, 0x0,
    0x0, 0x0, 0x8, 0xff, 0xff, 0xd1, 0xa, 0xff,
    0xf8, 0x0, 0x0, 0x0, 0x0, 0x0, 0x8, 0xff,
    0xff, 0xe2, 0x0, 0xaf, 0xff, 0x80, 0x0, 0x0,
    0x0, 0x0, 0x1b, 0xff, 0xff, 0xf3, 0x0, 0xa,
    0xff, 0xf8, 0x0, 0x0, 0x0, 0x0, 0x3d, 0xff,
    0xff, 0xf5, 0x0, 0x0, 0xaf, 0xff, 0x80, 0x0,
    0x0, 0x1, 0xaf, 0xff, 0xff, 0xf4, 0x0, 0x0,
    0xa, 0xff, 0xf8, 0x0, 0x0, 0x0, 0xcf, 0xff,
    0xff, 0xf3, 0x0, 0x0, 0x0, 0xaf, 0xff, 0x80,
    0x0, 0x0, 0x1, 0xdf, 0xff, 0xd2, 0x0, 0x0,
    0x0, 0xb, 0xff, 0xf8, 0x0, 0x0, 0x0, 0x1,
    0xef, 0x90, 0x0, 0x2, 0xfe, 0xee, 0xff, 0xff,
    0x80, 0x0, 0x0, 0x0, 0x3, 0x40, 0x0, 0x0,
    0xc, 0xff, 0xff, 0xff, 0xf5, 0x0, 0x0, 0x0,
    0x0, 0x0, 0x0, 0x0, 0x0, 0x6f, 0xff, 0xff,
    0xfc, 0x0, 0x0, 0x0, 0x0, 0x0, 0x0, 0x0,
    0x0, 0x2, 0xff, 0xfe, 0xa6, 0x0, 0x0, 0x0,
    0x0, 0x0, 0x0, 0x0, 0x0, 0x0, 0x0, 0x0,
    0x0, 0x0, 0x0, 0x0, 0x0,

    /* U+6253 "打" */
    0x0, 0x0, 0x44, 0x44, 0x0, 0x0, 0x0, 0x0,
    0x0, 0x0, 0x0, 0x0, 0x0, 0x0, 0x0, 0xdf,
    0xff, 0x0, 0x0, 0x0, 0x0, 0x0, 0x0, 0x0,
    0x0, 0x0, 0x0, 0x0, 0xdf, 0xff, 0x0, 0x6,
    0x77, 0x77, 0x77, 0x77, 0x77, 0x77, 0x70, 0x0,
    0x0, 0xdf, 0xff, 0x0, 0xe, 0xff, 0xff, 0xff,
    0xff, 0xff, 0xff, 0xf1, 0x0, 0x0, 0xdf, 0xff,
    0x0, 0xe, 0xff, 0xff, 0xff, 0xff, 0xff, 0xff,
    0xf1, 0x7, 0x88, 0xef, 0xff, 0x88, 0x4e, 0xff,
    0xff, 0xff, 0xff, 0xff, 0xff, 0xf1, 0xe, 0xff,
    0xff, 0xff, 0xff, 0x84, 0x55, 0x55, 0x5f, 0xff,
    0xf7, 0x55, 0x50, 0xe, 0xff, 0xff, 0xff, 0xff,
    0x80, 0x0, 0x0, 0xe, 0xff, 0xf2, 0x0, 0x0,
    0xe, 0xff, 0xff, 0xff, 0xff, 0x80, 0x0, 0x0,
    0xe, 0xff, 0xf2, 0x0, 0x0, 0x0, 0x0, 0xdf,
    0xff, 0x0, 0x0, 0x0, 0x0, 0xe, 0xff, 0xf2,
    0x0, 0x0, 0x0, 0x0, 0xdf, 0xff, 0x0, 0x0,
    0x0, 0x0, 0xe, 0xff, 0xf2, 0x0, 0x0, 0x0,
    0x0, 0xdf, 0xff, 0x15, 0x50, 0x0, 0x0, 0xe,
    0xff, 0xf2, 0x0, 0x0, 0x0, 0x0, 0xef, 0xff,
    0xff, 0xb0, 0x0, 0x0, 0xe, 0xff, 0xf2, 0x0,
    0x0, 0x19, 0xdf, 0xff, 0xff, 0xff, 0xd0, 0x0,
    0x0, 0xe, 0xff, 0xf2, 0x0, 0x0, 0xf, 0xff,
    0xff, 0xff, 0xff, 0xf0, 0x0, 0x0, 0xe, 0xff,
    0xf2, 0x0, 0x0, 0xb, 0xff, 0xff, 0xff, 0x95,
    0x10, 0x0, 0x0, 0xe, 0xff, 0xf2, 0x0, 0x0,
    0x6, 0xfc, 0xff, 0xff, 0x0, 0x0, 0x0, 0x0,
    0xe, 0xff, 0xf2, 0x0, 0x0, 0x0, 0x0, 0xdf,
    0xff, 0x0, 0x0, 0x0, 0x0, 0xe, 0xff, 0xf2,
    0x0, 0x0, 0x0, 0x0, 0xdf, 0xff, 0x0, 0x0,
    0x0, 0x0, 0xe, 0xff, 0xf2, 0x0, 0x0, 0x0,
    0x0, 0xdf, 0xff, 0x0, 0x0, 0x0, 0x0, 0xe,
    0xff, 0xf2, 0x0, 0x0, 0x0, 0x0, 0xdf, 0xff,
    0x0, 0x0, 0x0, 0x0, 0xf, 0xff, 0xf2, 0x0,
    0x0, 0x5, 0x88, 0xff, 0xff, 0x0, 0x0, 0x3f,
    0xff, 0xff, 0xff, 0xf1, 0x0, 0x0, 0x4, 0xff,
    0xff, 0xfd, 0x0, 0x0, 0xc, 0xff, 0xff, 0xff,
    0xe0, 0x0, 0x0, 0x0, 0xff, 0xff, 0xf5, 0x0,
    0x0, 0x7, 0xff, 0xff, 0xff, 0x60, 0x0, 0x0,
    0x0, 0xbf, 0xea, 0x50, 0x0, 0x0, 0x2, 0xff,
    0xfd, 0x83, 0x0, 0x0, 0x0, 0x0, 0x0, 0x0,
    0x0, 0x0, 0x0, 0x0, 0x0, 0x0, 0x0, 0x0,
    0x0, 0x0,

    /* U+6263 "扣" */
    0x0, 0x0, 0x33, 0x32, 0x0, 0x0, 0x0, 0x0,
    0x0, 0x0, 0x0, 0x0, 0x0, 0x0, 0x1f, 0xff,
    0xb0, 0x0, 0x0, 0x0, 0x0, 0x0, 0x0, 0x0,
    0x0, 0x0, 0x1, 0xff, 0xfb, 0x0, 0x1, 0x11,
    0x11, 0x11, 0x11, 0x11, 0x11, 0x0, 0x0, 0x1f,
    0xff, 0xb0, 0x0, 0xef, 0xff, 0xff, 0xff, 0xff,
    0xff, 0xf1, 0x0, 0x2, 0xff, 0xfc, 0x0, 0xe,
    0xff, 0xff, 0xff, 0xff, 0xff, 0xff, 0x12, 0xff,
    0xff, 0xff, 0xff, 0xf0, 0xef, 0xff, 0xff, 0xff,
    0xff, 0xff, 0xf1, 0x2f, 0xff, 0xff, 0xff, 0xff,
    0xe, 0xff, 0xe6, 0x66, 0x66, 0xef, 0xff, 0x12,
    0xff, 0xff, 0xff, 0xff, 0xf0, 0xef, 0xfd, 0x0,
    0x0, 0xd, 0xff, 0xf1, 0x17, 0x78, 0xff, 0xfd,
    0x77, 0xe, 0xff, 0xd0, 0x0, 0x0, 0xdf, 0xff,
    0x10, 0x0, 0x1f, 0xff, 0xb0, 0x0, 0xef, 0xfd,
    0x0, 0x0, 0xd, 0xff, 0xf1, 0x0, 0x1, 0xff,
    0xfb, 0x0, 0xe, 0xff, 0xd0, 0x0, 0x0, 0xdf,
    0xff, 0x10, 0x0, 0x1f, 0xff, 0xb0, 0x0, 0xef,
    0xfd, 0x0, 0x0, 0xd, 0xff, 0xf1, 0x0, 0x1,
    0xff, 0xfd, 0x7b, 0x1e, 0xff, 0xd0, 0x0, 0x0,
    0xdf, 0xff, 0x10, 0x1, 0x6f, 0xff, 0xff, 0xf4,
    0xef, 0xfd, 0x0, 0x0, 0xd, 0xff, 0xf1, 0x5e,
    0xff, 0xff, 0xff, 0xff, 0x6e, 0xff, 0xd0, 0x0,
    0x0, 0xdf, 0xff, 0x14, 0xff, 0xff, 0xff, 0xff,
    0xd5, 0xef, 0xfd, 0x0, 0x0, 0xd, 0xff, 0xf1,
    0x1f, 0xff, 0xff, 0xfd, 0x10, 0xe, 0xff, 0xd0,
    0x0, 0x0, 0xdf, 0xff, 0x10, 0xc9, 0x7f, 0xff,
    0xb0, 0x0, 0xef, 0xfd, 0x0, 0x0, 0xd, 0xff,
    0xf1, 0x0, 0x1, 0xff, 0xfb, 0x0, 0xe, 0xff,
    0xd0, 0x0, 0x0, 0xdf, 0xff, 0x10, 0x0, 0x1f,
    0xff, 0xb0, 0x0, 0xef, 0xff, 0xff, 0xff, 0xff,
    0xff, 0xf1, 0x0, 0x1, 0xff, 0xfb, 0x0, 0xe,
    0xff, 0xff, 0xff, 0xff, 0xff, 0xff, 0x10, 0x79,
    0xaf, 0xff, 0xb0, 0x0, 0xef, 0xff, 0xff, 0xff,
    0xff, 0xff, 0xf1, 0x8, 0xff, 0xff, 0xfa, 0x0,
    0xe, 0xff, 0xf9, 0x99, 0x99, 0xff, 0xff, 0x10,
    0x3f, 0xff, 0xff, 0x40, 0x0, 0xef, 0xfd, 0x0,
    0x0, 0xd, 0xff, 0xf1, 0x0, 0xee, 0xd9, 0x30,
    0x0, 0x5, 0x55, 0x50, 0x0, 0x0, 0x22, 0x22,
    0x0,

    /* U+6267 "执" */
    0x0, 0x1, 0x33, 0x30, 0x0, 0x0, 0x3, 0x33,
    0x10, 0x0, 0x0, 0x0, 0x0, 0x0, 0x7, 0xff,
    0xf1, 0x0, 0x0, 0x4f, 0xff, 0x60, 0x0, 0x0,
    0x0, 0x0, 0x0, 0x7, 0xff, 0xf1, 0x0, 0x0,
    0x3f, 0xff, 0x60, 0x0, 0x0, 0x0, 0x0, 0x0,
    0x7, 0xff, 0xf1, 0x0, 0x0, 0x3f, 0xff, 0x60,
    0x0, 0x0, 0x0, 0x0, 0x0, 0x7, 0xff, 0xf1,
    0x0, 0x0, 0x3f, 0xff, 0x60, 0x0, 0x0, 0x0,
    0x0, 0x7, 0x7b, 0xff, 0xf8, 0x73, 0x44, 0x7f,
    0xff, 0x94, 0x44, 0x44, 0x0, 0x0, 0xf, 0xff,
    0xff, 0xff, 0xf9, 0xff, 0xff, 0xff, 0xff, 0xff,
    0xff, 0x0, 0x0, 0xf, 0xff, 0xff, 0xff, 0xf9,
    0xff, 0xff, 0xff, 0xff, 0xff, 0xff, 0x0, 0x0,
    0xf, 0xff, 0xff, 0xff, 0xf9, 0xff, 0xff, 0xff,
    0xff, 0xff, 0xfe, 0x0, 0x0, 0x0, 0x7, 0xff,
    0xf1, 0x0, 0x11, 0x6f, 0xff, 0x41, 0xdf, 0xfd,
    0x0, 0x0, 0x0, 0x7, 0xff, 0xf1, 0x0, 0x0,
    0x6f, 0xff, 0x10, 0xdf, 0xfc, 0x0, 0x0, 0x0,
    0x7, 0xff, 0xf5, 0x91, 0x9e, 0xcf, 0xff, 0x0,
    0xef, 0xfc, 0x0, 0x0, 0x0, 0x8, 0xff, 0xff,
    0xfb, 0xff, 0xff, 0xfe, 0x0, 0xef, 0xfb, 0x0,
    0x0, 0x29, 0xdf, 0xff, 0xff, 0xff, 0xff, 0xff,
    0xfe, 0x20, 0xef, 0xfa, 0x0, 0x0, 0x3f, 0xff,
    0xff, 0xff, 0xd6, 0x5d, 0xff, 0xff, 0xf8, 0xff,
    0xfa, 0x0, 0x0, 0xf, 0xff, 0xff, 0xf4, 0x0,
    0x5, 0xff, 0xff, 0xff, 0xff, 0xf9, 0x0, 0x0,
    0xb, 0xcc, 0xff, 0xf1, 0x0, 0xa, 0xff, 0xff,
    0xff, 0xff, 0xf9, 0x0, 0x0, 0x0, 0x7, 0xff,
    0xf1, 0x0, 0x1f, 0xff, 0xd7, 0xf9, 0xdf, 0xf9,
    0x0, 0x0, 0x0, 0x7, 0xff, 0xf1, 0x0, 0x8f,
    0xff, 0x80, 0x30, 0xcf, 0xf9, 0x20, 0x0, 0x0,
    0x7, 0xff, 0xf1, 0x3, 0xff, 0xff, 0x20, 0x0,
    0xbf, 0xfa, 0x6d, 0x50, 0x0, 0x7, 0xff, 0xf1,
    0x1d, 0xff, 0xfa, 0x0, 0x0, 0x9f, 0xfb, 0x8f,
    0xf9, 0x8, 0x9d, 0xff, 0xf2, 0xdf, 0xff, 0xf2,
    0x0, 0x0, 0x6f, 0xfe, 0xdf, 0xf7, 0x8, 0xff,
    0xff, 0xe7, 0xff, 0xff, 0x60, 0x0, 0x0, 0x2f,
    0xff, 0xff, 0xf3, 0x3, 0xff, 0xff, 0x80, 0x8f,
    0xfa, 0x0, 0x0, 0x0, 0xb, 0xff, 0xff, 0xc0,
    0x0, 0xfe, 0xc6, 0x0, 0xb, 0xa0, 0x0, 0x0,
    0x0, 0x1, 0xcf, 0xfd, 0x20, 0x0, 0x0, 0x0,
    0x0, 0x1, 0x0, 0x0, 0x0, 0x0, 0x0, 0x1,
    0x10, 0x0,

    /* U+626B "扫" */
    0x0, 0x0, 0xce, 0xec, 0x0, 0x0, 0x0, 0x0,
    0x0, 0x0, 0x0, 0x0, 0x0, 0x0, 0xd, 0xff,
    0xd0, 0x0, 0x0, 0x0, 0x0, 0x0, 0x0, 0x0,
    0x0, 0x0, 0x0, 0xdf, 0xfd, 0x0, 0xc, 0xcc,
    0xcc, 0xcc, 0xcc, 0xcc, 0xcc, 0x0, 0x0, 0xd,
    0xff, 0xd0, 0x0, 0xff, 0xff, 0xff, 0xff, 0xff,
    0xff, 0xf1, 0x8, 0x88, 0xef, 0xff, 0x88, 0x5f,
    0xff, 0xff, 0xff, 0xff, 0xff, 0xff, 0x11, 0xff,
    0xff, 0xff, 0xff, 0xf9, 0xaa, 0xaa, 0xaa, 0xaa,
    0xad, 0xff, 0xf1, 0x1f, 0xff, 0xff, 0xff, 0xff,
    0x80, 0x0, 0x0, 0x0, 0x0, 0x8f, 0xff, 0x11,
    0xff, 0xff, 0xff, 0xff, 0xf8, 0x0, 0x0, 0x0,
    0x0, 0x8, 0xff, 0xf1, 0x0, 0x0, 0xdf, 0xfd,
    0x0, 0x0, 0x0, 0x0, 0x0, 0x0, 0x8f, 0xff,
    0x10, 0x0, 0xd, 0xff, 0xd0, 0x0, 0x0, 0x0,
    0x0, 0x0, 0x8, 0xff, 0xf1, 0x0, 0x0, 0xdf,
    0xfd, 0x4, 0x45, 0xcc, 0xcc, 0xcc, 0xcc, 0xef,
    0xff, 0x10, 0x0, 0xd, 0xff, 0xff, 0xfa, 0x7f,
    0xff, 0xff, 0xff, 0xff, 0xff, 0xf1, 0x28, 0xbe,
    0xff, 0xff, 0xff, 0xc7, 0xff, 0xff, 0xff, 0xff,
    0xff, 0xff, 0x13, 0xff, 0xff, 0xff, 0xff, 0xfd,
    0x7f, 0xff, 0xff, 0xff, 0xff, 0xff, 0xf1, 0xe,
    0xff, 0xff, 0xff, 0x84, 0x0, 0x0, 0x0, 0x0,
    0x0, 0x8f, 0xff, 0x10, 0xaf, 0xcf, 0xff, 0xd0,
    0x0, 0x0, 0x0, 0x0, 0x0, 0x8, 0xff, 0xf1,
    0x1, 0x0, 0xdf, 0xfd, 0x0, 0x0, 0x0, 0x0,
    0x0, 0x0, 0x8f, 0xff, 0x10, 0x0, 0xd, 0xff,
    0xd0, 0x0, 0x0, 0x0, 0x0, 0x0, 0x8, 0xff,
    0xf1, 0x0, 0x0, 0xdf, 0xfd, 0x0, 0x0, 0x0,
    0x0, 0x0, 0x0, 0x8f, 0xff, 0x10, 0x0, 0xd,
    0xff, 0xd0, 0x2, 0x88, 0x88, 0x88, 0x88, 0x8c,
    0xff, 0xf1, 0x3, 0x66, 0xef, 0xfd, 0x0, 0x4f,
    0xff, 0xff, 0xff, 0xff, 0xff, 0xff, 0x10, 0x4f,
    0xff, 0xff, 0xc0, 0x4, 0xff, 0xff, 0xff, 0xff,
    0xff, 0xff, 0xf1, 0x0, 0xff, 0xff, 0xf5, 0x0,
    0x4f, 0xff, 0xff, 0xff, 0xff, 0xff, 0xff, 0x10,
    0xb, 0xfe, 0xa5, 0x0, 0x0, 0x0, 0x0, 0x0,
    0x0, 0x8, 0xff, 0xf1,

    /* U+627E "找" */
    0x0, 0x0, 0x33, 0x32, 0x0, 0x0, 0x1, 0x11,
    0x10, 0x0, 0x0, 0x0, 0x0, 0x0, 0x1, 0xff,
    0xf8, 0x0, 0x0, 0xe, 0xff, 0xe0, 0x1a, 0xd1,
    0x0, 0x0, 0x0, 0x1, 0xff, 0xf8, 0x0, 0x0,
    0xe, 0xff, 0xf3, 0xef, 0xfd, 0x10, 0x0, 0x0,
    0x1, 0xff, 0xf8, 0x0, 0x0, 0xd, 0xff, 0xf0,
    0xcf, 0xff, 0xc0, 0x0, 0x0, 0x1, 0xff, 0xf8,
    0x0, 0x0, 0xc, 0xff, 0xf0, 0x1e, 0xff, 0xf8,
    0x0, 0x7, 0x78, 0xff, 0xfc, 0x77, 0x10, 0xc,
    0xff, 0xf0, 0x3, 0xff, 0x80, 0x0, 0x1f, 0xff,
    0xff, 0xff, 0xff, 0x20, 0xb, 0xff, 0xf4, 0x46,
    0xcc, 0xac, 0xb0, 0x1f, 0xff, 0xff, 0xff, 0xff,
    0x7a, 0xbf, 0xff, 0xff, 0xff, 0xff, 0xff, 0xf0,
    0x1f, 0xff, 0xff, 0xff, 0xff, 0xaf, 0xff, 0xff,
    0xff, 0xff, 0xff, 0xff, 0xf0, 0x0, 0x2, 0xff,
    0xf9, 0x0, 0x5f, 0xff, 0xff, 0xff, 0xff, 0xff,
    0xdc, 0xa1, 0x0, 0x1, 0xff, 0xf8, 0x0, 0x4f,
    0xdd, 0xff, 0xf9, 0x42, 0x4b, 0x20, 0x0, 0x0,
    0x1, 0xff, 0xf8, 0x15, 0x0, 0x5, 0xff, 0xf7,
    0x0, 0xbf, 0xf7, 0x0, 0x0, 0x2, 0xff, 0xff,
    0xff, 0x10, 0x2, 0xff, 0xf9, 0x4, 0xff, 0xfc,
    0x0, 0x29, 0xcf, 0xff, 0xff, 0xff, 0x30, 0x0,
    0xff, 0xfc, 0x1e, 0xff, 0xf3, 0x0, 0x2f, 0xff,
    0xff, 0xff, 0xff, 0x50, 0x0, 0xef, 0xff, 0xbf,
    0xff, 0xa0, 0x0, 0xe, 0xff, 0xff, 0xfd, 0x73,
    0x0, 0x0, 0xbf, 0xff, 0xff, 0xff, 0x20, 0x0,
    0xa, 0xdb, 0xff, 0xf8, 0x0, 0x0, 0x0, 0x7f,
    0xff, 0xff, 0xf4, 0x10, 0x0, 0x0, 0x1, 0xff,
    0xf8, 0x0, 0x0, 0x0, 0x4f, 0xff, 0xff, 0x80,
    0xb6, 0x0, 0x0, 0x1, 0xff, 0xf8, 0x0, 0x0,
    0x1, 0xbf, 0xff, 0xfb, 0x0, 0xdf, 0xb2, 0x0,
    0x1, 0xff, 0xf8, 0x0, 0x0, 0x4e, 0xff, 0xff,
    0xfe, 0x10, 0xff, 0xf5, 0x0, 0x1, 0xff, 0xf8,
    0x0, 0x3b, 0xff, 0xff, 0xff, 0xff, 0xeb, 0xff,
    0xf2, 0x5, 0x68, 0xff, 0xf8, 0x8, 0xff, 0xff,
    0xff, 0xdf, 0xff, 0xff, 0xff, 0xd0, 0x9, 0xff,
    0xff, 0xf7, 0x0, 0xaf, 0xff, 0xe4, 0xd, 0xff,
    0xff, 0xff, 0x80, 0x4, 0xff, 0xff, 0xe1, 0x0,
    0xa, 0xf9, 0x10, 0x1, 0xcf, 0xff, 0xfe, 0x10,
    0x0, 0xfe, 0xd9, 0x20, 0x0, 0x0, 0x20, 0x0,
    0x0, 0x5, 0xbe, 0xc2, 0x0, 0x0, 0x0, 0x0,
    0x0, 0x0, 0x0, 0x0, 0x0, 0x0, 0x0, 0x0,
    0x0, 0x0,

    /* U+62D2 "拒" */
    0x0, 0x0, 0x0, 0x0, 0x0, 0x0, 0x0, 0x0,
    0x0, 0x0, 0x0, 0x0, 0x0, 0x0, 0x2, 0xff,
    0xf8, 0x0, 0x0, 0x0, 0x0, 0x0, 0x0, 0x0,
    0x0, 0x0, 0x0, 0x2, 0xff, 0xf8, 0x0, 0xaf,
    0xff, 0xff, 0xff, 0xff, 0xff, 0xff, 0x60, 0x0,
    0x2, 0xff, 0xf8, 0x0, 0xaf, 0xff, 0xff, 0xff,
    0xff, 0xff, 0xff, 0x60, 0x0, 0x2, 0xff, 0xf8,
    0x0, 0xaf, 0xff, 0xff, 0xff, 0xff, 0xff, 0xff,
    0x60, 0x4, 0x45, 0xff, 0xfa, 0x42, 0xaf, 0xff,
    0xb9, 0x99, 0x99, 0x99, 0x99, 0x40, 0x1f, 0xff,
    0xff, 0xff, 0xfb, 0xaf, 0xff, 0x50, 0x0, 0x0,
    0x0, 0x0, 0x0, 0x1f, 0xff, 0xff, 0xff, 0xfb,
    0xaf, 0xff, 0x50, 0x0, 0x0, 0x0, 0x0, 0x0,
    0x1f, 0xff, 0xff, 0xff, 0xfb, 0xaf, 0xff, 0xff,
    0xff, 0xff, 0xff, 0xf5, 0x0, 0x1, 0x13, 0xff,
    0xf9, 0x11, 0xaf, 0xff, 0xff, 0xff, 0xff, 0xff,
    0xf5, 0x0, 0x0, 0x2, 0xff, 0xf8, 0x0, 0xaf,
    0xff, 0xff, 0xff, 0xff, 0xff, 0xf5, 0x0, 0x0,
    0x2, 0xff, 0xf8, 0x2, 0xaf, 0xff, 0xa7, 0x77,
    0x78, 0xff, 0xf5, 0x0, 0x0, 0x2, 0xff, 0xfe,
    0xfa, 0xaf, 0xff, 0x50, 0x0, 0x1, 0xff, 0xf5,
    0x0, 0x17, 0xad, 0xff, 0xff, 0xfc, 0xaf, 0xff,
    0x50, 0x0, 0x1, 0xff, 0xf5, 0x0, 0x2f, 0xff,
    0xff, 0xff, 0xfe, 0xaf, 0xff, 0xa8, 0x88, 0x89,
    0xff, 0xf5, 0x0, 0xe, 0xff, 0xff, 0xfe, 0x94,
    0xaf, 0xff, 0xff, 0xff, 0xff, 0xff, 0xf5, 0x0,
    0xa, 0xfe, 0xff, 0xf8, 0x0, 0xaf, 0xff, 0xff,
    0xff, 0xff, 0xff, 0xf5, 0x0, 0x2, 0x12, 0xff,
    0xf8, 0x0, 0xaf, 0xff, 0xff, 0xff, 0xff, 0xff,
    0xf5, 0x0, 0x0, 0x2, 0xff, 0xf8, 0x0, 0xaf,
    0xff, 0x50, 0x0, 0x0, 0x0, 0x0, 0x0, 0x0,
    0x2, 0xff, 0xf8, 0x0, 0xaf, 0xff, 0x50, 0x0,
    0x0, 0x0, 0x0, 0x0, 0x0, 0x2, 0xff, 0xf8,
    0x0, 0xaf, 0xff, 0x50, 0x0, 0x0, 0x0, 0x0,
    0x0, 0x5, 0x68, 0xff, 0xf8, 0x0, 0xaf, 0xff,
    0xff, 0xff, 0xff, 0xff, 0xff, 0xf5, 0x9, 0xff,
    0xff, 0xf7, 0x0, 0xaf, 0xff, 0xff, 0xff, 0xff,
    0xff, 0xff, 0xf5, 0x4, 0xff, 0xff, 0xe1, 0x0,
    0xaf, 0xff, 0xff, 0xff, 0xff, 0xff, 0xff, 0xf5,
    0x0, 0xfe, 0xd9, 0x20, 0x0, 0x69, 0x99, 0x99,
    0x99, 0x99, 0x99, 0x99, 0x93,

    /* U+62E9 "择" */
    0x0, 0x1, 0x22, 0x20, 0x0, 0x0, 0x0, 0x0,
    0x0, 0x0, 0x0, 0x0, 0x0, 0x0, 0x6, 0xff,
    0xf4, 0x0, 0x25, 0x55, 0x55, 0x55, 0x55, 0x56,
    0x30, 0x0, 0x0, 0x6, 0xff, 0xf4, 0x0, 0x8f,
    0xff, 0xff, 0xff, 0xff, 0xff, 0xfa, 0x0, 0x0,
    0x6, 0xff, 0xf4, 0x0, 0x8f, 0xff, 0xff, 0xff,
    0xff, 0xff, 0xfc, 0x0, 0x0, 0x6, 0xff, 0xf4,
    0x0, 0x7f, 0xff, 0xff, 0xff, 0xff, 0xff, 0xf3,
    0x0, 0x8, 0x8b, 0xff, 0xfa, 0x87, 0x0, 0x9f,
    0xff, 0x40, 0xaf, 0xff, 0x90, 0x0, 0xf, 0xff,
    0xff, 0xff, 0xfd, 0x0, 0xd, 0xff, 0xfb, 0xff,
    0xfc, 0x0, 0x0, 0xf, 0xff, 0xff, 0xff, 0xfd,
    0x0, 0x2, 0xff, 0xff, 0xff, 0xd1, 0x0, 0x0,
    0xf, 0xff, 0xff, 0xff, 0xfd, 0x0, 0x3, 0xcf,
    0xff, 0xff, 0x70, 0x0, 0x0, 0x0, 0x6, 0xff,
    0xf4, 0x0, 0x16, 0xcf, 0xff, 0xff, 0xff, 0xff,
    0x94, 0x0, 0x0, 0x6, 0xff, 0xf4, 0xb, 0xff,
    0xff, 0xff, 0xc9, 0xff, 0xff, 0xff, 0xf7, 0x0,
    0x6, 0xff, 0xfa, 0xaa, 0xff, 0xff, 0xe9, 0x55,
    0x8d, 0xff, 0xff, 0xd0, 0x0, 0x8, 0xff, 0xff,
    0xf8, 0xbf, 0xd6, 0xb, 0xff, 0xf1, 0x5c, 0xff,
    0x30, 0x3b, 0xff, 0xff, 0xff, 0xfa, 0x23, 0x0,
    0xb, 0xff, 0xf0, 0x0, 0x25, 0x0, 0x4f, 0xff,
    0xff, 0xff, 0xfc, 0x5f, 0xff, 0xff, 0xff, 0xff,
    0xff, 0xf8, 0x0, 0x1f, 0xff, 0xff, 0xfa, 0x40,
    0x5f, 0xff, 0xff, 0xff, 0xff, 0xff, 0xf8, 0x0,
    0xd, 0xed, 0xff, 0xf4, 0x0, 0x5f, 0xff, 0xff,
    0xff, 0xff, 0xff, 0xf8, 0x0, 0x1, 0x6, 0xff,
    0xf4, 0x0, 0x14, 0x44, 0x4d, 0xff, 0xf5, 0x44,
    0x42, 0x0, 0x0, 0x6, 0xff, 0xf4, 0x3, 0x55,
    0x55, 0x5d, 0xff, 0xf6, 0x55, 0x55, 0x50, 0x0,
    0x6, 0xff, 0xf4, 0x9, 0xff, 0xff, 0xff, 0xff,
    0xff, 0xff, 0xff, 0xf1, 0x0, 0x6, 0xff, 0xf4,
    0x9, 0xff, 0xff, 0xff, 0xff, 0xff, 0xff, 0xff,
    0xf1, 0x5, 0x7b, 0xff, 0xf3, 0x9, 0xff, 0xff,
    0xff, 0xff, 0xff, 0xff, 0xff, 0xf1, 0x7, 0xff,
    0xff, 0xf1, 0x0, 0x0, 0x0, 0xb, 0xff, 0xf0,
    0x0, 0x0, 0x0, 0x2, 0xff, 0xff, 0xc0, 0x0,
    0x0, 0x0, 0xb, 0xff, 0xf0, 0x0, 0x0, 0x0,
    0x0, 0xee, 0xd8, 0x10, 0x0, 0x0, 0x0, 0xb,
    0xff, 0xf0, 0x0, 0x0, 0x0,

    /* U+62F3 "拳" */
    0x0, 0x0, 0x0, 0x1, 0x0, 0x1, 0x87, 0x53,
    0x0, 0x0, 0x0, 0x0, 0x0, 0x0, 0x0, 0x1,
    0x9f, 0x60, 0x5, 0xff, 0xf9, 0x0, 0xcb, 0x61,
    0x0, 0x0, 0x0, 0x0, 0xa, 0xff, 0xf2, 0x9,
    0xff, 0xf5, 0x4, 0xff, 0xf9, 0x0, 0x0, 0x0,
    0x0, 0x1, 0xff, 0xf7, 0xc, 0xff, 0xf1, 0xd,
    0xff, 0xd0, 0x0, 0x0, 0x0, 0xd, 0xee, 0xff,
    0xfe, 0xef, 0xff, 0xfe, 0xef, 0xff, 0xfe, 0xe4,
    0x0, 0x0, 0xe, 0xff, 0xff, 0xff, 0xff, 0xff,
    0xff, 0xff, 0xff, 0xff, 0xf5, 0x0, 0x0, 0xe,
    0xff, 0xff, 0xff, 0xff, 0xff, 0xff, 0xff, 0xff,
    0xff, 0xf5, 0x0, 0x0, 0x2, 0x33, 0x33, 0x3a,
    0xff, 0xfa, 0x33, 0x33, 0x33, 0x33, 0x31, 0x0,
    0x6, 0xdd, 0xdd, 0xdd, 0xdf, 0xff, 0xfe, 0xdd,
    0xdd, 0xdd, 0xdd, 0xdd, 0xc0, 0x7, 0xff, 0xff,
    0xff, 0xff, 0xff, 0xff, 0xff, 0xff, 0xff, 0xff,
    0xff, 0xe0, 0x7, 0xff, 0xff, 0xff, 0xff, 0xff,
    0xff, 0xff, 0xff, 0xff, 0xff, 0xff, 0xe0, 0x1,
    0x33, 0x3a, 0xff, 0xff, 0xd4, 0x33, 0x37, 0xff,
    0xff, 0x83, 0x33, 0x30, 0x0, 0x2, 0xcf, 0xff,
    0xff, 0x54, 0x57, 0xaa, 0x9f, 0xff, 0xfa, 0x10,
    0x0, 0x3, 0xbf, 0xff, 0xff, 0xff, 0xff, 0xff,
    0xff, 0xca, 0xff, 0xff, 0xfa, 0x40, 0x1e, 0xff,
    0xff, 0xf9, 0x9f, 0xff, 0xff, 0xfb, 0x83, 0x6f,
    0xff, 0xff, 0xfa, 0x3, 0xff, 0xff, 0xa5, 0x79,
    0x8d, 0xff, 0xf6, 0x55, 0x59, 0xff, 0xff, 0xd0,
    0x0, 0x9e, 0x78, 0xff, 0xff, 0xff, 0xff, 0xff,
    0xff, 0xff, 0xc6, 0xdf, 0x30, 0x0, 0x11, 0x7,
    0xff, 0xff, 0xff, 0xff, 0xff, 0xff, 0xff, 0xc0,
    0x2, 0x0, 0x0, 0x0, 0x2, 0x44, 0x44, 0x4c,
    0xff, 0xf6, 0x44, 0x44, 0x40, 0x0, 0x0, 0x0,
    0xf, 0xff, 0xff, 0xff, 0xff, 0xff, 0xff, 0xff,
    0xff, 0xff, 0xf2, 0x0, 0x0, 0xf, 0xff, 0xff,
    0xff, 0xff, 0xff, 0xff, 0xff, 0xff, 0xff, 0xf2,
    0x0, 0x0, 0x9, 0x99, 0x99, 0x99, 0x9e, 0xff,
    0xf9, 0x99, 0x99, 0x99, 0x91, 0x0, 0x0, 0x0,
    0x0, 0x6, 0xff, 0xff, 0xff, 0xf0, 0x0, 0x0,
    0x0, 0x0, 0x0, 0x0, 0x0, 0x0, 0x0, 0xef,
    0xff, 0xff, 0xb0, 0x0, 0x0, 0x0, 0x0, 0x0,
    0x0, 0x0, 0x0, 0x0, 0x8f, 0xfe, 0xb8, 0x10,
    0x0, 0x0, 0x0, 0x0, 0x0,

    /* U+6309 "按" */
    0x0, 0x0, 0x33, 0x31, 0x0, 0x0, 0x0, 0x0,
    0x24, 0x40, 0x0, 0x0, 0x0, 0x0, 0x2, 0xff,
    0xf7, 0x0, 0x0, 0x0, 0xf, 0xff, 0xf0, 0x0,
    0x0, 0x0, 0x0, 0x2, 0xff, 0xf7, 0x0, 0x0,
    0x0, 0xc, 0xff, 0xf3, 0x0, 0x0, 0x0, 0x0,
    0x2, 0xff, 0xf7, 0x0, 0x56, 0x66, 0x6c, 0xff,
    0xfa, 0x66, 0x66, 0x60, 0x0, 0x2, 0xff, 0xf7,
    0x0, 0xef, 0xff, 0xff, 0xff, 0xff, 0xff, 0xff,
    0xf0, 0x7, 0x79, 0xff, 0xfb, 0x75, 0xef, 0xff,
    0xff, 0xff, 0xff, 0xff, 0xff, 0xf0, 0x1f, 0xff,
    0xff, 0xff, 0xfb, 0xef, 0xff, 0xdd, 0xdd, 0xdd,
    0xdf, 0xff, 0xf0, 0x1f, 0xff, 0xff, 0xff, 0xfb,
    0xef, 0xf9, 0x45, 0x20, 0x0, 0x9, 0xff, 0xf0,
    0x1f, 0xff, 0xff, 0xff, 0xfb, 0xef, 0xf9, 0xcf,
    0xff, 0x30, 0x9, 0xff, 0xf0, 0x0, 0x2, 0xff,
    0xf7, 0x0, 0x56, 0x65, 0xff, 0xfe, 0x0, 0x3,
    0x66, 0x60, 0x0, 0x2, 0xff, 0xf7, 0x3, 0x33,
    0x37, 0xff, 0xfc, 0x33, 0x33, 0x33, 0x31, 0x0,
    0x2, 0xff, 0xf7, 0xe, 0xff, 0xff, 0xff, 0xff,
    0xff, 0xff, 0xff, 0xf5, 0x0, 0x2, 0xff, 0xf7,
    0x2e, 0xff, 0xff, 0xff, 0xff, 0xff, 0xff, 0xff,
    0xf5, 0x0, 0x3, 0xff, 0xff, 0xff, 0xff, 0xff,
    0xff, 0xff, 0xff, 0xff, 0xff, 0xf5, 0x28, 0xbf,
    0xff, 0xff, 0xfd, 0x11, 0xef, 0xff, 0x41, 0x1d,
    0xff, 0xf4, 0x10, 0x4f, 0xff, 0xff, 0xff, 0xfe,
    0x5, 0xff, 0xfc, 0x0, 0x2f, 0xff, 0xe0, 0x0,
    0x1f, 0xff, 0xff, 0xfb, 0x30, 0xd, 0xff, 0xf8,
    0x0, 0x8f, 0xff, 0x90, 0x0, 0xd, 0xca, 0xff,
    0xf7, 0x0, 0x5f, 0xff, 0xff, 0xc6, 0xff, 0xff,
    0x20, 0x0, 0x0, 0x2, 0xff, 0xf7, 0x0, 0x6,
    0xef, 0xff, 0xff, 0xff, 0xf9, 0x0, 0x0, 0x0,
    0x2, 0xff, 0xf7, 0x0, 0x0, 0x6, 0xef, 0xff,
    0xff, 0xf5, 0x0, 0x0, 0x0, 0x2, 0xff, 0xf7,
    0x0, 0x0, 0x4, 0xaf, 0xff, 0xff, 0xff, 0xb2,
    0x0, 0x5, 0x58, 0xff, 0xf7, 0x2, 0x69, 0xdf,
    0xff, 0xff, 0xff, 0xff, 0xff, 0x80, 0xa, 0xff,
    0xff, 0xf5, 0x7, 0xff, 0xff, 0xff, 0xf8, 0x3c,
    0xff, 0xff, 0xf2, 0x5, 0xff, 0xff, 0xd1, 0x0,
    0xdf, 0xff, 0xfa, 0x20, 0x0, 0x6f, 0xff, 0x40,
    0x1, 0xfe, 0xd9, 0x20, 0x0, 0x6f, 0xb6, 0x10,
    0x0, 0x0, 0x2, 0xc5, 0x0, 0x0, 0x0, 0x0,
    0x0, 0x0, 0x0, 0x0, 0x0, 0x0, 0x0, 0x0,
    0x0, 0x0,

    /* U+6311 "挑" */
    0x0, 0x1, 0x33, 0x20, 0x0, 0x0, 0x0, 0x0,
    0x0, 0x0, 0x0, 0x0, 0x0, 0x0, 0x8, 0xff,
    0xe0, 0x0, 0x0, 0x7e, 0xed, 0xe, 0xee, 0x80,
    0x0, 0x0, 0x0, 0x8, 0xff, 0xe0, 0x0, 0x0,
    0x8f, 0xfe, 0xf, 0xff, 0x90, 0x0, 0x0, 0x0,
    0x8, 0xff, 0xe0, 0x0, 0x0, 0x8f, 0xfe, 0xf,
    0xff, 0x90, 0x10, 0x0, 0x0, 0x8, 0xff, 0xe0,
    0x0, 0x87, 0x8f, 0xfe, 0xf, 0xff, 0x94, 0xf8,
    0x10, 0x7, 0x7c, 0xff, 0xf7, 0x8e, 0xff, 0xaf,
    0xfe, 0xf, 0xff, 0x9a, 0xff, 0xf2, 0x1f, 0xff,
    0xff, 0xff, 0xff, 0xff, 0xff, 0xfe, 0xf, 0xff,
    0xaf, 0xff, 0xc0, 0x1f, 0xff, 0xff, 0xff, 0xd9,
    0xff, 0xff, 0xfe, 0xf, 0xff, 0xef, 0xff, 0x30,
    0x1f, 0xff, 0xff, 0xff, 0xd1, 0xff, 0xff, 0xfe,
    0xf, 0xff, 0xff, 0xfa, 0x0, 0x0, 0x8, 0xff,
    0xe0, 0x0, 0x9f, 0xff, 0xfe, 0xf, 0xff, 0xff,
    0xf1, 0x0, 0x0, 0x8, 0xff, 0xe0, 0x10, 0x27,
    0x8f, 0xfe, 0xf, 0xff, 0x96, 0x60, 0x0, 0x0,
    0x8, 0xff, 0xfc, 0xd0, 0x0, 0x8f, 0xfe, 0xf,
    0xff, 0x91, 0x0, 0x0, 0x0, 0x2b, 0xff, 0xff,
    0xf1, 0x0, 0x8f, 0xfe, 0xf, 0xff, 0xdf, 0x50,
    0x0, 0x3d, 0xff, 0xff, 0xff, 0xf4, 0x8, 0xff,
    0xfd, 0xf, 0xff, 0xff, 0xf7, 0x0, 0x2f, 0xff,
    0xff, 0xfb, 0x55, 0xef, 0xff, 0xfc, 0xf, 0xff,
    0xff, 0xff, 0x80, 0xd, 0xff, 0xff, 0xe1, 0xbf,
    0xff, 0xff, 0xfc, 0xf, 0xff, 0xcf, 0xff, 0xf6,
    0x8, 0x8a, 0xff, 0xe0, 0xdf, 0xff, 0xff, 0xf9,
    0xf, 0xff, 0x93, 0xff, 0xf7, 0x0, 0x8, 0xff,
    0xe0, 0x3f, 0xf9, 0xff, 0xf6, 0xf, 0xff, 0x90,
    0x5f, 0x80, 0x0, 0x8, 0xff, 0xe0, 0x7, 0x2a,
    0xff, 0xf2, 0xf, 0xff, 0x90, 0x28, 0x0, 0x0,
    0x8, 0xff, 0xe0, 0x0, 0x4f, 0xff, 0xe0, 0xf,
    0xff, 0x90, 0x5f, 0xb4, 0x0, 0x8, 0xff, 0xe0,
    0x3, 0xff, 0xff, 0x70, 0xf, 0xff, 0x90, 0x7f,
    0xfb, 0x6, 0x7c, 0xff, 0xe0, 0x7f, 0xff, 0xfd,
    0x0, 0xe, 0xff, 0xe9, 0xdf, 0xf8, 0x9, 0xff,
    0xff, 0xc3, 0xff, 0xff, 0xe2, 0x0, 0xb, 0xff,
    0xff, 0xff, 0xf4, 0x4, 0xff, 0xff, 0x60, 0x2e,
    0xfe, 0x30, 0x0, 0x5, 0xff, 0xff, 0xff, 0xc0,
    0x1, 0xfe, 0xb5, 0x0, 0x3, 0xa1, 0x0, 0x0,
    0x0, 0x5a, 0xcc, 0xb8, 0x10,

    /* U+6362 "换" */
    0x0, 0x2, 0x33, 0x20, 0x0, 0x0, 0x0, 0x0,
    0x0, 0x0, 0x0, 0x0, 0x0, 0x0, 0xb, 0xff,
    0xe0, 0x0, 0x0, 0xd, 0xeb, 0x80, 0x0, 0x0,
    0x0, 0x0, 0x0, 0xb, 0xff, 0xe0, 0x0, 0x0,
    0x7f, 0xff, 0xc0, 0x0, 0x1, 0x0, 0x0, 0x0,
    0xb, 0xff, 0xe0, 0x0, 0x1, 0xff, 0xff, 0xff,
    0xff, 0xff, 0x60, 0x0, 0x0, 0xb, 0xff, 0xe0,
    0x0, 0xc, 0xff, 0xff, 0xff, 0xff, 0xff, 0xf8,
    0x0, 0x17, 0x7d, 0xff, 0xf7, 0x60, 0xbf, 0xff,
    0xff, 0xff, 0xff, 0xff, 0xe1, 0x0, 0x2f, 0xff,
    0xff, 0xff, 0xfc, 0xff, 0xfe, 0x31, 0x11, 0xcf,
    0xff, 0x40, 0x0, 0x2f, 0xff, 0xff, 0xff, 0xfc,
    0xff, 0xfd, 0xbb, 0xbc, 0xff, 0xff, 0xbb, 0x0,
    0x2c, 0xce, 0xff, 0xfc, 0xb1, 0xef, 0xff, 0xff,
    0xff, 0xff, 0xff, 0xff, 0x0, 0x0, 0xb, 0xff,
    0xe0, 0x0, 0xaf, 0xff, 0xff, 0xff, 0xff, 0xff,
    0xff, 0x0, 0x0, 0xb, 0xff, 0xe0, 0x0, 0xaf,
    0xfe, 0xb, 0xff, 0xf1, 0xcf, 0xff, 0x0, 0x0,
    0xb, 0xff, 0xe2, 0x60, 0xaf, 0xfe, 0xb, 0xff,
    0xf0, 0xcf, 0xff, 0x0, 0x0, 0xb, 0xff, 0xff,
    0xf0, 0xaf, 0xfe, 0xb, 0xff, 0xf0, 0xcf, 0xff,
    0x0, 0x4b, 0xef, 0xff, 0xff, 0xf2, 0xaf, 0xfe,
    0xb, 0xff, 0xf0, 0xcf, 0xff, 0x0, 0x5f, 0xff,
    0xff, 0xff, 0xf5, 0xaf, 0xfe, 0xc, 0xff, 0xe0,
    0xcf, 0xff, 0x0, 0x2f, 0xff, 0xff, 0xf8, 0x6f,
    0xff, 0xff, 0xff, 0xff, 0xff, 0xff, 0xff, 0xf5,
    0xe, 0xde, 0xff, 0xe0, 0x2f, 0xff, 0xff, 0xff,
    0xff, 0xff, 0xff, 0xff, 0xf5, 0x1, 0xb, 0xff,
    0xe0, 0x2f, 0xff, 0xff, 0xff, 0xff, 0xff, 0xff,
    0xff, 0xf5, 0x0, 0xb, 0xff, 0xe0, 0x3, 0x33,
    0x37, 0xff, 0xff, 0xfa, 0x33, 0x33, 0x31, 0x0,
    0xb, 0xff, 0xe0, 0x0, 0x0, 0x3e, 0xff, 0xff,
    0xff, 0x70, 0x0, 0x0, 0x0, 0xb, 0xff, 0xe0,
    0x0, 0x6, 0xff, 0xff, 0x8b, 0xff, 0xfb, 0x20,
    0x0, 0xa, 0xae, 0xff, 0xd0, 0x3, 0xcf, 0xff,
    0xf9, 0x0, 0xbf, 0xff, 0xfa, 0x40, 0xb, 0xff,
    0xff, 0xb3, 0xcf, 0xff, 0xff, 0x80, 0x0, 0xc,
    0xff, 0xff, 0xf7, 0x7, 0xff, 0xff, 0x50, 0xaf,
    0xff, 0xe4, 0x0, 0x0, 0x0, 0x8f, 0xff, 0xa0,
    0x3, 0xfe, 0xb5, 0x0, 0xb, 0xf8, 0x0, 0x0,
    0x0, 0x0, 0x2, 0xad, 0x0, 0x0, 0x0, 0x0,
    0x0, 0x0, 0x10, 0x0, 0x0, 0x0, 0x0, 0x0,
    0x0, 0x0,

    /* U+63A5 "接" */
    0x0, 0x2, 0x33, 0x20, 0x0, 0x0, 0x0, 0x0,
    0x0, 0x0, 0x0, 0x0, 0x0, 0x0, 0xa, 0xff,
    0xc0, 0x0, 0x0, 0x0, 0x29, 0xce, 0x50, 0x0,
    0x0, 0x0, 0x0, 0xa, 0xff, 0xc0, 0x0, 0x11,
    0x11, 0x2f, 0xff, 0xd2, 0x11, 0x11, 0x10, 0x0,
    0xa, 0xff, 0xc0, 0x0, 0xff, 0xff, 0xff, 0xff,
    0xff, 0xff, 0xff, 0x80, 0x0, 0xa, 0xff, 0xc0,
    0x0, 0xff, 0xff, 0xff, 0xff, 0xff, 0xff, 0xff,
    0x80, 0x7, 0x7d, 0xff, 0xe7, 0x50, 0xff, 0xff,
    0xff, 0xff, 0xff, 0xff, 0xff, 0x80, 0x1f, 0xff,
    0xff, 0xff, 0xa0, 0x2, 0xcf, 0xf2, 0x0, 0x3f,
    0xfc, 0x40, 0x0, 0x1f, 0xff, 0xff, 0xff, 0xa0,
    0x0, 0xef, 0xf9, 0x0, 0xaf, 0xff, 0x10, 0x0,
    0x1f, 0xff, 0xff, 0xff, 0xa2, 0x33, 0xaf, 0xfa,
    0x33, 0xff, 0xf9, 0x33, 0x30, 0x0, 0xa, 0xff,
    0xc0, 0xb, 0xff, 0xff, 0xff, 0xff, 0xff, 0xff,
    0xff, 0xf0, 0x0, 0xa, 0xff, 0xc0, 0xb, 0xff,
    0xff, 0xff, 0xff, 0xff, 0xff, 0xff, 0xf0, 0x0,
    0xa, 0xff, 0xc0, 0x1b, 0xff, 0xff, 0xff, 0xff,
    0xff, 0xff, 0xff, 0xf0, 0x0, 0xa, 0xff, 0xff,
    0x80, 0x0, 0x0, 0xcf, 0xea, 0x0, 0x0, 0x0,
    0x0, 0x39, 0xdf, 0xff, 0xff, 0xa0, 0x0, 0x3,
    0xff, 0xf9, 0x0, 0x0, 0x0, 0x0, 0x5f, 0xff,
    0xff, 0xff, 0xff, 0xff, 0xff, 0xff, 0xff, 0xff,
    0xff, 0xff, 0xf5, 0x1f, 0xff, 0xff, 0xe8, 0x6f,
    0xff, 0xff, 0xff, 0xff, 0xff, 0xff, 0xff, 0xf5,
    0xe, 0xee, 0xff, 0xc0, 0x2f, 0xff, 0xff, 0xff,
    0xff, 0xff, 0xff, 0xff, 0xf5, 0x1, 0xa, 0xff,
    0xc0, 0x1, 0x19, 0xff, 0xf6, 0x11, 0x6f, 0xff,
    0x81, 0x10, 0x0, 0xa, 0xff, 0xc0, 0x0, 0x4f,
    0xff, 0xf9, 0x30, 0xef, 0xff, 0x20, 0x0, 0x0,
    0xa, 0xff, 0xc0, 0x0, 0xcf, 0xff, 0xff, 0xff,
    0xff, 0xf9, 0x0, 0x0, 0x0, 0xa, 0xff, 0xc0,
    0x0, 0x3, 0x8e, 0xff, 0xff, 0xff, 0xf5, 0x0,
    0x0, 0x7, 0x7d, 0xff, 0xb0, 0x0, 0x23, 0x7a,
    0xff, 0xff, 0xff, 0xff, 0xd5, 0x0, 0xb, 0xff,
    0xff, 0x90, 0x5f, 0xff, 0xff, 0xff, 0xff, 0xff,
    0xff, 0xff, 0x80, 0x6, 0xff, 0xff, 0x40, 0xd,
    0xff, 0xff, 0xff, 0xa3, 0x18, 0xff, 0xfd, 0x10,
    0x3, 0xfe, 0xb4, 0x0, 0x7, 0xfe, 0xb8, 0x40,
    0x0, 0x0, 0x19, 0xf3, 0x0, 0x0, 0x0, 0x0,
    0x0, 0x0, 0x0, 0x0, 0x0, 0x0, 0x0, 0x0,
    0x10, 0x0,

    /* U+641C "搜" */
    0x0, 0x2, 0x33, 0x30, 0x0, 0x0, 0x0, 0x3,
    0x33, 0x10, 0x0, 0x0, 0x0, 0x0, 0x9, 0xff,
    0xf0, 0x0, 0x0, 0x6, 0xe, 0xff, 0x50, 0x0,
    0x0, 0x0, 0x0, 0x9, 0xff, 0xf0, 0x0, 0x4,
    0xdf, 0xbe, 0xff, 0x56, 0x77, 0x77, 0x20, 0x0,
    0x9, 0xff, 0xf0, 0x1, 0xcf, 0xff, 0xff, 0xff,
    0x5c, 0xff, 0xff, 0x50, 0x0, 0x9, 0xff, 0xf0,
    0x2, 0xff, 0xff, 0x9f, 0xff, 0x5c, 0xff, 0xff,
    0x50, 0x17, 0x7c, 0xff, 0xf7, 0x72, 0xff, 0xf2,
    0xe, 0xff, 0x55, 0x7f, 0xff, 0x50, 0x2f, 0xff,
    0xff, 0xff, 0xf2, 0xff, 0xf6, 0x3e, 0xff, 0x54,
    0x5f, 0xff, 0x50, 0x2f, 0xff, 0xff, 0xff, 0xf2,
    0xff, 0xff, 0xae, 0xff, 0x5c, 0xff, 0xff, 0x50,
    0x2f, 0xff, 0xff, 0xff, 0xf2, 0xff, 0xff, 0xae,
    0xff, 0x5c, 0xff, 0xff, 0x50, 0x0, 0x9, 0xff,
    0xf0, 0x2, 0xff, 0xf4, 0x2e, 0xff, 0x52, 0x3f,
    0xff, 0x50, 0x0, 0x9, 0xff, 0xf0, 0x2, 0xff,
    0xfd, 0xdf, 0xff, 0xed, 0xdf, 0xff, 0x50, 0x0,
    0x9, 0xff, 0xf7, 0x92, 0xff, 0xff, 0xff, 0xff,
    0xff, 0xff, 0xff, 0x50, 0x0, 0xa, 0xff, 0xff,
    0xf2, 0xff, 0xff, 0xff, 0xff, 0xff, 0xff, 0xff,
    0x50, 0x39, 0xef, 0xff, 0xff, 0xf3, 0x11, 0x11,
    0x1e, 0xff, 0x71, 0x11, 0x11, 0x0, 0x5f, 0xff,
    0xff, 0xff, 0xf4, 0x11, 0x11, 0x1e, 0xff, 0x61,
    0x11, 0x10, 0x0, 0x1f, 0xff, 0xff, 0xf5, 0x1,
    0xff, 0xff, 0xff, 0xff, 0xff, 0xff, 0xfa, 0x20,
    0xd, 0xfe, 0xff, 0xf0, 0x1, 0xff, 0xff, 0xff,
    0xff, 0xff, 0xff, 0xfe, 0x10, 0x3, 0x19, 0xff,
    0xf0, 0x1, 0xff, 0xff, 0xff, 0xff, 0xff, 0xff,
    0xf6, 0x0, 0x0, 0x9, 0xff, 0xf0, 0x0, 0x1e,
    0xff, 0xd4, 0x0, 0x8f, 0xff, 0xc0, 0x0, 0x0,
    0x9, 0xff, 0xf0, 0x0, 0x2, 0xef, 0xff, 0xad,
    0xff, 0xfc, 0x0, 0x0, 0x0, 0x9, 0xff, 0xf0,
    0x0, 0x0, 0x1c, 0xff, 0xff, 0xff, 0xd1, 0x0,
    0x0, 0x8, 0x9d, 0xff, 0xf0, 0x14, 0x7a, 0xdf,
    0xff, 0xff, 0xff, 0xff, 0xc9, 0x51, 0x9, 0xff,
    0xff, 0xd0, 0xbf, 0xff, 0xff, 0xff, 0xff, 0xff,
    0xff, 0xff, 0xf2, 0x4, 0xff, 0xff, 0x70, 0x1f,
    0xff, 0xff, 0xb5, 0x1, 0x7d, 0xff, 0xff, 0x50,
    0x1, 0xfe, 0xb6, 0x0, 0x9, 0xc9, 0x51, 0x0,
    0x0, 0x0, 0x26, 0xaa, 0x0,

    /* U+643A "携" */
    0x0, 0x2, 0x33, 0x20, 0x0, 0x2, 0x0, 0x0,
    0x0, 0x11, 0x0, 0x0, 0x0, 0x0, 0xcf, 0xfb,
    0x0, 0x0, 0xdf, 0xc4, 0x6, 0xcf, 0xb0, 0x0,
    0x0, 0x0, 0xc, 0xff, 0xb0, 0x0, 0x4f, 0xff,
    0x40, 0xdf, 0xff, 0x40, 0x0, 0x0, 0x0, 0xcf,
    0xfb, 0x0, 0xa, 0xff, 0xfc, 0xce, 0xff, 0xfe,
    0xcc, 0xc5, 0x0, 0xc, 0xff, 0xb0, 0x4, 0xff,
    0xff, 0xff, 0xff, 0xff, 0xff, 0xff, 0x60, 0x77,
    0xef, 0xfd, 0x74, 0xef, 0xff, 0xfc, 0xcd, 0xff,
    0xfc, 0xcc, 0xc4, 0x1f, 0xff, 0xff, 0xff, 0xff,
    0xff, 0xff, 0x88, 0xaf, 0xff, 0x88, 0x83, 0x1,
    0xff, 0xff, 0xff, 0xff, 0xff, 0xff, 0xff, 0xff,
    0xff, 0xff, 0xff, 0x60, 0x1f, 0xff, 0xff, 0xff,
    0xdf, 0xff, 0xff, 0x88, 0xaf, 0xff, 0x98, 0x83,
    0x0, 0x0, 0xcf, 0xfb, 0x0, 0xd9, 0xff, 0xfa,
    0xac, 0xff, 0xfa, 0xaa, 0x40, 0x0, 0xc, 0xff,
    0xb0, 0x1, 0x4f, 0xff, 0xff, 0xff, 0xff, 0xff,
    0xf6, 0x0, 0x0, 0xcf, 0xfb, 0x11, 0x4, 0xff,
    0xf7, 0x7a, 0xff, 0xf8, 0x77, 0x30, 0x0, 0xc,
    0xff, 0xff, 0x70, 0x4f, 0xff, 0xaa, 0xcf, 0xff,
    0xaa, 0xaa, 0x60, 0x49, 0xff, 0xff, 0xfa, 0x4,
    0xff, 0xff, 0xff, 0xff, 0xff, 0xff, 0xfa, 0x5f,
    0xff, 0xff, 0xff, 0xd0, 0x4f, 0xff, 0xff, 0xff,
    0xff, 0xff, 0xff, 0xa1, 0xff, 0xff, 0xfe, 0x62,
    0x57, 0xaa, 0xa6, 0x66, 0x66, 0x66, 0x20, 0x0,
    0xc, 0xef, 0xff, 0xb0, 0xd, 0xff, 0xff, 0xff,
    0xff, 0xff, 0xf3, 0x0, 0x0, 0x10, 0xcf, 0xfb,
    0x0, 0xdf, 0xff, 0xff, 0xff, 0xff, 0xff, 0x99,
    0x98, 0x0, 0xc, 0xff, 0xb0, 0x4, 0x56, 0xff,
    0xfb, 0x5d, 0xff, 0xff, 0xff, 0xd0, 0x0, 0xcf,
    0xfb, 0x0, 0x0, 0x7f, 0xff, 0x42, 0xff, 0xff,
    0xff, 0xfb, 0x0, 0xc, 0xff, 0xb0, 0x0, 0x2f,
    0xff, 0xf0, 0x0, 0x0, 0xd, 0xff, 0x91, 0x88,
    0xff, 0xfa, 0x0, 0x5e, 0xff, 0xf6, 0x0, 0x10,
    0x3, 0xff, 0xf7, 0xd, 0xff, 0xff, 0x81, 0xdf,
    0xff, 0xfb, 0x0, 0xc, 0xff, 0xff, 0xff, 0x30,
    0x8f, 0xff, 0xf3, 0x6, 0xff, 0xfb, 0x0, 0x0,
    0x6f, 0xff, 0xff, 0xc0, 0x5, 0xfe, 0xa4, 0x0,
    0x8, 0xd5, 0x0, 0x0, 0x2, 0xff, 0xed, 0x91,
    0x0, 0x0, 0x0, 0x0, 0x0, 0x0, 0x0, 0x0,
    0x0, 0x0, 0x0, 0x0, 0x0,

    /* U+64A4 "撤" */
    0x0, 0x3, 0x33, 0x0, 0x0, 0x0, 0x31, 0x0,
    0x0, 0x21, 0x0, 0x0, 0x0, 0x0, 0xf, 0xff,
    0x20, 0x0, 0x8f, 0xf7, 0x0, 0x0, 0xbf, 0xf6,
    0x0, 0x0, 0x0, 0xf, 0xff, 0x20, 0x0, 0x6f,
    0xfd, 0x0, 0x0, 0xdf, 0xf6, 0x0, 0x0, 0x0,
    0xf, 0xff, 0x20, 0xdf, 0xff, 0xff, 0xff, 0xf0,
    0xff, 0xf3, 0x0, 0x0, 0x0, 0xf, 0xff, 0x20,
    0xdf, 0xff, 0xff, 0xff, 0xf2, 0xff, 0xf3, 0x11,
    0x10, 0x7, 0x7f, 0xff, 0x86, 0xcf, 0xff, 0xfe,
    0xee, 0xe4, 0xff, 0xff, 0xff, 0xf7, 0x1f, 0xff,
    0xff, 0xfe, 0x9, 0xff, 0x93, 0x93, 0x7, 0xff,
    0xff, 0xff, 0xf7, 0x1f, 0xff, 0xff, 0xfe, 0x2f,
    0xfe, 0x2f, 0xf9, 0xc, 0xff, 0xff, 0xff, 0xf7,
    0x1f, 0xff, 0xff, 0xff, 0xdf, 0xff, 0xff, 0xff,
    0x1f, 0xff, 0x5a, 0xff, 0x90, 0x0, 0xf, 0xff,
    0x20, 0xef, 0xff, 0xff, 0xff, 0xbf, 0xff, 0xb,
    0xff, 0x60, 0x0, 0xf, 0xff, 0x20, 0x9f, 0xec,
    0x97, 0xfc, 0xef, 0xff, 0x2e, 0xff, 0x30, 0x0,
    0xf, 0xff, 0x20, 0x7b, 0x99, 0x99, 0xba, 0xff,
    0xff, 0x5f, 0xff, 0x10, 0x0, 0xf, 0xff, 0xdd,
    0x9f, 0xff, 0xff, 0xff, 0xdf, 0xff, 0xaf, 0xff,
    0x0, 0x3a, 0xef, 0xff, 0xff, 0x9f, 0xff, 0xff,
    0xff, 0x4f, 0xff, 0xef, 0xfc, 0x0, 0x5f, 0xff,
    0xff, 0xff, 0xbf, 0xf6, 0xe, 0xff, 0x15, 0xdf,
    0xff, 0xf9, 0x0, 0x1f, 0xff, 0xff, 0xd8, 0xaf,
    0xfe, 0xcf, 0xff, 0x10, 0x9f, 0xff, 0xf4, 0x0,
    0xe, 0xff, 0xff, 0x20, 0x9f, 0xff, 0xff, 0xff,
    0x10, 0x5f, 0xff, 0xf0, 0x0, 0x2, 0x1f, 0xff,
    0x20, 0x9f, 0xfc, 0xaf, 0xff, 0x10, 0x2f, 0xff,
    0xb0, 0x0, 0x0, 0xf, 0xff, 0x20, 0x9f, 0xfa,
    0x7f, 0xff, 0x10, 0xf, 0xff, 0x70, 0x0, 0x0,
    0xf, 0xff, 0x20, 0x9f, 0xff, 0xff, 0xff, 0x10,
    0x8f, 0xff, 0xc0, 0x0, 0x0, 0xf, 0xff, 0x20,
    0x9f, 0xff, 0xff, 0xff, 0x14, 0xff, 0xff, 0xf7,
    0x0, 0x3, 0x5f, 0xff, 0x20, 0x9f, 0xf6, 0x1f,
    0xff, 0x6f, 0xff, 0xff, 0xff, 0x70, 0xb, 0xff,
    0xff, 0x0, 0x9f, 0xf8, 0xff, 0xff, 0xff, 0xfe,
    0x2e, 0xff, 0xf2, 0x6, 0xff, 0xfb, 0x0, 0x9f,
    0xf5, 0xdf, 0xfc, 0x9f, 0xf2, 0x4, 0xff, 0x60,
    0x3, 0xfe, 0x91, 0x0, 0x9f, 0xf5, 0x8c, 0x91,
    0xc, 0x40, 0x0, 0x6b, 0x0, 0x0, 0x0, 0x0,
    0x0, 0x0, 0x0, 0x0, 0x0, 0x0, 0x0, 0x0,
    0x0, 0x0,

    /* U+64CD "操" */
    0x0, 0x5, 0x66, 0x50, 0x0, 0x0, 0x0, 0x0,
    0x0, 0x0, 0x0, 0x0, 0x0, 0x0, 0xc, 0xff,
    0xb0, 0x0, 0x1, 0x88, 0x88, 0x88, 0x88, 0x88,
    0x40, 0x0, 0x0, 0xc, 0xff, 0xb0, 0x0, 0x3,
    0xff, 0xff, 0xff, 0xff, 0xff, 0x80, 0x0, 0x0,
    0xc, 0xff, 0xb0, 0x0, 0x3, 0xff, 0xff, 0xff,
    0xff, 0xff, 0x80, 0x0, 0x0, 0xc, 0xff, 0xb0,
    0x0, 0x3, 0xff, 0xf0, 0x0, 0x4f, 0xff, 0x80,
    0x0, 0xa, 0xae, 0xff, 0xea, 0x80, 0x3, 0xff,
    0xfd, 0xdd, 0xdf, 0xff, 0x80, 0x0, 0x1f, 0xff,
    0xff, 0xff, 0xc0, 0x3, 0xff, 0xff, 0xff, 0xff,
    0xff, 0x80, 0x0, 0x1f, 0xff, 0xff, 0xff, 0xc0,
    0x2, 0xcc, 0xcc, 0xcc, 0xcc, 0xcc, 0x60, 0x0,
    0x1d, 0xdf, 0xff, 0xfd, 0xa3, 0x77, 0x77, 0x77,
    0x35, 0x77, 0x77, 0x77, 0x60, 0x0, 0xc, 0xff,
    0xb0, 0x7, 0xff, 0xff, 0xff, 0x8b, 0xff, 0xff,
    0xff, 0xe0, 0x0, 0xc, 0xff, 0xb0, 0x7, 0xff,
    0xff, 0xff, 0x8b, 0xff, 0xff, 0xff, 0xe0, 0x0,
    0xc, 0xff, 0xb3, 0x37, 0xff, 0x54, 0xff, 0x8b,
    0xff, 0x12, 0xff, 0xe0, 0x0, 0xc, 0xff, 0xff,
    0x97, 0xff, 0x99, 0xff, 0x8b, 0xff, 0x78, 0xff,
    0xe0, 0x3b, 0xef, 0xff, 0xff, 0xd7, 0xff, 0xff,
    0xff, 0x8b, 0xff, 0xff, 0xff, 0xe0, 0x4f, 0xff,
    0xff, 0xff, 0xa7, 0xff, 0xff, 0xff, 0xde, 0xff,
    0xff, 0xff, 0xe0, 0xf, 0xff, 0xff, 0xd2, 0x0,
    0x0, 0x0, 0xc, 0xff, 0xa0, 0x0, 0x0, 0x0,
    0xd, 0xde, 0xff, 0xb0, 0x9, 0xdd, 0xdd, 0xdf,
    0xff, 0xfd, 0xdd, 0xdd, 0xd3, 0x0, 0xc, 0xff,
    0xb0, 0xb, 0xff, 0xff, 0xff, 0xff, 0xff, 0xff,
    0xff, 0xf3, 0x0, 0xc, 0xff, 0xb0, 0xb, 0xff,
    0xff, 0xff, 0xff, 0xff, 0xff, 0xff, 0xf3, 0x0,
    0xc, 0xff, 0xb0, 0x2, 0x22, 0x5e, 0xff, 0xff,
    0xff, 0xc3, 0x22, 0x20, 0x0, 0xc, 0xff, 0xb0,
    0x0, 0x8, 0xff, 0xff, 0xff, 0xff, 0xfe, 0x50,
    0x0, 0x3, 0x5e, 0xff, 0xb0, 0x49, 0xff, 0xff,
    0xff, 0xff, 0xff, 0xff, 0xfd, 0x71, 0x6, 0xff,
    0xff, 0x97, 0xff, 0xff, 0xff, 0x6c, 0xff, 0xa8,
    0xff, 0xff, 0xf6, 0x1, 0xff, 0xff, 0x40, 0x9f,
    0xff, 0xb2, 0xb, 0xff, 0xa0, 0x4e, 0xff, 0x80,
    0x0, 0xde, 0xb4, 0x0, 0xc, 0x92, 0x0, 0xb,
    0xff, 0xa0, 0x0, 0x6a, 0x0,

    /* U+6539 "改" */
    0x0, 0x0, 0x0, 0x0, 0x0, 0x0, 0x0, 0x0,
    0x0, 0x0, 0x0, 0x0, 0x0, 0x0, 0x0, 0x0,
    0x0, 0x0, 0x0, 0x0, 0xd, 0xdb, 0x80, 0x0,
    0x0, 0x0, 0x1, 0x88, 0x88, 0x88, 0x88, 0x86,
    0x0, 0x1f, 0xff, 0xd0, 0x0, 0x0, 0x0, 0x3,
    0xff, 0xff, 0xff, 0xff, 0xfb, 0x0, 0x5f, 0xff,
    0x90, 0x0, 0x0, 0x0, 0x3, 0xff, 0xff, 0xff,
    0xff, 0xfb, 0x0, 0x9f, 0xff, 0x50, 0x0, 0x0,
    0x0, 0x3, 0xff, 0xff, 0xff, 0xff, 0xfb, 0x0,
    0xdf, 0xff, 0x98, 0x88, 0x88, 0x82, 0x0, 0x22,
    0x22, 0x22, 0xff, 0xfb, 0x1, 0xff, 0xff, 0xff,
    0xff, 0xff, 0xf4, 0x0, 0x0, 0x0, 0x0, 0xff,
    0xfb, 0x7, 0xff, 0xff, 0xff, 0xff, 0xff, 0xf4,
    0x0, 0x0, 0x0, 0x0, 0xff, 0xfb, 0xd, 0xff,
    0xff, 0xff, 0xff, 0xff, 0xf4, 0x0, 0x0, 0x0,
    0x1, 0xff, 0xfb, 0x5f, 0xff, 0xf1, 0x0, 0x9f,
    0xff, 0x50, 0x0, 0xff, 0xff, 0xff, 0xff, 0xfb,
    0xdf, 0xff, 0xf5, 0x0, 0xcf, 0xff, 0x10, 0x0,
    0xff, 0xff, 0xff, 0xff, 0xff, 0xff, 0xff, 0xfa,
    0x0, 0xff, 0xfd, 0x0, 0x0, 0xff, 0xff, 0xff,
    0xff, 0xff, 0xff, 0xff, 0xfe, 0x3, 0xff, 0xfa,
    0x0, 0x0, 0xff, 0xff, 0xaa, 0xaa, 0xa7, 0xbf,
    0xff, 0xff, 0x59, 0xff, 0xf6, 0x0, 0x0, 0xff,
    0xfc, 0x0, 0x0, 0x0, 0xc, 0x4f, 0xff, 0xbe,
    0xff, 0xf2, 0x0, 0x0, 0xff, 0xfc, 0x0, 0x0,
    0x0, 0x0, 0x9, 0xff, 0xff, 0xff, 0xb0, 0x0,
    0x0, 0xff, 0xfc, 0x0, 0x0, 0x0, 0x0, 0x3,
    0xff, 0xff, 0xff, 0x40, 0x0, 0x0, 0xff, 0xfc,
    0x0, 0x0, 0x14, 0x0, 0x0, 0xdf, 0xff, 0xfd,
    0x0, 0x0, 0x0, 0xff, 0xfc, 0x1, 0x6b, 0xfc,
    0x0, 0x0, 0x7f, 0xff, 0xf7, 0x0, 0x0, 0x0,
    0xff, 0xfe, 0xbf, 0xff, 0xfd, 0x0, 0x4, 0xff,
    0xff, 0xfe, 0x20, 0x0, 0x4, 0xff, 0xff, 0xff,
    0xff, 0xff, 0x0, 0x6f, 0xff, 0xff, 0xff, 0xe3,
    0x0, 0xd, 0xff, 0xff, 0xff, 0xff, 0xb5, 0x4c,
    0xff, 0xff, 0xff, 0xff, 0xff, 0x80, 0x7, 0xff,
    0xff, 0xfd, 0x71, 0x4, 0xff, 0xff, 0xff, 0x68,
    0xff, 0xff, 0xfa, 0x2, 0xff, 0xfa, 0x30, 0x0,
    0x0, 0xaf, 0xff, 0xf4, 0x0, 0x7f, 0xff, 0xc0,
    0x0, 0xd8, 0x10, 0x0, 0x0, 0x0, 0x1f, 0xfb,
    0x20, 0x0, 0x4, 0xef, 0x10, 0x0, 0x0, 0x0,
    0x0, 0x0, 0x0, 0x6, 0x40, 0x0, 0x0, 0x0,
    0x3, 0x0,

    /* U+653E "放" */
    0x0, 0x0, 0x0, 0x2, 0x0, 0x0, 0x0, 0x2,
    0x0, 0x0, 0x0, 0x0, 0x0, 0x0, 0x0, 0x1b,
    0xef, 0x60, 0x0, 0x0, 0x1f, 0xfd, 0x90, 0x0,
    0x0, 0x0, 0x0, 0x0, 0xe, 0xff, 0xc0, 0x0,
    0x0, 0x4f, 0xff, 0xb0, 0x0, 0x0, 0x0, 0x0,
    0x0, 0xa, 0xff, 0xf1, 0x0, 0x0, 0x8f, 0xff,
    0x80, 0x0, 0x0, 0x0, 0x5, 0x55, 0x59, 0xff,
    0xb6, 0x55, 0x20, 0xbf, 0xff, 0x40, 0x0, 0x0,
    0x0, 0xf, 0xff, 0xff, 0xff, 0xff, 0xff, 0x60,
    0xef, 0xff, 0x98, 0x88, 0x88, 0x83, 0xf, 0xff,
    0xff, 0xff, 0xff, 0xff, 0x62, 0xff, 0xff, 0xff,
    0xff, 0xff, 0xf6, 0xf, 0xff, 0xff, 0xff, 0xff,
    0xff, 0x68, 0xff, 0xff, 0xff, 0xff, 0xff, 0xf6,
    0x1, 0x1d, 0xff, 0xc1, 0x11, 0x11, 0xe, 0xff,
    0xff, 0xff, 0xff, 0xff, 0xf6, 0x0, 0xc, 0xff,
    0xb0, 0x0, 0x0, 0x5f, 0xff, 0xf4, 0x6, 0xff,
    0xf5, 0x0, 0x0, 0xc, 0xff, 0xff, 0xff, 0xfc,
    0xef, 0xff, 0xf8, 0x9, 0xff, 0xf1, 0x0, 0x0,
    0xc, 0xff, 0xff, 0xff, 0xff, 0xff, 0xff, 0xfd,
    0xc, 0xff, 0xe0, 0x0, 0x0, 0xc, 0xff, 0xff,
    0xff, 0xff, 0xff, 0xff, 0xff, 0x3f, 0xff, 0xa0,
    0x0, 0x0, 0xd, 0xff, 0xd7, 0xef, 0xfc, 0xdf,
    0xff, 0xff, 0xcf, 0xff, 0x70, 0x0, 0x0, 0xd,
    0xff, 0xa0, 0xdf, 0xfa, 0x1d, 0x4d, 0xff, 0xff,
    0xff, 0x10, 0x0, 0x0, 0xf, 0xff, 0x90, 0xdf,
    0xfa, 0x0, 0x7, 0xff, 0xff, 0xfb, 0x0, 0x0,
    0x0, 0x1f, 0xff, 0x80, 0xef, 0xfa, 0x0, 0x1,
    0xff, 0xff, 0xf4, 0x0, 0x0, 0x0, 0x4f, 0xff,
    0x50, 0xef, 0xf9, 0x0, 0x0, 0xaf, 0xff, 0xe0,
    0x0, 0x0, 0x0, 0xaf, 0xff, 0x20, 0xff, 0xf9,
    0x0, 0x3, 0xef, 0xff, 0xf8, 0x0, 0x0, 0x0,
    0xff, 0xfe, 0x0, 0xff, 0xf8, 0x0, 0x3f, 0xff,
    0xff, 0xff, 0x80, 0x0, 0x8, 0xff, 0xf8, 0x2,
    0xff, 0xf7, 0x7, 0xff, 0xff, 0xff, 0xff, 0xfb,
    0x20, 0x3f, 0xff, 0xf7, 0x6b, 0xff, 0xfa, 0xdf,
    0xff, 0xfe, 0x5e, 0xff, 0xff, 0xf6, 0x7f, 0xff,
    0xa6, 0xff, 0xff, 0xf6, 0xff, 0xff, 0xe2, 0x2,
    0xef, 0xff, 0xd1, 0x6, 0xfe, 0x11, 0xff, 0xff,
    0xc0, 0x8f, 0xfc, 0x20, 0x0, 0x2c, 0xff, 0x20,
    0x0, 0x54, 0x0, 0xdf, 0xd9, 0x10, 0xd, 0x60,
    0x0, 0x0, 0x0, 0x66, 0x0, 0x0, 0x0, 0x0,
    0x0, 0x0, 0x0, 0x0, 0x0, 0x0, 0x0, 0x0,
    0x0, 0x0,

    /* U+65AD "断" */
    0x0, 0x0, 0x0, 0x0, 0x0, 0x0, 0x0, 0x0,
    0x0, 0x0, 0x1, 0x0, 0x1, 0x33, 0x30, 0x0,
    0xef, 0xf2, 0x0, 0x0, 0x0, 0x0, 0x2a, 0xf6,
    0x0, 0x5f, 0xfe, 0x0, 0xe, 0xff, 0x20, 0x0,
    0x0, 0x4, 0xbf, 0xff, 0xf8, 0x5, 0xff, 0xe5,
    0xc8, 0xef, 0xf6, 0xeb, 0x64, 0x9e, 0xff, 0xff,
    0xff, 0xf4, 0x5f, 0xfe, 0x9f, 0xce, 0xff, 0xaf,
    0xf7, 0xff, 0xff, 0xff, 0xfe, 0x71, 0x5, 0xff,
    0xe6, 0xff, 0xff, 0xfd, 0xff, 0x1f, 0xff, 0xfe,
    0x94, 0x0, 0x0, 0x5f, 0xfe, 0x4f, 0xff, 0xff,
    0xff, 0x90, 0xff, 0xfa, 0x0, 0x0, 0x0, 0x5,
    0xff, 0xe2, 0xe9, 0xff, 0xfb, 0xe2, 0xf, 0xff,
    0x90, 0x0, 0x0, 0x0, 0x5f, 0xfe, 0x7a, 0xaf,
    0xff, 0xba, 0xa4, 0xff, 0xf9, 0x0, 0x0, 0x0,
    0x5, 0xff, 0xeb, 0xff, 0xff, 0xff, 0xff, 0x6f,
    0xff, 0xc8, 0x88, 0x88, 0x85, 0x5f, 0xfe, 0xbf,
    0xff, 0xff, 0xff, 0xf6, 0xff, 0xff, 0xff, 0xff,
    0xff, 0x95, 0xff, 0xe5, 0x7a, 0xff, 0xfa, 0x77,
    0x2f, 0xff, 0xff, 0xff, 0xff, 0xf9, 0x5f, 0xfe,
    0x0, 0xcf, 0xff, 0xf4, 0x0, 0xff, 0xff, 0xff,
    0xff, 0xff, 0x95, 0xff, 0xe0, 0x6f, 0xff, 0xff,
    0xf5, 0x1f, 0xff, 0x90, 0xff, 0xf8, 0x0, 0x5f,
    0xfe, 0x3f, 0xff, 0xff, 0xff, 0xf6, 0xff, 0xf8,
    0xf, 0xff, 0x80, 0x5, 0xff, 0xfe, 0xff, 0xff,
    0xfb, 0xfe, 0x4f, 0xff, 0x70, 0xff, 0xf8, 0x0,
    0x5f, 0xff, 0xef, 0xdf, 0xff, 0x2d, 0x23, 0xff,
    0xf6, 0xf, 0xff, 0x80, 0x5, 0xff, 0xe8, 0xf3,
    0xef, 0xf2, 0x0, 0x5f, 0xff, 0x30, 0xff, 0xf8,
    0x0, 0x5f, 0xfe, 0x24, 0xe, 0xff, 0x20, 0x8,
    0xff, 0xf1, 0xf, 0xff, 0x80, 0x5, 0xff, 0xe0,
    0x0, 0x9a, 0xa1, 0x0, 0xbf, 0xff, 0x0, 0xff,
    0xf8, 0x0, 0x5f, 0xff, 0xff, 0xff, 0xff, 0xff,
    0x7f, 0xff, 0xb0, 0xf, 0xff, 0x80, 0x5, 0xff,
    0xff, 0xff, 0xff, 0xff, 0xfb, 0xff, 0xf7, 0x0,
    0xff, 0xf8, 0x0, 0x5f, 0xff, 0xff, 0xff, 0xff,
    0xff, 0xff, 0xff, 0x30, 0xf, 0xff, 0x80, 0x1,
    0x33, 0x33, 0x33, 0x33, 0x33, 0x3a, 0xff, 0xd0,
    0x0, 0xff, 0xf8, 0x0, 0x0, 0x0, 0x0, 0x0,
    0x0, 0x0, 0x3, 0xd6, 0x0, 0xf, 0xff, 0x80,
    0x0, 0x0, 0x0, 0x0, 0x0, 0x0, 0x0, 0x0,
    0x0, 0x0, 0x0, 0x0, 0x0,

    /* U+65B0 "新" */
    0x0, 0x0, 0x0, 0x37, 0x20, 0x0, 0x0, 0x0,
    0x0, 0x0, 0x2, 0x0, 0x0, 0x0, 0x0, 0xf,
    0xff, 0x90, 0x0, 0x0, 0x0, 0x0, 0x15, 0xbf,
    0xb0, 0x0, 0x0, 0x0, 0xb, 0xff, 0xe0, 0x0,
    0x0, 0x14, 0x8c, 0xff, 0xff, 0xfc, 0x0, 0xa,
    0xff, 0xff, 0xff, 0xff, 0xff, 0xf2, 0xcf, 0xff,
    0xff, 0xff, 0xfe, 0x60, 0xa, 0xff, 0xff, 0xff,
    0xff, 0xff, 0xf2, 0xcf, 0xff, 0xff, 0xc8, 0x30,
    0x0, 0xa, 0xff, 0xff, 0xff, 0xff, 0xff, 0xf2,
    0xcf, 0xfd, 0x40, 0x0, 0x0, 0x0, 0x0, 0x4b,
    0xfb, 0x11, 0x7f, 0xfb, 0x20, 0xcf, 0xfa, 0x0,
    0x0, 0x0, 0x0, 0x0, 0x4f, 0xff, 0x0, 0xaf,
    0xfd, 0x0, 0xcf, 0xfa, 0x0, 0x0, 0x0, 0x0,
    0x0, 0xf, 0xff, 0x30, 0xff, 0xf7, 0x0, 0xcf,
    0xfa, 0x0, 0x0, 0x0, 0x0, 0x1d, 0xdf, 0xff,
    0xde, 0xff, 0xfe, 0xd7, 0xcf, 0xfd, 0x88, 0x88,
    0x88, 0x82, 0x1f, 0xff, 0xff, 0xff, 0xff, 0xff,
    0xf9, 0xcf, 0xff, 0xff, 0xff, 0xff, 0xf4, 0x1f,
    0xff, 0xff, 0xff, 0xff, 0xff, 0xf9, 0xcf, 0xff,
    0xff, 0xff, 0xff, 0xf4, 0x3, 0x33, 0x37, 0xff,
    0xf4, 0x33, 0x32, 0xcf, 0xff, 0xff, 0xff, 0xff,
    0xf4, 0x2, 0x22, 0x27, 0xff, 0xf4, 0x22, 0x20,
    0xdf, 0xfa, 0x9, 0xff, 0xf1, 0x0, 0xe, 0xff,
    0xff, 0xff, 0xff, 0xff, 0xf0, 0xdf, 0xfa, 0x9,
    0xff, 0xf1, 0x0, 0xe, 0xff, 0xff, 0xff, 0xff,
    0xff, 0xf0, 0xef, 0xf9, 0x9, 0xff, 0xf1, 0x0,
    0xd, 0xff, 0xff, 0xff, 0xff, 0xff, 0xf0, 0xff,
    0xf8, 0x9, 0xff, 0xf1, 0x0, 0x0, 0x35, 0x15,
    0xff, 0xf1, 0x4a, 0x1, 0xff, 0xf6, 0x9, 0xff,
    0xf1, 0x0, 0x0, 0xdf, 0xfa, 0xff, 0xf9, 0xff,
    0x73, 0xff, 0xf5, 0x9, 0xff, 0xf1, 0x0, 0x5,
    0xff, 0xe5, 0xff, 0xf4, 0xff, 0xf8, 0xff, 0xf2,
    0x9, 0xff, 0xf1, 0x0, 0x2f, 0xff, 0x65, 0xff,
    0xf1, 0xaf, 0xff, 0xff, 0xe0, 0x9, 0xff, 0xf1,
    0x0, 0x8, 0xfb, 0x6, 0xff, 0xf1, 0x2d, 0x5f,
    0xff, 0xa0, 0x9, 0xff, 0xf1, 0x0, 0x0, 0x46,
    0xff, 0xff, 0xf0, 0x0, 0x7f, 0xff, 0x60, 0x9,
    0xff, 0xf1, 0x0, 0x0, 0x0, 0xef, 0xff, 0xc0,
    0x0, 0x9, 0xfe, 0x0, 0x9, 0xff, 0xf1, 0x0,
    0x0, 0x0, 0xbf, 0xea, 0x10, 0x0, 0x0, 0x66,
    0x0, 0x9, 0xff, 0xf1, 0x0, 0x0, 0x0, 0x0,
    0x0, 0x0, 0x0, 0x0, 0x0, 0x0, 0x0, 0x0,
    0x0, 0x0,

    /* U+65B9 "方" */
    0x0, 0x0, 0x0, 0x0, 0x0, 0x0, 0x3, 0x20,
    0x0, 0x0, 0x0, 0x0, 0x0, 0x0, 0x0, 0x0,
    0x0, 0x1, 0x7d, 0xfb, 0x0, 0x0, 0x0, 0x0,
    0x0, 0x0, 0x0, 0x0, 0x0, 0x0, 0x4f, 0xff,
    0xf4, 0x0, 0x0, 0x0, 0x0, 0x0, 0x0, 0x0,
    0x0, 0x0, 0x0, 0xdf, 0xff, 0xc0, 0x0, 0x0,
    0x0, 0x0, 0x0, 0x0, 0x0, 0x0, 0x0, 0x6,
    0xff, 0xe7, 0x0, 0x0, 0x0, 0x0, 0x0, 0xef,
    0xff, 0xff, 0xff, 0xff, 0xff, 0xff, 0xff, 0xff,
    0xff, 0xff, 0xfd, 0xe, 0xff, 0xff, 0xff, 0xff,
    0xff, 0xff, 0xff, 0xff, 0xff, 0xff, 0xff, 0xd0,
    0xef, 0xff, 0xff, 0xff, 0xff, 0xff, 0xff, 0xff,
    0xff, 0xff, 0xff, 0xfd, 0x9, 0xaa, 0xaa, 0xad,
    0xff, 0xfd, 0xaa, 0xaa, 0xaa, 0xaa, 0xaa, 0xaa,
    0x80, 0x0, 0x0, 0x0, 0xaf, 0xff, 0x80, 0x0,
    0x0, 0x0, 0x0, 0x0, 0x0, 0x0, 0x0, 0x0,
    0xb, 0xff, 0xf7, 0x0, 0x0, 0x0, 0x0, 0x0,
    0x0, 0x0, 0x0, 0x0, 0x0, 0xcf, 0xff, 0xff,
    0xff, 0xff, 0xff, 0xff, 0xfa, 0x0, 0x0, 0x0,
    0x0, 0xe, 0xff, 0xff, 0xff, 0xff, 0xff, 0xff,
    0xff, 0x90, 0x0, 0x0, 0x0, 0x2, 0xff, 0xff,
    0xff, 0xff, 0xff, 0xff, 0xff, 0xf8, 0x0, 0x0,
    0x0, 0x0, 0x5f, 0xff, 0xfa, 0xaa, 0xaa, 0xaa,
    0xdf, 0xff, 0x70, 0x0, 0x0, 0x0, 0x9, 0xff,
    0xfa, 0x0, 0x0, 0x0, 0x8, 0xff, 0xf6, 0x0,
    0x0, 0x0, 0x0, 0xef, 0xff, 0x60, 0x0, 0x0,
    0x0, 0xaf, 0xff, 0x40, 0x0, 0x0, 0x0, 0x6f,
    0xff, 0xf1, 0x0, 0x0, 0x0, 0xc, 0xff, 0xf2,
    0x0, 0x0, 0x0, 0x1e, 0xff, 0xfa, 0x0, 0x0,
    0x0, 0x0, 0xff, 0xff, 0x0, 0x0, 0x0, 0xc,
    0xff, 0xff, 0x20, 0x0, 0x0, 0x0, 0x2f, 0xff,
    0xe0, 0x0, 0x0, 0xc, 0xff, 0xff, 0x90, 0x0,
    0x0, 0x0, 0x8, 0xff, 0xfb, 0x0, 0x0, 0x4e,
    0xff, 0xff, 0xc0, 0x0, 0x4b, 0xa9, 0x9c, 0xff,
    0xff, 0x70, 0x0, 0x1d, 0xff, 0xff, 0xe1, 0x0,
    0x0, 0xef, 0xff, 0xff, 0xff, 0xf2, 0x0, 0x0,
    0x1d, 0xff, 0xd2, 0x0, 0x0, 0x8, 0xff, 0xff,
    0xff, 0xf7, 0x0, 0x0, 0x0, 0x3f, 0x90, 0x0,
    0x0, 0x0, 0x5f, 0xff, 0xed, 0xa3, 0x0, 0x0,
    0x0, 0x0, 0x20, 0x0, 0x0, 0x0, 0x0, 0x0,
    0x0, 0x0, 0x0, 0x0, 0x0,

    /* U+65E0 "无" */
    0x0, 0x4a, 0xaa, 0xaa, 0xaa, 0xaa, 0xaa, 0xaa,
    0xaa, 0xaa, 0xaa, 0xa7, 0x0, 0x0, 0x6f, 0xff,
    0xff, 0xff, 0xff, 0xff, 0xff, 0xff, 0xff, 0xff,
    0xfb, 0x0, 0x0, 0x6f, 0xff, 0xff, 0xff, 0xff,
    0xff, 0xff, 0xff, 0xff, 0xff, 0xfb, 0x0, 0x0,
    0x6f, 0xff, 0xff, 0xff, 0xff, 0xff, 0xff, 0xff,
    0xff, 0xff, 0xfb, 0x0, 0x0, 0x0, 0x0, 0x0,
    0x0, 0x8f, 0xff, 0x60, 0x0, 0x0, 0x0, 0x0,
    0x0, 0x0, 0x0, 0x0, 0x0, 0x0, 0x9f, 0xff,
    0x40, 0x0, 0x0, 0x0, 0x0, 0x0, 0x0, 0x0,
    0x0, 0x0, 0x0, 0xaf, 0xff, 0x30, 0x0, 0x0,
    0x0, 0x0, 0x0, 0x8, 0x99, 0x99, 0x99, 0x99,
    0xef, 0xff, 0xa9, 0x99, 0x99, 0x99, 0x99, 0x90,
    0xe, 0xff, 0xff, 0xff, 0xff, 0xff, 0xff, 0xff,
    0xff, 0xff, 0xff, 0xff, 0xf1, 0xe, 0xff, 0xff,
    0xff, 0xff, 0xff, 0xff, 0xff, 0xff, 0xff, 0xff,
    0xff, 0xf1, 0xe, 0xff, 0xff, 0xff, 0xff, 0xff,
    0xff, 0xff, 0xff, 0xff, 0xff, 0xff, 0xf1, 0x1,
    0x11, 0x11, 0x11, 0x1a, 0xff, 0xff, 0xff, 0xf1,
    0x11, 0x11, 0x11, 0x10, 0x0, 0x0, 0x0, 0x0,
    0xf, 0xff, 0xff, 0xff, 0xf0, 0x0, 0x0, 0x0,
    0x0, 0x0, 0x0, 0x0, 0x0, 0x6f, 0xff, 0xef,
    0xff, 0xf0, 0x0, 0x0, 0x0, 0x0, 0x0, 0x0,
    0x0, 0x1, 0xef, 0xff, 0x7f, 0xff, 0xf0, 0x0,
    0x0, 0x0, 0x0, 0x0, 0x0, 0x0, 0xb, 0xff,
    0xfe, 0x1f, 0xff, 0xf0, 0x0, 0x2, 0x40, 0x0,
    0x0, 0x0, 0x0, 0x9f, 0xff, 0xf6, 0xf, 0xff,
    0xf0, 0x0, 0x5, 0xfc, 0x71, 0x0, 0x0, 0x1b,
    0xff, 0xff, 0xb0, 0xf, 0xff, 0xf0, 0x0, 0x6,
    0xff, 0xf4, 0x0, 0x4, 0xdf, 0xff, 0xfe, 0x10,
    0xf, 0xff, 0xf1, 0x0, 0xb, 0xff, 0xf2, 0x3,
    0xbf, 0xff, 0xff, 0xd2, 0x0, 0xe, 0xff, 0xff,
    0xff, 0xff, 0xff, 0xe0, 0x2e, 0xff, 0xff, 0xfc,
    0x10, 0x0, 0xa, 0xff, 0xff, 0xff, 0xff, 0xff,
    0x80, 0x3, 0xff, 0xff, 0x90, 0x0, 0x0, 0x3,
    0xff, 0xff, 0xff, 0xff, 0xfe, 0x10, 0x0, 0x7f,
    0xb3, 0x0, 0x0, 0x0, 0x0, 0x17, 0x9b, 0xbb,
    0xba, 0x71, 0x0, 0x0, 0x2, 0x0, 0x0, 0x0,
    0x0, 0x0, 0x0, 0x0, 0x0, 0x0, 0x0, 0x0,

    /* U+65F6 "时" */
    0x0, 0x0, 0x0, 0x0, 0x0, 0x0, 0x0, 0x0,
    0x0, 0x0, 0x0, 0x0, 0x0, 0x0, 0x0, 0x0,
    0x0, 0x0, 0x0, 0x0, 0x0, 0xd, 0xff, 0xf0,
    0x0, 0x24, 0x44, 0x44, 0x44, 0x44, 0x0, 0x0,
    0x0, 0x0, 0xdf, 0xff, 0x0, 0x8, 0xff, 0xff,
    0xff, 0xff, 0xe0, 0x0, 0x0, 0x0, 0xd, 0xff,
    0xf0, 0x0, 0x8f, 0xff, 0xff, 0xff, 0xfe, 0x0,
    0x0, 0x0, 0x0, 0xdf, 0xff, 0x0, 0x8, 0xff,
    0xff, 0xff, 0xff, 0xe2, 0xaa, 0xaa, 0xaa, 0xaf,
    0xff, 0xfa, 0xa3, 0x8f, 0xff, 0x11, 0xaf, 0xfe,
    0x3f, 0xff, 0xff, 0xff, 0xff, 0xff, 0xff, 0x58,
    0xff, 0xf0, 0x9, 0xff, 0xe3, 0xff, 0xff, 0xff,
    0xff, 0xff, 0xff, 0xf5, 0x8f, 0xff, 0x0, 0x9f,
    0xfe, 0x3f, 0xff, 0xff, 0xff, 0xff, 0xff, 0xff,
    0x58, 0xff, 0xf0, 0x9, 0xff, 0xe0, 0x11, 0x11,
    0x11, 0x1d, 0xff, 0xf1, 0x10, 0x8f, 0xff, 0xff,
    0xff, 0xfe, 0x0, 0x3, 0x0, 0x0, 0xdf, 0xff,
    0x0, 0x8, 0xff, 0xff, 0xff, 0xff, 0xe0, 0x3b,
    0xf7, 0x0, 0xd, 0xff, 0xf0, 0x0, 0x8f, 0xff,
    0xff, 0xff, 0xfe, 0x1f, 0xff, 0xf3, 0x0, 0xdf,
    0xff, 0x0, 0x8, 0xff, 0xf4, 0x3b, 0xff, 0xe0,
    0x7f, 0xff, 0xe1, 0xd, 0xff, 0xf0, 0x0, 0x8f,
    0xff, 0x0, 0x9f, 0xfe, 0x0, 0xcf, 0xff, 0xa0,
    0xdf, 0xff, 0x0, 0x8, 0xff, 0xf0, 0x9, 0xff,
    0xe0, 0x2, 0xff, 0xff, 0x5d, 0xff, 0xf0, 0x0,
    0x8f, 0xff, 0x0, 0x9f, 0xfe, 0x0, 0x7, 0xff,
    0x80, 0xdf, 0xff, 0x0, 0x8, 0xff, 0xfe, 0xef,
    0xff, 0xe0, 0x0, 0x9, 0x20, 0xd, 0xff, 0xf0,
    0x0, 0x8f, 0xff, 0xff, 0xff, 0xfe, 0x0, 0x0,
    0x0, 0x0, 0xdf, 0xff, 0x0, 0x8, 0xff, 0xff,
    0xff, 0xff, 0xe0, 0x0, 0x0, 0x0, 0xd, 0xff,
    0xf0, 0x0, 0x8f, 0xff, 0x76, 0x66, 0x66, 0x0,
    0x0, 0x0, 0x0, 0xdf, 0xff, 0x0, 0x8, 0xff,
    0xf0, 0x0, 0x0, 0x0, 0x0, 0x8b, 0xbb, 0xbf,
    0xff, 0xf0, 0x0, 0x6c, 0xcc, 0x0, 0x0, 0x0,
    0x0, 0x4, 0xff, 0xff, 0xff, 0xfc, 0x0, 0x0,
    0x0, 0x0, 0x0, 0x0, 0x0, 0x0, 0xe, 0xff,
    0xff, 0xff, 0x50, 0x0, 0x0, 0x0, 0x0, 0x0,
    0x0, 0x0, 0x0, 0xaf, 0xff, 0xc8, 0x30, 0x0,
    0x0, 0x0, 0x0, 0x0, 0x0, 0x0, 0x0, 0x0,
    0x0, 0x0, 0x0, 0x0, 0x0,

    /* U+661F "星" */
    0x0, 0x0, 0x45, 0x55, 0x55, 0x55, 0x55, 0x55,
    0x55, 0x55, 0x55, 0x10, 0x0, 0x0, 0xe, 0xff,
    0xff, 0xff, 0xff, 0xff, 0xff, 0xff, 0xff, 0xf3,
    0x0, 0x0, 0x0, 0xef, 0xff, 0xff, 0xff, 0xff,
    0xff, 0xff, 0xff, 0xff, 0x30, 0x0, 0x0, 0xe,
    0xff, 0xe7, 0x77, 0x77, 0x77, 0x77, 0x7d, 0xff,
    0xf3, 0x0, 0x0, 0x0, 0xef, 0xff, 0xaa, 0xaa,
    0xaa, 0xaa, 0xaa, 0xef, 0xff, 0x30, 0x0, 0x0,
    0xe, 0xff, 0xff, 0xff, 0xff, 0xff, 0xff, 0xff,
    0xff, 0xf3, 0x0, 0x0, 0x0, 0xef, 0xff, 0xff,
    0xff, 0xff, 0xff, 0xff, 0xff, 0xff, 0x30, 0x0,
    0x0, 0xe, 0xff, 0xd0, 0x0, 0x0, 0x0, 0x0,
    0xb, 0xff, 0xf3, 0x0, 0x0, 0x0, 0xef, 0xff,
    0xff, 0xff, 0xff, 0xff, 0xff, 0xff, 0xff, 0x30,
    0x0, 0x0, 0xe, 0xff, 0xff, 0xff, 0xff, 0xff,
    0xff, 0xff, 0xff, 0xf3, 0x0, 0x0, 0x0, 0xbf,
    0xfd, 0xcc, 0xcc, 0xcc, 0xcc, 0xcc, 0xcc, 0xcc,
    0x20, 0x0, 0x0, 0x7, 0xff, 0xf9, 0x0, 0x8d,
    0xdd, 0x40, 0x0, 0x0, 0x0, 0x0, 0x0, 0x3,
    0xff, 0xff, 0xd9, 0x9d, 0xff, 0xfb, 0x99, 0x99,
    0x99, 0x91, 0x0, 0x1, 0xdf, 0xff, 0xff, 0xff,
    0xff, 0xff, 0xff, 0xff, 0xff, 0xff, 0x20, 0x3,
    0xef, 0xff, 0xff, 0xff, 0xff, 0xff, 0xff, 0xff,
    0xff, 0xff, 0xf2, 0x0, 0xaf, 0xff, 0xf5, 0x33,
    0x33, 0xbf, 0xff, 0x73, 0x33, 0x33, 0x33, 0x0,
    0x0, 0x5f, 0xfd, 0xbb, 0xbb, 0xbe, 0xff, 0xfc,
    0xbb, 0xbb, 0xba, 0x0, 0x0, 0x0, 0x24, 0xff,
    0xff, 0xff, 0xff, 0xff, 0xff, 0xff, 0xff, 0xf0,
    0x0, 0x0, 0x0, 0xf, 0xff, 0xff, 0xff, 0xff,
    0xff, 0xff, 0xff, 0xff, 0x0, 0x0, 0x0, 0x0,
    0x22, 0x22, 0x22, 0xaf, 0xff, 0x72, 0x22, 0x22,
    0x20, 0x0, 0x1, 0x44, 0x44, 0x44, 0x44, 0x4b,
    0xff, 0xf8, 0x44, 0x44, 0x44, 0x44, 0x30, 0x5f,
    0xff, 0xff, 0xff, 0xff, 0xff, 0xff, 0xff, 0xff,
    0xff, 0xff, 0xfd, 0x5, 0xff, 0xff, 0xff, 0xff,
    0xff, 0xff, 0xff, 0xff, 0xff, 0xff, 0xff, 0xd0,
    0x5f, 0xff, 0xff, 0xff, 0xff, 0xff, 0xff, 0xff,
    0xff, 0xff, 0xff, 0xfd,

    /* U+662F "是" */
    0x0, 0x0, 0x77, 0x77, 0x77, 0x77, 0x77, 0x77,
    0x77, 0x77, 0x77, 0x20, 0x0, 0x0, 0x0, 0xff,
    0xff, 0xff, 0xff, 0xff, 0xff, 0xff, 0xff, 0xff,
    0x40, 0x0, 0x0, 0x0, 0xff, 0xff, 0xff, 0xff,
    0xff, 0xff, 0xff, 0xff, 0xff, 0x40, 0x0, 0x0,
    0x0, 0xff, 0xfa, 0x22, 0x22, 0x22, 0x22, 0x22,
    0x9f, 0xff, 0x40, 0x0, 0x0, 0x0, 0xff, 0xff,
    0xff, 0xff, 0xff, 0xff, 0xff, 0xff, 0xff, 0x40,
    0x0, 0x0, 0x0, 0xff, 0xff, 0xff, 0xff, 0xff,
    0xff, 0xff, 0xff, 0xff, 0x40, 0x0, 0x0, 0x0,
    0xff, 0xfc, 0x66, 0x66, 0x66, 0x66, 0x66, 0xbf,
    0xff, 0x40, 0x0, 0x0, 0x0, 0xff, 0xfe, 0xbb,
    0xbb, 0xbb, 0xbb, 0xbb, 0xef, 0xff, 0x40, 0x0,
    0x0, 0x0, 0xff, 0xff, 0xff, 0xff, 0xff, 0xff,
    0xff, 0xff, 0xff, 0x40, 0x0, 0x0, 0x0, 0xdd,
    0xdd, 0xdd, 0xdd, 0xdd, 0xdd, 0xdd, 0xdd, 0xdd,
    0x40, 0x0, 0x1, 0x44, 0x44, 0x44, 0x44, 0x44,
    0x44, 0x44, 0x44, 0x44, 0x44, 0x44, 0x30, 0x4,
    0xff, 0xff, 0xff, 0xff, 0xff, 0xff, 0xff, 0xff,
    0xff, 0xff, 0xff, 0xc0, 0x4, 0xff, 0xff, 0xff,
    0xff, 0xff, 0xff, 0xff, 0xff, 0xff, 0xff, 0xff,
    0xc0, 0x4, 0xff, 0xff, 0xff, 0xff, 0xff, 0xff,
    0xff, 0xff, 0xff, 0xff, 0xff, 0xc0, 0x0, 0x0,
    0x6, 0x63, 0x10, 0x7, 0xff, 0xf5, 0x0, 0x0,
    0x0, 0x0, 0x0, 0x0, 0x0, 0xf, 0xff, 0xe0,
    0x7, 0xff, 0xf9, 0x66, 0x66, 0x66, 0x50, 0x0,
    0x0, 0x0, 0x4f, 0xff, 0xa0, 0x7, 0xff, 0xff,
    0xff, 0xff, 0xff, 0xe0, 0x0, 0x0, 0x0, 0xbf,
    0xff, 0x90, 0x7, 0xff, 0xff, 0xff, 0xff, 0xff,
    0xe0, 0x0, 0x0, 0x3, 0xff, 0xff, 0xf5, 0x7,
    0xff, 0xfe, 0xdd, 0xdd, 0xdd, 0xc0, 0x0, 0x0,
    0xd, 0xff, 0xff, 0xff, 0x99, 0xff, 0xf5, 0x0,
    0x0, 0x0, 0x0, 0x0, 0x1, 0xbf, 0xff, 0xef,
    0xff, 0xff, 0xff, 0xfb, 0x88, 0x88, 0x88, 0x88,
    0x84, 0x1d, 0xff, 0xff, 0x34, 0xff, 0xff, 0xff,
    0xff, 0xff, 0xff, 0xff, 0xff, 0xf2, 0x8, 0xff,
    0xf7, 0x0, 0x2b, 0xff, 0xff, 0xff, 0xff, 0xff,
    0xff, 0xff, 0xb0, 0x0, 0x6f, 0x70, 0x0, 0x0,
    0x27, 0xad, 0xef, 0xff, 0xff, 0xff, 0xff, 0x70,
    0x0, 0x2, 0x0, 0x0, 0x0, 0x0, 0x0, 0x0,
    0x0, 0x0, 0x0, 0x0, 0x0,

    /* U+6635 "昵" */
    0x0, 0x0, 0x0, 0x0, 0x0, 0x22, 0x22, 0x22,
    0x22, 0x22, 0x22, 0x21, 0x1, 0x55, 0x55, 0x55,
    0x54, 0xd, 0xff, 0xff, 0xff, 0xff, 0xff, 0xff,
    0x90, 0x4f, 0xff, 0xff, 0xff, 0xe0, 0xdf, 0xff,
    0xff, 0xff, 0xff, 0xff, 0xf9, 0x4, 0xff, 0xff,
    0xff, 0xfe, 0xd, 0xff, 0xff, 0xff, 0xff, 0xff,
    0xff, 0x90, 0x4f, 0xff, 0xff, 0xff, 0xe0, 0xdf,
    0xf7, 0x22, 0x22, 0x22, 0xef, 0xf9, 0x4, 0xff,
    0xe0, 0x5f, 0xfe, 0xd, 0xff, 0x84, 0x44, 0x44,
    0x4f, 0xff, 0x90, 0x4f, 0xfe, 0x5, 0xff, 0xe0,
    0xdf, 0xff, 0xff, 0xff, 0xff, 0xff, 0xf9, 0x4,
    0xff, 0xe0, 0x5f, 0xfe, 0xd, 0xff, 0xff, 0xff,
    0xff, 0xff, 0xff, 0x90, 0x4f, 0xfe, 0x5, 0xff,
    0xe0, 0xdf, 0xff, 0xee, 0xee, 0xee, 0xee, 0xe9,
    0x4, 0xff, 0xff, 0xff, 0xfe, 0xd, 0xff, 0x64,
    0x55, 0x30, 0x0, 0x0, 0x0, 0x4f, 0xff, 0xff,
    0xff, 0xe0, 0xdf, 0xf5, 0xef, 0xf9, 0x0, 0x0,
    0x0, 0x4, 0xff, 0xff, 0xff, 0xfe, 0xe, 0xff,
    0x5e, 0xff, 0x90, 0x2, 0xb1, 0x0, 0x4f, 0xff,
    0x48, 0xff, 0xe0, 0xff, 0xf4, 0xef, 0xf9, 0x6,
    0xff, 0xd1, 0x4, 0xff, 0xe0, 0x5f, 0xfe, 0xf,
    0xff, 0x3e, 0xff, 0xbc, 0xff, 0xff, 0xd1, 0x4f,
    0xfe, 0x5, 0xff, 0xe0, 0xff, 0xf1, 0xef, 0xff,
    0xff, 0xff, 0xd4, 0x4, 0xff, 0xe0, 0x5f, 0xfe,
    0x3f, 0xff, 0xe, 0xff, 0xff, 0xfe, 0x70, 0x0,
    0x4f, 0xff, 0x59, 0xff, 0xe5, 0xff, 0xe0, 0xef,
    0xff, 0xd6, 0x0, 0x0, 0x4, 0xff, 0xff, 0xff,
    0xfe, 0x9f, 0xfb, 0xe, 0xff, 0xa0, 0x0, 0x30,
    0x0, 0x4f, 0xff, 0xff, 0xff, 0xed, 0xff, 0x60,
    0xef, 0xf9, 0x0, 0x9, 0xe7, 0x24, 0xff, 0xff,
    0xff, 0xff, 0xff, 0xf2, 0xe, 0xff, 0x90, 0x0,
    0xaf, 0xf9, 0x4f, 0xfe, 0x0, 0x0, 0xcf, 0xfd,
    0x0, 0xdf, 0xfd, 0x54, 0x5e, 0xff, 0x63, 0xaa,
    0xa0, 0x0, 0x8f, 0xff, 0x60, 0xc, 0xff, 0xff,
    0xff, 0xff, 0xf3, 0x0, 0x0, 0x0, 0x3, 0xcf,
    0xd0, 0x0, 0x6f, 0xff, 0xff, 0xff, 0xfc, 0x0,
    0x0, 0x0, 0x0, 0x0, 0x74, 0x0, 0x0, 0x7d,
    0xff, 0xff, 0xea, 0x10,

    /* U+6682 "暂" */
    0x0, 0x0, 0x0, 0x0, 0x0, 0x0, 0x0, 0x0,
    0x0, 0x0, 0x0, 0x0, 0x0, 0x0, 0x2, 0xfd,
    0xa6, 0x0, 0x0, 0x0, 0x0, 0x1, 0x36, 0xae,
    0x80, 0xb, 0xcc, 0xef, 0xff, 0xfc, 0xcc, 0xc6,
    0x5b, 0xdf, 0xff, 0xff, 0xff, 0x10, 0xef, 0xff,
    0xff, 0xff, 0xff, 0xff, 0x89, 0xff, 0xff, 0xff,
    0xff, 0xf8, 0xe, 0xff, 0xff, 0xff, 0xff, 0xff,
    0xf7, 0x9f, 0xff, 0xdb, 0x97, 0x40, 0x0, 0xb,
    0xff, 0xf3, 0xbb, 0xb4, 0x0, 0x9, 0xff, 0xb0,
    0x0, 0x0, 0x0, 0xb, 0xff, 0xf9, 0x6f, 0xff,
    0x95, 0x53, 0xaf, 0xfd, 0x99, 0x99, 0x99, 0x90,
    0xef, 0xff, 0xff, 0xff, 0xff, 0xff, 0x9a, 0xff,
    0xff, 0xff, 0xff, 0xff, 0x8, 0xff, 0xff, 0xff,
    0xff, 0xff, 0xf9, 0xbf, 0xff, 0xff, 0xff, 0xff,
    0xf0, 0x3b, 0x88, 0x78, 0xff, 0xfa, 0x77, 0x4d,
    0xff, 0xa5, 0xff, 0xfa, 0x55, 0x3, 0x45, 0x67,
    0x8f, 0xff, 0xdd, 0xe5, 0xff, 0xf3, 0xe, 0xff,
    0x70, 0x0, 0xef, 0xff, 0xff, 0xff, 0xff, 0xff,
    0xaf, 0xff, 0x0, 0xef, 0xf7, 0x0, 0xd, 0xff,
    0xff, 0xff, 0xff, 0xec, 0xcf, 0xff, 0xb0, 0xe,
    0xff, 0x70, 0x0, 0x9a, 0x97, 0x65, 0xff, 0xf5,
    0x1, 0xaf, 0xf3, 0x0, 0xef, 0xf7, 0x0, 0x0,
    0x0, 0x0, 0x9, 0x99, 0x30, 0x0, 0x59, 0x0,
    0xa, 0xbb, 0x50, 0x0, 0x0, 0x1d, 0xdd, 0xdd,
    0xdd, 0xdd, 0xdd, 0xdd, 0xdd, 0xdd, 0xc0, 0x0,
    0x0, 0x1, 0xff, 0xff, 0xff, 0xff, 0xff, 0xff,
    0xff, 0xff, 0xff, 0x0, 0x0, 0x0, 0x1f, 0xff,
    0xff, 0xff, 0xff, 0xff, 0xff, 0xff, 0xff, 0xf0,
    0x0, 0x0, 0x1, 0xff, 0xfa, 0x44, 0x44, 0x44,
    0x44, 0x44, 0xdf, 0xff, 0x0, 0x0, 0x0, 0x1f,
    0xff, 0xff, 0xff, 0xff, 0xff, 0xff, 0xff, 0xff,
    0xf0, 0x0, 0x0, 0x1, 0xff, 0xff, 0xff, 0xff,
    0xff, 0xff, 0xff, 0xff, 0xff, 0x0, 0x0, 0x0,
    0x1f, 0xff, 0x93, 0x33, 0x33, 0x33, 0x33, 0x3d,
    0xff, 0xf0, 0x0, 0x0, 0x1, 0xff, 0xff, 0xff,
    0xff, 0xff, 0xff, 0xff, 0xff, 0xff, 0x0, 0x0,
    0x0, 0x1f, 0xff, 0xff, 0xff, 0xff, 0xff, 0xff,
    0xff, 0xff, 0xf0, 0x0, 0x0, 0x1, 0xff, 0xfd,
    0xbb, 0xbb, 0xbb, 0xbb, 0xbb, 0xff, 0xff, 0x0,
    0x0,

    /* U+6697 "暗" */
    0x0, 0x0, 0x0, 0x0, 0x0, 0x0, 0x0, 0x0,
    0x35, 0x0, 0x0, 0x0, 0x0, 0x0, 0x0, 0x0,
    0x0, 0x0, 0x0, 0x6, 0xff, 0xf1, 0x0, 0x0,
    0x0, 0x27, 0x77, 0x77, 0x77, 0x60, 0x0, 0x0,
    0x4f, 0xff, 0x80, 0x0, 0x0, 0x4, 0xff, 0xff,
    0xff, 0xfd, 0x1f, 0xff, 0xff, 0xff, 0xff, 0xff,
    0xff, 0x80, 0x4f, 0xff, 0xff, 0xff, 0xd1, 0xff,
    0xff, 0xff, 0xff, 0xff, 0xff, 0xf9, 0x4, 0xff,
    0xfe, 0xff, 0xfd, 0x1f, 0xff, 0xff, 0xff, 0xff,
    0xff, 0xff, 0x90, 0x4f, 0xfe, 0x5, 0xff, 0xd0,
    0x46, 0xcf, 0xe4, 0x44, 0x9f, 0xfc, 0x72, 0x4,
    0xff, 0xe0, 0x5f, 0xfd, 0x0, 0x5f, 0xff, 0x10,
    0x9, 0xff, 0xf2, 0x0, 0x4f, 0xfe, 0x5, 0xff,
    0xd1, 0x12, 0xff, 0xf7, 0x11, 0xdf, 0xfc, 0x11,
    0x4, 0xff, 0xe0, 0x6f, 0xfd, 0xbf, 0xff, 0xff,
    0xff, 0xff, 0xff, 0xff, 0xf5, 0x4f, 0xff, 0xff,
    0xff, 0xdb, 0xff, 0xff, 0xff, 0xff, 0xff, 0xff,
    0xff, 0x54, 0xff, 0xff, 0xff, 0xfd, 0xbf, 0xff,
    0xff, 0xff, 0xff, 0xff, 0xff, 0xf5, 0x4f, 0xff,
    0xff, 0xff, 0xd2, 0x33, 0x33, 0x33, 0x33, 0x33,
    0x33, 0x33, 0x14, 0xff, 0xf5, 0x9f, 0xfd, 0x7,
    0xff, 0xff, 0xff, 0xff, 0xff, 0xff, 0x0, 0x4f,
    0xfe, 0x5, 0xff, 0xd0, 0x8f, 0xff, 0xff, 0xff,
    0xff, 0xff, 0xf0, 0x4, 0xff, 0xe0, 0x5f, 0xfd,
    0x8, 0xff, 0xff, 0xff, 0xff, 0xff, 0xff, 0x0,
    0x4f, 0xfe, 0x5, 0xff, 0xd0, 0x8f, 0xfe, 0x0,
    0x0, 0xa, 0xff, 0xf0, 0x4, 0xff, 0xf8, 0xbf,
    0xfd, 0x8, 0xff, 0xfb, 0xbb, 0xbb, 0xef, 0xff,
    0x0, 0x4f, 0xff, 0xff, 0xff, 0xd0, 0x8f, 0xff,
    0xff, 0xff, 0xff, 0xff, 0xf0, 0x4, 0xff, 0xff,
    0xff, 0xfd, 0x8, 0xff, 0xff, 0xff, 0xff, 0xff,
    0xff, 0x0, 0x4f, 0xff, 0xcc, 0xcc, 0xa0, 0x8f,
    0xfe, 0x0, 0x0, 0xa, 0xff, 0xf0, 0x4, 0xff,
    0xe0, 0x0, 0x0, 0x8, 0xff, 0xfd, 0xdd, 0xdd,
    0xff, 0xff, 0x0, 0x3b, 0xbb, 0x0, 0x0, 0x0,
    0x8f, 0xff, 0xff, 0xff, 0xff, 0xff, 0xf0, 0x0,
    0x0, 0x0, 0x0, 0x0, 0x8, 0xff, 0xff, 0xff,
    0xff, 0xff, 0xff, 0x0, 0x0, 0x0, 0x0, 0x0,
    0x0, 0x8f, 0xff, 0x44, 0x44, 0x4b, 0xff, 0xf0,
    0x0,

    /* U+66F4 "更" */
    0x15, 0x55, 0x55, 0x55, 0x55, 0x55, 0x55, 0x55,
    0x55, 0x55, 0x55, 0x54, 0x4, 0xff, 0xff, 0xff,
    0xff, 0xff, 0xff, 0xff, 0xff, 0xff, 0xff, 0xff,
    0xc0, 0x4f, 0xff, 0xff, 0xff, 0xff, 0xff, 0xff,
    0xff, 0xff, 0xff, 0xff, 0xfc, 0x4, 0xff, 0xff,
    0xff, 0xff, 0xff, 0xff, 0xff, 0xff, 0xff, 0xff,
    0xff, 0xc0, 0x0, 0x0, 0x0, 0x0, 0x0, 0x8f,
    0xff, 0x70, 0x0, 0x0, 0x0, 0x0, 0x0, 0x1,
    0xee, 0xee, 0xee, 0xef, 0xff, 0xff, 0xee, 0xee,
    0xee, 0xe1, 0x0, 0x0, 0x1f, 0xff, 0xff, 0xff,
    0xff, 0xff, 0xff, 0xff, 0xff, 0xff, 0x10, 0x0,
    0x1, 0xff, 0xff, 0xff, 0xff, 0xff, 0xff, 0xff,
    0xff, 0xff, 0xf1, 0x0, 0x0, 0x1f, 0xff, 0x81,
    0x11, 0x9f, 0xff, 0x81, 0x11, 0xaf, 0xff, 0x10,
    0x0, 0x1, 0xff, 0xfd, 0xbb, 0xbd, 0xff, 0xfd,
    0xbb, 0xbe, 0xff, 0xf1, 0x0, 0x0, 0x1f, 0xff,
    0xff, 0xff, 0xff, 0xff, 0xff, 0xff, 0xff, 0xff,
    0x10, 0x0, 0x1, 0xff, 0xff, 0xff, 0xff, 0xff,
    0xff, 0xff, 0xff, 0xff, 0xf1, 0x0, 0x0, 0x1f,
    0xff, 0x80, 0x0, 0x8f, 0xff, 0x70, 0x0, 0xaf,
    0xff, 0x10, 0x0, 0x1, 0xff, 0xfe, 0xcc, 0xce,
    0xff, 0xfd, 0xcc, 0xce, 0xff, 0xf1, 0x0, 0x0,
    0x1f, 0xff, 0xff, 0xff, 0xff, 0xff, 0xff, 0xff,
    0xff, 0xff, 0x10, 0x0, 0x1, 0xff, 0xff, 0xff,
    0xff, 0xff, 0xff, 0xff, 0xff, 0xff, 0xf1, 0x0,
    0x0, 0x4, 0x8e, 0xf5, 0x38, 0xff, 0xfe, 0x43,
    0x33, 0x33, 0x33, 0x0, 0x0, 0x0, 0xaf, 0xff,
    0xe4, 0xef, 0xff, 0x80, 0x0, 0x0, 0x0, 0x0,
    0x0, 0x0, 0x1, 0xdf, 0xff, 0xff, 0xff, 0xf1,
    0x0, 0x0, 0x0, 0x0, 0x0, 0x0, 0x0, 0x2,
    0xef, 0xff, 0xff, 0xfa, 0x20, 0x0, 0x0, 0x0,
    0x0, 0x0, 0x1, 0x48, 0xcf, 0xff, 0xff, 0xff,
    0xff, 0xfd, 0xba, 0xa9, 0x99, 0x9a, 0x78, 0xff,
    0xff, 0xff, 0xff, 0xff, 0xff, 0xff, 0xff, 0xff,
    0xff, 0xff, 0xf4, 0xc, 0xff, 0xff, 0xfe, 0x85,
    0x9e, 0xff, 0xff, 0xff, 0xff, 0xff, 0xfd, 0x0,
    0x2f, 0xff, 0xb6, 0x0, 0x0, 0x3, 0x58, 0xbc,
    0xde, 0xff, 0xff, 0x80, 0x0, 0x43, 0x0, 0x0,
    0x0, 0x0, 0x0, 0x0, 0x0, 0x0, 0x0, 0x10,
    0x0,

    /* U+6709 "有" */
    0x0, 0x0, 0x0, 0x0, 0x0, 0x0, 0x0, 0x0,
    0x0, 0x0, 0x0, 0x0, 0x0, 0x0, 0x0, 0x0,
    0x0, 0xdc, 0x95, 0x0, 0x0, 0x0, 0x0, 0x0,
    0x0, 0x0, 0x0, 0x0, 0x0, 0x3f, 0xff, 0xf0,
    0x0, 0x0, 0x0, 0x0, 0x0, 0x0, 0x0, 0x0,
    0x0, 0x8, 0xff, 0xfa, 0x0, 0x0, 0x0, 0x0,
    0x0, 0x0, 0x7, 0xff, 0xff, 0xff, 0xff, 0xff,
    0xff, 0xff, 0xff, 0xff, 0xff, 0xff, 0xe0, 0x7f,
    0xff, 0xff, 0xff, 0xff, 0xff, 0xff, 0xff, 0xff,
    0xff, 0xff, 0xfe, 0x7, 0xff, 0xff, 0xff, 0xff,
    0xff, 0xff, 0xff, 0xff, 0xff, 0xff, 0xff, 0xe0,
    0x37, 0x77, 0x7b, 0xff, 0xff, 0x87, 0x77, 0x77,
    0x77, 0x77, 0x77, 0x77, 0x0, 0x0, 0x1, 0xef,
    0xff, 0x81, 0x11, 0x11, 0x11, 0x11, 0x11, 0x0,
    0x0, 0x0, 0x0, 0xaf, 0xff, 0xff, 0xff, 0xff,
    0xff, 0xff, 0xff, 0xf1, 0x0, 0x0, 0x0, 0x6f,
    0xff, 0xff, 0xff, 0xff, 0xff, 0xff, 0xff, 0xff,
    0x10, 0x0, 0x0, 0x3f, 0xff, 0xff, 0xff, 0xff,
    0xff, 0xff, 0xff, 0xff, 0xf1, 0x0, 0x0, 0x4f,
    0xff, 0xff, 0xfc, 0x0, 0x0, 0x0, 0x0, 0x9f,
    0xff, 0x10, 0x0, 0x7f, 0xff, 0xff, 0xff, 0xff,
    0xff, 0xff, 0xff, 0xff, 0xff, 0xf1, 0x0, 0x2e,
    0xff, 0xfe, 0xff, 0xff, 0xff, 0xff, 0xff, 0xff,
    0xff, 0xff, 0x10, 0x0, 0x4f, 0xfe, 0x2f, 0xff,
    0xff, 0xff, 0xff, 0xff, 0xff, 0xff, 0xf1, 0x0,
    0x0, 0x7e, 0x20, 0xff, 0xfd, 0x22, 0x22, 0x22,
    0x22, 0xaf, 0xff, 0x10, 0x0, 0x0, 0x10, 0xf,
    0xff, 0xd5, 0x55, 0x55, 0x55, 0x5b, 0xff, 0xf1,
    0x0, 0x0, 0x0, 0x0, 0xff, 0xff, 0xff, 0xff,
    0xff, 0xff, 0xff, 0xff, 0x10, 0x0, 0x0, 0x0,
    0xf, 0xff, 0xff, 0xff, 0xff, 0xff, 0xff, 0xff,
    0xf1, 0x0, 0x0, 0x0, 0x0, 0xff, 0xff, 0xcc,
    0xcc, 0xcc, 0xcc, 0xef, 0xff, 0x10, 0x0, 0x0,
    0x0, 0xf, 0xff, 0xc0, 0x0, 0x0, 0x87, 0x7d,
    0xff, 0xf0, 0x0, 0x0, 0x0, 0x0, 0xff, 0xfc,
    0x0, 0x0, 0xd, 0xff, 0xff, 0xfe, 0x0, 0x0,
    0x0, 0x0, 0xf, 0xff, 0xc0, 0x0, 0x0, 0x7f,
    0xff, 0xff, 0xa0, 0x0, 0x0, 0x0, 0x0, 0xff,
    0xfc, 0x0, 0x0, 0x3, 0xff, 0xfc, 0x70, 0x0,
    0x0, 0x0, 0x0, 0x0, 0x0, 0x0, 0x0, 0x0,
    0x0, 0x0, 0x0, 0x0, 0x0,

    /* U+670D "服" */
    0x0, 0x45, 0x55, 0x55, 0x55, 0x32, 0x55, 0x55,
    0x55, 0x55, 0x55, 0x55, 0x0, 0x0, 0xdf, 0xff,
    0xff, 0xff, 0x87, 0xff, 0xff, 0xff, 0xff, 0xff,
    0xff, 0x10, 0x0, 0xdf, 0xff, 0xff, 0xff, 0x87,
    0xff, 0xff, 0xff, 0xff, 0xff, 0xff, 0x10, 0x0,
    0xdf, 0xff, 0xff, 0xff, 0x87, 0xff, 0xff, 0xff,
    0xff, 0xff, 0xff, 0x10, 0x0, 0xdf, 0xf9, 0x2e,
    0xff, 0x87, 0xff, 0xf3, 0x22, 0x22, 0x9f, 0xff,
    0x10, 0x0, 0xdf, 0xf8, 0xe, 0xff, 0x87, 0xff,
    0xf1, 0x0, 0x0, 0x9f, 0xff, 0x10, 0x0, 0xdf,
    0xfc, 0x8f, 0xff, 0x87, 0xff, 0xf1, 0x1f, 0xff,
    0xff, 0xff, 0x0, 0x0, 0xdf, 0xff, 0xff, 0xff,
    0x87, 0xff, 0xf1, 0xa, 0xff, 0xff, 0xfb, 0x0,
    0x0, 0xdf, 0xff, 0xff, 0xff, 0x87, 0xff, 0xf1,
    0x6, 0xff, 0xfd, 0x91, 0x0, 0x0, 0xef, 0xff,
    0xff, 0xff, 0x87, 0xff, 0xf3, 0x22, 0x43, 0x32,
    0x30, 0x0, 0x0, 0xef, 0xf8, 0xe, 0xff, 0x87,
    0xff, 0xff, 0xff, 0xff, 0xff, 0xff, 0x90, 0x0,
    0xef, 0xf7, 0xe, 0xff, 0x87, 0xff, 0xff, 0xff,
    0xff, 0xff, 0xff, 0xa0, 0x0, 0xef, 0xfc, 0x9f,
    0xff, 0x87, 0xff, 0xff, 0xff, 0xff, 0xff, 0xff,
    0x60, 0x0, 0xff, 0xff, 0xff, 0xff, 0x87, 0xff,
    0xff, 0xff, 0x73, 0x7f, 0xff, 0x20, 0x0, 0xff,
    0xff, 0xff, 0xff, 0x87, 0xff, 0xf9, 0xff, 0xc0,
    0xaf, 0xfe, 0x0, 0x1, 0xff, 0xff, 0xff, 0xff,
    0x87, 0xff, 0xf3, 0xff, 0xf5, 0xff, 0xf9, 0x0,
    0x2, 0xff, 0xf3, 0xe, 0xff, 0x87, 0xff, 0xf1,
    0xaf, 0xff, 0xff, 0xf2, 0x0, 0x4, 0xff, 0xf1,
    0xe, 0xff, 0x87, 0xff, 0xf1, 0x1f, 0xff, 0xff,
    0xa0, 0x0, 0x7, 0xff, 0xf0, 0xe, 0xff, 0x87,
    0xff, 0xf1, 0x8, 0xff, 0xff, 0x30, 0x0, 0xa,
    0xff, 0xd0, 0xe, 0xff, 0x87, 0xff, 0xf1, 0x2d,
    0xff, 0xff, 0xc2, 0x0, 0xe, 0xff, 0xaa, 0xaf,
    0xff, 0x87, 0xff, 0xf6, 0xff, 0xff, 0xff, 0xff,
    0x81, 0x4f, 0xff, 0x5c, 0xff, 0xff, 0x67, 0xff,
    0xff, 0xff, 0xfc, 0xef, 0xff, 0xf3, 0x3c, 0xff,
    0x7, 0xff, 0xfe, 0x17, 0xff, 0xf5, 0xff, 0xa0,
    0x1c, 0xff, 0x50, 0x0, 0x59, 0x4, 0xfe, 0xa3,
    0x7, 0xff, 0xf1, 0x87, 0x0, 0x0, 0x79, 0x0,
    0x0, 0x0, 0x0, 0x0, 0x0, 0x0, 0x0, 0x0,
    0x0, 0x0, 0x0, 0x0, 0x0,

    /* U+672A "未" */
    0x0, 0x0, 0x0, 0x0, 0x0, 0xa, 0xbb, 0xb1,
    0x0, 0x0, 0x0, 0x0, 0x0, 0x0, 0x0, 0x0,
    0x0, 0x0, 0xe, 0xff, 0xf1, 0x0, 0x0, 0x0,
    0x0, 0x0, 0x0, 0x0, 0x0, 0x0, 0x0, 0xe,
    0xff, 0xf1, 0x0, 0x0, 0x0, 0x0, 0x0, 0x0,
    0x0, 0x0, 0x0, 0x0, 0xe, 0xff, 0xf1, 0x0,
    0x0, 0x0, 0x0, 0x0, 0x0, 0x6, 0xbb, 0xbb,
    0xbb, 0xbf, 0xff, 0xfb, 0xbb, 0xbb, 0xbb, 0xa0,
    0x0, 0x0, 0x9, 0xff, 0xff, 0xff, 0xff, 0xff,
    0xff, 0xff, 0xff, 0xff, 0xf0, 0x0, 0x0, 0x9,
    0xff, 0xff, 0xff, 0xff, 0xff, 0xff, 0xff, 0xff,
    0xff, 0xf0, 0x0, 0x0, 0x9, 0xff, 0xff, 0xff,
    0xff, 0xff, 0xff, 0xff, 0xff, 0xff, 0xf0, 0x0,
    0x0, 0x0, 0x0, 0x0, 0x0, 0xf, 0xff, 0xf2,
    0x0, 0x0, 0x0, 0x0, 0x0, 0x0, 0x0, 0x0,
    0x0, 0x0, 0xe, 0xff, 0xf1, 0x0, 0x0, 0x0,
    0x0, 0x0, 0x0, 0x0, 0x0, 0x0, 0x0, 0xf,
    0xff, 0xf2, 0x0, 0x0, 0x0, 0x0, 0x0, 0x9,
    0xff, 0xff, 0xff, 0xff, 0xff, 0xff, 0xff, 0xff,
    0xff, 0xff, 0xff, 0xe0, 0x9, 0xff, 0xff, 0xff,
    0xff, 0xff, 0xff, 0xff, 0xff, 0xff, 0xff, 0xff,
    0xe0, 0x9, 0xff, 0xff, 0xff, 0xff, 0xff, 0xff,
    0xff, 0xff, 0xff, 0xff, 0xff, 0xe0, 0x6, 0xbb,
    0xbb, 0xbb, 0xbe, 0xff, 0xff, 0xff, 0xfb, 0xbb,
    0xbb, 0xbb, 0xa0, 0x0, 0x0, 0x0, 0x0, 0x6f,
    0xff, 0xff, 0xff, 0xf8, 0x0, 0x0, 0x0, 0x0,
    0x0, 0x0, 0x0, 0x7, 0xff, 0xff, 0xff, 0xff,
    0xff, 0x80, 0x0, 0x0, 0x0, 0x0, 0x0, 0x0,
    0xaf, 0xff, 0xff, 0xff, 0xff, 0xff, 0xfb, 0x10,
    0x0, 0x0, 0x0, 0x0, 0x3d, 0xff, 0xff, 0x9f,
    0xff, 0xf7, 0xff, 0xff, 0xd4, 0x0, 0x0, 0x0,
    0x19, 0xff, 0xff, 0xf7, 0xe, 0xff, 0xf1, 0x5f,
    0xff, 0xff, 0x91, 0x0, 0x18, 0xff, 0xff, 0xff,
    0x60, 0xe, 0xff, 0xf1, 0x4, 0xff, 0xff, 0xff,
    0x81, 0x2e, 0xff, 0xff, 0xe5, 0x0, 0xe, 0xff,
    0xf1, 0x0, 0x3e, 0xff, 0xff, 0xe2, 0x2, 0xef,
    0xfa, 0x10, 0x0, 0xe, 0xff, 0xf1, 0x0, 0x0,
    0x9f, 0xff, 0x30, 0x0, 0x4d, 0x40, 0x0, 0x0,
    0xe, 0xff, 0xf1, 0x0, 0x0, 0x3, 0xd5, 0x0,
    0x0, 0x0, 0x0, 0x0, 0x0, 0xe, 0xff, 0xf1,
    0x0, 0x0, 0x0, 0x0, 0x0,

    /* U+672C "本" */
    0x0, 0x0, 0x0, 0x0, 0x0, 0x8, 0xbb, 0xb2,
    0x0, 0x0, 0x0, 0x0, 0x0, 0x0, 0x0, 0x0,
    0x0, 0x0, 0xc, 0xff, 0xf3, 0x0, 0x0, 0x0,
    0x0, 0x0, 0x0, 0x0, 0x0, 0x0, 0x0, 0xc,
    0xff, 0xf3, 0x0, 0x0, 0x0, 0x0, 0x0, 0x0,
    0x0, 0x0, 0x0, 0x0, 0xc, 0xff, 0xf3, 0x0,
    0x0, 0x0, 0x0, 0x0, 0x0, 0x0, 0x0, 0x0,
    0x0, 0xc, 0xff, 0xf3, 0x0, 0x0, 0x0, 0x0,
    0x0, 0x3, 0xaa, 0xaa, 0xaa, 0xaa, 0xae, 0xff,
    0xfb, 0xaa, 0xaa, 0xaa, 0xaa, 0x80, 0x5, 0xff,
    0xff, 0xff, 0xff, 0xff, 0xff, 0xff, 0xff, 0xff,
    0xff, 0xff, 0xd0, 0x5, 0xff, 0xff, 0xff, 0xff,
    0xff, 0xff, 0xff, 0xff, 0xff, 0xff, 0xff, 0xd0,
    0x5, 0xff, 0xff, 0xff, 0xff, 0xff, 0xff, 0xff,
    0xff, 0xff, 0xff, 0xff, 0xd0, 0x1, 0x33, 0x33,
    0x3e, 0xff, 0xfe, 0xff, 0xfe, 0xff, 0xf6, 0x33,
    0x33, 0x20, 0x0, 0x0, 0x0, 0x4f, 0xff, 0xac,
    0xff, 0xf8, 0xff, 0xfa, 0x0, 0x0, 0x0, 0x0,
    0x0, 0x0, 0xcf, 0xff, 0x3c, 0xff, 0xf3, 0xef,
    0xff, 0x30, 0x0, 0x0, 0x0, 0x0, 0x5, 0xff,
    0xfd, 0xc, 0xff, 0xf3, 0x7f, 0xff, 0xc0, 0x0,
    0x0, 0x0, 0x0, 0xe, 0xff, 0xf6, 0xc, 0xff,
    0xf3, 0x1f, 0xff, 0xf6, 0x0, 0x0, 0x0, 0x0,
    0x9f, 0xff, 0xd0, 0xc, 0xff, 0xf3, 0x8, 0xff,
    0xff, 0x20, 0x0, 0x0, 0x6, 0xff, 0xff, 0x30,
    0xc, 0xff, 0xf3, 0x0, 0xef, 0xff, 0xe1, 0x0,
    0x0, 0x4f, 0xff, 0xfa, 0x0, 0xc, 0xff, 0xf3,
    0x0, 0x6f, 0xff, 0xfc, 0x10, 0x5, 0xff, 0xff,
    0xfd, 0xbb, 0xbf, 0xff, 0xfc, 0xbb, 0xbf, 0xff,
    0xff, 0xd2, 0x1f, 0xff, 0xff, 0xff, 0xff, 0xff,
    0xff, 0xff, 0xff, 0xff, 0xff, 0xff, 0xe2, 0x4,
    0xff, 0xf6, 0xef, 0xff, 0xff, 0xff, 0xff, 0xff,
    0xff, 0x8f, 0xfe, 0x20, 0x0, 0x6f, 0x60, 0xef,
    0xff, 0xff, 0xff, 0xff, 0xff, 0xff, 0x34, 0xf4,
    0x0, 0x0, 0x3, 0x0, 0x11, 0x11, 0x1d, 0xff,
    0xf5, 0x11, 0x11, 0x0, 0x10, 0x0, 0x0, 0x0,
    0x0, 0x0, 0x0, 0xc, 0xff, 0xf3, 0x0, 0x0,
    0x0, 0x0, 0x0, 0x0, 0x0, 0x0, 0x0, 0x0,
    0xc, 0xff, 0xf3, 0x0, 0x0, 0x0, 0x0, 0x0,
    0x0, 0x0, 0x0, 0x0, 0x0, 0xc, 0xff, 0xf3,
    0x0, 0x0, 0x0, 0x0, 0x0,

    /* U+673A "机" */
    0x0, 0x0, 0x3b, 0xbb, 0x20, 0x0, 0x0, 0x0,
    0x0, 0x0, 0x0, 0x0, 0x0, 0x0, 0x0, 0x5f,
    0xff, 0x40, 0x0, 0x0, 0x0, 0x0, 0x0, 0x0,
    0x0, 0x0, 0x0, 0x0, 0x5f, 0xff, 0x40, 0x0,
    0x7f, 0xff, 0xff, 0xff, 0xff, 0x10, 0x0, 0x0,
    0x0, 0x5f, 0xff, 0x40, 0x0, 0x7f, 0xff, 0xff,
    0xff, 0xff, 0x10, 0x0, 0x0, 0x0, 0x5f, 0xff,
    0x40, 0x0, 0x7f, 0xff, 0xff, 0xff, 0xff, 0x10,
    0x0, 0x0, 0x0, 0x5f, 0xff, 0x40, 0x0, 0x7f,
    0xff, 0xdc, 0xef, 0xff, 0x10, 0x0, 0xe, 0xff,
    0xff, 0xff, 0xff, 0xf6, 0x7f, 0xff, 0x10, 0xaf,
    0xff, 0x10, 0x0, 0xe, 0xff, 0xff, 0xff, 0xff,
    0xf6, 0x7f, 0xff, 0x10, 0xaf, 0xff, 0x10, 0x0,
    0xe, 0xff, 0xff, 0xff, 0xff, 0xf6, 0x7f, 0xff,
    0x10, 0xaf, 0xff, 0x10, 0x0, 0x8, 0x99, 0xff,
    0xff, 0xb9, 0x93, 0x7f, 0xff, 0x10, 0xaf, 0xff,
    0x10, 0x0, 0x0, 0x2, 0xff, 0xff, 0x40, 0x0,
    0x7f, 0xff, 0x10, 0xaf, 0xff, 0x10, 0x0, 0x0,
    0x8, 0xff, 0xff, 0xd1, 0x0, 0x8f, 0xff, 0x0,
    0xaf, 0xff, 0x10, 0x0, 0x0, 0xe, 0xff, 0xff,
    0xfc, 0x0, 0x8f, 0xff, 0x0, 0xaf, 0xff, 0x10,
    0x0, 0x0, 0x4f, 0xff, 0xff, 0xff, 0xa0, 0x9f,
    0xff, 0x0, 0xaf, 0xff, 0x10, 0x0, 0x0, 0xbf,
    0xff, 0xff, 0xff, 0xf7, 0xbf, 0xfd, 0x0, 0xaf,
    0xff, 0x10, 0x0, 0x4, 0xff, 0xff, 0xff, 0xdf,
    0xf6, 0xdf, 0xfb, 0x0, 0xaf, 0xff, 0x10, 0x0,
    0xd, 0xff, 0xef, 0xff, 0x5f, 0xb0, 0xff, 0xf8,
    0x0, 0xaf, 0xff, 0x10, 0x0, 0x6f, 0xff, 0x7f,
    0xff, 0x47, 0x14, 0xff, 0xf6, 0x0, 0xaf, 0xff,
    0x14, 0x0, 0x1f, 0xfa, 0x5f, 0xff, 0x40, 0xa,
    0xff, 0xf2, 0x0, 0xaf, 0xff, 0x1e, 0xc4, 0x8,
    0xf2, 0x5f, 0xff, 0x40, 0xf, 0xff, 0xc0, 0x0,
    0xaf, 0xff, 0x1e, 0xfb, 0x1, 0x70, 0x5f, 0xff,
    0x40, 0x7f, 0xff, 0x70, 0x0, 0xaf, 0xff, 0x1f,
    0xfb, 0x0, 0x0, 0x5f, 0xff, 0x42, 0xff, 0xff,
    0x10, 0x0, 0xaf, 0xff, 0x9f, 0xfa, 0x0, 0x0,
    0x5f, 0xff, 0x4d, 0xff, 0xf9, 0x0, 0x0, 0x8f,
    0xff, 0xff, 0xf8, 0x0, 0x0, 0x5f, 0xff, 0x44,
    0xdf, 0xe1, 0x0, 0x0, 0x3f, 0xff, 0xff, 0xf3,
    0x0, 0x0, 0x5f, 0xff, 0x40, 0x1b, 0x30, 0x0,
    0x0, 0x6, 0xef, 0xfe, 0x60,

    /* U+675F "束" */
    0x0, 0x0, 0x0, 0x0, 0x0, 0xb, 0xbb, 0xa0,
    0x0, 0x0, 0x0, 0x0, 0x0, 0x0, 0x0, 0x0,
    0x0, 0x0, 0xf, 0xff, 0xf0, 0x0, 0x0, 0x0,
    0x0, 0x0, 0x0, 0x0, 0x0, 0x0, 0x0, 0xf,
    0xff, 0xf0, 0x0, 0x0, 0x0, 0x0, 0x0, 0x3,
    0xff, 0xff, 0xff, 0xff, 0xff, 0xff, 0xff, 0xff,
    0xff, 0xff, 0xff, 0x40, 0x3, 0xff, 0xff, 0xff,
    0xff, 0xff, 0xff, 0xff, 0xff, 0xff, 0xff, 0xff,
    0x40, 0x3, 0xff, 0xff, 0xff, 0xff, 0xff, 0xff,
    0xff, 0xff, 0xff, 0xff, 0xff, 0x40, 0x1, 0x77,
    0x77, 0x77, 0x77, 0x7f, 0xff, 0xf7, 0x77, 0x77,
    0x77, 0x77, 0x20, 0x0, 0x0, 0x0, 0x0, 0x0,
    0xf, 0xff, 0xf0, 0x0, 0x0, 0x0, 0x0, 0x0,
    0x0, 0x8, 0xff, 0xff, 0xff, 0xff, 0xff, 0xff,
    0xff, 0xff, 0xff, 0xd0, 0x0, 0x0, 0x8, 0xff,
    0xff, 0xff, 0xff, 0xff, 0xff, 0xff, 0xff, 0xff,
    0xd0, 0x0, 0x0, 0x8, 0xff, 0xff, 0xff, 0xff,
    0xff, 0xff, 0xff, 0xff, 0xff, 0xd0, 0x0, 0x0,
    0x8, 0xff, 0xf6, 0x55, 0x5f, 0xff, 0xf5, 0x55,
    0x5f, 0xff, 0xd0, 0x0, 0x0, 0x8, 0xff, 0xf1,
    0x0, 0xf, 0xff, 0xf0, 0x0, 0xf, 0xff, 0xd0,
    0x0, 0x0, 0x8, 0xff, 0xf6, 0x55, 0x5f, 0xff,
    0xf5, 0x55, 0x5f, 0xff, 0xd0, 0x0, 0x0, 0x8,
    0xff, 0xff, 0xff, 0xff, 0xff, 0xff, 0xff, 0xff,
    0xff, 0xd0, 0x0, 0x0, 0x8, 0xff, 0xff, 0xff,
    0xff, 0xff, 0xff, 0xff, 0xff, 0xff, 0xd0, 0x0,
    0x0, 0x8, 0xff, 0xff, 0xff, 0xff, 0xff, 0xff,
    0xff, 0xff, 0xff, 0xd0, 0x0, 0x0, 0x0, 0x0,
    0x1, 0xbf, 0xff, 0xff, 0xff, 0xfc, 0x10, 0x0,
    0x0, 0x0, 0x0, 0x0, 0x0, 0x4d, 0xff, 0xff,
    0xff, 0xff, 0xff, 0xe5, 0x0, 0x0, 0x0, 0x0,
    0x0, 0x2a, 0xff, 0xff, 0xef, 0xff, 0xfd, 0xff,
    0xff, 0xc4, 0x0, 0x0, 0x0, 0x4b, 0xff, 0xff,
    0xfc, 0x1f, 0xff, 0xf0, 0xaf, 0xff, 0xff, 0xd6,
    0x0, 0x1d, 0xff, 0xff, 0xff, 0x80, 0xf, 0xff,
    0xf0, 0x7, 0xff, 0xff, 0xff, 0xe1, 0x7, 0xff,
    0xff, 0xd4, 0x0, 0xf, 0xff, 0xf0, 0x0, 0x4d,
    0xff, 0xff, 0x50, 0x0, 0x9f, 0xe6, 0x0, 0x0,
    0xf, 0xff, 0xf0, 0x0, 0x0, 0x6e, 0xf8, 0x0,
    0x0, 0x6, 0x0, 0x0, 0x0, 0xf, 0xff, 0xf0,
    0x0, 0x0, 0x0, 0x60, 0x0,

    /* U+6765 "来" */
    0x0, 0x0, 0x0, 0x0, 0x0, 0x9, 0xaa, 0xa2,
    0x0, 0x0, 0x0, 0x0, 0x0, 0x0, 0x0, 0x0,
    0x0, 0x0, 0xd, 0xff, 0xf3, 0x0, 0x0, 0x0,
    0x0, 0x0, 0x0, 0x0, 0x0, 0x0, 0x0, 0xd,
    0xff, 0xf3, 0x0, 0x0, 0x0, 0x0, 0x0, 0x0,
    0x39, 0x99, 0x99, 0x99, 0x9e, 0xff, 0xfa, 0x99,
    0x99, 0x99, 0x98, 0x0, 0x0, 0x6f, 0xff, 0xff,
    0xff, 0xff, 0xff, 0xff, 0xff, 0xff, 0xff, 0xfe,
    0x0, 0x0, 0x6f, 0xff, 0xff, 0xff, 0xff, 0xff,
    0xff, 0xff, 0xff, 0xff, 0xfe, 0x0, 0x0, 0x6f,
    0xff, 0xff, 0xff, 0xff, 0xff, 0xff, 0xff, 0xff,
    0xff, 0xfe, 0x0, 0x0, 0x0, 0x39, 0xff, 0x10,
    0xd, 0xff, 0xf3, 0x0, 0x6f, 0xea, 0x50, 0x0,
    0x0, 0x0, 0x9f, 0xff, 0x90, 0xd, 0xff, 0xf3,
    0x0, 0xcf, 0xff, 0x70, 0x0, 0x0, 0x0, 0x1f,
    0xff, 0xf1, 0xd, 0xff, 0xf3, 0x3, 0xff, 0xfe,
    0x0, 0x0, 0x0, 0x0, 0xa, 0xff, 0xf6, 0xd,
    0xff, 0xf3, 0xb, 0xff, 0xf5, 0x0, 0x0, 0x0,
    0x0, 0x4, 0xfe, 0x81, 0xd, 0xff, 0xf3, 0x8,
    0xdf, 0xb0, 0x0, 0x0, 0x9, 0xff, 0xff, 0xff,
    0xff, 0xff, 0xff, 0xff, 0xff, 0xff, 0xff, 0xff,
    0xe0, 0x9, 0xff, 0xff, 0xff, 0xff, 0xff, 0xff,
    0xff, 0xff, 0xff, 0xff, 0xff, 0xe0, 0x9, 0xff,
    0xff, 0xff, 0xff, 0xff, 0xff, 0xff, 0xff, 0xff,
    0xff, 0xff, 0xe0, 0x6, 0xaa, 0xaa, 0xaa, 0xbf,
    0xff, 0xff, 0xff, 0xfd, 0xaa, 0xaa, 0xaa, 0x90,
    0x0, 0x0, 0x0, 0x1, 0xdf, 0xff, 0xff, 0xff,
    0xff, 0x40, 0x0, 0x0, 0x0, 0x0, 0x0, 0x0,
    0x3e, 0xff, 0xff, 0xff, 0xff, 0xff, 0xf6, 0x0,
    0x0, 0x0, 0x0, 0x0, 0x7, 0xff, 0xff, 0xbd,
    0xff, 0xf9, 0xff, 0xff, 0xa0, 0x0, 0x0, 0x0,
    0x3, 0xcf, 0xff, 0xfb, 0xd, 0xff, 0xf3, 0x6f,
    0xff, 0xfe, 0x50, 0x0, 0x3, 0xaf, 0xff, 0xff,
    0xa0, 0xd, 0xff, 0xf3, 0x6, 0xff, 0xff, 0xfb,
    0x40, 0x2f, 0xff, 0xff, 0xf9, 0x0, 0xd, 0xff,
    0xf3, 0x0, 0x5f, 0xff, 0xff, 0xf4, 0x3, 0xff,
    0xfe, 0x40, 0x0, 0xd, 0xff, 0xf3, 0x0, 0x2,
    0xdf, 0xff, 0x60, 0x0, 0x5f, 0x91, 0x0, 0x0,
    0xd, 0xff, 0xf3, 0x0, 0x0, 0x7, 0xf9, 0x0,
    0x0, 0x1, 0x0, 0x0, 0x0, 0xd, 0xff, 0xf3,
    0x0, 0x0, 0x0, 0x10, 0x0,

    /* U+677F "板" */
    0x0, 0x0, 0xbb, 0xb5, 0x0, 0x0, 0x0, 0x0,
    0x0, 0x0, 0x5, 0x80, 0x0, 0x0, 0x0, 0xff,
    0xf7, 0x0, 0x0, 0x0, 0x2, 0x35, 0x9c, 0xff,
    0xf8, 0x0, 0x0, 0x0, 0xff, 0xf7, 0x0, 0x1b,
    0xdf, 0xff, 0xff, 0xff, 0xff, 0xff, 0x50, 0x0,
    0x0, 0xff, 0xf7, 0x0, 0x2f, 0xff, 0xff, 0xff,
    0xff, 0xff, 0xff, 0x90, 0x0, 0x0, 0xff, 0xf7,
    0x0, 0x2f, 0xff, 0xff, 0xff, 0xfd, 0xb7, 0x40,
    0x0, 0xa, 0xab, 0xff, 0xfd, 0xaa, 0x3f, 0xff,
    0xb4, 0x21, 0x0, 0x0, 0x0, 0x0, 0xf, 0xff,
    0xff, 0xff, 0xff, 0x3f, 0xff, 0x80, 0x0, 0x0,
    0x0, 0x0, 0x0, 0xf, 0xff, 0xff, 0xff, 0xff,
    0x3f, 0xff, 0xa4, 0x44, 0x44, 0x45, 0x40, 0x0,
    0xf, 0xff, 0xff, 0xff, 0xff, 0x3f, 0xff, 0xff,
    0xff, 0xff, 0xff, 0xff, 0x50, 0x0, 0x5, 0xff,
    0xfa, 0x0, 0x2f, 0xff, 0xff, 0xff, 0xff, 0xff,
    0xff, 0x40, 0x0, 0xa, 0xff, 0xff, 0x50, 0x3f,
    0xff, 0xff, 0xff, 0xff, 0xff, 0xff, 0x10, 0x0,
    0xe, 0xff, 0xff, 0xe1, 0x3f, 0xff, 0xff, 0xf9,
    0x0, 0xdf, 0xfe, 0x0, 0x0, 0x4f, 0xff, 0xff,
    0xfa, 0x4f, 0xff, 0xff, 0xfe, 0x2, 0xff, 0xfa,
    0x0, 0x0, 0x9f, 0xff, 0xff, 0xff, 0xbf, 0xff,
    0x9f, 0xff, 0x37, 0xff, 0xf6, 0x0, 0x1, 0xff,
    0xff, 0xfd, 0xff, 0xaf, 0xff, 0x2f, 0xff, 0x9d,
    0xff, 0xf1, 0x0, 0x9, 0xff, 0xff, 0xf8, 0xf4,
    0xaf, 0xff, 0xb, 0xff, 0xff, 0xff, 0xb0, 0x0,
    0x4f, 0xfe, 0xff, 0xf7, 0x30, 0xdf, 0xfe, 0x5,
    0xff, 0xff, 0xff, 0x50, 0x0, 0x6f, 0xf8, 0xff,
    0xf7, 0x1, 0xff, 0xfb, 0x0, 0xef, 0xff, 0xfd,
    0x0, 0x0, 0xe, 0xf2, 0xff, 0xf7, 0x5, 0xff,
    0xf7, 0x0, 0x8f, 0xff, 0xf5, 0x0, 0x0, 0x8,
    0xa0, 0xff, 0xf7, 0x9, 0xff, 0xf2, 0x3, 0xff,
    0xff, 0xfc, 0x10, 0x0, 0x2, 0x20, 0xff, 0xf7,
    0x1f, 0xff, 0xe0, 0x5f, 0xff, 0xff, 0xff, 0xd2,
    0x0, 0x0, 0x0, 0xff, 0xf7, 0x8f, 0xff, 0xcb,
    0xff, 0xff, 0xff, 0xff, 0xff, 0xa1, 0x0, 0x0,
    0xff, 0xf8, 0xff, 0xff, 0xcf, 0xff, 0xfd, 0x28,
    0xff, 0xff, 0xf3, 0x0, 0x0, 0xff, 0xf8, 0x9f,
    0xfb, 0xc, 0xff, 0xa0, 0x0, 0x6f, 0xff, 0x40,
    0x0, 0x0, 0xff, 0xf7, 0x3, 0xe2, 0x2, 0xc4,
    0x0, 0x0, 0x2, 0xb9, 0x0, 0x0, 0x0, 0x0,
    0x0, 0x0, 0x0, 0x0, 0x0, 0x0, 0x0, 0x0,
    0x0, 0x0,

    /* U+6837 "样" */
    0x0, 0x3, 0xaa, 0xa3, 0x0, 0x0, 0x4, 0x50,
    0x0, 0x0, 0xa6, 0x10, 0x0, 0x0, 0x4, 0xff,
    0xf5, 0x0, 0x7, 0xef, 0xf1, 0x0, 0x2, 0xff,
    0xfb, 0x0, 0x0, 0x4, 0xff, 0xf5, 0x0, 0x8,
    0xff, 0xf8, 0x0, 0x6, 0xff, 0xfa, 0x0, 0x0,
    0x4, 0xff, 0xf5, 0x0, 0x1, 0xff, 0xfe, 0x0,
    0xb, 0xff, 0xf4, 0x0, 0x0, 0x4, 0xff, 0xf5,
    0x0, 0x0, 0xbf, 0xff, 0x40, 0x1f, 0xff, 0xd0,
    0x0, 0x7, 0x79, 0xff, 0xfa, 0x74, 0x47, 0xbf,
    0xfa, 0x77, 0xaf, 0xff, 0xc7, 0x50, 0xf, 0xff,
    0xff, 0xff, 0xfa, 0x9f, 0xff, 0xff, 0xff, 0xff,
    0xff, 0xff, 0xc0, 0xf, 0xff, 0xff, 0xff, 0xfa,
    0x9f, 0xff, 0xff, 0xff, 0xff, 0xff, 0xff, 0xc0,
    0xf, 0xff, 0xff, 0xff, 0xfa, 0x9f, 0xff, 0xff,
    0xff, 0xff, 0xff, 0xff, 0xc0, 0x0, 0x4, 0xff,
    0xf5, 0x0, 0x0, 0x0, 0x4, 0xff, 0xf8, 0x0,
    0x0, 0x0, 0x0, 0x7, 0xff, 0xfc, 0x0, 0x1,
    0x11, 0x15, 0xff, 0xf9, 0x11, 0x11, 0x0, 0x0,
    0xd, 0xff, 0xff, 0x80, 0xd, 0xff, 0xff, 0xff,
    0xff, 0xff, 0xff, 0x10, 0x0, 0x3f, 0xff, 0xff,
    0xf4, 0xd, 0xff, 0xff, 0xff, 0xff, 0xff, 0xff,
    0x10, 0x0, 0x8f, 0xff, 0xff, 0xfe, 0xd, 0xff,
    0xff, 0xff, 0xff, 0xff, 0xff, 0x10, 0x1, 0xff,
    0xff, 0xff, 0xff, 0x73, 0x44, 0x47, 0xff, 0xfa,
    0x44, 0x44, 0x0, 0x8, 0xff, 0xff, 0xf9, 0xfb,
    0x0, 0x0, 0x4, 0xff, 0xf8, 0x0, 0x0, 0x0,
    0x3f, 0xff, 0xff, 0xf5, 0x93, 0xff, 0xff, 0xff,
    0xff, 0xff, 0xff, 0xff, 0xf2, 0x5f, 0xff, 0xff,
    0xf5, 0x2, 0xff, 0xff, 0xff, 0xff, 0xff, 0xff,
    0xff, 0xf2, 0xd, 0xfb, 0xff, 0xf5, 0x2, 0xff,
    0xff, 0xff, 0xff, 0xff, 0xff, 0xff, 0xf2, 0x6,
    0xe5, 0xff, 0xf5, 0x1, 0x88, 0x88, 0x8a, 0xff,
    0xfc, 0x88, 0x88, 0x81, 0x0, 0x54, 0xff, 0xf5,
    0x0, 0x0, 0x0, 0x4, 0xff, 0xf8, 0x0, 0x0,
    0x0, 0x0, 0x4, 0xff, 0xf5, 0x0, 0x0, 0x0,
    0x4, 0xff, 0xf8, 0x0, 0x0, 0x0, 0x0, 0x4,
    0xff, 0xf5, 0x0, 0x0, 0x0, 0x4, 0xff, 0xf8,
    0x0, 0x0, 0x0, 0x0, 0x4, 0xff, 0xf5, 0x0,
    0x0, 0x0, 0x4, 0xff, 0xf8, 0x0, 0x0, 0x0,
    0x0, 0x4, 0xff, 0xf5, 0x0, 0x0, 0x0, 0x4,
    0xff, 0xf8, 0x0, 0x0, 0x0, 0x0, 0x0, 0x0,
    0x0, 0x0, 0x0, 0x0, 0x0, 0x0, 0x0, 0x0,
    0x0, 0x0,

    /* U+6B21 "次" */
    0x0, 0x0, 0x0, 0x0, 0x0, 0x0, 0x0, 0x0,
    0x0, 0x0, 0x0, 0x0, 0x0, 0x0, 0x0, 0x0,
    0x0, 0x0, 0xe, 0xc9, 0x60, 0x0, 0x0, 0x0,
    0x0, 0x0, 0x0, 0x1, 0x0, 0x0, 0x0, 0x3f,
    0xff, 0xf0, 0x0, 0x0, 0x0, 0x0, 0x0, 0x0,
    0x9f, 0x70, 0x0, 0x0, 0x7f, 0xff, 0xc0, 0x0,
    0x0, 0x0, 0x0, 0x0, 0x6, 0xff, 0xfd, 0x30,
    0x0, 0xbf, 0xff, 0x92, 0x22, 0x22, 0x22, 0x30,
    0x0, 0xd, 0xff, 0xff, 0xf8, 0x1, 0xff, 0xff,
    0xff, 0xff, 0xff, 0xff, 0xfa, 0x10, 0x0, 0x9f,
    0xff, 0xff, 0x46, 0xff, 0xff, 0xff, 0xff, 0xff,
    0xff, 0xff, 0xe0, 0x0, 0x4, 0xef, 0xf9, 0xd,
    0xff, 0xff, 0xff, 0xff, 0xff, 0xff, 0xff, 0xb0,
    0x0, 0x0, 0x1c, 0xc0, 0x5f, 0xff, 0xfa, 0x99,
    0x99, 0x99, 0xdf, 0xff, 0x60, 0x0, 0x0, 0x0,
    0x10, 0xcf, 0xff, 0xb0, 0xdd, 0xdd, 0x0, 0xdf,
    0xff, 0x10, 0x0, 0x0, 0x0, 0x7, 0xff, 0xff,
    0x40, 0xff, 0xff, 0x2, 0xff, 0xfc, 0x0, 0x0,
    0x0, 0x0, 0x3f, 0xff, 0xfc, 0x1, 0xff, 0xff,
    0x7, 0xff, 0xf6, 0x0, 0x0, 0x0, 0x1, 0x7,
    0xef, 0xf2, 0x2, 0xff, 0xff, 0xa, 0xff, 0xf0,
    0x0, 0x0, 0x0, 0xd, 0x90, 0x9, 0x80, 0x4,
    0xff, 0xff, 0x40, 0x3b, 0x90, 0x0, 0x0, 0x0,
    0x7f, 0xfb, 0x0, 0x0, 0x7, 0xff, 0xff, 0x90,
    0x0, 0x0, 0x0, 0x0, 0x1, 0xff, 0xff, 0x60,
    0x0, 0xc, 0xff, 0xff, 0xe0, 0x0, 0x0, 0x0,
    0x0, 0x9, 0xff, 0xfd, 0x0, 0x0, 0x2f, 0xff,
    0xff, 0xf7, 0x0, 0x0, 0x0, 0x0, 0x3f, 0xff,
    0xf5, 0x0, 0x0, 0xaf, 0xff, 0xff, 0xff, 0x10,
    0x0, 0x0, 0x0, 0xdf, 0xff, 0xc0, 0x0, 0x4,
    0xff, 0xff, 0xff, 0xff, 0xb0, 0x0, 0x0, 0x7,
    0xff, 0xff, 0x40, 0x0, 0x2e, 0xff, 0xff, 0x3f,
    0xff, 0xfa, 0x0, 0x0, 0x2f, 0xff, 0xfb, 0x0,
    0x2, 0xef, 0xff, 0xf7, 0x8, 0xff, 0xff, 0xa1,
    0x0, 0xa, 0xff, 0xf2, 0x0, 0x5f, 0xff, 0xff,
    0xb0, 0x0, 0xdf, 0xff, 0xff, 0x70, 0x0, 0x5f,
    0x90, 0x2c, 0xff, 0xff, 0xfd, 0x10, 0x0, 0x2e,
    0xff, 0xff, 0xf4, 0x0, 0x2, 0x10, 0x2e, 0xff,
    0xff, 0xc1, 0x0, 0x0, 0x2, 0xdf, 0xff, 0x60,
    0x0, 0x0, 0x0, 0x1, 0xdf, 0xf9, 0x0, 0x0,
    0x0, 0x0, 0x19, 0xfb, 0x0, 0x0, 0x0, 0x0,
    0x0, 0x2c, 0x30, 0x0, 0x0, 0x0, 0x0, 0x0,
    0x21, 0x0,

    /* U+6B22 "欢" */
    0x0, 0x0, 0x0, 0x0, 0x0, 0x0, 0x5, 0x31,
    0x0, 0x0, 0x0, 0x0, 0x0, 0x0, 0x0, 0x0,
    0x0, 0x0, 0x0, 0x1f, 0xff, 0x80, 0x0, 0x0,
    0x0, 0x0, 0x0, 0x0, 0x0, 0x0, 0x0, 0x0,
    0x3f, 0xff, 0x60, 0x0, 0x0, 0x0, 0x0, 0x2c,
    0xcc, 0xcc, 0xcc, 0xcc, 0x61, 0x6f, 0xff, 0x40,
    0x0, 0x0, 0x0, 0x0, 0x2f, 0xff, 0xff, 0xff,
    0xff, 0xf4, 0x9f, 0xff, 0xfe, 0xee, 0xee, 0xfd,
    0x90, 0x2f, 0xff, 0xff, 0xff, 0xff, 0xf1, 0xbf,
    0xff, 0xff, 0xff, 0xff, 0xff, 0xe0, 0x18, 0x88,
    0x88, 0x8c, 0xff, 0xe0, 0xef, 0xff, 0xff, 0xff,
    0xff, 0xff, 0xa0, 0x0, 0x14, 0x0, 0xc, 0xff,
    0xc4, 0xff, 0xfa, 0x66, 0x66, 0x8f, 0xff, 0x60,
    0x4, 0xef, 0x20, 0xf, 0xff, 0x9a, 0xff, 0xf5,
    0x88, 0x80, 0x5f, 0xff, 0x20, 0x2f, 0xff, 0xd0,
    0x4f, 0xff, 0x9f, 0xff, 0xc7, 0xff, 0xf1, 0x9f,
    0xfc, 0x0, 0x9, 0xff, 0xf9, 0x9f, 0xff, 0xaf,
    0xff, 0x57, 0xff, 0xf1, 0xef, 0xf7, 0x0, 0x0,
    0xef, 0xff, 0xff, 0xfc, 0x7, 0xfd, 0x8, 0xff,
    0xf1, 0x16, 0xb1, 0x0, 0x0, 0x3f, 0xff, 0xff,
    0xf6, 0x0, 0x44, 0x9, 0xff, 0xf2, 0x0, 0x0,
    0x0, 0x0, 0x8, 0xff, 0xff, 0xf1, 0x0, 0x0,
    0xb, 0xff, 0xf7, 0x0, 0x0, 0x0, 0x0, 0x0,
    0xdf, 0xff, 0xd0, 0x0, 0x0, 0xf, 0xff, 0xfb,
    0x0, 0x0, 0x0, 0x0, 0x0, 0xbf, 0xff, 0xf3,
    0x0, 0x0, 0x3f, 0xff, 0xff, 0x10, 0x0, 0x0,
    0x0, 0x6, 0xff, 0xff, 0xfc, 0x0, 0x0, 0x8f,
    0xff, 0xff, 0x80, 0x0, 0x0, 0x0, 0x1e, 0xff,
    0xff, 0xff, 0x60, 0x1, 0xff, 0xff, 0xff, 0xe0,
    0x0, 0x0, 0x0, 0xcf, 0xff, 0xef, 0xff, 0xe1,
    0x9, 0xff, 0xfe, 0xff, 0xf9, 0x0, 0x0, 0xc,
    0xff, 0xfe, 0x2c, 0xff, 0x90, 0x5f, 0xff, 0xf2,
    0xef, 0xff, 0x60, 0x0, 0x9f, 0xff, 0xf5, 0x3,
    0xf7, 0x4, 0xff, 0xff, 0x80, 0x6f, 0xff, 0xf5,
    0x0, 0xc, 0xff, 0x70, 0x0, 0x30, 0x7f, 0xff,
    0xfc, 0x0, 0xc, 0xff, 0xff, 0xb1, 0x1, 0xe8,
    0x0, 0x0, 0xa, 0xff, 0xff, 0xd1, 0x0, 0x2,
    0xef, 0xff, 0xf4, 0x0, 0x10, 0x0, 0x0, 0x2,
    0xdf, 0xfd, 0x10, 0x0, 0x0, 0x2e, 0xff, 0x60,
    0x0, 0x0, 0x0, 0x0, 0x0, 0x1e, 0xa0, 0x0,
    0x0, 0x0, 0x2, 0xbb, 0x0, 0x0, 0x0, 0x0,
    0x0, 0x0, 0x1, 0x0, 0x0, 0x0, 0x0, 0x0,
    0x0, 0x0,

    /* U+6B63 "正" */
    0x1a, 0xaa, 0xaa, 0xaa, 0xaa, 0xaa, 0xaa, 0xaa,
    0xaa, 0xaa, 0xaa, 0xa3, 0x1, 0xff, 0xff, 0xff,
    0xff, 0xff, 0xff, 0xff, 0xff, 0xff, 0xff, 0xff,
    0x50, 0x1f, 0xff, 0xff, 0xff, 0xff, 0xff, 0xff,
    0xff, 0xff, 0xff, 0xff, 0xf5, 0x1, 0xff, 0xff,
    0xff, 0xff, 0xff, 0xff, 0xff, 0xff, 0xff, 0xff,
    0xff, 0x50, 0x0, 0x0, 0x0, 0x0, 0x0, 0x2f,
    0xff, 0xe0, 0x0, 0x0, 0x0, 0x0, 0x0, 0x0,
    0x0, 0x0, 0x0, 0x2, 0xff, 0xfe, 0x0, 0x0,
    0x0, 0x0, 0x0, 0x0, 0x0, 0x0, 0x0, 0x0,
    0x2f, 0xff, 0xe0, 0x0, 0x0, 0x0, 0x0, 0x0,
    0x0, 0x55, 0x55, 0x0, 0x2, 0xff, 0xfe, 0x0,
    0x0, 0x0, 0x0, 0x0, 0x0, 0xe, 0xff, 0xf0,
    0x0, 0x2f, 0xff, 0xe0, 0x0, 0x0, 0x0, 0x0,
    0x0, 0x0, 0xef, 0xff, 0x0, 0x2, 0xff, 0xff,
    0xff, 0xff, 0xff, 0xd0, 0x0, 0x0, 0xe, 0xff,
    0xf0, 0x0, 0x2f, 0xff, 0xff, 0xff, 0xff, 0xfd,
    0x0, 0x0, 0x0, 0xef, 0xff, 0x0, 0x2, 0xff,
    0xff, 0xff, 0xff, 0xff, 0xd0, 0x0, 0x0, 0xe,
    0xff, 0xf0, 0x0, 0x2f, 0xff, 0xfb, 0xbb, 0xbb,
    0xba, 0x0, 0x0, 0x0, 0xef, 0xff, 0x0, 0x2,
    0xff, 0xfe, 0x0, 0x0, 0x0, 0x0, 0x0, 0x0,
    0xe, 0xff, 0xf0, 0x0, 0x2f, 0xff, 0xe0, 0x0,
    0x0, 0x0, 0x0, 0x0, 0x0, 0xef, 0xff, 0x0,
    0x2, 0xff, 0xfe, 0x0, 0x0, 0x0, 0x0, 0x0,
    0x0, 0xe, 0xff, 0xf0, 0x0, 0x2f, 0xff, 0xe0,
    0x0, 0x0, 0x0, 0x0, 0x0, 0x0, 0xef, 0xff,
    0x0, 0x2, 0xff, 0xfe, 0x0, 0x0, 0x0, 0x0,
    0x0, 0x0, 0xf, 0xff, 0xf0, 0x0, 0x2f, 0xff,
    0xe0, 0x0, 0x0, 0x0, 0x0, 0xf, 0xff, 0xff,
    0xff, 0xff, 0xff, 0xff, 0xff, 0xff, 0xff, 0xff,
    0xff, 0xf0, 0xff, 0xff, 0xff, 0xff, 0xff, 0xff,
    0xff, 0xff, 0xff, 0xff, 0xff, 0xff, 0xf, 0xff,
    0xff, 0xff, 0xff, 0xff, 0xff, 0xff, 0xff, 0xff,
    0xff, 0xff, 0xf0, 0xaa, 0xaa, 0xaa, 0xaa, 0xaa,
    0xaa, 0xaa, 0xaa, 0xaa, 0xaa, 0xaa, 0xaa, 0x0,

    /* U+6CA1 "没" */
    0x0, 0x3, 0x92, 0x0, 0x0, 0x4, 0x77, 0x77,
    0x77, 0x77, 0x74, 0x0, 0x0, 0x0, 0x1e, 0xff,
    0xa2, 0x0, 0xa, 0xff, 0xff, 0xff, 0xff, 0xfa,
    0x0, 0x0, 0x0, 0xbf, 0xff, 0xff, 0x80, 0xa,
    0xff, 0xff, 0xff, 0xff, 0xfa, 0x0, 0x0, 0x0,
    0x3c, 0xff, 0xff, 0x60, 0xa, 0xff, 0xff, 0xff,
    0xff, 0xfa, 0x0, 0x0, 0x0, 0x0, 0x5e, 0xfb,
    0x0, 0xc, 0xff, 0xe0, 0x1, 0xff, 0xfa, 0x0,
    0x0, 0x0, 0x0, 0x1, 0x91, 0x0, 0x1f, 0xff,
    0xc0, 0x0, 0xff, 0xfa, 0x0, 0x0, 0x0, 0x0,
    0x0, 0x0, 0x0, 0xcf, 0xff, 0x70, 0x0, 0xff,
    0xfe, 0x99, 0xb4, 0x0, 0x85, 0x0, 0x0, 0x4d,
    0xff, 0xff, 0x10, 0x0, 0xdf, 0xff, 0xff, 0xf6,
    0x5, 0xff, 0xe6, 0x0, 0xcf, 0xff, 0xf5, 0x0,
    0x0, 0x8f, 0xff, 0xff, 0xf8, 0x2f, 0xff, 0xff,
    0xd3, 0xc, 0xff, 0x70, 0x0, 0x0, 0x8, 0xef,
    0xff, 0xf8, 0x8, 0xff, 0xff, 0xe1, 0x2, 0xa2,
    0x0, 0x0, 0x0, 0x0, 0x2, 0x10, 0x0, 0x0,
    0x1a, 0xff, 0x50, 0xc, 0xff, 0xff, 0xff, 0xff,
    0xff, 0xff, 0xd7, 0x0, 0x0, 0x0, 0x38, 0x0,
    0xc, 0xff, 0xff, 0xff, 0xff, 0xff, 0xff, 0xfe,
    0x0, 0x0, 0x0, 0x0, 0x20, 0xc, 0xff, 0xff,
    0xff, 0xff, 0xff, 0xff, 0xf9, 0x0, 0x0, 0x0,
    0x4, 0xf5, 0x5, 0x8c, 0xfd, 0x77, 0x77, 0x9f,
    0xff, 0xf3, 0x0, 0x0, 0x0, 0xd, 0xff, 0x60,
    0xef, 0xff, 0x50, 0x0, 0xcf, 0xff, 0xb0, 0x0,
    0x0, 0x0, 0x6f, 0xff, 0xa0, 0x5f, 0xff, 0xf5,
    0xa, 0xff, 0xff, 0x20, 0x0, 0x0, 0x0, 0xef,
    0xff, 0x20, 0x9, 0xff, 0xff, 0xdf, 0xff, 0xf5,
    0x0, 0x0, 0x0, 0x8, 0xff, 0xf9, 0x0, 0x0,
    0xbf, 0xff, 0xff, 0xff, 0x80, 0x0, 0x0, 0x0,
    0x2f, 0xff, 0xf1, 0x0, 0x0, 0x6f, 0xff, 0xff,
    0xff, 0x82, 0x0, 0x0, 0x0, 0xbf, 0xff, 0x90,
    0x36, 0xaf, 0xff, 0xff, 0xff, 0xff, 0xff, 0xd9,
    0x62, 0x4, 0xff, 0xff, 0x13, 0xff, 0xff, 0xff,
    0xff, 0xff, 0xff, 0xff, 0xff, 0xf4, 0x0, 0x7f,
    0xf8, 0x0, 0x9f, 0xff, 0xff, 0xc5, 0x5, 0xcf,
    0xff, 0xff, 0x70, 0x0, 0x3, 0xd0, 0x0, 0x1f,
    0xfd, 0x83, 0x0, 0x0, 0x4, 0x9d, 0xfc, 0x0,
    0x0, 0x0, 0x0, 0x0, 0x4, 0x10, 0x0, 0x0,
    0x0, 0x0, 0x0, 0x12, 0x0,

    /* U+6D88 "消" */
    0x0, 0x0, 0x0, 0x0, 0x0, 0x0, 0x0, 0x2,
    0x33, 0x30, 0x0, 0x0, 0x0, 0x0, 0x4, 0xd5,
    0x0, 0x0, 0x2, 0x20, 0xb, 0xff, 0xf0, 0x3,
    0x72, 0x0, 0x0, 0x2e, 0xff, 0xc3, 0x4, 0xbf,
    0xd0, 0xb, 0xff, 0xf0, 0x9, 0xff, 0xc3, 0x0,
    0xbf, 0xff, 0xff, 0x7a, 0xff, 0xf7, 0xb, 0xff,
    0xf0, 0xf, 0xff, 0xf1, 0x0, 0x8, 0xff, 0xff,
    0x72, 0xff, 0xfe, 0xb, 0xff, 0xf0, 0x6f, 0xff,
    0x90, 0x0, 0x0, 0x2d, 0xfa, 0x0, 0x9f, 0xff,
    0x6b, 0xff, 0xf1, 0xdf, 0xff, 0x20, 0x0, 0x0,
    0x0, 0x90, 0x0, 0x3f, 0xfa, 0x3b, 0xff, 0xf2,
    0x8e, 0xf9, 0x0, 0x0, 0x0, 0x0, 0x0, 0x0,
    0x8, 0x30, 0xc, 0xff, 0xf1, 0x0, 0x52, 0x0,
    0x0, 0x9d, 0x50, 0x0, 0x1, 0xff, 0xff, 0xff,
    0xff, 0xff, 0xff, 0xff, 0x40, 0x6, 0xff, 0xfd,
    0x30, 0x1, 0xff, 0xff, 0xff, 0xff, 0xff, 0xff,
    0xff, 0x40, 0xd, 0xff, 0xff, 0xf6, 0x1, 0xff,
    0xff, 0xff, 0xff, 0xff, 0xff, 0xff, 0x40, 0x0,
    0x8f, 0xff, 0xf4, 0x1, 0xff, 0xfc, 0x77, 0x77,
    0x77, 0xaf, 0xff, 0x40, 0x0, 0x2, 0xdf, 0x70,
    0x1, 0xff, 0xf9, 0x11, 0x11, 0x11, 0x7f, 0xff,
    0x40, 0x0, 0x0, 0x7, 0x0, 0x1, 0xff, 0xff,
    0xff, 0xff, 0xff, 0xff, 0xff, 0x40, 0x0, 0x0,
    0x0, 0x0, 0x1, 0xff, 0xff, 0xff, 0xff, 0xff,
    0xff, 0xff, 0x40, 0x0, 0x0, 0x6, 0xc1, 0x1,
    0xff, 0xff, 0xff, 0xff, 0xff, 0xff, 0xff, 0x40,
    0x0, 0x0, 0xe, 0xfd, 0x21, 0xff, 0xf9, 0x0,
    0x0, 0x0, 0x6f, 0xff, 0x40, 0x0, 0x0, 0x7f,
    0xff, 0x91, 0xff, 0xfb, 0x44, 0x44, 0x44, 0x9f,
    0xff, 0x40, 0x0, 0x0, 0xef, 0xff, 0x11, 0xff,
    0xff, 0xff, 0xff, 0xff, 0xff, 0xff, 0x40, 0x0,
    0x8, 0xff, 0xf9, 0x1, 0xff, 0xff, 0xff, 0xff,
    0xff, 0xff, 0xff, 0x40, 0x0, 0x2f, 0xff, 0xf1,
    0x1, 0xff, 0xff, 0xdd, 0xdd, 0xdd, 0xef, 0xff,
    0x40, 0x0, 0xbf, 0xff, 0x90, 0x1, 0xff, 0xf9,
    0x0, 0x4, 0x76, 0xbf, 0xff, 0x40, 0x4, 0xff,
    0xff, 0x10, 0x1, 0xff, 0xf9, 0x0, 0x5, 0xff,
    0xff, 0xff, 0x10, 0x0, 0x5f, 0xf9, 0x0, 0x1,
    0xff, 0xf9, 0x0, 0x0, 0xff, 0xff, 0xfd, 0x0,
    0x0, 0x2, 0xb1, 0x0, 0x1, 0xff, 0xf9, 0x0,
    0x0, 0xcf, 0xfc, 0x81, 0x0, 0x0, 0x0, 0x0,
    0x0, 0x0, 0x0, 0x0, 0x0, 0x0, 0x0, 0x0,
    0x0, 0x0,

    /* U+6DFB "添" */
    0x0, 0x0, 0x0, 0x0, 0x0, 0x0, 0x0, 0x0,
    0x0, 0x0, 0x0, 0x0, 0x0, 0x0, 0xb, 0xc4,
    0x0, 0x0, 0x0, 0x0, 0x0, 0x0, 0x0, 0x0,
    0x0, 0x0, 0x0, 0x7f, 0xff, 0xc2, 0x3f, 0xff,
    0xff, 0xff, 0xff, 0xff, 0xff, 0xff, 0x10, 0x1,
    0xff, 0xff, 0xfd, 0x4f, 0xff, 0xff, 0xff, 0xff,
    0xff, 0xff, 0xff, 0x10, 0x0, 0x1a, 0xff, 0xf3,
    0x3f, 0xff, 0xff, 0xff, 0xff, 0xff, 0xff, 0xff,
    0x10, 0x0, 0x0, 0x3e, 0x70, 0x17, 0x77, 0x7d,
    0xff, 0xf9, 0x77, 0x77, 0x77, 0x0, 0x0, 0x0,
    0x1, 0x0, 0x0, 0x0, 0xf, 0xff, 0xf0, 0x0,
    0x0, 0x0, 0x0, 0x0, 0x10, 0x0, 0x7, 0xff,
    0xff, 0xff, 0xff, 0xff, 0xff, 0xff, 0xff, 0xf1,
    0x1, 0xec, 0x50, 0x7, 0xff, 0xff, 0xff, 0xff,
    0xff, 0xff, 0xff, 0xff, 0xf1, 0xc, 0xff, 0xfc,
    0x27, 0xff, 0xff, 0xff, 0xff, 0xff, 0xff, 0xff,
    0xff, 0xf1, 0x4f, 0xff, 0xff, 0x74, 0x88, 0xbf,
    0xff, 0xf9, 0x8d, 0xff, 0xfd, 0x88, 0x80, 0x1,
    0x8f, 0xfb, 0x0, 0x3, 0xef, 0xff, 0x80, 0x2,
    0xff, 0xff, 0x90, 0x0, 0x0, 0x2, 0xa0, 0x0,
    0x6f, 0xff, 0xff, 0x65, 0x40, 0x5f, 0xff, 0xfe,
    0x81, 0x0, 0x0, 0x0, 0x3d, 0xff, 0xff, 0xcd,
    0xff, 0xb0, 0x6, 0xff, 0xff, 0xe2, 0x0, 0x0,
    0x41, 0xd, 0xff, 0xfb, 0xb, 0xff, 0xb0, 0x0,
    0x3e, 0xff, 0x30, 0x0, 0x0, 0xdf, 0x51, 0xef,
    0xd1, 0xb, 0xff, 0xb0, 0x21, 0x9f, 0xf7, 0x0,
    0x0, 0x4, 0xff, 0xf7, 0x4a, 0xff, 0x8b, 0xff,
    0xed, 0xf7, 0xff, 0xf7, 0x0, 0x0, 0xa, 0xff,
    0xf3, 0xe, 0xff, 0x6b, 0xff, 0xff, 0xf8, 0xcf,
    0xfe, 0x0, 0x0, 0x1f, 0xff, 0xd0, 0x8f, 0xff,
    0x1b, 0xff, 0xef, 0xfe, 0x4f, 0xff, 0x70, 0x0,
    0x8f, 0xff, 0x75, 0xff, 0xf9, 0xb, 0xff, 0xbe,
    0xff, 0x3c, 0xff, 0xd0, 0x0, 0xef, 0xff, 0x1c,
    0xff, 0xe1, 0xb, 0xff, 0xb9, 0xff, 0x85, 0xff,
    0xf4, 0x7, 0xff, 0xfa, 0x0, 0x9f, 0x54, 0x4d,
    0xff, 0xa5, 0xe8, 0x10, 0xfe, 0x60, 0xe, 0xff,
    0xf4, 0x0, 0x3, 0xe, 0xff, 0xff, 0x90, 0x0,
    0x0, 0x40, 0x0, 0x2, 0xbf, 0xd0, 0x0, 0x0,
    0x9, 0xff, 0xff, 0x50, 0x0, 0x0, 0x0, 0x0,
    0x0, 0x4, 0x60, 0x0, 0x0, 0x5, 0xff, 0xc6,
    0x0, 0x0, 0x0, 0x0, 0x0, 0x0, 0x0, 0x0,
    0x0, 0x0, 0x0, 0x0, 0x0, 0x0, 0x0, 0x0,
    0x0, 0x0,

    /* U+6E05 "清" */
    0x0, 0x0, 0x0, 0x0, 0x0, 0x0, 0x0, 0x33,
    0x33, 0x0, 0x0, 0x0, 0x0, 0x0, 0x3, 0x40,
    0x0, 0x0, 0x0, 0x0, 0xdf, 0xfe, 0x0, 0x0,
    0x0, 0x0, 0x0, 0x2e, 0xfb, 0x20, 0x69, 0x99,
    0x99, 0xef, 0xff, 0x99, 0x99, 0x98, 0x0, 0x1,
    0xdf, 0xff, 0xf7, 0xaf, 0xff, 0xff, 0xff, 0xff,
    0xff, 0xff, 0xfe, 0x0, 0x0, 0x8f, 0xff, 0xfb,
    0xaf, 0xff, 0xff, 0xff, 0xff, 0xff, 0xff, 0xfe,
    0x0, 0x0, 0x2, 0xdf, 0xd0, 0x4, 0x44, 0x44,
    0xef, 0xfe, 0x44, 0x44, 0x41, 0x0, 0x0, 0x0,
    0x9, 0x20, 0xe, 0xff, 0xff, 0xff, 0xff, 0xff,
    0xff, 0xf2, 0x0, 0x0, 0x0, 0x0, 0x0, 0xe,
    0xff, 0xff, 0xff, 0xff, 0xff, 0xff, 0xf2, 0x0,
    0x1, 0xda, 0x20, 0x0, 0x14, 0x44, 0x44, 0xef,
    0xfe, 0x44, 0x44, 0x42, 0x10, 0xb, 0xff, 0xf8,
    0x9, 0xff, 0xff, 0xff, 0xff, 0xff, 0xff, 0xff,
    0xff, 0xf1, 0x4f, 0xff, 0xff, 0xda, 0xff, 0xff,
    0xff, 0xff, 0xff, 0xff, 0xff, 0xff, 0xf1, 0x3,
    0xcf, 0xff, 0x75, 0x88, 0x88, 0x88, 0x88, 0x88,
    0x88, 0x88, 0x88, 0x80, 0x0, 0x7, 0xfb, 0x0,
    0x9, 0xbb, 0xbb, 0xbb, 0xbb, 0xbb, 0xbb, 0xb1,
    0x0, 0x0, 0x0, 0x41, 0x0, 0xc, 0xff, 0xff,
    0xff, 0xff, 0xff, 0xff, 0xf1, 0x0, 0x0, 0x0,
    0x12, 0x0, 0xc, 0xff, 0xff, 0xff, 0xff, 0xff,
    0xff, 0xf1, 0x0, 0x0, 0x0, 0x7f, 0x60, 0xc,
    0xff, 0xc3, 0x33, 0x33, 0x39, 0xff, 0xf1, 0x0,
    0x0, 0x0, 0xef, 0xfa, 0xc, 0xff, 0xff, 0xff,
    0xff, 0xff, 0xff, 0xf1, 0x0, 0x0, 0x5, 0xff,
    0xfb, 0xc, 0xff, 0xff, 0xff, 0xff, 0xff, 0xff,
    0xf1, 0x0, 0x0, 0xc, 0xff, 0xf4, 0xc, 0xff,
    0xb3, 0x33, 0x33, 0x38, 0xff, 0xf1, 0x0, 0x0,
    0x4f, 0xff, 0xd0, 0xc, 0xff, 0xff, 0xff, 0xff,
    0xff, 0xff, 0xf1, 0x0, 0x0, 0xcf, 0xff, 0x60,
    0xc, 0xff, 0xff, 0xff, 0xff, 0xff, 0xff, 0xf1,
    0x0, 0x4, 0xff, 0xfe, 0x0, 0xc, 0xff, 0xea,
    0xaa, 0xbc, 0xce, 0xff, 0xf1, 0x0, 0x4, 0xef,
    0xf8, 0x0, 0xc, 0xff, 0xa0, 0x0, 0x2f, 0xff,
    0xff, 0xf0, 0x0, 0x0, 0x8, 0xf1, 0x0, 0xc,
    0xff, 0xa0, 0x0, 0xc, 0xff, 0xff, 0xc0, 0x0,
    0x0, 0x0, 0x10, 0x0, 0xc, 0xff, 0xa0, 0x0,
    0x8, 0xff, 0xc8, 0x10, 0x0,

    /* U+6E38 "游" */
    0x0, 0x0, 0x0, 0x0, 0x0, 0x2, 0x30, 0x0,
    0x0, 0x0, 0x0, 0x0, 0x0, 0x0, 0x9, 0x60,
    0x0, 0x6, 0xcf, 0xe0, 0x0, 0xe, 0xda, 0x50,
    0x0, 0x0, 0x0, 0x8f, 0xfd, 0x50, 0xd, 0xff,
    0xf8, 0x0, 0x2f, 0xff, 0x70, 0x0, 0x0, 0x4,
    0xff, 0xff, 0xf6, 0x4, 0xff, 0xfc, 0x0, 0x5f,
    0xff, 0x74, 0x44, 0x40, 0x0, 0x8f, 0xff, 0xfa,
    0x99, 0xff, 0xd9, 0x99, 0x9f, 0xff, 0xff, 0xff,
    0xf2, 0x0, 0x2, 0xcf, 0x6f, 0xff, 0xff, 0xff,
    0xff, 0xef, 0xff, 0xff, 0xff, 0xf2, 0x0, 0x0,
    0x2, 0x4f, 0xff, 0xff, 0xff, 0xff, 0xff, 0xff,
    0xff, 0xff, 0xf2, 0x0, 0x10, 0x0, 0x4f, 0xff,
    0xff, 0xff, 0xff, 0xff, 0xf5, 0x44, 0x44, 0x40,
    0x0, 0xdd, 0x50, 0x0, 0xbf, 0xfc, 0x0, 0x3f,
    0xff, 0xd5, 0x55, 0x55, 0x0, 0xa, 0xff, 0xfd,
    0x40, 0xbf, 0xfb, 0x0, 0x3, 0xbf, 0xff, 0xff,
    0xff, 0xb1, 0x2e, 0xff, 0xff, 0x50, 0xcf, 0xff,
    0xff, 0xff, 0x1d, 0xff, 0xff, 0xff, 0xe1, 0x1,
    0x9f, 0xf9, 0x0, 0xcf, 0xff, 0xff, 0xff, 0x9,
    0xbc, 0xff, 0xff, 0x20, 0x0, 0x3, 0xb0, 0x0,
    0xdf, 0xff, 0xff, 0xff, 0x0, 0xc, 0xff, 0xf5,
    0x0, 0x0, 0x0, 0x0, 0x0, 0xff, 0xfa, 0xbf,
    0xff, 0x0, 0xe, 0xff, 0xa0, 0x0, 0x0, 0x0,
    0x0, 0x1, 0xff, 0xf4, 0x7f, 0xfe, 0x11, 0x1e,
    0xff, 0x91, 0x10, 0x0, 0x6, 0xd3, 0x2, 0xff,
    0xf2, 0x8f, 0xfd, 0xcf, 0xff, 0xff, 0xff, 0xf4,
    0x0, 0xb, 0xff, 0x85, 0xff, 0xf0, 0x9f, 0xfc,
    0xcf, 0xff, 0xff, 0xff, 0xf4, 0x0, 0x1f, 0xff,
    0xaa, 0xff, 0xd0, 0xaf, 0xfb, 0xcf, 0xff, 0xff,
    0xff, 0xf4, 0x0, 0x6f, 0xff, 0x5e, 0xff, 0x90,
    0xbf, 0xfa, 0x23, 0x3f, 0xff, 0xa3, 0x30, 0x0,
    0xcf, 0xff, 0x3f, 0xff, 0x40, 0xdf, 0xf9, 0x0,
    0xe, 0xff, 0x80, 0x0, 0x2, 0xff, 0xfb, 0xbf,
    0xfe, 0x0, 0xff, 0xf7, 0x0, 0xe, 0xff, 0x80,
    0x0, 0x9, 0xff, 0xfb, 0xff, 0xfc, 0x59, 0xff,
    0xf5, 0x23, 0x3f, 0xff, 0x80, 0x0, 0xf, 0xff,
    0xfd, 0xff, 0xf4, 0xff, 0xff, 0xf2, 0x6f, 0xff,
    0xff, 0x70, 0x0, 0x7, 0xff, 0xa2, 0xdf, 0xa0,
    0xdf, 0xff, 0xb0, 0x1f, 0xff, 0xff, 0x30, 0x0,
    0x0, 0x18, 0x40, 0x1c, 0x10, 0xaf, 0xe9, 0x0,
    0xe, 0xff, 0xc6, 0x0, 0x0, 0x0, 0x0, 0x0,
    0x0, 0x0, 0x0, 0x0, 0x0, 0x1, 0x10, 0x0,
    0x0, 0x0,

    /* U+6EE1 "满" */
    0x0, 0x0, 0x0, 0x0, 0x0, 0x0, 0x0, 0x0,
    0x0, 0x0, 0x0, 0x0, 0x0, 0x0, 0x0, 0x20,
    0x0, 0x0, 0xd, 0xff, 0x90, 0x1, 0xff, 0xf6,
    0x0, 0x0, 0x0, 0xc, 0xf7, 0x0, 0x33, 0x3e,
    0xff, 0xb3, 0x34, 0xff, 0xf8, 0x33, 0x20, 0x0,
    0xbf, 0xff, 0xc5, 0xff, 0xff, 0xff, 0xff, 0xff,
    0xff, 0xff, 0xff, 0x90, 0x0, 0xaf, 0xff, 0xff,
    0xff, 0xff, 0xff, 0xff, 0xff, 0xff, 0xff, 0xff,
    0x90, 0x0, 0x6, 0xff, 0xf8, 0xee, 0xef, 0xff,
    0xfe, 0xee, 0xff, 0xff, 0xee, 0x80, 0x0, 0x0,
    0x3e, 0x60, 0x0, 0xd, 0xff, 0x90, 0x1, 0xff,
    0xf6, 0x0, 0x0, 0x0, 0x0, 0x1, 0x1, 0x33,
    0x37, 0x77, 0x63, 0x33, 0x77, 0x75, 0x33, 0x30,
    0x0, 0x30, 0x0, 0x9, 0xff, 0xff, 0xff, 0xff,
    0xff, 0xff, 0xff, 0xff, 0xf1, 0x4, 0xfe, 0x50,
    0x9, 0xff, 0xff, 0xff, 0xff, 0xff, 0xff, 0xff,
    0xff, 0xf1, 0x3f, 0xff, 0xfb, 0x18, 0xee, 0xee,
    0xef, 0xff, 0xef, 0xff, 0xee, 0xee, 0xe1, 0x2c,
    0xff, 0xff, 0x80, 0x11, 0x11, 0x5f, 0xfb, 0x1a,
    0xff, 0x51, 0x11, 0x10, 0x0, 0x7f, 0xfb, 0x3,
    0xff, 0xff, 0xff, 0xff, 0xff, 0xff, 0xff, 0xff,
    0xa0, 0x0, 0x3, 0xb0, 0x3, 0xff, 0xff, 0xff,
    0xff, 0xff, 0xff, 0xff, 0xff, 0xa0, 0x0, 0x0,
    0x4, 0x3, 0xff, 0xff, 0xff, 0xff, 0xff, 0xff,
    0xff, 0xff, 0xa0, 0x0, 0x0, 0x4f, 0x84, 0xff,
    0xf7, 0x7f, 0xf9, 0x1d, 0xff, 0x2c, 0xff, 0xa0,
    0x0, 0x0, 0xcf, 0xfe, 0xff, 0xf5, 0x9f, 0xfe,
    0x4f, 0xff, 0x4b, 0xff, 0xa0, 0x0, 0x4, 0xff,
    0xff, 0xff, 0xf5, 0xcf, 0xff, 0xff, 0xff, 0xed,
    0xff, 0xa0, 0x0, 0xc, 0xff, 0xf9, 0xff, 0xf9,
    0xff, 0xff, 0xff, 0xff, 0xff, 0xff, 0xa0, 0x0,
    0x5f, 0xff, 0xd4, 0xff, 0xff, 0xff, 0xa7, 0xff,
    0xff, 0xff, 0xff, 0xa0, 0x0, 0xef, 0xff, 0x53,
    0xff, 0xfa, 0xff, 0x38, 0xff, 0xb9, 0x7b, 0xff,
    0xa0, 0x8, 0xff, 0xfd, 0x3, 0xff, 0xf5, 0x27,
    0x0, 0x6f, 0x30, 0xb, 0xff, 0xa0, 0xb, 0xff,
    0xf5, 0x3, 0xff, 0xf5, 0x0, 0x0, 0x1, 0x2,
    0x4d, 0xff, 0xa0, 0x0, 0x6f, 0xd0, 0x3, 0xff,
    0xf5, 0x0, 0x0, 0x0, 0x6, 0xff, 0xff, 0x80,
    0x0, 0x2, 0x30, 0x3, 0xff, 0xf5, 0x0, 0x0,
    0x0, 0x0, 0xff, 0xea, 0x0, 0x0, 0x0, 0x0,
    0x0, 0x0, 0x0, 0x0, 0x0, 0x0, 0x0, 0x0,
    0x0, 0x0,

    /* U+70B9 "点" */
    0x0, 0x0, 0x0, 0x0, 0x0, 0x0, 0x0, 0x0,
    0x0, 0x0, 0x0, 0x0, 0x0, 0x0, 0x0, 0x0,
    0x0, 0x0, 0xc, 0xff, 0xf1, 0x0, 0x0, 0x0,
    0x0, 0x0, 0x0, 0x0, 0x0, 0x0, 0x0, 0xc,
    0xff, 0xf2, 0x0, 0x0, 0x0, 0x0, 0x0, 0x0,
    0x0, 0x0, 0x0, 0x0, 0xc, 0xff, 0xff, 0xff,
    0xff, 0xff, 0xfe, 0x0, 0x0, 0x0, 0x0, 0x0,
    0x0, 0xc, 0xff, 0xff, 0xff, 0xff, 0xff, 0xfe,
    0x0, 0x0, 0x0, 0x0, 0x0, 0x0, 0xc, 0xff,
    0xff, 0xff, 0xff, 0xff, 0xfe, 0x0, 0x0, 0x0,
    0x0, 0x0, 0x0, 0xc, 0xff, 0xf8, 0x77, 0x77,
    0x77, 0x76, 0x0, 0x0, 0x0, 0x0, 0x0, 0x0,
    0xc, 0xff, 0xf1, 0x0, 0x0, 0x0, 0x0, 0x0,
    0x0, 0x0, 0x88, 0x88, 0x88, 0x8e, 0xff, 0xf9,
    0x88, 0x88, 0x88, 0x50, 0x0, 0x0, 0x1, 0xff,
    0xff, 0xff, 0xff, 0xff, 0xff, 0xff, 0xff, 0xff,
    0xa0, 0x0, 0x0, 0x1, 0xff, 0xff, 0xff, 0xff,
    0xff, 0xff, 0xff, 0xff, 0xff, 0xa0, 0x0, 0x0,
    0x1, 0xff, 0xff, 0xff, 0xff, 0xff, 0xff, 0xff,
    0xff, 0xff, 0xa0, 0x0, 0x0, 0x1, 0xff, 0xf8,
    0x0, 0x0, 0x0, 0x0, 0x0, 0x3f, 0xff, 0xa0,
    0x0, 0x0, 0x1, 0xff, 0xf8, 0x0, 0x0, 0x0,
    0x0, 0x0, 0x3f, 0xff, 0xa0, 0x0, 0x0, 0x1,
    0xff, 0xfc, 0x88, 0x88, 0x88, 0x88, 0x88, 0xaf,
    0xff, 0xa0, 0x0, 0x0, 0x1, 0xff, 0xff, 0xff,
    0xff, 0xff, 0xff, 0xff, 0xff, 0xff, 0xa0, 0x0,
    0x0, 0x1, 0xff, 0xff, 0xff, 0xff, 0xff, 0xff,
    0xff, 0xff, 0xff, 0xa0, 0x0, 0x0, 0x1, 0xff,
    0xff, 0xff, 0xff, 0xff, 0xff, 0xff, 0xff, 0xff,
    0xa0, 0x0, 0x0, 0x1, 0x20, 0x0, 0x0, 0x0,
    0x0, 0x0, 0x0, 0x0, 0x4, 0x30, 0x0, 0x0,
    0x9, 0xfe, 0xa2, 0x35, 0x77, 0x1, 0x69, 0xd5,
    0x8, 0xef, 0xd0, 0x0, 0x0, 0x1f, 0xff, 0xf1,
    0xbf, 0xff, 0x2, 0xff, 0xfb, 0x8, 0xff, 0xf8,
    0x0, 0x0, 0x9f, 0xff, 0x90, 0x9f, 0xff, 0x20,
    0xcf, 0xff, 0x20, 0xdf, 0xff, 0x20, 0x4, 0xff,
    0xff, 0x30, 0x7f, 0xff, 0x50, 0x6f, 0xff, 0x80,
    0x4f, 0xff, 0xa0, 0x1e, 0xff, 0xf9, 0x0, 0x5f,
    0xff, 0x60, 0x1f, 0xff, 0xd0, 0xc, 0xff, 0xf2,
    0x2, 0x9f, 0xd1, 0x0, 0x4f, 0xff, 0x80, 0xd,
    0xfb, 0x70, 0x4, 0xfc, 0x60, 0x0, 0x1, 0x20,
    0x0, 0x15, 0x31, 0x0, 0x1, 0x0, 0x0, 0x0,
    0x30, 0x0,

    /* U+70ED "热" */
    0x0, 0x0, 0x45, 0x54, 0x0, 0x0, 0x4, 0x77,
    0x70, 0x0, 0x0, 0x0, 0x0, 0x0, 0x0, 0xaf,
    0xfc, 0x0, 0x0, 0x8, 0xff, 0xf0, 0x0, 0x0,
    0x0, 0x0, 0x0, 0x0, 0xaf, 0xfc, 0x0, 0x0,
    0x9, 0xff, 0xf0, 0x0, 0x0, 0x0, 0x0, 0x0,
    0x0, 0xbf, 0xfc, 0x0, 0x0, 0x9, 0xff, 0xf0,
    0x0, 0x0, 0x0, 0x0, 0xd, 0xff, 0xff, 0xff,
    0xff, 0x9e, 0xef, 0xff, 0xfe, 0xee, 0xee, 0x10,
    0x0, 0xd, 0xff, 0xff, 0xff, 0xff, 0x9f, 0xff,
    0xff, 0xff, 0xff, 0xff, 0x10, 0x0, 0xd, 0xff,
    0xff, 0xff, 0xff, 0x9f, 0xff, 0xff, 0xff, 0xff,
    0xff, 0x0, 0x0, 0x5, 0x66, 0xcf, 0xfd, 0x66,
    0x33, 0x3d, 0xff, 0xc3, 0x8f, 0xff, 0x0, 0x0,
    0x0, 0x0, 0xaf, 0xfd, 0x59, 0x0, 0xd, 0xff,
    0x90, 0x7f, 0xfe, 0x0, 0x0, 0x0, 0x15, 0xdf,
    0xff, 0xff, 0x25, 0x7f, 0xff, 0x70, 0x7f, 0xfe,
    0x0, 0x0, 0x5e, 0xff, 0xff, 0xff, 0xff, 0x6f,
    0xff, 0xff, 0x50, 0x7f, 0xfd, 0x0, 0x0, 0x4f,
    0xff, 0xff, 0xff, 0xff, 0xef, 0xff, 0xff, 0x40,
    0x6f, 0xfd, 0x0, 0x0, 0x1f, 0xff, 0xff, 0xfd,
    0x30, 0x2b, 0xff, 0xff, 0xf8, 0x6f, 0xfc, 0x20,
    0x0, 0xb, 0x95, 0xbf, 0xfc, 0x0, 0x6, 0xff,
    0xff, 0xff, 0xff, 0xfd, 0x7e, 0x60, 0x0, 0x0,
    0xaf, 0xfc, 0x0, 0x2f, 0xff, 0xff, 0xff, 0x8f,
    0xfe, 0x9f, 0xf4, 0x4, 0xdd, 0xff, 0xfa, 0x4,
    0xef, 0xff, 0x95, 0xeb, 0xf, 0xff, 0xff, 0xf1,
    0x0, 0xff, 0xff, 0xf8, 0xa, 0xff, 0xfd, 0x0,
    0x22, 0x9, 0xff, 0xff, 0xc0, 0x0, 0xbf, 0xff,
    0xc0, 0x0, 0xbf, 0xe3, 0x0, 0x0, 0x1, 0xcf,
    0xfe, 0x30, 0x0, 0x48, 0x62, 0x0, 0x0, 0x1c,
    0x10, 0x0, 0x0, 0x0, 0x5, 0x30, 0x0, 0x0,
    0xc, 0xfb, 0x70, 0x2, 0x33, 0x0, 0x36, 0x80,
    0x6, 0xdf, 0x80, 0x0, 0x0, 0x5f, 0xff, 0xd0,
    0xef, 0xfb, 0x8, 0xff, 0xf4, 0x2f, 0xff, 0xf3,
    0x0, 0x0, 0xdf, 0xff, 0x50, 0xcf, 0xfe, 0x4,
    0xff, 0xf9, 0x8, 0xff, 0xfd, 0x0, 0x7, 0xff,
    0xfd, 0x0, 0xaf, 0xff, 0x0, 0xff, 0xfe, 0x0,
    0xef, 0xff, 0x60, 0x2f, 0xff, 0xf4, 0x0, 0x9f,
    0xff, 0x20, 0xcf, 0xff, 0x20, 0x6f, 0xff, 0xe0,
    0x6, 0xcf, 0xb0, 0x0, 0x8f, 0xec, 0x20, 0x9d,
    0xa7, 0x10, 0xe, 0xf8, 0x10, 0x0, 0x3, 0x20,
    0x0, 0x10, 0x0, 0x0, 0x0, 0x0, 0x0, 0x3,
    0x0, 0x0,

    /* U+7248 "版" */
    0x0, 0x0, 0x0, 0x3, 0x33, 0x0, 0x0, 0x0,
    0x0, 0x0, 0x0, 0x0, 0x0, 0x0, 0x67, 0x74,
    0x3f, 0xff, 0x20, 0x0, 0x0, 0x23, 0x57, 0xac,
    0xfa, 0x0, 0x0, 0xef, 0xf8, 0x3f, 0xff, 0x20,
    0x8d, 0xff, 0xff, 0xff, 0xff, 0xff, 0x40, 0x0,
    0xef, 0xf8, 0x3f, 0xff, 0x20, 0xaf, 0xff, 0xff,
    0xff, 0xff, 0xff, 0xd0, 0x0, 0xef, 0xf8, 0x3f,
    0xff, 0x20, 0xaf, 0xff, 0xff, 0xff, 0xec, 0x97,
    0x40, 0x0, 0xef, 0xf8, 0x3f, 0xff, 0x20, 0xaf,
    0xff, 0x42, 0x10, 0x0, 0x0, 0x0, 0x0, 0xef,
    0xf8, 0x3f, 0xff, 0x20, 0xaf, 0xfe, 0x0, 0x0,
    0x0, 0x0, 0x0, 0x0, 0xef, 0xfc, 0xaf, 0xff,
    0x95, 0xaf, 0xff, 0x44, 0x44, 0x44, 0x52, 0x0,
    0x0, 0xef, 0xff, 0xff, 0xff, 0xfa, 0xaf, 0xff,
    0xff, 0xff, 0xff, 0xff, 0xc0, 0x0, 0xef, 0xff,
    0xff, 0xff, 0xfa, 0xaf, 0xff, 0xff, 0xff, 0xff,
    0xff, 0xb0, 0x0, 0xef, 0xfe, 0xcc, 0xcc, 0xc8,
    0xaf, 0xff, 0xff, 0xff, 0xff, 0xff, 0x90, 0x0,
    0xef, 0xf8, 0x0, 0x0, 0x0, 0xbf, 0xff, 0xff,
    0x51, 0x4f, 0xff, 0x60, 0x0, 0xef, 0xf8, 0x0,
    0x0, 0x0, 0xbf, 0xff, 0xff, 0x90, 0x6f, 0xff,
    0x30, 0x0, 0xef, 0xff, 0xff, 0xff, 0x70, 0xbf,
    0xff, 0xff, 0xe0, 0xbf, 0xff, 0x0, 0x0, 0xff,
    0xff, 0xff, 0xff, 0x70, 0xcf, 0xfd, 0xef, 0xf5,
    0xff, 0xfb, 0x0, 0x0, 0xff, 0xff, 0xff, 0xff,
    0x70, 0xef, 0xfb, 0x8f, 0xfe, 0xff, 0xf6, 0x0,
    0x1, 0xff, 0xf9, 0x5e, 0xff, 0x70, 0xff, 0xfa,
    0x2f, 0xff, 0xff, 0xf1, 0x0, 0x2, 0xff, 0xf3,
    0xe, 0xff, 0x71, 0xff, 0xf8, 0xb, 0xff, 0xff,
    0xb0, 0x0, 0x5, 0xff, 0xf1, 0xe, 0xff, 0x74,
    0xff, 0xf6, 0x5, 0xff, 0xff, 0x30, 0x0, 0x7,
    0xff, 0xf0, 0xe, 0xff, 0x77, 0xff, 0xf3, 0xb,
    0xff, 0xff, 0x40, 0x0, 0xa, 0xff, 0xd0, 0xe,
    0xff, 0x7b, 0xff, 0xf1, 0xaf, 0xff, 0xff, 0xf3,
    0x0, 0xf, 0xff, 0xa0, 0xe, 0xff, 0x9f, 0xff,
    0xed, 0xff, 0xff, 0xff, 0xff, 0x60, 0x5f, 0xff,
    0x50, 0xe, 0xff, 0xef, 0xff, 0xff, 0xff, 0xf8,
    0xdf, 0xff, 0xf2, 0x1b, 0xff, 0x0, 0xe, 0xff,
    0xdf, 0xff, 0x4f, 0xff, 0x70, 0x1c, 0xff, 0x40,
    0x0, 0x98, 0x0, 0xe, 0xff, 0x72, 0xda, 0x6,
    0xd4, 0x0, 0x1, 0xc7, 0x0, 0x0, 0x0, 0x0,
    0x0, 0x0, 0x0, 0x2, 0x0, 0x0, 0x0, 0x0,
    0x0, 0x0,

    /* U+724C "牌" */
    0x0, 0x0, 0x0, 0x13, 0x32, 0x0, 0x0, 0x0,
    0x20, 0x0, 0x0, 0x0, 0x0, 0x0, 0x77, 0x71,
    0x5f, 0xfe, 0x0, 0x0, 0x0, 0xff, 0xdb, 0x20,
    0x0, 0x0, 0x0, 0xff, 0xf3, 0x5f, 0xfe, 0x0,
    0x0, 0x3, 0xff, 0xfb, 0x0, 0x0, 0x0, 0x0,
    0xff, 0xf3, 0x5f, 0xfe, 0x4, 0xdd, 0xde, 0xff,
    0xfe, 0xdd, 0xdd, 0x60, 0x0, 0xff, 0xf3, 0x5f,
    0xfe, 0x5, 0xff, 0xff, 0xff, 0xff, 0xff, 0xff,
    0x70, 0x0, 0xff, 0xf3, 0x5f, 0xfe, 0x5, 0xff,
    0xff, 0xff, 0xff, 0xff, 0xff, 0x70, 0x0, 0xff,
    0xf3, 0x5f, 0xfe, 0x5, 0xff, 0xe0, 0xbf, 0xf6,
    0xf, 0xff, 0x70, 0x0, 0xff, 0xfc, 0xcf, 0xff,
    0xa7, 0xff, 0xff, 0xff, 0xff, 0xff, 0xff, 0x70,
    0x0, 0xff, 0xff, 0xff, 0xff, 0xf7, 0xff, 0xff,
    0xff, 0xff, 0xff, 0xff, 0x70, 0x0, 0xff, 0xff,
    0xff, 0xff, 0xf7, 0xff, 0xf9, 0xef, 0xfc, 0x9f,
    0xff, 0x70, 0x0, 0xff, 0xfa, 0x99, 0x99, 0x97,
    0xff, 0xe0, 0xdf, 0xf5, 0xf, 0xff, 0x70, 0x0,
    0xff, 0xf3, 0x0, 0x0, 0x5, 0xff, 0xff, 0xff,
    0xff, 0xff, 0xff, 0x70, 0x0, 0xff, 0xf3, 0x0,
    0x0, 0x5, 0xff, 0xff, 0xff, 0xff, 0xff, 0xff,
    0x70, 0x0, 0xff, 0xfe, 0xdd, 0xdd, 0x34, 0xcc,
    0xdf, 0xff, 0xff, 0xff, 0xcc, 0x50, 0x1, 0xff,
    0xff, 0xff, 0xff, 0x30, 0x4, 0xdf, 0xfe, 0xaf,
    0xff, 0x0, 0x0, 0x2, 0xff, 0xff, 0xff, 0xff,
    0x33, 0xcf, 0xff, 0xf4, 0x9f, 0xff, 0x0, 0x0,
    0x3, 0xff, 0xf0, 0xf, 0xff, 0x30, 0xaf, 0xfd,
    0x30, 0x9f, 0xff, 0x0, 0x0, 0x4, 0xff, 0xe0,
    0xf, 0xff, 0x6d, 0xdf, 0xfe, 0xdd, 0xef, 0xff,
    0xdd, 0xd1, 0x6, 0xff, 0xd0, 0xf, 0xff, 0x7f,
    0xff, 0xff, 0xff, 0xff, 0xff, 0xff, 0xf1, 0x8,
    0xff, 0xb0, 0xf, 0xff, 0x7f, 0xff, 0xff, 0xff,
    0xff, 0xff, 0xff, 0xf1, 0xa, 0xff, 0x90, 0xf,
    0xff, 0x44, 0x44, 0x44, 0x44, 0xbf, 0xff, 0x54,
    0x40, 0xe, 0xff, 0x60, 0xf, 0xff, 0x30, 0x0,
    0x0, 0x0, 0x9f, 0xff, 0x0, 0x0, 0x2f, 0xff,
    0x20, 0xf, 0xff, 0x30, 0x0, 0x0, 0x0, 0x9f,
    0xff, 0x0, 0x0, 0x7f, 0xfe, 0x0, 0xf, 0xff,
    0x30, 0x0, 0x0, 0x0, 0x9f, 0xff, 0x0, 0x0,
    0x5, 0xa9, 0x0, 0xf, 0xff, 0x30, 0x0, 0x0,
    0x0, 0x9f, 0xff, 0x0, 0x0, 0x0, 0x0, 0x0,
    0x0, 0x0, 0x0, 0x0, 0x0, 0x0, 0x0, 0x0,
    0x0, 0x0,

    /* U+731C "猜" */
    0x0, 0x0, 0x0, 0x0, 0x0, 0x0, 0x0, 0x3,
    0x33, 0x30, 0x0, 0x0, 0x0, 0xa, 0xd1, 0x7,
    0xa2, 0x0, 0x0, 0x0, 0xff, 0xfe, 0x0, 0x0,
    0x0, 0x2d, 0xff, 0xd3, 0xff, 0xfa, 0xdf, 0xff,
    0xff, 0xff, 0xff, 0xff, 0xff, 0x10, 0xaf, 0xff,
    0xff, 0xff, 0xad, 0xff, 0xff, 0xff, 0xff, 0xff,
    0xff, 0xf1, 0x0, 0xaf, 0xff, 0xff, 0xe1, 0x89,
    0x99, 0x9f, 0xff, 0xf9, 0x99, 0x99, 0x0, 0x0,
    0xdf, 0xff, 0xf5, 0x4, 0xbb, 0xbb, 0xff, 0xff,
    0xbb, 0xbb, 0x60, 0x0, 0x2e, 0xff, 0xfd, 0x0,
    0x5f, 0xff, 0xff, 0xff, 0xff, 0xff, 0xf8, 0x0,
    0x2e, 0xff, 0xff, 0xf1, 0x4, 0xaa, 0xaa, 0xff,
    0xff, 0xaa, 0xaa, 0x50, 0x4f, 0xff, 0xff, 0xff,
    0x75, 0xaa, 0xaa, 0xaf, 0xff, 0xfa, 0xaa, 0xaa,
    0x91, 0xcf, 0xfd, 0xff, 0xfa, 0x8f, 0xff, 0xff,
    0xff, 0xff, 0xff, 0xff, 0xfd, 0x0, 0xcc, 0x1c,
    0xff, 0xe8, 0xff, 0xff, 0xff, 0xff, 0xff, 0xff,
    0xff, 0xd0, 0x1, 0x0, 0xdf, 0xff, 0x0, 0x55,
    0x55, 0x55, 0x55, 0x55, 0x55, 0x20, 0x0, 0x0,
    0x9f, 0xff, 0xf0, 0x1f, 0xff, 0xff, 0xff, 0xff,
    0xff, 0xf6, 0x0, 0x0, 0x6f, 0xff, 0xff, 0x11,
    0xff, 0xff, 0xff, 0xff, 0xff, 0xff, 0x60, 0x0,
    0x5f, 0xff, 0xff, 0xf2, 0x1f, 0xff, 0xb5, 0x55,
    0x58, 0xff, 0xf6, 0x0, 0x6f, 0xff, 0xff, 0xff,
    0x21, 0xff, 0xff, 0xff, 0xff, 0xff, 0xff, 0x60,
    0x5f, 0xff, 0xfd, 0xff, 0xf1, 0x1f, 0xff, 0xff,
    0xff, 0xff, 0xff, 0xf6, 0x0, 0x8f, 0xf9, 0x7f,
    0xff, 0x1, 0xff, 0xfb, 0x66, 0x66, 0x9f, 0xff,
    0x60, 0x0, 0xa9, 0x8, 0xff, 0xf0, 0x1f, 0xff,
    0xfd, 0xdd, 0xde, 0xff, 0xf6, 0x0, 0x0, 0x0,
    0xaf, 0xfe, 0x1, 0xff, 0xff, 0xff, 0xff, 0xff,
    0xff, 0x60, 0x0, 0x0, 0xe, 0xff, 0xb0, 0x1f,
    0xff, 0xb6, 0x66, 0x69, 0xff, 0xf6, 0x0, 0x58,
    0x9d, 0xff, 0xf8, 0x1, 0xff, 0xf8, 0x0, 0x9b,
    0xdf, 0xff, 0x60, 0x4, 0xff, 0xff, 0xff, 0x20,
    0x1f, 0xff, 0x80, 0x7, 0xff, 0xff, 0xf3, 0x0,
    0xf, 0xff, 0xff, 0x90, 0x1, 0xff, 0xf8, 0x0,
    0x2f, 0xff, 0xe6, 0x0, 0x0, 0xcf, 0xec, 0x60,
    0x0, 0x1f, 0xff, 0x80, 0x0, 0x44, 0x20, 0x0,
    0x0, 0x0, 0x0, 0x0, 0x0, 0x0, 0x0, 0x0,
    0x0, 0x0, 0x0, 0x0, 0x0,

    /* U+73B0 "现" */
    0x0, 0x0, 0x0, 0x0, 0x0, 0x2, 0x22, 0x22,
    0x22, 0x22, 0x22, 0x22, 0x0, 0x1f, 0xff, 0xff,
    0xff, 0xff, 0x5f, 0xff, 0xff, 0xff, 0xff, 0xff,
    0xff, 0x10, 0x1f, 0xff, 0xff, 0xff, 0xff, 0x5f,
    0xff, 0xff, 0xff, 0xff, 0xff, 0xff, 0x10, 0x1f,
    0xff, 0xff, 0xff, 0xff, 0x5f, 0xff, 0xff, 0xff,
    0xff, 0xff, 0xff, 0x10, 0x8, 0x89, 0xff, 0xfc,
    0x88, 0x3f, 0xff, 0x90, 0x0, 0x0, 0xaf, 0xff,
    0x10, 0x0, 0x1, 0xff, 0xf8, 0x0, 0xf, 0xff,
    0x91, 0xaa, 0xa3, 0xaf, 0xff, 0x10, 0x0, 0x1,
    0xff, 0xf8, 0x0, 0xf, 0xff, 0x92, 0xff, 0xf4,
    0xaf, 0xff, 0x10, 0x0, 0x1, 0xff, 0xf8, 0x0,
    0xf, 0xff, 0x92, 0xff, 0xf4, 0xaf, 0xff, 0x10,
    0x4, 0x67, 0xff, 0xfb, 0x65, 0xf, 0xff, 0x92,
    0xff, 0xf4, 0xaf, 0xff, 0x10, 0xb, 0xff, 0xff,
    0xff, 0xfd, 0xf, 0xff, 0x93, 0xff, 0xf4, 0xaf,
    0xff, 0x10, 0xb, 0xff, 0xff, 0xff, 0xfd, 0xf,
    0xff, 0x94, 0xff, 0xf3, 0xaf, 0xff, 0x10, 0xb,
    0xff, 0xff, 0xff, 0xfd, 0xf, 0xff, 0x95, 0xff,
    0xf2, 0xaf, 0xff, 0x10, 0x0, 0x2, 0xff, 0xf9,
    0x0, 0xf, 0xff, 0x97, 0xff, 0xf0, 0xaf, 0xff,
    0x10, 0x0, 0x1, 0xff, 0xf8, 0x0, 0xf, 0xff,
    0x9a, 0xff, 0xd0, 0xaf, 0xff, 0x10, 0x0, 0x1,
    0xff, 0xf8, 0x0, 0xa, 0xbb, 0x7f, 0xff, 0xb2,
    0x8b, 0xbb, 0x0, 0x0, 0x1, 0xff, 0xf8, 0x0,
    0x0, 0x0, 0x5f, 0xff, 0xff, 0x20, 0x0, 0x0,
    0x0, 0x1, 0xff, 0xfb, 0x8c, 0x40, 0x0, 0xdf,
    0xff, 0xff, 0x20, 0x0, 0x0, 0x0, 0x16, 0xff,
    0xff, 0xff, 0x70, 0x7, 0xff, 0xff, 0xff, 0x20,
    0x41, 0x0, 0x7e, 0xff, 0xff, 0xff, 0xff, 0x90,
    0x4f, 0xff, 0xff, 0xff, 0x20, 0x9f, 0xa1, 0x7f,
    0xff, 0xff, 0xff, 0xfb, 0x55, 0xff, 0xff, 0x8f,
    0xff, 0x20, 0xaf, 0xf3, 0x4f, 0xff, 0xfc, 0x84,
    0x0, 0x7f, 0xff, 0xfa, 0x1f, 0xff, 0x30, 0xcf,
    0xf1, 0x1d, 0x94, 0x0, 0x0, 0x2d, 0xff, 0xff,
    0xb0, 0xf, 0xff, 0xdb, 0xff, 0xe0, 0x0, 0x0,
    0x0, 0x0, 0xc, 0xff, 0xfa, 0x0, 0xd, 0xff,
    0xff, 0xff, 0x90, 0x0, 0x0, 0x0, 0x0, 0x1,
    0xdf, 0x60, 0x0, 0x3, 0xcf, 0xff, 0xe9, 0x0,
    0x0, 0x0, 0x0, 0x0, 0x0, 0x21, 0x0, 0x0,
    0x0, 0x0, 0x0, 0x0, 0x0,

    /* U+7528 "用" */
    0x0, 0x5, 0x88, 0x88, 0x88, 0x88, 0x88, 0x88,
    0x88, 0x88, 0x88, 0x86, 0x0, 0xa, 0xff, 0xff,
    0xff, 0xff, 0xff, 0xff, 0xff, 0xff, 0xff, 0xfa,
    0x0, 0xa, 0xff, 0xff, 0xff, 0xff, 0xff, 0xff,
    0xff, 0xff, 0xff, 0xfa, 0x0, 0xa, 0xff, 0xff,
    0xff, 0xff, 0xff, 0xff, 0xff, 0xff, 0xff, 0xfa,
    0x0, 0xa, 0xff, 0xf1, 0x0, 0xc, 0xff, 0xf1,
    0x0, 0x1, 0xff, 0xfa, 0x0, 0xa, 0xff, 0xf1,
    0x0, 0xb, 0xff, 0xf1, 0x0, 0x1, 0xff, 0xfa,
    0x0, 0xa, 0xff, 0xf9, 0x88, 0x8e, 0xff, 0xf9,
    0x88, 0x89, 0xff, 0xfa, 0x0, 0xa, 0xff, 0xff,
    0xff, 0xff, 0xff, 0xff, 0xff, 0xff, 0xff, 0xfa,
    0x0, 0xa, 0xff, 0xff, 0xff, 0xff, 0xff, 0xff,
    0xff, 0xff, 0xff, 0xfa, 0x0, 0xa, 0xff, 0xff,
    0xff, 0xff, 0xff, 0xff, 0xff, 0xff, 0xff, 0xfa,
    0x0, 0xa, 0xff, 0xf0, 0x0, 0xb, 0xff, 0xf1,
    0x0, 0x1, 0xff, 0xfa, 0x0, 0xb, 0xff, 0xf0,
    0x0, 0xb, 0xff, 0xf1, 0x0, 0x1, 0xff, 0xfa,
    0x0, 0xb, 0xff, 0xf8, 0x88, 0x8e, 0xff, 0xf8,
    0x88, 0x88, 0xff, 0xfa, 0x0, 0xd, 0xff, 0xff,
    0xff, 0xff, 0xff, 0xff, 0xff, 0xff, 0xff, 0xfa,
    0x0, 0xf, 0xff, 0xff, 0xff, 0xff, 0xff, 0xff,
    0xff, 0xff, 0xff, 0xfa, 0x0, 0x2f, 0xff, 0xff,
    0xff, 0xff, 0xff, 0xff, 0xff, 0xff, 0xff, 0xfa,
    0x0, 0x6f, 0xff, 0x70, 0x0, 0xc, 0xff, 0xf1,
    0x0, 0x1, 0xff, 0xfa, 0x0, 0xbf, 0xff, 0x20,
    0x0, 0xb, 0xff, 0xf1, 0x0, 0x1, 0xff, 0xfa,
    0x1, 0xff, 0xfe, 0x0, 0x0, 0xb, 0xff, 0xf1,
    0x0, 0x1, 0xff, 0xfa, 0xa, 0xff, 0xf9, 0x0,
    0x0, 0xb, 0xff, 0xf2, 0x55, 0x57, 0xff, 0xfa,
    0x5f, 0xff, 0xf3, 0x0, 0x0, 0xb, 0xff, 0xf1,
    0xef, 0xff, 0xff, 0xf8, 0x3d, 0xff, 0xb0, 0x0,
    0x0, 0xb, 0xff, 0xf1, 0x8f, 0xff, 0xff, 0xf3,
    0x0, 0xbe, 0x20, 0x0, 0x0, 0xb, 0xff, 0xf1,
    0x4f, 0xff, 0xfb, 0x40, 0x0, 0x3, 0x0, 0x0,
    0x0, 0x0, 0x0, 0x0, 0x3, 0x22, 0x0, 0x0,

    /* U+7535 "电" */
    0x0, 0x0, 0x0, 0x0, 0x2, 0x22, 0x20, 0x0,
    0x0, 0x0, 0x0, 0x0, 0x0, 0x0, 0x0, 0x0,
    0xf, 0xff, 0xf1, 0x0, 0x0, 0x0, 0x0, 0x0,
    0x0, 0x0, 0x0, 0x0, 0xf, 0xff, 0xf1, 0x0,
    0x0, 0x0, 0x0, 0x0, 0x0, 0x0, 0x0, 0x0,
    0xf, 0xff, 0xf1, 0x0, 0x0, 0x0, 0x0, 0x0,
    0x1a, 0xaa, 0xaa, 0xaa, 0xaf, 0xff, 0xfa, 0xaa,
    0xaa, 0xaa, 0xa0, 0x0, 0x1f, 0xff, 0xff, 0xff,
    0xff, 0xff, 0xff, 0xff, 0xff, 0xff, 0xf0, 0x0,
    0x1f, 0xff, 0xff, 0xff, 0xff, 0xff, 0xff, 0xff,
    0xff, 0xff, 0xf0, 0x0, 0x1f, 0xff, 0xff, 0xff,
    0xff, 0xff, 0xff, 0xff, 0xff, 0xff, 0xf0, 0x0,
    0x1f, 0xff, 0xc0, 0x0, 0xf, 0xff, 0xf2, 0x0,
    0xd, 0xff, 0xf0, 0x0, 0x1f, 0xff, 0xc0, 0x0,
    0xf, 0xff, 0xf1, 0x0, 0xc, 0xff, 0xf0, 0x0,
    0x1f, 0xff, 0xff, 0xff, 0xff, 0xff, 0xff, 0xff,
    0xff, 0xff, 0xf0, 0x0, 0x1f, 0xff, 0xff, 0xff,
    0xff, 0xff, 0xff, 0xff, 0xff, 0xff, 0xf0, 0x0,
    0x1f, 0xff, 0xff, 0xff, 0xff, 0xff, 0xff, 0xff,
    0xff, 0xff, 0xf0, 0x0, 0x1f, 0xff, 0xe8, 0x88,
    0x8f, 0xff, 0xf9, 0x88, 0x8e, 0xff, 0xf0, 0x0,
    0x1f, 0xff, 0xc0, 0x0, 0xf, 0xff, 0xf1, 0x0,
    0xc, 0xff, 0xf0, 0x0, 0x1f, 0xff, 0xfb, 0xbb,
    0xbf, 0xff, 0xfc, 0xbb, 0xbf, 0xff, 0xf0, 0x0,
    0x1f, 0xff, 0xff, 0xff, 0xff, 0xff, 0xff, 0xff,
    0xff, 0xff, 0xf0, 0x0, 0x1f, 0xff, 0xff, 0xff,
    0xff, 0xff, 0xff, 0xff, 0xff, 0xff, 0xf0, 0x0,
    0x1f, 0xff, 0xff, 0xff, 0xff, 0xff, 0xff, 0xff,
    0xff, 0xff, 0xf3, 0x0, 0x1f, 0xff, 0xc0, 0x0,
    0xf, 0xff, 0xf1, 0x0, 0x0, 0x5, 0xff, 0xd5,
    0x3, 0x33, 0x20, 0x0, 0xe, 0xff, 0xf3, 0x0,
    0x0, 0xa, 0xff, 0xf6, 0x0, 0x0, 0x0, 0x0,
    0xd, 0xff, 0xff, 0xdd, 0xdd, 0xef, 0xff, 0xf2,
    0x0, 0x0, 0x0, 0x0, 0x9, 0xff, 0xff, 0xff,
    0xff, 0xff, 0xff, 0xd0, 0x0, 0x0, 0x0, 0x0,
    0x1, 0xff, 0xff, 0xff, 0xff, 0xff, 0xff, 0x40,
    0x0, 0x0, 0x0, 0x0, 0x0, 0x2a, 0xef, 0xff,
    0xff, 0xfd, 0xb3, 0x0,

    /* U+767B "登" */
    0x0, 0x1, 0x11, 0x11, 0x11, 0x20, 0x1, 0x6a,
    0x60, 0x8, 0x20, 0x0, 0x0, 0x0, 0x6, 0xff,
    0xff, 0xff, 0xff, 0xd6, 0xff, 0xfe, 0xb, 0xff,
    0x60, 0x0, 0x0, 0x0, 0x6f, 0xff, 0xff, 0xff,
    0xff, 0xf9, 0xff, 0xfe, 0xff, 0xfd, 0x10, 0x0,
    0x0, 0x6, 0xee, 0xee, 0xef, 0xff, 0xfa, 0xe,
    0xff, 0xff, 0xfa, 0x18, 0x10, 0x0, 0x0, 0x3,
    0x80, 0x2, 0xff, 0xff, 0x20, 0x6f, 0xff, 0xf6,
    0xa, 0xfe, 0x50, 0x0, 0x3, 0xff, 0xd3, 0xcf,
    0xff, 0x90, 0x0, 0xdf, 0xff, 0x9c, 0xff, 0xfc,
    0x0, 0x0, 0x9f, 0xff, 0xff, 0xff, 0xf4, 0x33,
    0x37, 0xff, 0xff, 0xff, 0xf9, 0x0, 0x0, 0x0,
    0x7f, 0xff, 0xff, 0xff, 0xff, 0xff, 0xff, 0xff,
    0xff, 0xf6, 0x0, 0x0, 0x0, 0x1, 0xdf, 0xff,
    0xff, 0xff, 0xff, 0xff, 0xff, 0xff, 0xff, 0xe6,
    0x0, 0x0, 0x6, 0xff, 0xff, 0xf7, 0xee, 0xee,
    0xee, 0xee, 0xcc, 0xff, 0xff, 0xfc, 0x40, 0x2d,
    0xff, 0xff, 0xf5, 0x0, 0x0, 0x0, 0x0, 0x0,
    0x1b, 0xff, 0xff, 0xfb, 0x0, 0xaf, 0xff, 0xff,
    0xff, 0xff, 0xff, 0xff, 0xff, 0xff, 0xff, 0xff,
    0xfc, 0x0, 0x0, 0xcf, 0x7d, 0xff, 0xff, 0xff,
    0xff, 0xff, 0xff, 0xff, 0xf5, 0xbf, 0x10, 0x0,
    0x1, 0x10, 0xdf, 0xff, 0xee, 0xee, 0xee, 0xee,
    0xff, 0xff, 0x30, 0x10, 0x0, 0x0, 0x0, 0xd,
    0xff, 0xf0, 0x0, 0x0, 0x0, 0xe, 0xff, 0xf3,
    0x0, 0x0, 0x0, 0x0, 0x0, 0xdf, 0xff, 0xcc,
    0xcc, 0xcc, 0xcc, 0xff, 0xff, 0x30, 0x0, 0x0,
    0x0, 0x0, 0xd, 0xff, 0xff, 0xff, 0xff, 0xff,
    0xff, 0xff, 0xf3, 0x0, 0x0, 0x0, 0x0, 0x0,
    0xdf, 0xff, 0xff, 0xff, 0xff, 0xff, 0xff, 0xff,
    0x30, 0x0, 0x0, 0x0, 0x0, 0x2, 0x39, 0xef,
    0xc2, 0x22, 0x26, 0xfe, 0xb5, 0x20, 0x0, 0x0,
    0x0, 0x0, 0x0, 0x0, 0xdf, 0xff, 0x10, 0x0,
    0xaf, 0xff, 0x30, 0x0, 0x0, 0x0, 0x0, 0x22,
    0x22, 0x29, 0xff, 0xe6, 0x22, 0x3f, 0xff, 0xd2,
    0x22, 0x22, 0x20, 0x0, 0x4f, 0xff, 0xff, 0xff,
    0xff, 0xff, 0xff, 0xff, 0xff, 0xff, 0xff, 0xfc,
    0x0, 0x4, 0xff, 0xff, 0xff, 0xff, 0xff, 0xff,
    0xff, 0xff, 0xff, 0xff, 0xff, 0xc0, 0x0, 0x4f,
    0xff, 0xff, 0xff, 0xff, 0xff, 0xff, 0xff, 0xff,
    0xff, 0xff, 0xfc, 0x0,

    /* U+7684 "的" */
    0x0, 0x0, 0x20, 0x0, 0x0, 0x0, 0x0, 0x0,
    0x0, 0x0, 0x0, 0x0, 0x0, 0x0, 0xdf, 0xec,
    0x30, 0x0, 0x2, 0xfc, 0x93, 0x0, 0x0, 0x0,
    0x0, 0x0, 0xff, 0xff, 0x0, 0x0, 0x8, 0xff,
    0xf6, 0x0, 0x0, 0x0, 0x0, 0x1, 0xff, 0xfa,
    0x0, 0x0, 0xd, 0xff, 0xf1, 0x0, 0x0, 0x0,
    0x0, 0x3, 0xff, 0xf4, 0x0, 0x0, 0x2f, 0xff,
    0xd3, 0x33, 0x33, 0x33, 0x4f, 0xff, 0xff, 0xff,
    0xff, 0xe0, 0x9f, 0xff, 0xff, 0xff, 0xff, 0xfc,
    0x4f, 0xff, 0xff, 0xff, 0xff, 0xe1, 0xff, 0xff,
    0xff, 0xff, 0xff, 0xfb, 0x4f, 0xff, 0xff, 0xff,
    0xff, 0xe9, 0xff, 0xff, 0xff, 0xff, 0xff, 0xfb,
    0x4f, 0xff, 0x43, 0x39, 0xff, 0xff, 0xff, 0xf2,
    0x11, 0x11, 0xdf, 0xfa, 0x4f, 0xff, 0x10, 0x7,
    0xff, 0xff, 0xff, 0x80, 0x0, 0x0, 0xdf, 0xfa,
    0x4f, 0xff, 0x10, 0x7, 0xff, 0xfb, 0xfe, 0x0,
    0x0, 0x0, 0xdf, 0xf9, 0x4f, 0xff, 0x75, 0x5a,
    0xff, 0xe0, 0x65, 0x8e, 0x20, 0x0, 0xef, 0xf9,
    0x4f, 0xff, 0xff, 0xff, 0xff, 0xe0, 0x1e, 0xff,
    0xc0, 0x0, 0xef, 0xf8, 0x4f, 0xff, 0xff, 0xff,
    0xff, 0xe0, 0xa, 0xff, 0xf7, 0x0, 0xff, 0xf8,
    0x4f, 0xff, 0xdc, 0xce, 0xff, 0xe0, 0x1, 0xff,
    0xff, 0x20, 0xff, 0xf7, 0x4f, 0xff, 0x10, 0x7,
    0xff, 0xe0, 0x0, 0x7f, 0xff, 0xb1, 0xff, 0xf6,
    0x4f, 0xff, 0x10, 0x7, 0xff, 0xe0, 0x0, 0xd,
    0xff, 0xe3, 0xff, 0xf5, 0x4f, 0xff, 0x10, 0x7,
    0xff, 0xe0, 0x0, 0x5, 0xf8, 0x3, 0xff, 0xf4,
    0x4f, 0xff, 0x10, 0x7, 0xff, 0xe0, 0x0, 0x0,
    0x20, 0x5, 0xff, 0xf3, 0x4f, 0xff, 0xdd, 0xde,
    0xff, 0xe0, 0x0, 0x0, 0x0, 0x8, 0xff, 0xf1,
    0x4f, 0xff, 0xff, 0xff, 0xff, 0xe0, 0x0, 0x0,
    0x0, 0xc, 0xff, 0xf0, 0x4f, 0xff, 0xff, 0xff,
    0xff, 0xe0, 0x0, 0xa9, 0x99, 0xcf, 0xff, 0xc0,
    0x4f, 0xff, 0x98, 0x88, 0x88, 0x80, 0x0, 0x8f,
    0xff, 0xff, 0xff, 0x70, 0x4f, 0xff, 0x10, 0x0,
    0x0, 0x0, 0x0, 0x3f, 0xff, 0xff, 0xfc, 0x0,
    0x2a, 0xaa, 0x10, 0x0, 0x0, 0x0, 0x0, 0xe,
    0xff, 0xec, 0x70, 0x0, 0x0, 0x0, 0x0, 0x0,
    0x0, 0x0, 0x0, 0x0, 0x0, 0x0, 0x0, 0x0,

    /* U+76F4 "直" */
    0x0, 0x0, 0x0, 0x0, 0x0, 0x0, 0x0, 0x0,
    0x0, 0x0, 0x0, 0x0, 0x0, 0x0, 0x0, 0x0,
    0x0, 0x1f, 0xfd, 0xc0, 0x0, 0x0, 0x0, 0x0,
    0x0, 0x26, 0x66, 0x66, 0x66, 0x68, 0xff, 0xff,
    0x66, 0x66, 0x66, 0x66, 0x62, 0x5, 0xff, 0xff,
    0xff, 0xff, 0xff, 0xff, 0xff, 0xff, 0xff, 0xff,
    0xff, 0x60, 0x5f, 0xff, 0xff, 0xff, 0xff, 0xff,
    0xff, 0xff, 0xff, 0xff, 0xff, 0xf6, 0x5, 0xee,
    0xee, 0xee, 0xee, 0xff, 0xff, 0xfe, 0xee, 0xee,
    0xee, 0xee, 0x60, 0x0, 0x1, 0x22, 0x22, 0x2a,
    0xff, 0xf4, 0x22, 0x22, 0x22, 0x10, 0x0, 0x0,
    0x0, 0xbf, 0xff, 0xff, 0xff, 0xff, 0xff, 0xff,
    0xff, 0xfd, 0x0, 0x0, 0x0, 0xb, 0xff, 0xff,
    0xff, 0xff, 0xff, 0xff, 0xff, 0xff, 0xd0, 0x0,
    0x0, 0x0, 0xbf, 0xff, 0xee, 0xee, 0xee, 0xee,
    0xef, 0xff, 0xfd, 0x0, 0x0, 0x0, 0xb, 0xff,
    0xe3, 0x33, 0x33, 0x33, 0x33, 0x3f, 0xff, 0xd0,
    0x0, 0x0, 0x0, 0xbf, 0xff, 0xff, 0xff, 0xff,
    0xff, 0xff, 0xff, 0xfd, 0x0, 0x0, 0x0, 0xb,
    0xff, 0xff, 0xff, 0xff, 0xff, 0xff, 0xff, 0xff,
    0xd0, 0x0, 0x0, 0x0, 0xbf, 0xfe, 0x66, 0x66,
    0x66, 0x66, 0x66, 0xff, 0xfd, 0x0, 0x0, 0x0,
    0xb, 0xff, 0xfb, 0xbb, 0xbb, 0xbb, 0xbb, 0xcf,
    0xff, 0xd0, 0x0, 0x0, 0x0, 0xbf, 0xff, 0xff,
    0xff, 0xff, 0xff, 0xff, 0xff, 0xfd, 0x0, 0x0,
    0x0, 0xb, 0xff, 0xff, 0xff, 0xff, 0xff, 0xff,
    0xff, 0xff, 0xd0, 0x0, 0x0, 0x0, 0xbf, 0xfe,
    0x0, 0x0, 0x0, 0x0, 0x0, 0xff, 0xfd, 0x0,
    0x0, 0x0, 0xb, 0xff, 0xff, 0xff, 0xff, 0xff,
    0xff, 0xff, 0xff, 0xd0, 0x0, 0x0, 0x0, 0xbf,
    0xff, 0xff, 0xff, 0xff, 0xff, 0xff, 0xff, 0xfd,
    0x0, 0x0, 0x0, 0xb, 0xff, 0xfa, 0xaa, 0xaa,
    0xaa, 0xaa, 0xaf, 0xff, 0xd0, 0x0, 0x6, 0x77,
    0xdf, 0xfe, 0x77, 0x77, 0x77, 0x77, 0x77, 0xff,
    0xfe, 0x77, 0x70, 0xff, 0xff, 0xff, 0xff, 0xff,
    0xff, 0xff, 0xff, 0xff, 0xff, 0xff, 0xff, 0xf,
    0xff, 0xff, 0xff, 0xff, 0xff, 0xff, 0xff, 0xff,
    0xff, 0xff, 0xff, 0xf0, 0xef, 0xff, 0xff, 0xff,
    0xff, 0xff, 0xff, 0xff, 0xff, 0xff, 0xff, 0xff,
    0x0,

    /* U+76F8 "相" */
    0x0, 0x0, 0x37, 0x77, 0x10, 0x0, 0x0, 0x0,
    0x0, 0x0, 0x0, 0x0, 0x0, 0x0, 0x7, 0xff,
    0xf2, 0x0, 0x0, 0x0, 0x0, 0x0, 0x0, 0x0,
    0x0, 0x0, 0x0, 0x7f, 0xff, 0x20, 0x0, 0xff,
    0xff, 0xff, 0xff, 0xff, 0xff, 0xa0, 0x0, 0x7,
    0xff, 0xf2, 0x0, 0xf, 0xff, 0xff, 0xff, 0xff,
    0xff, 0xfa, 0x0, 0x0, 0x7f, 0xff, 0x20, 0x0,
    0xff, 0xff, 0xff, 0xff, 0xff, 0xff, 0xa0, 0x0,
    0x7, 0xff, 0xf3, 0x0, 0xf, 0xff, 0xe9, 0x99,
    0x9a, 0xff, 0xfa, 0xe, 0xff, 0xff, 0xff, 0xff,
    0xf2, 0xff, 0xfa, 0x0, 0x0, 0x1f, 0xff, 0xa0,
    0xef, 0xff, 0xff, 0xff, 0xff, 0x2f, 0xff, 0xa0,
    0x0, 0x1, 0xff, 0xfa, 0xe, 0xff, 0xff, 0xff,
    0xff, 0xf2, 0xff, 0xff, 0xff, 0xff, 0xff, 0xff,
    0xa0, 0x66, 0x6f, 0xff, 0xf8, 0x66, 0x1f, 0xff,
    0xff, 0xff, 0xff, 0xff, 0xfa, 0x0, 0x4, 0xff,
    0xff, 0x40, 0x0, 0xff, 0xff, 0xff, 0xff, 0xff,
    0xff, 0xa0, 0x0, 0xaf, 0xff, 0xfd, 0x10, 0xf,
    0xff, 0xd7, 0x77, 0x77, 0xff, 0xfa, 0x0, 0xf,
    0xff, 0xff, 0xfb, 0x0, 0xff, 0xfa, 0x0, 0x0,
    0x1f, 0xff, 0xa0, 0x4, 0xff, 0xff, 0xff, 0xf7,
    0xf, 0xff, 0xa0, 0x0, 0x1, 0xff, 0xfa, 0x0,
    0xbf, 0xff, 0xff, 0xff, 0xf3, 0xff, 0xfd, 0x77,
    0x77, 0x8f, 0xff, 0xa0, 0x3f, 0xff, 0xff, 0xff,
    0xff, 0x8f, 0xff, 0xff, 0xff, 0xff, 0xff, 0xfa,
    0xc, 0xff, 0xff, 0xff, 0x8f, 0xd0, 0xff, 0xff,
    0xff, 0xff, 0xff, 0xff, 0xa6, 0xff, 0xfa, 0xff,
    0xf2, 0xc2, 0xf, 0xff, 0xfe, 0xee, 0xee, 0xff,
    0xfa, 0x4f, 0xfb, 0x7f, 0xff, 0x20, 0x0, 0xff,
    0xfa, 0x0, 0x0, 0x1f, 0xff, 0xa0, 0xbf, 0x47,
    0xff, 0xf2, 0x0, 0xf, 0xff, 0xa0, 0x0, 0x1,
    0xff, 0xfa, 0x4, 0xa0, 0x7f, 0xff, 0x20, 0x0,
    0xff, 0xfd, 0x77, 0x77, 0x7f, 0xff, 0xa0, 0x1,
    0x7, 0xff, 0xf2, 0x0, 0xf, 0xff, 0xff, 0xff,
    0xff, 0xff, 0xfa, 0x0, 0x0, 0x7f, 0xff, 0x20,
    0x0, 0xff, 0xff, 0xff, 0xff, 0xff, 0xff, 0xa0,
    0x0, 0x7, 0xff, 0xf2, 0x0, 0xf, 0xff, 0xff,
    0xff, 0xff, 0xff, 0xfa, 0x0, 0x0, 0x7f, 0xff,
    0x20, 0x0, 0xff, 0xfa, 0x0, 0x0, 0xc, 0xcc,
    0x80, 0x0, 0x1, 0x33, 0x30, 0x0, 0x0, 0x0,
    0x0, 0x0, 0x0, 0x0, 0x0,

    /* U+770B "看" */
    0x0, 0x0, 0x11, 0x22, 0x23, 0x33, 0x45, 0x67,
    0x89, 0xbd, 0xe4, 0x0, 0x0, 0x1, 0xff, 0xff,
    0xff, 0xff, 0xff, 0xff, 0xff, 0xff, 0xff, 0xf2,
    0x0, 0x0, 0xd, 0xff, 0xff, 0xff, 0xff, 0xff,
    0xff, 0xff, 0xff, 0xfd, 0x90, 0x0, 0x0, 0x7b,
    0xbb, 0xbb, 0xef, 0xff, 0xb7, 0x65, 0x43, 0x10,
    0x0, 0x0, 0x0, 0x9, 0x99, 0x99, 0x9e, 0xff,
    0xfb, 0x99, 0x99, 0x99, 0x99, 0x90, 0x0, 0x1,
    0xff, 0xff, 0xff, 0xff, 0xff, 0xff, 0xff, 0xff,
    0xff, 0xff, 0x0, 0x0, 0x1f, 0xff, 0xff, 0xff,
    0xff, 0xff, 0xff, 0xff, 0xff, 0xff, 0xf0, 0x0,
    0x22, 0x55, 0x55, 0x5f, 0xff, 0xf6, 0x55, 0x55,
    0x55, 0x55, 0x55, 0x21, 0xd, 0xff, 0xff, 0xff,
    0xff, 0xff, 0xff, 0xff, 0xff, 0xff, 0xff, 0xff,
    0x60, 0xdf, 0xff, 0xff, 0xff, 0xff, 0xff, 0xff,
    0xff, 0xff, 0xff, 0xff, 0xf6, 0xa, 0xcc, 0xcc,
    0xff, 0xff, 0xec, 0xcc, 0xcc, 0xcc, 0xcc, 0xcc,
    0xcc, 0x50, 0x0, 0x0, 0x4f, 0xff, 0xfb, 0x99,
    0x99, 0x99, 0x99, 0x99, 0x90, 0x0, 0x0, 0x0,
    0x2f, 0xff, 0xff, 0xff, 0xff, 0xff, 0xff, 0xff,
    0xff, 0x0, 0x0, 0x0, 0x1e, 0xff, 0xff, 0xff,
    0xff, 0xff, 0xff, 0xff, 0xff, 0xf0, 0x0, 0x0,
    0x4e, 0xff, 0xff, 0xfe, 0x44, 0x44, 0x44, 0x44,
    0xdf, 0xff, 0x0, 0x0, 0x9f, 0xff, 0xff, 0xff,
    0xff, 0xff, 0xff, 0xff, 0xff, 0xff, 0xf0, 0x0,
    0x8f, 0xff, 0xff, 0xef, 0xff, 0xff, 0xff, 0xff,
    0xff, 0xff, 0xff, 0x0, 0x0, 0xbf, 0xfd, 0x2b,
    0xff, 0xe3, 0x33, 0x33, 0x33, 0x3d, 0xff, 0xf0,
    0x0, 0x1, 0xea, 0x0, 0xbf, 0xff, 0xff, 0xff,
    0xff, 0xff, 0xff, 0xff, 0x0, 0x0, 0x2, 0x0,
    0xb, 0xff, 0xff, 0xff, 0xff, 0xff, 0xff, 0xff,
    0xf0, 0x0, 0x0, 0x0, 0x0, 0xbf, 0xfe, 0x33,
    0x33, 0x33, 0x33, 0xdf, 0xff, 0x0, 0x0, 0x0,
    0x0, 0xb, 0xff, 0xff, 0xff, 0xff, 0xff, 0xff,
    0xff, 0xf0, 0x0, 0x0, 0x0, 0x0, 0xbf, 0xff,
    0xff, 0xff, 0xff, 0xff, 0xff, 0xff, 0x0, 0x0,
    0x0, 0x0, 0xb, 0xff, 0xfb, 0xbb, 0xbb, 0xbb,
    0xbf, 0xff, 0xf0, 0x0,

    /* U+77F3 "石" */
    0x3, 0xaa, 0xaa, 0xaa, 0xaa, 0xaa, 0xaa, 0xaa,
    0xaa, 0xaa, 0xaa, 0xaa, 0x90, 0x5f, 0xff, 0xff,
    0xff, 0xff, 0xff, 0xff, 0xff, 0xff, 0xff, 0xff,
    0xfd, 0x5, 0xff, 0xff, 0xff, 0xff, 0xff, 0xff,
    0xff, 0xff, 0xff, 0xff, 0xff, 0xd0, 0x5f, 0xff,
    0xff, 0xff, 0xff, 0xff, 0xff, 0xff, 0xff, 0xff,
    0xff, 0xfd, 0x0, 0x0, 0x0, 0x2, 0xff, 0xff,
    0x50, 0x0, 0x0, 0x0, 0x0, 0x0, 0x0, 0x0,
    0x0, 0x0, 0x8f, 0xff, 0xd0, 0x0, 0x0, 0x0,
    0x0, 0x0, 0x0, 0x0, 0x0, 0x0, 0xf, 0xff,
    0xf6, 0x0, 0x0, 0x0, 0x0, 0x0, 0x0, 0x0,
    0x0, 0x0, 0x8, 0xff, 0xfe, 0x0, 0x0, 0x0,
    0x0, 0x0, 0x0, 0x0, 0x0, 0x0, 0x2, 0xff,
    0xff, 0x70, 0x0, 0x0, 0x0, 0x0, 0x0, 0x0,
    0x0, 0x0, 0x0, 0xbf, 0xff, 0xfb, 0xaa, 0xaa,
    0xaa, 0xaa, 0xaa, 0xaa, 0x40, 0x0, 0x0, 0x8f,
    0xff, 0xff, 0xff, 0xff, 0xff, 0xff, 0xff, 0xff,
    0xf6, 0x0, 0x0, 0x5f, 0xff, 0xff, 0xff, 0xff,
    0xff, 0xff, 0xff, 0xff, 0xff, 0x60, 0x0, 0x4f,
    0xff, 0xff, 0xff, 0xff, 0xff, 0xff, 0xff, 0xff,
    0xff, 0xf6, 0x0, 0x7f, 0xff, 0xff, 0xff, 0xf0,
    0x0, 0x0, 0x0, 0x0, 0xaf, 0xff, 0x60, 0x5f,
    0xff, 0xff, 0xff, 0xff, 0x0, 0x0, 0x0, 0x0,
    0xa, 0xff, 0xf6, 0x0, 0x9f, 0xff, 0x4e, 0xff,
    0xf0, 0x0, 0x0, 0x0, 0x0, 0xaf, 0xff, 0x60,
    0x0, 0xae, 0x20, 0xef, 0xff, 0x0, 0x0, 0x0,
    0x0, 0xa, 0xff, 0xf6, 0x0, 0x0, 0x10, 0xe,
    0xff, 0xf0, 0x0, 0x0, 0x0, 0x0, 0xaf, 0xff,
    0x60, 0x0, 0x0, 0x0, 0xef, 0xff, 0x99, 0x99,
    0x99, 0x99, 0x9d, 0xff, 0xf6, 0x0, 0x0, 0x0,
    0xe, 0xff, 0xff, 0xff, 0xff, 0xff, 0xff, 0xff,
    0xff, 0x60, 0x0, 0x0, 0x0, 0xef, 0xff, 0xff,
    0xff, 0xff, 0xff, 0xff, 0xff, 0xf6, 0x0, 0x0,
    0x0, 0xe, 0xff, 0xff, 0xff, 0xff, 0xff, 0xff,
    0xff, 0xff, 0x60, 0x0, 0x0, 0x0, 0xef, 0xff,
    0x0, 0x0, 0x0, 0x0, 0x8, 0xdd, 0xd5, 0x0,

    /* U+7801 "码" */
    0x3, 0x33, 0x33, 0x33, 0x33, 0x20, 0x0, 0x0,
    0x0, 0x0, 0x10, 0x0, 0x0, 0xff, 0xff, 0xff,
    0xff, 0xfa, 0xaf, 0xff, 0xff, 0xff, 0xff, 0xff,
    0x0, 0xf, 0xff, 0xff, 0xff, 0xff, 0xaa, 0xff,
    0xff, 0xff, 0xff, 0xff, 0xf0, 0x0, 0xff, 0xff,
    0xff, 0xff, 0xfa, 0xaf, 0xff, 0xff, 0xff, 0xff,
    0xfe, 0x0, 0x2, 0x29, 0xff, 0xf3, 0x22, 0x13,
    0x55, 0x55, 0x55, 0x5d, 0xff, 0xd0, 0x0, 0x0,
    0xcf, 0xfb, 0x0, 0x0, 0x7, 0xed, 0xc1, 0x0,
    0xef, 0xfb, 0x0, 0x0, 0x1f, 0xff, 0x70, 0x0,
    0x0, 0x8f, 0xff, 0x0, 0xf, 0xff, 0xa0, 0x0,
    0x5, 0xff, 0xf3, 0x0, 0x0, 0xa, 0xff, 0xe0,
    0x1, 0xff, 0xf8, 0x0, 0x0, 0xaf, 0xfe, 0x10,
    0x0, 0x0, 0xbf, 0xfc, 0x0, 0x2f, 0xff, 0x60,
    0x0, 0x1f, 0xff, 0xff, 0xff, 0xf2, 0xc, 0xff,
    0xb0, 0x4, 0xff, 0xf4, 0x0, 0x8, 0xff, 0xff,
    0xff, 0xff, 0x20, 0xef, 0xfa, 0x0, 0x6f, 0xff,
    0x30, 0x2, 0xff, 0xff, 0xff, 0xff, 0xf2, 0xf,
    0xff, 0xff, 0xff, 0xff, 0xff, 0xfc, 0x7f, 0xff,
    0xfc, 0x4f, 0xff, 0x22, 0xff, 0xff, 0xff, 0xff,
    0xff, 0xff, 0xb2, 0xff, 0xff, 0xb0, 0xff, 0xf2,
    0x4f, 0xff, 0xff, 0xff, 0xff, 0xff, 0xf9, 0xd,
    0xff, 0xfb, 0xf, 0xff, 0x20, 0x22, 0x22, 0x22,
    0x22, 0x2f, 0xff, 0x80, 0x9f, 0xff, 0xb0, 0xff,
    0xf2, 0x0, 0x0, 0x0, 0x0, 0x1, 0xff, 0xf7,
    0x4, 0x8f, 0xfb, 0xf, 0xff, 0x2d, 0xdd, 0xdd,
    0xdd, 0xdd, 0x3f, 0xff, 0x50, 0x7, 0xff, 0xb0,
    0xff, 0xf2, 0xff, 0xff, 0xff, 0xff, 0xe6, 0xff,
    0xf3, 0x0, 0x7f, 0xff, 0xff, 0xff, 0x2f, 0xff,
    0xff, 0xff, 0xfe, 0x9f, 0xff, 0x10, 0x7, 0xff,
    0xff, 0xff, 0xf2, 0x44, 0x44, 0x44, 0x44, 0x4d,
    0xff, 0xe0, 0x0, 0x7f, 0xff, 0xff, 0xff, 0x20,
    0x0, 0x0, 0x24, 0x48, 0xff, 0xfa, 0x0, 0x7,
    0xff, 0xc4, 0x44, 0x40, 0x0, 0x0, 0x3, 0xff,
    0xff, 0xff, 0x60, 0x0, 0x7f, 0xfa, 0x0, 0x0,
    0x0, 0x0, 0x0, 0xe, 0xff, 0xff, 0xd0, 0x0,
    0x0, 0x0, 0x0, 0x0, 0x0, 0x0, 0x0, 0x0,
    0xaf, 0xfd, 0x90, 0x0,

    /* U+786E "确" */
    0x0, 0x0, 0x0, 0x0, 0x0, 0x0, 0x1, 0x0,
    0x0, 0x0, 0x0, 0x0, 0x0, 0x22, 0x22, 0x22,
    0x22, 0x21, 0x0, 0xee, 0xa2, 0x0, 0x0, 0x0,
    0x0, 0xf, 0xff, 0xff, 0xff, 0xff, 0x60, 0x6f,
    0xff, 0x30, 0x0, 0x10, 0x0, 0x0, 0xff, 0xff,
    0xff, 0xff, 0xf6, 0xd, 0xff, 0xff, 0xff, 0xff,
    0xa1, 0x0, 0xf, 0xff, 0xff, 0xff, 0xff, 0x67,
    0xff, 0xff, 0xff, 0xff, 0xff, 0xd0, 0x0, 0x33,
    0x9f, 0xff, 0x33, 0x34, 0xff, 0xff, 0xff, 0xff,
    0xff, 0xf5, 0x0, 0x0, 0xc, 0xff, 0xc0, 0x2,
    0xef, 0xff, 0x20, 0x5, 0xff, 0xfb, 0x0, 0x0,
    0x0, 0xff, 0xf8, 0x2, 0xef, 0xff, 0xb3, 0x34,
    0xef, 0xff, 0x53, 0x32, 0x0, 0x5f, 0xff, 0x30,
    0xd, 0xff, 0xff, 0xff, 0xff, 0xff, 0xff, 0xff,
    0x80, 0x9, 0xff, 0xf0, 0x0, 0x3f, 0xff, 0xff,
    0xff, 0xff, 0xff, 0xff, 0xf8, 0x1, 0xff, 0xff,
    0xdd, 0xdc, 0x6d, 0xff, 0xfe, 0xff, 0xfe, 0xef,
    0xff, 0x80, 0x7f, 0xff, 0xff, 0xff, 0xf0, 0xbf,
    0xfa, 0xe, 0xff, 0x50, 0xff, 0xf8, 0x2f, 0xff,
    0xff, 0xff, 0xff, 0xb, 0xff, 0xff, 0xff, 0xff,
    0xff, 0xff, 0x87, 0xff, 0xff, 0xb5, 0xff, 0xf0,
    0xcf, 0xff, 0xff, 0xff, 0xff, 0xff, 0xf8, 0x1f,
    0xff, 0xfa, 0x2f, 0xff, 0xc, 0xff, 0xfd, 0xff,
    0xfe, 0xdf, 0xff, 0x80, 0xdf, 0xff, 0xa2, 0xff,
    0xf0, 0xdf, 0xf9, 0xe, 0xff, 0x50, 0xff, 0xf8,
    0x9, 0xff, 0xfa, 0x2f, 0xff, 0xe, 0xff, 0xeb,
    0xff, 0xfd, 0xbf, 0xff, 0x80, 0x47, 0xff, 0xa2,
    0xff, 0xf0, 0xff, 0xff, 0xff, 0xff, 0xff, 0xff,
    0xf8, 0x0, 0x6f, 0xfa, 0x2f, 0xff, 0x2f, 0xff,
    0xff, 0xff, 0xff, 0xff, 0xff, 0x80, 0x6, 0xff,
    0xff, 0xff, 0xf5, 0xff, 0xf7, 0x5f, 0xff, 0x95,
    0xff, 0xf8, 0x0, 0x6f, 0xff, 0xff, 0xff, 0xaf,
    0xfe, 0x0, 0xef, 0xf5, 0xf, 0xff, 0x80, 0x6,
    0xff, 0xff, 0xff, 0xff, 0xff, 0x90, 0xe, 0xff,
    0x73, 0xff, 0xf8, 0x0, 0x6f, 0xfc, 0x44, 0x4b,
    0xff, 0xf5, 0x0, 0xef, 0xfe, 0xff, 0xff, 0x70,
    0x6, 0xff, 0xa0, 0x0, 0xcf, 0xfc, 0x0, 0xe,
    0xff, 0x8f, 0xff, 0xf3, 0x0, 0x0, 0x0, 0x0,
    0x0, 0x5e, 0x30, 0x0, 0x0, 0x0, 0xff, 0xc5,
    0x0, 0x0, 0x0, 0x0, 0x0, 0x0, 0x0, 0x0,
    0x0, 0x0, 0x0, 0x0, 0x0,

    /* U+78B0 "碰" */
    0x0, 0x0, 0x0, 0x0, 0x0, 0x0, 0x0, 0x0,
    0x0, 0x0, 0x0, 0x0, 0x0, 0x0, 0x0, 0x0,
    0x0, 0x0, 0x0, 0x5a, 0xd0, 0x0, 0x4, 0xea,
    0x62, 0x0, 0x1f, 0xff, 0xff, 0xff, 0xfd, 0x6,
    0xff, 0xf7, 0x0, 0x9, 0xff, 0xf5, 0x0, 0x1f,
    0xff, 0xff, 0xff, 0xfd, 0x0, 0xef, 0xfe, 0x0,
    0xe, 0xff, 0xc0, 0x0, 0x1f, 0xff, 0xff, 0xff,
    0xfd, 0x0, 0x7f, 0xff, 0x30, 0x5f, 0xff, 0x40,
    0x0, 0x3, 0x3d, 0xff, 0x93, 0x35, 0x55, 0x7f,
    0xe8, 0x55, 0xcf, 0xfe, 0x55, 0x50, 0x0, 0xf,
    0xff, 0x40, 0x6, 0xff, 0xff, 0xff, 0xff, 0xff,
    0xff, 0xff, 0xf2, 0x0, 0x2f, 0xff, 0x10, 0x6,
    0xff, 0xff, 0xff, 0xff, 0xff, 0xff, 0xff, 0xf2,
    0x0, 0x5f, 0xfe, 0x0, 0x5, 0xff, 0xff, 0xff,
    0xff, 0xff, 0xff, 0xff, 0xf2, 0x0, 0x8f, 0xfb,
    0x0, 0x0, 0x0, 0x3, 0xff, 0xd0, 0xff, 0xf1,
    0x0, 0x0, 0x0, 0xbf, 0xff, 0xff, 0xf5, 0x58,
    0x53, 0xff, 0xd0, 0xff, 0xf1, 0x66, 0x30, 0x1,
    0xff, 0xff, 0xff, 0xfb, 0xff, 0xb3, 0xff, 0xd0,
    0xff, 0xf1, 0xdf, 0xf8, 0x6, 0xff, 0xfe, 0xef,
    0xf7, 0xff, 0xf4, 0xff, 0xd0, 0xff, 0xf2, 0xff,
    0xf4, 0xd, 0xff, 0xf6, 0x6f, 0xf3, 0xff, 0xf8,
    0xff, 0xd0, 0xff, 0xf4, 0xff, 0xf0, 0x6f, 0xff,
    0xf6, 0x6f, 0xf3, 0xcf, 0xfc, 0xff, 0xd0, 0xff,
    0xf8, 0xff, 0xc0, 0x4f, 0xff, 0xf6, 0x6f, 0xf3,
    0x8f, 0xff, 0xff, 0xd0, 0xff, 0xfb, 0xff, 0x80,
    0xe, 0xff, 0xf6, 0x6f, 0xf3, 0x5f, 0xff, 0xff,
    0xd0, 0xff, 0xff, 0xff, 0x30, 0x9, 0xff, 0xf6,
    0x6f, 0xf3, 0x2f, 0xff, 0xff, 0xd0, 0xff, 0xff,
    0xfe, 0x0, 0x4, 0x8f, 0xf6, 0x6f, 0xf3, 0xf,
    0xff, 0xff, 0xd0, 0xff, 0xff, 0xfa, 0x0, 0x0,
    0x6f, 0xfa, 0xaf, 0xf3, 0xc, 0xb9, 0xff, 0xd0,
    0xff, 0xfa, 0xe4, 0x0, 0x0, 0x6f, 0xff, 0xff,
    0xf3, 0x0, 0x3, 0xff, 0xd0, 0xff, 0xf1, 0x0,
    0x0, 0x0, 0x6f, 0xff, 0xff, 0xf5, 0x44, 0x47,
    0xff, 0xe4, 0xff, 0xf5, 0x44, 0x42, 0x0, 0x6f,
    0xfb, 0x77, 0x79, 0xff, 0xff, 0xff, 0xff, 0xff,
    0xff, 0xff, 0xf7, 0x0, 0x6f, 0xf6, 0x0, 0x7,
    0xff, 0xff, 0xff, 0xff, 0xff, 0xff, 0xff, 0xf7,
    0x0, 0x27, 0x72, 0x0, 0x6, 0xee, 0xee, 0xee,
    0xee, 0xee, 0xee, 0xee, 0xe6,

    /* U+79BB "离" */
    0x0, 0x0, 0x0, 0x0, 0x0, 0x1, 0x40, 0x0,
    0x0, 0x0, 0x0, 0x0, 0x0, 0x0, 0x0, 0x0,
    0x4, 0xcf, 0xf3, 0x0, 0x0, 0x0, 0x0, 0x0,
    0x13, 0x33, 0x33, 0x33, 0x37, 0xff, 0xfb, 0x33,
    0x33, 0x33, 0x33, 0x33, 0x5f, 0xff, 0xff, 0xff,
    0xff, 0xff, 0xff, 0xff, 0xff, 0xff, 0xff, 0xfe,
    0x5f, 0xff, 0xff, 0xff, 0xff, 0xff, 0xff, 0xff,
    0xff, 0xff, 0xff, 0xfe, 0x5f, 0xff, 0xff, 0xff,
    0xff, 0xff, 0xff, 0xff, 0xff, 0xff, 0xff, 0xfe,
    0x0, 0x6, 0x99, 0x80, 0xbf, 0xa4, 0x6, 0xdf,
    0xc4, 0x99, 0x95, 0x0, 0x0, 0xb, 0xff, 0xe2,
    0xcf, 0xff, 0xff, 0xfe, 0x53, 0xff, 0xf8, 0x0,
    0x0, 0xb, 0xff, 0xe0, 0x3c, 0xff, 0xff, 0xfa,
    0x23, 0xff, 0xf8, 0x0, 0x0, 0xb, 0xff, 0xe9,
    0xff, 0xff, 0xae, 0xff, 0xf7, 0xff, 0xf8, 0x0,
    0x0, 0xb, 0xff, 0xe0, 0xbe, 0x71, 0x1, 0x7e,
    0xa3, 0xff, 0xf8, 0x0, 0x0, 0xb, 0xff, 0xff,
    0xff, 0xff, 0xff, 0xff, 0xff, 0xff, 0xf8, 0x0,
    0x0, 0xb, 0xff, 0xff, 0xff, 0xff, 0xff, 0xff,
    0xff, 0xff, 0xf8, 0x0, 0x0, 0x8, 0xcc, 0xcc,
    0xcc, 0xff, 0xff, 0xdc, 0xcc, 0xcc, 0xc7, 0x0,
    0x1, 0x22, 0x22, 0x22, 0x24, 0xff, 0xfe, 0x22,
    0x22, 0x22, 0x22, 0x20, 0x7, 0xff, 0xff, 0xff,
    0xff, 0xff, 0xff, 0xff, 0xff, 0xff, 0xff, 0xf2,
    0x7, 0xff, 0xff, 0xff, 0xff, 0xff, 0xff, 0xff,
    0xff, 0xff, 0xff, 0xf2, 0x7, 0xff, 0xff, 0xff,
    0xff, 0xff, 0xff, 0xff, 0xff, 0xff, 0xff, 0xf2,
    0x7, 0xff, 0xf3, 0xa, 0xff, 0xf5, 0x3, 0xff,
    0xe3, 0x8, 0xff, 0xf2, 0x7, 0xff, 0xf4, 0xbf,
    0xff, 0xd9, 0xac, 0xff, 0xfe, 0x27, 0xff, 0xf2,
    0x7, 0xff, 0xf3, 0xdf, 0xff, 0xff, 0xff, 0xff,
    0xff, 0xd8, 0xff, 0xf2, 0x7, 0xff, 0xf3, 0x6f,
    0xff, 0xff, 0xdc, 0xa8, 0xdd, 0x38, 0xff, 0xf2,
    0x7, 0xff, 0xf3, 0x1a, 0x64, 0x20, 0x0, 0x5,
    0xba, 0x9d, 0xff, 0xf2, 0x7, 0xff, 0xf3, 0x0,
    0x0, 0x0, 0x0, 0x2, 0xff, 0xff, 0xff, 0xe0,
    0x7, 0xff, 0xf3, 0x0, 0x0, 0x0, 0x0, 0x0,
    0xbf, 0xff, 0xda, 0x20, 0x0, 0x0, 0x0, 0x0,
    0x0, 0x0, 0x0, 0x0, 0x1, 0x0, 0x0, 0x0,

    /* U+79CD "种" */
    0x0, 0x0, 0x0, 0x0, 0x25, 0x0, 0x0, 0x0,
    0x79, 0x99, 0x0, 0x0, 0x0, 0x0, 0x0, 0x3,
    0x7c, 0xff, 0x30, 0x0, 0x0, 0xcf, 0xff, 0x0,
    0x0, 0x0, 0x4, 0x8b, 0xff, 0xff, 0xff, 0xc0,
    0x0, 0x0, 0xcf, 0xff, 0x0, 0x0, 0x0, 0xa,
    0xff, 0xff, 0xff, 0xff, 0xf4, 0x0, 0x0, 0xcf,
    0xff, 0x0, 0x0, 0x0, 0x4, 0xff, 0xff, 0xff,
    0xb5, 0x10, 0x0, 0x0, 0xcf, 0xff, 0x0, 0x0,
    0x0, 0x0, 0xca, 0xbf, 0xff, 0x40, 0x4, 0x55,
    0x55, 0xdf, 0xff, 0x65, 0x55, 0x50, 0x0, 0x0,
    0x6f, 0xff, 0x40, 0xb, 0xff, 0xff, 0xff, 0xff,
    0xff, 0xff, 0xf1, 0x0, 0x0, 0x6f, 0xff, 0x40,
    0xb, 0xff, 0xff, 0xff, 0xff, 0xff, 0xff, 0xf1,
    0x1f, 0xff, 0xff, 0xff, 0xff, 0xdb, 0xff, 0xff,
    0xff, 0xff, 0xff, 0xff, 0xf1, 0x1f, 0xff, 0xff,
    0xff, 0xff, 0xdb, 0xff, 0xe6, 0xdf, 0xff, 0x7c,
    0xff, 0xf1, 0x1f, 0xff, 0xff, 0xff, 0xff, 0xdb,
    0xff, 0xc0, 0xcf, 0xff, 0xa, 0xff, 0xf1, 0x8,
    0x89, 0xff, 0xff, 0xb8, 0x7b, 0xff, 0xc0, 0xcf,
    0xff, 0xa, 0xff, 0xf1, 0x0, 0x5, 0xff, 0xff,
    0xd1, 0xb, 0xff, 0xc0, 0xcf, 0xff, 0xa, 0xff,
    0xf1, 0x0, 0xc, 0xff, 0xff, 0xfe, 0x1b, 0xff,
    0xe9, 0xef, 0xff, 0x9d, 0xff, 0xf1, 0x0, 0x4f,
    0xff, 0xff, 0xff, 0xdd, 0xff, 0xff, 0xff, 0xff,
    0xff, 0xff, 0xf1, 0x0, 0xdf, 0xff, 0xff, 0xff,
    0xfe, 0xff, 0xff, 0xff, 0xff, 0xff, 0xff, 0xf1,
    0x7, 0xff, 0xff, 0xff, 0xbf, 0x7b, 0xff, 0xff,
    0xff, 0xff, 0xff, 0xff, 0xf1, 0x2f, 0xff, 0xdf,
    0xff, 0x4a, 0xb, 0xff, 0xc0, 0xcf, 0xff, 0x1a,
    0xff, 0xf1, 0x1f, 0xfe, 0x7f, 0xff, 0x40, 0x9,
    0xcc, 0x90, 0xcf, 0xff, 0x5, 0x88, 0x80, 0x8,
    0xf7, 0x6f, 0xff, 0x40, 0x0, 0x0, 0x0, 0xcf,
    0xff, 0x0, 0x0, 0x0, 0x1, 0xc0, 0x6f, 0xff,
    0x40, 0x0, 0x0, 0x0, 0xcf, 0xff, 0x0, 0x0,
    0x0, 0x0, 0x10, 0x6f, 0xff, 0x40, 0x0, 0x0,
    0x0, 0xcf, 0xff, 0x0, 0x0, 0x0, 0x0, 0x0,
    0x6f, 0xff, 0x40, 0x0, 0x0, 0x0, 0xcf, 0xff,
    0x0, 0x0, 0x0, 0x0, 0x0, 0x6f, 0xff, 0x40,
    0x0, 0x0, 0x0, 0xcf, 0xff, 0x0, 0x0, 0x0,
    0x0, 0x0, 0x6f, 0xff, 0x40, 0x0, 0x0, 0x0,
    0xad, 0xdd, 0x0, 0x0, 0x0,

    /* U+79D2 "秒" */
    0x0, 0x0, 0x0, 0x0, 0x0, 0x0, 0x0, 0x0,
    0x22, 0x21, 0x0, 0x0, 0x0, 0x0, 0x0, 0x0,
    0x16, 0xca, 0x0, 0x0, 0x0, 0xff, 0xf9, 0x0,
    0x0, 0x0, 0x0, 0x36, 0x9d, 0xff, 0xff, 0x50,
    0x0, 0x0, 0xff, 0xf9, 0x0, 0x0, 0x0, 0xe,
    0xff, 0xff, 0xff, 0xff, 0xe1, 0x0, 0x0, 0xff,
    0xf9, 0x0, 0x0, 0x0, 0x9, 0xff, 0xff, 0xff,
    0xd9, 0x40, 0x0, 0x0, 0xff, 0xf9, 0x0, 0x40,
    0x0, 0x4, 0xfd, 0xef, 0xff, 0x0, 0x0, 0x97,
    0x41, 0xff, 0xfa, 0xae, 0xf6, 0x0, 0x0, 0x0,
    0x9f, 0xff, 0x0, 0x0, 0xff, 0xf7, 0xff, 0xf9,
    0xef, 0xfc, 0x0, 0x0, 0x0, 0x9f, 0xff, 0x0,
    0x3, 0xff, 0xf5, 0xff, 0xf8, 0x9f, 0xff, 0x20,
    0x4e, 0xee, 0xff, 0xff, 0xee, 0xe6, 0xff, 0xf2,
    0xff, 0xf8, 0x3f, 0xff, 0x80, 0x4f, 0xff, 0xff,
    0xff, 0xff, 0xf9, 0xff, 0xf0, 0xff, 0xf8, 0xe,
    0xff, 0xd0, 0x4f, 0xff, 0xff, 0xff, 0xff, 0xfd,
    0xff, 0xc0, 0xff, 0xf8, 0x9, 0xff, 0xf2, 0x29,
    0x9a, 0xff, 0xff, 0x99, 0xaf, 0xff, 0x80, 0xff,
    0xf8, 0x5, 0xff, 0xf4, 0x0, 0x8, 0xff, 0xff,
    0xa0, 0x4f, 0xff, 0x30, 0xff, 0xf8, 0x2, 0xc6,
    0x10, 0x0, 0xf, 0xff, 0xff, 0xfa, 0x1, 0x7d,
    0x0, 0xff, 0xf8, 0x7, 0x40, 0x0, 0x0, 0x7f,
    0xff, 0xff, 0xff, 0xa0, 0x0, 0x0, 0xff, 0xf8,
    0x4f, 0xff, 0x90, 0x1, 0xef, 0xff, 0xff, 0xff,
    0xf1, 0x0, 0x0, 0xff, 0xf8, 0xdf, 0xff, 0x60,
    0x9, 0xff, 0xff, 0xff, 0xcf, 0x50, 0x0, 0x0,
    0xff, 0xfe, 0xff, 0xfe, 0x0, 0x5f, 0xff, 0xef,
    0xff, 0x39, 0x0, 0x0, 0x0, 0x0, 0x4f, 0xff,
    0xf6, 0x0, 0x3f, 0xfd, 0x9f, 0xff, 0x0, 0x0,
    0x0, 0x0, 0x5, 0xff, 0xff, 0xc0, 0x0, 0xb,
    0xf4, 0x9f, 0xff, 0x0, 0x0, 0x0, 0x2, 0xbf,
    0xff, 0xfe, 0x10, 0x0, 0x3, 0xa0, 0x9f, 0xff,
    0x0, 0x0, 0x16, 0xbf, 0xff, 0xff, 0xd2, 0x0,
    0x0, 0x0, 0x0, 0x9f, 0xff, 0x5, 0xad, 0xff,
    0xff, 0xff, 0xfa, 0x10, 0x0, 0x0, 0x0, 0x0,
    0x9f, 0xff, 0x2, 0xff, 0xff, 0xff, 0xfb, 0x30,
    0x0, 0x0, 0x0, 0x0, 0x0, 0x9f, 0xff, 0x0,
    0x7f, 0xff, 0xfa, 0x30, 0x0, 0x0, 0x0, 0x0,
    0x0, 0x0, 0x9f, 0xff, 0x0, 0x1b, 0x84, 0x0,
    0x0, 0x0, 0x0, 0x0, 0x0,

    /* U+79F0 "称" */
    0x0, 0x0, 0x0, 0x0, 0x0, 0x0, 0x1, 0x0,
    0x0, 0x0, 0x0, 0x0, 0x0, 0x0, 0x0, 0x0,
    0x48, 0xe9, 0x0, 0xe, 0xeb, 0x70, 0x0, 0x0,
    0x0, 0x0, 0x2, 0x58, 0xbf, 0xff, 0xff, 0x40,
    0x3f, 0xff, 0x90, 0x0, 0x0, 0x0, 0x0, 0xf,
    0xff, 0xff, 0xff, 0xff, 0xd0, 0x8f, 0xff, 0x83,
    0x33, 0x33, 0x34, 0x0, 0x9, 0xff, 0xff, 0xff,
    0xa5, 0x10, 0xcf, 0xff, 0xff, 0xff, 0xff, 0xff,
    0xf5, 0x4, 0xca, 0xef, 0xf9, 0x0, 0x2, 0xff,
    0xff, 0xff, 0xff, 0xff, 0xff, 0xf1, 0x0, 0x0,
    0xcf, 0xf9, 0x0, 0xa, 0xff, 0xff, 0xff, 0xff,
    0xff, 0xff, 0xc0, 0x0, 0x0, 0xcf, 0xf9, 0x0,
    0x3f, 0xff, 0xd4, 0xff, 0xfc, 0x5f, 0xff, 0x60,
    0xf, 0xff, 0xff, 0xff, 0xff, 0xff, 0xff, 0x60,
    0xff, 0xfb, 0x7f, 0xff, 0x10, 0xf, 0xff, 0xff,
    0xff, 0xff, 0xbf, 0xfd, 0x0, 0xff, 0xfb, 0x7c,
    0xfa, 0x0, 0xf, 0xff, 0xff, 0xff, 0xff, 0x42,
    0xc3, 0x0, 0xff, 0xfb, 0x0, 0x1, 0x0, 0x8,
    0x8b, 0xff, 0xfd, 0x88, 0x20, 0x85, 0x20, 0xff,
    0xfb, 0x16, 0xb5, 0x0, 0x0, 0xb, 0xff, 0xff,
    0x50, 0x2, 0xff, 0xf6, 0xff, 0xfb, 0xdf, 0xfb,
    0x0, 0x0, 0x2f, 0xff, 0xff, 0xf6, 0x6, 0xff,
    0xf2, 0xff, 0xfb, 0x9f, 0xff, 0x0, 0x0, 0xaf,
    0xff, 0xff, 0xff, 0x6a, 0xff, 0xe0, 0xff, 0xfb,
    0x4f, 0xff, 0x50, 0x3, 0xff, 0xff, 0xff, 0xff,
    0x8d, 0xff, 0xa0, 0xff, 0xfb, 0xf, 0xff, 0xa0,
    0xd, 0xff, 0xff, 0xf9, 0xdc, 0x3f, 0xff, 0x60,
    0xff, 0xfb, 0xb, 0xff, 0xe0, 0x8f, 0xfd, 0xdf,
    0xf9, 0x42, 0x9f, 0xff, 0x10, 0xff, 0xfb, 0x7,
    0xff, 0xf2, 0x3f, 0xf5, 0xcf, 0xf9, 0x2, 0xff,
    0xfa, 0x0, 0xff, 0xfb, 0x4, 0xff, 0xf5, 0xa,
    0xc0, 0xcf, 0xf9, 0x1, 0xaf, 0xf3, 0x0, 0xff,
    0xfb, 0x1, 0xff, 0xf6, 0x3, 0x20, 0xcf, 0xf9,
    0x0, 0x3, 0x90, 0x0, 0xff, 0xfb, 0x0, 0x95,
    0x0, 0x0, 0x0, 0xcf, 0xf9, 0x0, 0x0, 0x7,
    0x89, 0xff, 0xfa, 0x0, 0x0, 0x0, 0x0, 0x0,
    0xcf, 0xf9, 0x0, 0x0, 0x7, 0xff, 0xff, 0xf8,
    0x0, 0x0, 0x0, 0x0, 0x0, 0xcf, 0xf9, 0x0,
    0x0, 0x1, 0xff, 0xff, 0xf3, 0x0, 0x0, 0x0,
    0x0, 0x0, 0xcf, 0xf9, 0x0, 0x0, 0x0, 0xcd,
    0xc8, 0x20, 0x0, 0x0, 0x0,

    /* U+79FB "移" */
    0x0, 0x0, 0x0, 0x0, 0x0, 0x0, 0x0, 0x0,
    0x20, 0x0, 0x0, 0x0, 0x0, 0x0, 0x0, 0x0,
    0x49, 0xf5, 0x0, 0x0, 0x5, 0xff, 0xb7, 0x0,
    0x0, 0x0, 0x1, 0x48, 0xbf, 0xff, 0xfe, 0x10,
    0x0, 0x5f, 0xff, 0xf4, 0x0, 0x0, 0x0, 0x9,
    0xff, 0xff, 0xff, 0xff, 0xb0, 0x7, 0xff, 0xff,
    0xff, 0xff, 0xf8, 0x10, 0x2, 0xff, 0xff, 0xff,
    0xa6, 0x12, 0xcf, 0xff, 0xff, 0xff, 0xff, 0xff,
    0x80, 0x0, 0xcb, 0xcf, 0xff, 0x1, 0x9f, 0xff,
    0xff, 0xff, 0xff, 0xff, 0xfe, 0x0, 0x0, 0x0,
    0x8f, 0xff, 0x0, 0xbf, 0xff, 0xd6, 0x31, 0x4e,
    0xff, 0xf6, 0x0, 0x0, 0x0, 0x8f, 0xff, 0x0,
    0xb, 0xf8, 0x8f, 0xf9, 0xef, 0xff, 0xa0, 0x0,
    0x1f, 0xff, 0xff, 0xff, 0xff, 0xb1, 0x36, 0xff,
    0xff, 0xff, 0xfa, 0x0, 0x0, 0x1f, 0xff, 0xff,
    0xff, 0xff, 0xb0, 0x1, 0xbf, 0xff, 0xff, 0x80,
    0x0, 0x0, 0x1f, 0xff, 0xff, 0xff, 0xff, 0xc6,
    0xbf, 0xff, 0xff, 0xf9, 0x0, 0x0, 0x0, 0x8,
    0x8d, 0xff, 0xff, 0x88, 0xbf, 0xff, 0xff, 0xff,
    0xff, 0xf1, 0x0, 0x0, 0x0, 0xe, 0xff, 0xff,
    0x70, 0xe, 0xff, 0xfd, 0xff, 0xff, 0xa2, 0x22,
    0x0, 0x0, 0x4f, 0xff, 0xff, 0xf6, 0x5, 0xe9,
    0x4c, 0xff, 0xff, 0xff, 0xff, 0xb4, 0x0, 0xaf,
    0xff, 0xff, 0xff, 0x50, 0x1, 0xdf, 0xff, 0xff,
    0xff, 0xff, 0xf6, 0x1, 0xff, 0xff, 0xff, 0xff,
    0xe0, 0x7f, 0xff, 0xff, 0xff, 0xff, 0xff, 0xf0,
    0x9, 0xff, 0xff, 0xff, 0xcf, 0xbd, 0xff, 0xff,
    0xd2, 0x0, 0xbf, 0xff, 0x70, 0x3f, 0xff, 0xbf,
    0xff, 0x4b, 0x4f, 0xff, 0xfa, 0x8e, 0x79, 0xff,
    0xfd, 0x0, 0x2f, 0xfb, 0x8f, 0xff, 0x1, 0x4,
    0xfc, 0x5d, 0xff, 0xff, 0xff, 0xe2, 0x0, 0xa,
    0xf4, 0x8f, 0xff, 0x0, 0x0, 0x30, 0x5, 0xef,
    0xff, 0xfe, 0x20, 0x0, 0x2, 0xb0, 0x8f, 0xff,
    0x0, 0x0, 0x0, 0x3a, 0xff, 0xff, 0xe2, 0x0,
    0x0, 0x0, 0x10, 0x8f, 0xff, 0x0, 0x2, 0x6b,
    0xff, 0xff, 0xfb, 0x20, 0x0, 0x0, 0x0, 0x0,
    0x8f, 0xff, 0x0, 0xdf, 0xff, 0xff, 0xfd, 0x50,
    0x0, 0x0, 0x0, 0x0, 0x0, 0x8f, 0xff, 0x0,
    0x4f, 0xff, 0xfd, 0x70, 0x0, 0x0, 0x0, 0x0,
    0x0, 0x0, 0x8f, 0xff, 0x0, 0xa, 0xd8, 0x20,
    0x0, 0x0, 0x0, 0x0, 0x0, 0x0, 0x0, 0x0,
    0x0, 0x0, 0x0, 0x0, 0x0, 0x0, 0x0, 0x0,
    0x0, 0x0,

    /* U+7A0D "稍" */
    0x0, 0x0, 0x0, 0x0, 0x0, 0x0, 0x0, 0x0,
    0x44, 0x41, 0x0, 0x0, 0x0, 0x0, 0x0, 0x4,
    0xaf, 0x60, 0x0, 0x41, 0x1, 0xff, 0xf6, 0x1,
    0x82, 0x0, 0x3, 0x7a, 0xef, 0xff, 0xe1, 0x4c,
    0xfa, 0x1, 0xff, 0xf6, 0x6, 0xff, 0xc2, 0xe,
    0xff, 0xff, 0xff, 0xf9, 0x9f, 0xff, 0x31, 0xff,
    0xf6, 0xc, 0xff, 0xf1, 0x8, 0xff, 0xff, 0xfd,
    0x61, 0x1f, 0xff, 0xb1, 0xff, 0xf6, 0x2f, 0xff,
    0x90, 0x3, 0xb8, 0xef, 0xf7, 0x0, 0x8, 0xff,
    0xf3, 0xff, 0xf6, 0x9f, 0xff, 0x20, 0x0, 0x0,
    0xdf, 0xf7, 0x0, 0x3, 0xfe, 0x72, 0xff, 0xf6,
    0x6d, 0xfa, 0x0, 0x0, 0x0, 0xdf, 0xf7, 0x0,
    0x1, 0x82, 0x12, 0xff, 0xf7, 0x11, 0x53, 0x0,
    0x4f, 0xff, 0xff, 0xff, 0xff, 0x1f, 0xff, 0xff,
    0xff, 0xff, 0xff, 0xff, 0x40, 0x4f, 0xff, 0xff,
    0xff, 0xff, 0x1f, 0xff, 0xff, 0xff, 0xff, 0xff,
    0xff, 0x40, 0x4f, 0xff, 0xff, 0xff, 0xff, 0x1f,
    0xff, 0xff, 0xff, 0xff, 0xff, 0xff, 0x40, 0x28,
    0x8f, 0xff, 0xfc, 0x88, 0x1f, 0xff, 0xa6, 0x66,
    0x66, 0x8f, 0xff, 0x40, 0x0, 0x2f, 0xff, 0xfd,
    0x10, 0x1f, 0xff, 0x61, 0x11, 0x11, 0x4f, 0xff,
    0x40, 0x0, 0x7f, 0xff, 0xff, 0xe2, 0x1f, 0xff,
    0xff, 0xff, 0xff, 0xff, 0xff, 0x40, 0x0, 0xdf,
    0xff, 0xff, 0xfe, 0x1f, 0xff, 0xff, 0xff, 0xff,
    0xff, 0xff, 0x40, 0x4, 0xff, 0xff, 0xff, 0xfa,
    0x1f, 0xff, 0xff, 0xff, 0xff, 0xff, 0xff, 0x40,
    0xb, 0xff, 0xff, 0xfa, 0xf2, 0x1f, 0xff, 0x60,
    0x0, 0x0, 0x3f, 0xff, 0x40, 0x4f, 0xff, 0xff,
    0xf7, 0x50, 0x1f, 0xff, 0x84, 0x44, 0x44, 0x6f,
    0xff, 0x40, 0x3f, 0xfb, 0xdf, 0xf7, 0x0, 0x1f,
    0xff, 0xff, 0xff, 0xff, 0xff, 0xff, 0x40, 0xb,
    0xf3, 0xdf, 0xf7, 0x0, 0x1f, 0xff, 0xff, 0xff,
    0xff, 0xff, 0xff, 0x40, 0x3, 0xa0, 0xdf, 0xf7,
    0x0, 0x1f, 0xff, 0xed, 0xdd, 0xdd, 0xef, 0xff,
    0x40, 0x0, 0x0, 0xdf, 0xf7, 0x0, 0x1f, 0xff,
    0x50, 0x0, 0x87, 0x9f, 0xff, 0x30, 0x0, 0x0,
    0xdf, 0xf7, 0x0, 0x1f, 0xff, 0x50, 0x0, 0xcf,
    0xff, 0xff, 0x10, 0x0, 0x0, 0xdf, 0xf7, 0x0,
    0x1f, 0xff, 0x50, 0x0, 0x7f, 0xff, 0xfc, 0x0,
    0x0, 0x0, 0xdf, 0xf7, 0x0, 0x1f, 0xff, 0x50,
    0x0, 0x4f, 0xed, 0x81, 0x0,

    /* U+7A7A "空" */
    0x0, 0x0, 0x0, 0x0, 0x0, 0x1, 0x52, 0x0,
    0x0, 0x0, 0x0, 0x0, 0x0, 0x0, 0x0, 0x0,
    0x6, 0xcf, 0xfa, 0x0, 0x0, 0x0, 0x0, 0x0,
    0x0, 0x0, 0x0, 0x0, 0x8, 0xff, 0xff, 0x10,
    0x0, 0x0, 0x0, 0x0, 0x46, 0x66, 0x66, 0x66,
    0x69, 0xff, 0xff, 0xa6, 0x66, 0x66, 0x66, 0x65,
    0xaf, 0xff, 0xff, 0xff, 0xff, 0xff, 0xff, 0xff,
    0xff, 0xff, 0xff, 0xfc, 0xaf, 0xff, 0xff, 0xff,
    0xff, 0xff, 0xff, 0xff, 0xff, 0xff, 0xff, 0xfc,
    0xaf, 0xff, 0xff, 0xff, 0xff, 0xff, 0xff, 0xff,
    0xff, 0xff, 0xff, 0xfc, 0xaf, 0xff, 0x10, 0x0,
    0x10, 0x0, 0x0, 0x3, 0x0, 0x1, 0xff, 0xfc,
    0xaf, 0xff, 0x10, 0x2a, 0xf9, 0x0, 0x0, 0xaf,
    0xd6, 0x1, 0xff, 0xfc, 0xaf, 0xff, 0x39, 0xff,
    0xff, 0xa0, 0x9, 0xff, 0xff, 0xfa, 0xec, 0xca,
    0x24, 0x9e, 0xff, 0xff, 0xff, 0x90, 0x9, 0xff,
    0xff, 0xff, 0xfa, 0x30, 0x3f, 0xff, 0xff, 0xff,
    0xe4, 0x0, 0x0, 0x18, 0xff, 0xff, 0xff, 0xf5,
    0xc, 0xff, 0xff, 0xf7, 0x0, 0x0, 0x0, 0x0,
    0x18, 0xff, 0xff, 0xb0, 0x3, 0xff, 0xfe, 0x76,
    0x66, 0x66, 0x66, 0x66, 0x66, 0x7e, 0xfc, 0x0,
    0x0, 0x87, 0xff, 0xff, 0xff, 0xff, 0xff, 0xff,
    0xff, 0xff, 0x51, 0x0, 0x0, 0x0, 0xef, 0xff,
    0xff, 0xff, 0xff, 0xff, 0xff, 0xff, 0x30, 0x0,
    0x0, 0x0, 0xef, 0xff, 0xff, 0xff, 0xff, 0xff,
    0xff, 0xff, 0x30, 0x0, 0x0, 0x0, 0x0, 0x0,
    0x1, 0xff, 0xfe, 0x0, 0x0, 0x0, 0x0, 0x0,
    0x0, 0x0, 0x0, 0x0, 0x1, 0xff, 0xfe, 0x0,
    0x0, 0x0, 0x0, 0x0, 0x0, 0x0, 0x0, 0x0,
    0x1, 0xff, 0xfe, 0x0, 0x0, 0x0, 0x0, 0x0,
    0x0, 0x0, 0x0, 0x0, 0x1, 0xff, 0xfe, 0x0,
    0x0, 0x0, 0x0, 0x0, 0x5f, 0xff, 0xff, 0xff,
    0xff, 0xff, 0xff, 0xff, 0xff, 0xff, 0xff, 0xf9,
    0x5f, 0xff, 0xff, 0xff, 0xff, 0xff, 0xff, 0xff,
    0xff, 0xff, 0xff, 0xf9, 0x5f, 0xff, 0xff, 0xff,
    0xff, 0xff, 0xff, 0xff, 0xff, 0xff, 0xff, 0xf9,
    0x27, 0x77, 0x77, 0x77, 0x77, 0x77, 0x77, 0x77,
    0x77, 0x77, 0x77, 0x74,

    /* U+7B49 "等" */
    0x0, 0x0, 0x76, 0x20, 0x0, 0x0, 0x0, 0x9,
    0x51, 0x0, 0x0, 0x0, 0x0, 0x0, 0x2f, 0xff,
    0xd0, 0x0, 0x0, 0x5, 0xff, 0xf9, 0x0, 0x0,
    0x0, 0x0, 0xb, 0xff, 0xfe, 0xcc, 0xcc, 0x80,
    0xdf, 0xff, 0xdc, 0xcc, 0xcc, 0xa0, 0x5, 0xff,
    0xff, 0xff, 0xff, 0xfb, 0x8f, 0xff, 0xff, 0xff,
    0xff, 0xfd, 0x3, 0xff, 0xff, 0xff, 0xff, 0xff,
    0xef, 0xff, 0xff, 0xff, 0xff, 0xff, 0xd3, 0xef,
    0xff, 0xcf, 0xff, 0xb4, 0x8f, 0xff, 0xf9, 0xaf,
    0xff, 0x94, 0x44, 0x3d, 0xff, 0xd0, 0xcf, 0xfc,
    0x0, 0x6f, 0xfc, 0x1, 0xef, 0xfb, 0x0, 0x0,
    0x9, 0xe2, 0x5, 0xc5, 0x0, 0xff, 0xff, 0x20,
    0x7, 0xb4, 0x0, 0x0, 0x0, 0x5, 0xff, 0xff,
    0xff, 0xff, 0xff, 0xff, 0xff, 0xff, 0xff, 0x80,
    0x0, 0x0, 0x4f, 0xff, 0xff, 0xff, 0xff, 0xff,
    0xff, 0xff, 0xff, 0xf8, 0x0, 0x0, 0x4, 0xff,
    0xff, 0xff, 0xff, 0xff, 0xff, 0xff, 0xff, 0xff,
    0x80, 0x0, 0x0, 0x0, 0x0, 0x0, 0x0, 0xff,
    0xfe, 0x0, 0x0, 0x0, 0x0, 0x0, 0xe, 0xff,
    0xff, 0xff, 0xff, 0xff, 0xff, 0xff, 0xff, 0xff,
    0xff, 0xff, 0xe0, 0xef, 0xff, 0xff, 0xff, 0xff,
    0xff, 0xff, 0xff, 0xff, 0xff, 0xff, 0xff, 0xe,
    0xff, 0xff, 0xff, 0xff, 0xff, 0xff, 0xff, 0xff,
    0xff, 0xff, 0xff, 0xf0, 0x33, 0x33, 0x33, 0x33,
    0x33, 0x33, 0x33, 0x3f, 0xff, 0xf3, 0x33, 0x33,
    0x0, 0x44, 0x44, 0x44, 0x44, 0x44, 0x44, 0x44,
    0xff, 0xff, 0x44, 0x44, 0x0, 0xe, 0xff, 0xff,
    0xff, 0xff, 0xff, 0xff, 0xff, 0xff, 0xff, 0xff,
    0xf1, 0x0, 0xef, 0xff, 0xff, 0xff, 0xff, 0xff,
    0xff, 0xff, 0xff, 0xff, 0xff, 0x10, 0xc, 0xdd,
    0xde, 0xff, 0xfd, 0xdd, 0xdd, 0xdf, 0xff, 0xfd,
    0xdd, 0xd1, 0x0, 0x0, 0x3, 0xef, 0xff, 0x70,
    0x0, 0x0, 0xff, 0xff, 0x0, 0x0, 0x0, 0x0,
    0x0, 0x8, 0xff, 0xff, 0x93, 0x76, 0x7f, 0xff,
    0xf0, 0x0, 0x0, 0x0, 0x0, 0x0, 0x5, 0xff,
    0xd2, 0x1f, 0xff, 0xff, 0xfd, 0x0, 0x0, 0x0,
    0x0, 0x0, 0x0, 0x6, 0xb1, 0x0, 0xaf, 0xff,
    0xff, 0x80, 0x0, 0x0, 0x0, 0x0, 0x0, 0x0,
    0x0, 0x0, 0x5, 0xff, 0xeb, 0x60, 0x0, 0x0,
    0x0, 0x0, 0x0, 0x0, 0x0, 0x0, 0x0, 0x0,
    0x0, 0x0, 0x0, 0x0, 0x0,

    /* U+7D22 "索" */
    0x0, 0x0, 0x0, 0x0, 0x0, 0x3, 0x33, 0x30,
    0x0, 0x0, 0x0, 0x0, 0x0, 0x0, 0x0, 0x0,
    0x0, 0x0, 0xf, 0xff, 0xf0, 0x0, 0x0, 0x0,
    0x0, 0x0, 0x0, 0x44, 0x44, 0x44, 0x44, 0x4f,
    0xff, 0xf4, 0x44, 0x44, 0x44, 0x44, 0x0, 0x2,
    0xff, 0xff, 0xff, 0xff, 0xff, 0xff, 0xff, 0xff,
    0xff, 0xff, 0xff, 0x20, 0x2, 0xff, 0xff, 0xff,
    0xff, 0xff, 0xff, 0xff, 0xff, 0xff, 0xff, 0xff,
    0x20, 0x2, 0xff, 0xff, 0xff, 0xff, 0xff, 0xff,
    0xff, 0xff, 0xff, 0xff, 0xff, 0x20, 0x0, 0x0,
    0x0, 0x0, 0x0, 0xf, 0xff, 0xf0, 0x0, 0x0,
    0x0, 0x0, 0x0, 0xe, 0xff, 0xff, 0xff, 0xff,
    0xff, 0xff, 0xff, 0xff, 0xff, 0xff, 0xff, 0xe0,
    0xe, 0xff, 0xff, 0xff, 0xff, 0xff, 0xff, 0xff,
    0xff, 0xff, 0xff, 0xff, 0xe0, 0xe, 0xff, 0xff,
    0xff, 0xff, 0xff, 0xff, 0xff, 0xff, 0xff, 0xff,
    0xff, 0xe0, 0xe, 0xff, 0xa1, 0x11, 0x6e, 0xff,
    0xfb, 0x11, 0x47, 0x11, 0x1d, 0xff, 0xe0, 0xe,
    0xff, 0xa0, 0x4c, 0xff, 0xfb, 0x40, 0x4b, 0xff,
    0x90, 0xc, 0xff, 0xe0, 0x9, 0xaa, 0xbc, 0xff,
    0xff, 0xca, 0xac, 0xff, 0xff, 0xf7, 0x8, 0xaa,
    0x90, 0x0, 0x0, 0x7f, 0xff, 0xff, 0xff, 0xff,
    0xff, 0xfb, 0x7a, 0x0, 0x0, 0x0, 0x0, 0x0,
    0x2f, 0xff, 0xff, 0xff, 0xff, 0xfa, 0x37, 0xff,
    0xc1, 0x0, 0x0, 0x0, 0x0, 0x7, 0x9e, 0xff,
    0xff, 0xe8, 0x10, 0xa, 0xff, 0xfd, 0x10, 0x0,
    0x0, 0x25, 0xae, 0xff, 0xff, 0xff, 0xdd, 0xef,
    0xff, 0xff, 0xff, 0xd1, 0x0, 0x0, 0x6f, 0xff,
    0xff, 0xff, 0xff, 0xff, 0xff, 0xff, 0xff, 0xff,
    0xfd, 0x10, 0x0, 0x1f, 0xff, 0xff, 0xff, 0xfe,
    0xff, 0xfb, 0x87, 0x75, 0x9f, 0xff, 0x50, 0x0,
    0x9, 0x77, 0xe9, 0x20, 0x4, 0xff, 0xf5, 0x5,
    0xeb, 0x2a, 0xb2, 0x0, 0x0, 0x0, 0x7f, 0xff,
    0xf7, 0x4, 0xff, 0xf5, 0xaf, 0xff, 0xf9, 0x10,
    0x0, 0x1, 0x7e, 0xff, 0xff, 0xe6, 0x59, 0xff,
    0xf5, 0x2b, 0xff, 0xff, 0xe6, 0x0, 0xc, 0xff,
    0xff, 0xf6, 0xcf, 0xff, 0xff, 0xf2, 0x0, 0x5e,
    0xff, 0xff, 0xa0, 0x0, 0xbf, 0xfb, 0x20, 0x5f,
    0xff, 0xff, 0xe0, 0x0, 0x1, 0xaf, 0xfb, 0x10,
    0x0, 0x9, 0x40, 0x0, 0x1f, 0xfe, 0xc8, 0x10,
    0x0, 0x0, 0x6, 0x60, 0x0, 0x0, 0x0, 0x0,
    0x0, 0x0, 0x0, 0x0, 0x0, 0x0, 0x0, 0x0,
    0x0, 0x0,

    /* U+7EBF "线" */
    0x0, 0x0, 0x4, 0x50, 0x0, 0x0, 0x0, 0x1d,
    0xdd, 0x80, 0x52, 0x0, 0x0, 0x0, 0x0, 0xc,
    0xfd, 0x60, 0x0, 0x0, 0x1f, 0xff, 0x97, 0xff,
    0x60, 0x0, 0x0, 0x0, 0x2f, 0xff, 0xe0, 0x0,
    0x0, 0x1f, 0xff, 0xbe, 0xff, 0xf7, 0x0, 0x0,
    0x0, 0x9f, 0xff, 0x70, 0x0, 0x0, 0xf, 0xff,
    0xa2, 0xdf, 0xd1, 0x0, 0x0, 0x1, 0xff, 0xfe,
    0x0, 0x0, 0x0, 0xf, 0xff, 0xa2, 0x5f, 0xab,
    0x0, 0x0, 0x8, 0xff, 0xf5, 0x41, 0x0, 0x3,
    0x5f, 0xff, 0xff, 0xff, 0xff, 0x20, 0x0, 0x2f,
    0xff, 0xb1, 0xee, 0x57, 0xff, 0xff, 0xff, 0xff,
    0xff, 0xff, 0x50, 0x0, 0xdf, 0xfe, 0x18, 0xff,
    0xfb, 0xff, 0xff, 0xff, 0xff, 0xff, 0xda, 0x40,
    0xd, 0xff, 0xfe, 0xdf, 0xff, 0xd3, 0xff, 0xff,
    0xff, 0xf4, 0x20, 0x0, 0x0, 0xa, 0xff, 0xff,
    0xff, 0xff, 0x40, 0x74, 0x1b, 0xff, 0xf0, 0x2,
    0x58, 0x60, 0x4, 0xff, 0xff, 0xff, 0xf9, 0x0,
    0x0, 0xa, 0xff, 0xfd, 0xff, 0xff, 0xc0, 0x0,
    0xb8, 0x8f, 0xff, 0xd0, 0x6, 0x8b, 0xef, 0xff,
    0xff, 0xff, 0xff, 0xf0, 0x0, 0x1, 0xdf, 0xff,
    0x20, 0xf, 0xff, 0xff, 0xff, 0xff, 0xff, 0xfd,
    0xb1, 0x0, 0xc, 0xff, 0xfa, 0x7a, 0x7d, 0xff,
    0xff, 0xff, 0xfd, 0x65, 0x92, 0x0, 0x2, 0xcf,
    0xff, 0xff, 0xff, 0x8a, 0xeb, 0x86, 0xff, 0xfb,
    0xb, 0xff, 0xa1, 0xa, 0xff, 0xff, 0xff, 0xff,
    0x80, 0x0, 0x0, 0xdf, 0xfe, 0x8f, 0xff, 0xc0,
    0x4, 0xff, 0xff, 0xfe, 0xb8, 0x30, 0x0, 0x0,
    0x9f, 0xff, 0xff, 0xff, 0x20, 0x0, 0xed, 0x85,
    0x10, 0x2, 0x20, 0x0, 0x0, 0x6f, 0xff, 0xff,
    0xf5, 0x0, 0x0, 0x10, 0x0, 0x28, 0xdf, 0x70,
    0x0, 0x0, 0x6f, 0xff, 0xff, 0x51, 0x0, 0x0,
    0x3, 0x8d, 0xff, 0xff, 0xa0, 0x0, 0x4c, 0xff,
    0xff, 0xf5, 0xd, 0x10, 0x6, 0xef, 0xff, 0xff,
    0xff, 0xb1, 0x6c, 0xff, 0xff, 0xff, 0xf7, 0x2f,
    0xe5, 0x6, 0xff, 0xff, 0xff, 0x93, 0xaf, 0xff,
    0xff, 0xff, 0xff, 0xff, 0xdf, 0xf7, 0x3, 0xff,
    0xfb, 0x50, 0x0, 0x5f, 0xff, 0xff, 0xa2, 0x8f,
    0xff, 0xff, 0xf3, 0x0, 0xd7, 0x10, 0x0, 0x0,
    0x9, 0xff, 0xa3, 0x0, 0xc, 0xff, 0xff, 0xc0,
    0x0, 0x0, 0x0, 0x0, 0x0, 0x1, 0x71, 0x0,
    0x0, 0x0, 0x9e, 0xeb, 0x10,

    /* U+7ECF "经" */
    0x0, 0x0, 0x3, 0x0, 0x0, 0x0, 0x0, 0x0,
    0x0, 0x0, 0x0, 0x0, 0x0, 0x0, 0x0, 0x3f,
    0xc4, 0x0, 0x0, 0x0, 0x0, 0x0, 0x0, 0x0,
    0x0, 0x0, 0x0, 0x0, 0x9f, 0xff, 0x70, 0xc,
    0xff, 0xff, 0xff, 0xff, 0xff, 0xe6, 0x0, 0x0,
    0x0, 0xff, 0xff, 0x10, 0xc, 0xff, 0xff, 0xff,
    0xff, 0xff, 0xff, 0x70, 0x0, 0x6, 0xff, 0xf9,
    0x0, 0xc, 0xff, 0xff, 0xff, 0xff, 0xff, 0xfe,
    0x0, 0x0, 0xd, 0xff, 0xf1, 0x0, 0x4, 0x66,
    0x66, 0x66, 0xbf, 0xff, 0xf6, 0x0, 0x0, 0x6f,
    0xff, 0x60, 0xd6, 0x0, 0x0, 0x0, 0x6, 0xff,
    0xff, 0xb0, 0x0, 0x1, 0xef, 0xfc, 0x7, 0xff,
    0xc2, 0x0, 0x0, 0x8f, 0xff, 0xfd, 0x0, 0x0,
    0x2d, 0xff, 0xfa, 0x8f, 0xff, 0xf5, 0x0, 0x4d,
    0xff, 0xff, 0xf3, 0x0, 0x0, 0x4f, 0xff, 0xff,
    0xff, 0xff, 0xa0, 0x4b, 0xff, 0xff, 0xff, 0xff,
    0x91, 0x0, 0xe, 0xff, 0xff, 0xff, 0xff, 0x9e,
    0xff, 0xff, 0xff, 0xff, 0xff, 0xff, 0x91, 0x9,
    0xfd, 0xef, 0xff, 0xf4, 0xef, 0xff, 0xff, 0xd4,
    0x4c, 0xff, 0xff, 0xfa, 0x1, 0x2, 0xef, 0xff,
    0x50, 0x3f, 0xff, 0xe6, 0x0, 0x0, 0x5d, 0xff,
    0xe1, 0x0, 0x2e, 0xff, 0xfa, 0x57, 0x39, 0xb4,
    0x0, 0x0, 0x0, 0x0, 0x7f, 0x40, 0x3, 0xef,
    0xff, 0xff, 0xff, 0x48, 0xff, 0xff, 0xff, 0xff,
    0xff, 0xff, 0x20, 0x2f, 0xff, 0xff, 0xff, 0xff,
    0x38, 0xff, 0xff, 0xff, 0xff, 0xff, 0xff, 0x20,
    0xd, 0xff, 0xff, 0xff, 0xfd, 0x28, 0xff, 0xff,
    0xff, 0xff, 0xff, 0xff, 0x20, 0x7, 0xff, 0xda,
    0x63, 0x0, 0x3, 0x77, 0x78, 0xff, 0xfd, 0x77,
    0x77, 0x10, 0x2, 0x72, 0x0, 0x0, 0x3, 0x0,
    0x0, 0x1, 0xff, 0xfb, 0x0, 0x0, 0x0, 0x0,
    0x0, 0x14, 0x8c, 0xff, 0x0, 0x0, 0x1, 0xff,
    0xfb, 0x0, 0x0, 0x0, 0x6, 0x9d, 0xff, 0xff,
    0xff, 0x10, 0x0, 0x1, 0xff, 0xfb, 0x0, 0x0,
    0x0, 0xf, 0xff, 0xff, 0xff, 0xff, 0x98, 0x88,
    0x89, 0xff, 0xfd, 0x88, 0x88, 0x84, 0xc, 0xff,
    0xff, 0xfc, 0x74, 0xff, 0xff, 0xff, 0xff, 0xff,
    0xff, 0xff, 0xf8, 0x9, 0xff, 0xa6, 0x10, 0x1,
    0xff, 0xff, 0xff, 0xff, 0xff, 0xff, 0xff, 0xf8,
    0x3, 0x40, 0x0, 0x0, 0x1, 0xff, 0xff, 0xff,
    0xff, 0xff, 0xff, 0xff, 0xf8,

    /* U+7ED3 "结" */
    0x0, 0x0, 0x4, 0x0, 0x0, 0x0, 0x0, 0x0,
    0x66, 0x65, 0x0, 0x0, 0x0, 0x0, 0x0, 0x5f,
    0xd6, 0x0, 0x0, 0x0, 0x1, 0xff, 0xfe, 0x0,
    0x0, 0x0, 0x0, 0x0, 0xbf, 0xff, 0xb0, 0x0,
    0x0, 0x1, 0xff, 0xfe, 0x0, 0x0, 0x0, 0x0,
    0x2, 0xff, 0xff, 0x40, 0x0, 0x0, 0x2, 0xff,
    0xfe, 0x0, 0x0, 0x0, 0x0, 0xa, 0xff, 0xfb,
    0x0, 0x4f, 0xff, 0xff, 0xff, 0xff, 0xff, 0xff,
    0xf0, 0x0, 0x2f, 0xff, 0xf3, 0x0, 0x4f, 0xff,
    0xff, 0xff, 0xff, 0xff, 0xff, 0xf0, 0x0, 0xbf,
    0xff, 0x83, 0xe6, 0x4f, 0xff, 0xff, 0xff, 0xff,
    0xff, 0xff, 0xf0, 0x7, 0xff, 0xfd, 0xc, 0xff,
    0xdb, 0x99, 0x9a, 0xff, 0xff, 0x99, 0x99, 0x90,
    0x7f, 0xff, 0xfc, 0xbf, 0xff, 0xf2, 0x0, 0x1,
    0xff, 0xfe, 0x0, 0x0, 0x0, 0x6f, 0xff, 0xff,
    0xff, 0xff, 0x74, 0x88, 0x89, 0xff, 0xff, 0x88,
    0x88, 0x20, 0xf, 0xff, 0xff, 0xff, 0xfb, 0x8,
    0xff, 0xff, 0xff, 0xff, 0xff, 0xff, 0x50, 0xa,
    0xc9, 0xef, 0xff, 0xe1, 0x8, 0xff, 0xff, 0xff,
    0xff, 0xff, 0xff, 0x50, 0x0, 0x6, 0xff, 0xff,
    0x30, 0x8, 0xff, 0xff, 0xff, 0xff, 0xff, 0xff,
    0x50, 0x0, 0x4f, 0xff, 0xf6, 0x46, 0x50, 0x0,
    0x0, 0x0, 0x0, 0x0, 0x0, 0x0, 0x5, 0xff,
    0xff, 0xff, 0xff, 0xa0, 0x44, 0x44, 0x44, 0x44,
    0x44, 0x44, 0x0, 0x5f, 0xff, 0xff, 0xff, 0xff,
    0xb0, 0xff, 0xff, 0xff, 0xff, 0xff, 0xfe, 0x0,
    0xf, 0xff, 0xff, 0xff, 0xff, 0xb0, 0xff, 0xff,
    0xff, 0xff, 0xff, 0xfe, 0x0, 0xa, 0xff, 0xfc,
    0x96, 0x30, 0x0, 0xff, 0xff, 0xff, 0xff, 0xff,
    0xfe, 0x0, 0x4, 0x83, 0x0, 0x0, 0x0, 0x0,
    0xff, 0xfb, 0x0, 0x0, 0xff, 0xfe, 0x0, 0x0,
    0x0, 0x0, 0x25, 0x8a, 0xd0, 0xff, 0xfb, 0x0,
    0x0, 0xef, 0xfe, 0x0, 0x26, 0x8a, 0xdf, 0xff,
    0xff, 0xf0, 0xff, 0xfb, 0x0, 0x0, 0xff, 0xfe,
    0x0, 0x5f, 0xff, 0xff, 0xff, 0xff, 0xf2, 0xff,
    0xff, 0xff, 0xff, 0xff, 0xfe, 0x0, 0x3f, 0xff,
    0xff, 0xff, 0xff, 0xc2, 0xff, 0xff, 0xff, 0xff,
    0xff, 0xfe, 0x0, 0xf, 0xff, 0xeb, 0x85, 0x20,
    0x0, 0xff, 0xff, 0xff, 0xff, 0xff, 0xfe, 0x0,
    0x6, 0x41, 0x0, 0x0, 0x0, 0x0, 0xff, 0xfc,
    0x55, 0x55, 0xde, 0xed, 0x0,

    /* U+7ED9 "给" */
    0x0, 0x0, 0x3, 0x0, 0x0, 0x0, 0x0, 0x1,
    0x30, 0x0, 0x0, 0x0, 0x0, 0x0, 0x0, 0x5f,
    0xb4, 0x0, 0x0, 0x0, 0x8, 0xfe, 0xa2, 0x0,
    0x0, 0x0, 0x0, 0x0, 0xbf, 0xff, 0x70, 0x0,
    0x0, 0xe, 0xff, 0xf2, 0x0, 0x0, 0x0, 0x0,
    0x2, 0xff, 0xff, 0x10, 0x0, 0x0, 0x7f, 0xff,
    0xf9, 0x0, 0x0, 0x0, 0x0, 0x8, 0xff, 0xf8,
    0x0, 0x0, 0x1, 0xff, 0xff, 0xff, 0x40, 0x0,
    0x0, 0x0, 0x1f, 0xff, 0xe2, 0x0, 0x0, 0xb,
    0xff, 0xff, 0xff, 0xe2, 0x0, 0x0, 0x0, 0xaf,
    0xff, 0x5c, 0xc2, 0x0, 0x7f, 0xff, 0xf7, 0xff,
    0xfd, 0x10, 0x0, 0x5, 0xff, 0xfa, 0x4f, 0xff,
    0x65, 0xff, 0xff, 0x60, 0xaf, 0xff, 0xe2, 0x0,
    0x5f, 0xff, 0xf9, 0xdf, 0xff, 0xbf, 0xff, 0xfb,
    0x0, 0x1e, 0xff, 0xff, 0x60, 0x7f, 0xff, 0xff,
    0xff, 0xff, 0xff, 0xff, 0xff, 0xff, 0xff, 0xff,
    0xff, 0xf6, 0x1f, 0xff, 0xff, 0xff, 0xf8, 0xff,
    0xff, 0xff, 0xff, 0xff, 0xff, 0xff, 0xa0, 0xc,
    0xfd, 0xff, 0xff, 0x50, 0x7f, 0xdf, 0xff, 0xff,
    0xff, 0xfd, 0xec, 0x0, 0x1, 0x6, 0xff, 0xf9,
    0x0, 0x7, 0x17, 0x77, 0x77, 0x77, 0x74, 0x12,
    0x0, 0x0, 0x4f, 0xff, 0xd1, 0x36, 0x20, 0x0,
    0x0, 0x0, 0x0, 0x0, 0x0, 0x0, 0x4, 0xff,
    0xff, 0xff, 0xff, 0x39, 0xff, 0xff, 0xff, 0xff,
    0xff, 0xe0, 0x0, 0x4f, 0xff, 0xff, 0xff, 0xff,
    0x2a, 0xff, 0xff, 0xff, 0xff, 0xff, 0xe0, 0x0,
    0x1f, 0xff, 0xff, 0xff, 0xfc, 0x1a, 0xff, 0xff,
    0xff, 0xff, 0xff, 0xe0, 0x0, 0xa, 0xff, 0xd9,
    0x63, 0x0, 0xa, 0xff, 0xf6, 0x55, 0x5f, 0xff,
    0xe0, 0x0, 0x4, 0x61, 0x0, 0x0, 0x0, 0xa,
    0xff, 0xf0, 0x0, 0xe, 0xff, 0xe0, 0x0, 0x0,
    0x0, 0x0, 0x36, 0xad, 0xa, 0xff, 0xf0, 0x0,
    0xe, 0xff, 0xe0, 0x0, 0x3, 0x69, 0xcf, 0xff,
    0xff, 0x1a, 0xff, 0xf0, 0x0, 0xe, 0xff, 0xe0,
    0x0, 0x3f, 0xff, 0xff, 0xff, 0xff, 0x3a, 0xff,
    0xff, 0xff, 0xff, 0xff, 0xe0, 0x0, 0xf, 0xff,
    0xff, 0xff, 0xd9, 0x1a, 0xff, 0xff, 0xff, 0xff,
    0xff, 0xe0, 0x0, 0xd, 0xff, 0xc8, 0x51, 0x0,
    0xa, 0xff, 0xff, 0xff, 0xff, 0xff, 0xe0, 0x0,
    0x5, 0x40, 0x0, 0x0, 0x0, 0xa, 0xff, 0xf5,
    0x55, 0x5f, 0xff, 0xe0, 0x0,

    /* U+7EDD "绝" */
    0x0, 0x0, 0x4, 0x0, 0x0, 0x0, 0x0, 0x40,
    0x0, 0x0, 0x0, 0x0, 0x0, 0x0, 0x0, 0x4f,
    0xc5, 0x0, 0x0, 0x5, 0xff, 0xb3, 0x0, 0x0,
    0x0, 0x0, 0x0, 0x0, 0xaf, 0xff, 0x50, 0x0,
    0xd, 0xff, 0xf2, 0x0, 0x0, 0x0, 0x0, 0x0,
    0x1, 0xff, 0xfd, 0x0, 0x0, 0x6f, 0xff, 0xff,
    0xff, 0xfd, 0x20, 0x0, 0x0, 0x7, 0xff, 0xf5,
    0x0, 0x2, 0xef, 0xff, 0xff, 0xff, 0xff, 0xf2,
    0x0, 0x0, 0xe, 0xff, 0xc0, 0x0, 0x1d, 0xff,
    0xff, 0xff, 0xff, 0xff, 0xa0, 0x0, 0x0, 0x8f,
    0xff, 0x36, 0x81, 0xcf, 0xff, 0xd4, 0x34, 0xdf,
    0xfe, 0x10, 0x0, 0x3, 0xff, 0xf8, 0x1e, 0xff,
    0xff, 0xfe, 0x20, 0x6, 0xff, 0xf5, 0x0, 0x0,
    0x3e, 0xff, 0xfa, 0xcf, 0xff, 0xaf, 0xff, 0xdd,
    0xdf, 0xff, 0xfe, 0xdd, 0x0, 0x5f, 0xff, 0xff,
    0xff, 0xfa, 0xe, 0xff, 0xff, 0xff, 0xff, 0xff,
    0xff, 0x0, 0xf, 0xff, 0xff, 0xff, 0xf1, 0xe,
    0xff, 0xff, 0xff, 0xff, 0xff, 0xff, 0x0, 0xa,
    0xfc, 0xef, 0xff, 0x70, 0xe, 0xff, 0xa5, 0xff,
    0xf6, 0x9f, 0xff, 0x0, 0x1, 0x3, 0xff, 0xfc,
    0x0, 0xe, 0xff, 0x80, 0xff, 0xf2, 0x6f, 0xff,
    0x0, 0x0, 0xd, 0xff, 0xe1, 0x0, 0xe, 0xff,
    0x80, 0xff, 0xf2, 0x6f, 0xff, 0x0, 0x0, 0xbf,
    0xff, 0xca, 0xdf, 0x2e, 0xff, 0xa4, 0xff, 0xf6,
    0x9f, 0xff, 0x0, 0x1b, 0xff, 0xff, 0xff, 0xff,
    0x1e, 0xff, 0xff, 0xff, 0xff, 0xff, 0xff, 0x0,
    0x3f, 0xff, 0xff, 0xff, 0xff, 0xe, 0xff, 0xff,
    0xff, 0xff, 0xff, 0xff, 0x0, 0xd, 0xff, 0xfe,
    0xb8, 0x52, 0xe, 0xff, 0xfe, 0xee, 0xee, 0xee,
    0xee, 0x0, 0x7, 0x95, 0x10, 0x0, 0x0, 0xe,
    0xff, 0x80, 0x0, 0x0, 0x0, 0x0, 0x0, 0x0,
    0x0, 0x0, 0x14, 0x7a, 0x4e, 0xff, 0x80, 0x0,
    0x0, 0x0, 0xe8, 0x20, 0x1, 0x47, 0xbe, 0xff,
    0xff, 0x6e, 0xff, 0x80, 0x0, 0x0, 0x3, 0xff,
    0xf2, 0x4f, 0xff, 0xff, 0xff, 0xff, 0x8c, 0xff,
    0xd4, 0x43, 0x33, 0x4b, 0xff, 0xe0, 0x1f, 0xff,
    0xff, 0xfd, 0x95, 0x1a, 0xff, 0xff, 0xff, 0xff,
    0xff, 0xff, 0xa0, 0xf, 0xfd, 0x95, 0x10, 0x0,
    0x3, 0xff, 0xff, 0xff, 0xff, 0xff, 0xff, 0x20,
    0x4, 0x20, 0x0, 0x0, 0x0, 0x0, 0x3b, 0xef,
    0xff, 0xff, 0xfe, 0xb3, 0x0,

    /* U+7EE7 "继" */
    0x0, 0x0, 0x10, 0x0, 0x0, 0x0, 0x0, 0x0,
    0x0, 0x0, 0x0, 0x0, 0x0, 0x0, 0x0, 0x9e,
    0x71, 0x0, 0x11, 0x10, 0x0, 0x1, 0xcc, 0xb0,
    0x0, 0x0, 0x0, 0x0, 0xef, 0xfe, 0x0, 0xff,
    0xf6, 0x0, 0x2, 0xff, 0xe0, 0x0, 0x0, 0x0,
    0x5, 0xff, 0xfa, 0x0, 0xff, 0xf7, 0x9d, 0x62,
    0xff, 0xe0, 0xbd, 0x91, 0x0, 0xa, 0xff, 0xf3,
    0x0, 0xff, 0xf7, 0xef, 0xb2, 0xff, 0xe0, 0xff,
    0xe0, 0x0, 0x1f, 0xff, 0xb0, 0x0, 0xff, 0xf6,
    0x9f, 0xf3, 0xff, 0xe3, 0xff, 0x70, 0x0, 0x8f,
    0xff, 0x26, 0x30, 0xff, 0xf6, 0x5f, 0xf6, 0xff,
    0xe9, 0xfe, 0x0, 0x2, 0xff, 0xf8, 0x1f, 0xf8,
    0xff, 0xf6, 0x2e, 0xb6, 0xff, 0xe9, 0xe8, 0x0,
    0xc, 0xff, 0xe0, 0x9f, 0xff, 0xff, 0xf8, 0x55,
    0x56, 0xff, 0xf5, 0x55, 0x51, 0x9f, 0xff, 0xff,
    0xff, 0xfa, 0xff, 0xf9, 0xff, 0xff, 0xff, 0xff,
    0xff, 0xf3, 0x3f, 0xff, 0xff, 0xff, 0xf1, 0xff,
    0xf9, 0xff, 0xff, 0xff, 0xff, 0xff, 0xf3, 0xe,
    0xff, 0xff, 0xff, 0x70, 0xff, 0xf9, 0xcc, 0xcf,
    0xff, 0xfe, 0xcc, 0xc2, 0x5, 0x44, 0xff, 0xfb,
    0x0, 0xff, 0xf6, 0x0, 0x7f, 0xff, 0xfe, 0x20,
    0x0, 0x0, 0xc, 0xff, 0xe1, 0x0, 0xff, 0xf6,
    0x1, 0xef, 0xff, 0xff, 0xd0, 0x0, 0x0, 0xaf,
    0xff, 0xba, 0xc5, 0xff, 0xf6, 0x9, 0xff, 0xff,
    0xff, 0xfa, 0x0, 0x1b, 0xff, 0xff, 0xff, 0xf5,
    0xff, 0xf6, 0x6f, 0xff, 0xff, 0xed, 0xff, 0x70,
    0x3f, 0xff, 0xff, 0xff, 0xf4, 0xff, 0xf9, 0xff,
    0xf9, 0xff, 0xe3, 0xff, 0xf3, 0xd, 0xff, 0xfe,
    0xb8, 0x40, 0xff, 0xf7, 0xdf, 0xd2, 0xff, 0xe0,
    0xaf, 0xd1, 0x8, 0xa5, 0x20, 0x0, 0x0, 0xff,
    0xf6, 0x5f, 0x32, 0xff, 0xe0, 0x2d, 0x10, 0x0,
    0x0, 0x0, 0x25, 0x94, 0xff, 0xf6, 0x5, 0x2,
    0xff, 0xe0, 0x1, 0x0, 0x2, 0x58, 0xbe, 0xff,
    0xf7, 0xff, 0xf6, 0x0, 0x2, 0xff, 0xe0, 0x0,
    0x0, 0x4f, 0xff, 0xff, 0xff, 0xf9, 0xff, 0xfa,
    0x55, 0x55, 0x88, 0x85, 0x55, 0x53, 0x1f, 0xff,
    0xff, 0xfd, 0x83, 0xff, 0xff, 0xff, 0xff, 0xff,
    0xff, 0xff, 0xf9, 0xe, 0xfd, 0x95, 0x10, 0x0,
    0xff, 0xff, 0xff, 0xff, 0xff, 0xff, 0xff, 0xf9,
    0x4, 0x10, 0x0, 0x0, 0x0, 0xdd, 0xdd, 0xdd,
    0xdd, 0xdd, 0xdd, 0xdd, 0xd8,

    /* U+7EED "续" */
    0x0, 0x0, 0x0, 0x0, 0x0, 0x0, 0x0, 0x0,
    0x0, 0x0, 0x0, 0x0, 0x0, 0x0, 0x0, 0x2d,
    0x60, 0x0, 0x0, 0x0, 0x6, 0xff, 0xf4, 0x0,
    0x0, 0x0, 0x0, 0x0, 0x8f, 0xfe, 0x10, 0x2,
    0x22, 0x28, 0xff, 0xf6, 0x22, 0x21, 0x0, 0x0,
    0x0, 0xef, 0xfc, 0x0, 0xa, 0xff, 0xff, 0xff,
    0xff, 0xff, 0xf8, 0x0, 0x0, 0x4, 0xff, 0xf4,
    0x0, 0xa, 0xff, 0xff, 0xff, 0xff, 0xff, 0xf8,
    0x0, 0x0, 0xb, 0xff, 0xc0, 0x0, 0x9, 0xee,
    0xef, 0xff, 0xfe, 0xee, 0xe7, 0x0, 0x0, 0x3f,
    0xff, 0x37, 0x40, 0x1, 0x11, 0x17, 0xff, 0xf5,
    0x11, 0x20, 0x0, 0x0, 0xcf, 0xf8, 0x1f, 0xfb,
    0xaf, 0xff, 0xff, 0xff, 0xff, 0xff, 0xff, 0xd0,
    0x9, 0xff, 0xf4, 0xaf, 0xfe, 0x9f, 0xff, 0xff,
    0xff, 0xff, 0xff, 0xff, 0xc0, 0x5f, 0xff, 0xff,
    0xff, 0xf6, 0x8f, 0xff, 0xff, 0xff, 0xff, 0xff,
    0xff, 0x90, 0x1f, 0xff, 0xff, 0xff, 0xd0, 0x0,
    0x2d, 0x50, 0x56, 0x63, 0xe, 0xff, 0x50, 0xb,
    0xff, 0xff, 0xff, 0x30, 0x0, 0xcf, 0xfb, 0xef,
    0xf8, 0x1f, 0xff, 0x0, 0x3, 0x31, 0xef, 0xf8,
    0x0, 0x7, 0x6c, 0xfe, 0xff, 0xf8, 0x3e, 0xfb,
    0x0, 0x0, 0xa, 0xff, 0xe6, 0x93, 0x8f, 0xf9,
    0x84, 0xef, 0xf8, 0x0, 0x12, 0x0, 0x0, 0x7f,
    0xff, 0xff, 0xf4, 0x6f, 0xff, 0xa0, 0xff, 0xf7,
    0x0, 0x0, 0x0, 0x8, 0xff, 0xff, 0xff, 0xf5,
    0x46, 0xef, 0x55, 0xff, 0xf9, 0x44, 0x44, 0x20,
    0x1f, 0xff, 0xff, 0xfd, 0x93, 0xff, 0xff, 0xff,
    0xff, 0xff, 0xff, 0xff, 0x70, 0xa, 0xff, 0xc7,
    0x20, 0x1, 0xff, 0xff, 0xff, 0xff, 0xff, 0xff,
    0xff, 0x70, 0x4, 0x81, 0x0, 0x28, 0xe5, 0xff,
    0xff, 0xff, 0xff, 0xff, 0xff, 0xff, 0x70, 0x0,
    0x1, 0x7d, 0xff, 0xf8, 0x0, 0x1, 0xef, 0xff,
    0x28, 0xb1, 0x0, 0x0, 0x7, 0xcf, 0xff, 0xff,
    0xfb, 0x0, 0x1d, 0xff, 0xfa, 0x9f, 0xfe, 0x40,
    0x0, 0x1f, 0xff, 0xff, 0xfc, 0x60, 0x5, 0xef,
    0xff, 0xd1, 0x7f, 0xff, 0xf7, 0x0, 0xd, 0xff,
    0xfa, 0x30, 0x4, 0xcf, 0xff, 0xfe, 0x20, 0x4,
    0xef, 0xff, 0x90, 0x9, 0xe7, 0x10, 0x0, 0x4,
    0xff, 0xff, 0xc1, 0x0, 0x0, 0x2e, 0xff, 0xf2,
    0x1, 0x0, 0x0, 0x0, 0x0, 0x5f, 0xf7, 0x0,
    0x0, 0x0, 0x1, 0xde, 0x30, 0x0, 0x0, 0x0,
    0x0, 0x0, 0x6, 0x10, 0x0, 0x0, 0x0, 0x0,
    0x22, 0x0,

    /* U+7EF4 "维" */
    0x0, 0x0, 0x0, 0x0, 0x0, 0x0, 0x0, 0x0,
    0x0, 0x0, 0x0, 0x0, 0x0, 0x0, 0x0, 0x1f,
    0x91, 0x0, 0x0, 0x2, 0xd9, 0x40, 0x17, 0xc0,
    0x0, 0x0, 0x0, 0x0, 0x7f, 0xff, 0x40, 0x0,
    0x7, 0xff, 0xfb, 0xff, 0xf8, 0x0, 0x0, 0x0,
    0x0, 0xdf, 0xfe, 0x0, 0x0, 0xc, 0xff, 0xf2,
    0xff, 0xff, 0x0, 0x0, 0x0, 0x4, 0xff, 0xf7,
    0x0, 0x0, 0x2f, 0xff, 0xa0, 0x8f, 0xff, 0x50,
    0x0, 0x0, 0xb, 0xff, 0xe1, 0x0, 0x0, 0x9f,
    0xff, 0xa6, 0x8f, 0xfa, 0x66, 0x60, 0x0, 0x3f,
    0xff, 0x66, 0xc2, 0x1, 0xff, 0xff, 0xff, 0xff,
    0xff, 0xff, 0xf1, 0x0, 0xdf, 0xfc, 0xe, 0xff,
    0x68, 0xff, 0xff, 0xff, 0xff, 0xff, 0xff, 0xf1,
    0x9, 0xff, 0xf3, 0x7f, 0xff, 0x7f, 0xff, 0xff,
    0xff, 0xff, 0xff, 0xff, 0xf1, 0x6f, 0xff, 0xff,
    0xff, 0xfc, 0xbf, 0xff, 0xf6, 0x0, 0xef, 0xf9,
    0x0, 0x0, 0x1f, 0xff, 0xff, 0xff, 0xf5, 0xff,
    0xff, 0xfa, 0x66, 0xff, 0xfb, 0x66, 0x30, 0xb,
    0xff, 0xff, 0xff, 0x80, 0xcf, 0xff, 0xff, 0xff,
    0xff, 0xff, 0xff, 0x70, 0x3, 0x42, 0xef, 0xfc,
    0x0, 0x5f, 0xff, 0xff, 0xff, 0xff, 0xff, 0xff,
    0x70, 0x0, 0xa, 0xff, 0xf2, 0x0, 0x1a, 0xff,
    0xff, 0xff, 0xff, 0xff, 0xff, 0x70, 0x0, 0x7f,
    0xff, 0xdb, 0xef, 0x51, 0xff, 0xf6, 0x0, 0xef,
    0xf9, 0x0, 0x0, 0x8, 0xff, 0xff, 0xff, 0xff,
    0x41, 0xff, 0xfa, 0x66, 0xff, 0xfc, 0x66, 0x30,
    0x1f, 0xff, 0xff, 0xff, 0xff, 0x41, 0xff, 0xff,
    0xff, 0xff, 0xff, 0xff, 0x80, 0xb, 0xff, 0xff,
    0xb8, 0x52, 0x1, 0xff, 0xff, 0xff, 0xff, 0xff,
    0xff, 0x80, 0x5, 0xb6, 0x20, 0x0, 0x0, 0x1,
    0xff, 0xff, 0xee, 0xff, 0xff, 0xee, 0x70, 0x0,
    0x0, 0x0, 0x14, 0x7b, 0xa1, 0xff, 0xf6, 0x0,
    0xef, 0xf9, 0x0, 0x0, 0x1, 0x47, 0xad, 0xff,
    0xff, 0xe1, 0xff, 0xfb, 0x88, 0xff, 0xfc, 0x88,
    0x83, 0x1f, 0xff, 0xff, 0xff, 0xff, 0xf1, 0xff,
    0xff, 0xff, 0xff, 0xff, 0xff, 0xf6, 0xe, 0xff,
    0xff, 0xfe, 0xa6, 0x21, 0xff, 0xff, 0xff, 0xff,
    0xff, 0xff, 0xf6, 0xb, 0xfe, 0xa6, 0x20, 0x0,
    0x1, 0xff, 0xff, 0xff, 0xff, 0xff, 0xff, 0xf6,
    0x2, 0x20, 0x0, 0x0, 0x0, 0x1, 0xff, 0xf6,
    0x0, 0x0, 0x0, 0x0, 0x0,

    /* U+7F16 "编" */
    0x0, 0x0, 0x62, 0x0, 0x0, 0x0, 0x0, 0x0,
    0x15, 0x70, 0x0, 0x0, 0x0, 0x0, 0xf, 0xfd,
    0x60, 0x0, 0x0, 0x0, 0xcf, 0xff, 0x10, 0x0,
    0x0, 0x0, 0x4, 0xff, 0xf6, 0x0, 0x0, 0x0,
    0xa, 0xff, 0xf7, 0x0, 0x0, 0x0, 0x0, 0x9f,
    0xff, 0x0, 0xc, 0xee, 0xee, 0xff, 0xff, 0xfe,
    0xee, 0xe1, 0x0, 0xe, 0xff, 0x90, 0x0, 0xdf,
    0xff, 0xff, 0xff, 0xff, 0xff, 0xff, 0x10, 0x4,
    0xff, 0xf3, 0x10, 0xd, 0xff, 0xff, 0xff, 0xff,
    0xff, 0xff, 0xf1, 0x0, 0xbf, 0xfa, 0x6d, 0x30,
    0xdf, 0xf9, 0x11, 0x11, 0x11, 0x6f, 0xff, 0x10,
    0x3f, 0xff, 0x2c, 0xff, 0x6d, 0xff, 0x91, 0x11,
    0x11, 0x17, 0xff, 0xf1, 0xc, 0xff, 0xb4, 0xff,
    0xf7, 0xdf, 0xff, 0xff, 0xff, 0xff, 0xff, 0xff,
    0x19, 0xff, 0xff, 0xff, 0xfe, 0xd, 0xff, 0xff,
    0xff, 0xff, 0xff, 0xff, 0xf1, 0x5f, 0xff, 0xff,
    0xff, 0x60, 0xdf, 0xff, 0xee, 0xee, 0xee, 0xee,
    0xee, 0x10, 0xff, 0xff, 0xff, 0xc0, 0xe, 0xff,
    0x80, 0x0, 0x0, 0x0, 0x0, 0x0, 0x5, 0x37,
    0xff, 0xf2, 0x0, 0xff, 0xff, 0xff, 0xff, 0xff,
    0xff, 0xff, 0x90, 0x2, 0xff, 0xf8, 0x1, 0xf,
    0xff, 0xff, 0xff, 0xff, 0xff, 0xff, 0xf9, 0x0,
    0xcf, 0xff, 0xdf, 0x91, 0xff, 0xff, 0xff, 0xff,
    0xff, 0xff, 0xff, 0x92, 0xcf, 0xff, 0xff, 0xfa,
    0x3f, 0xff, 0xff, 0x6e, 0xf5, 0xff, 0x6f, 0xf9,
    0x3f, 0xff, 0xff, 0xff, 0x96, 0xff, 0xff, 0xf6,
    0xef, 0x5f, 0xf6, 0xff, 0x90, 0xdf, 0xfc, 0x73,
    0x0, 0x9f, 0xff, 0xff, 0xff, 0xff, 0xff, 0xff,
    0xf9, 0x6, 0x61, 0x1, 0x7e, 0x5d, 0xff, 0xff,
    0xff, 0xff, 0xff, 0xff, 0xff, 0x90, 0x0, 0x3a,
    0xff, 0xfa, 0xff, 0xfb, 0xff, 0xef, 0xfd, 0xff,
    0xef, 0xf9, 0x17, 0xdf, 0xff, 0xff, 0xff, 0xff,
    0x6f, 0xf6, 0xef, 0x5f, 0xf6, 0xff, 0x97, 0xff,
    0xff, 0xfe, 0x6e, 0xff, 0xd4, 0xff, 0x6e, 0xf5,
    0xff, 0x6f, 0xf9, 0x4f, 0xff, 0xd6, 0x5, 0xff,
    0xf6, 0x4f, 0xf6, 0xef, 0x5f, 0xf9, 0xff, 0x80,
    0xfd, 0x50, 0x0, 0x3c, 0xfe, 0x4, 0xff, 0x6e,
    0xf5, 0xff, 0xef, 0xf6, 0x3, 0x0, 0x0, 0x0,
    0x7, 0x60, 0x4f, 0xf6, 0xcd, 0x5d, 0xd9, 0xfa,
    0x0,

    /* U+7F51 "网" */
    0x1f, 0xff, 0xff, 0xff, 0xff, 0xff, 0xff, 0xff,
    0xff, 0xff, 0xff, 0xf1, 0x1f, 0xff, 0xff, 0xff,
    0xff, 0xff, 0xff, 0xff, 0xff, 0xff, 0xff, 0xf1,
    0x1f, 0xff, 0xff, 0xff, 0xff, 0xff, 0xff, 0xff,
    0xff, 0xff, 0xff, 0xf1, 0x1f, 0xff, 0xe9, 0x99,
    0x99, 0x99, 0x99, 0x99, 0x99, 0x9e, 0xff, 0xf1,
    0x1f, 0xff, 0xb0, 0x0, 0x58, 0x74, 0x0, 0x6,
    0x86, 0x3b, 0xff, 0xf1, 0x1f, 0xff, 0xb0, 0x0,
    0x9f, 0xfb, 0x0, 0xb, 0xff, 0x9b, 0xff, 0xf1,
    0x1f, 0xff, 0xb6, 0x50, 0xbf, 0xf9, 0x26, 0xd,
    0xff, 0x7b, 0xff, 0xf1, 0x1f, 0xff, 0xef, 0xf4,
    0xdf, 0xf9, 0xef, 0x7f, 0xff, 0x5b, 0xff, 0xf1,
    0x1f, 0xff, 0xff, 0xff, 0xff, 0xfe, 0xff, 0xff,
    0xff, 0x2b, 0xff, 0xf1, 0x1f, 0xff, 0xde, 0xff,
    0xff, 0xf2, 0xdf, 0xff, 0xff, 0xb, 0xff, 0xf1,
    0x1f, 0xff, 0xb3, 0xff, 0xff, 0xd0, 0x2e, 0xff,
    0xfb, 0xb, 0xff, 0xf1, 0x1f, 0xff, 0xb0, 0x4f,
    0xff, 0xe1, 0x3, 0xff, 0xfd, 0xb, 0xff, 0xf1,
    0x1f, 0xff, 0xb0, 0xf, 0xff, 0xfb, 0x3, 0xff,
    0xff, 0x8b, 0xff, 0xf1, 0x1f, 0xff, 0xb0, 0x6f,
    0xff, 0xff, 0x8a, 0xff, 0xff, 0xfd, 0xff, 0xf1,
    0x1f, 0xff, 0xb0, 0xcf, 0xff, 0xff, 0x6f, 0xff,
    0xff, 0xff, 0xff, 0xf1, 0x1f, 0xff, 0xb5, 0xff,
    0xf6, 0xf8, 0x7f, 0xff, 0x9f, 0xdc, 0xff, 0xf1,
    0x1f, 0xff, 0xce, 0xff, 0xc0, 0x33, 0xff, 0xfb,
    0xb, 0x1b, 0xff, 0xf1, 0x1f, 0xff, 0xff, 0xff,
    0x50, 0x1e, 0xff, 0xf3, 0x0, 0xb, 0xff, 0xf1,
    0x1f, 0xff, 0xff, 0xfb, 0x0, 0x5f, 0xff, 0x90,
    0x0, 0xb, 0xff, 0xf1, 0x1f, 0xff, 0xb4, 0xd1,
    0x0, 0x2, 0xcd, 0x5c, 0xbb, 0xbf, 0xff, 0xf0,
    0x1f, 0xff, 0xb0, 0x0, 0x0, 0x0, 0x1, 0xf,
    0xff, 0xff, 0xff, 0xd0, 0x1f, 0xff, 0xb0, 0x0,
    0x0, 0x0, 0x0, 0x9, 0xff, 0xff, 0xff, 0x50,
    0x1f, 0xff, 0xb0, 0x0, 0x0, 0x0, 0x0, 0x5,
    0xff, 0xec, 0x83, 0x0,

    /* U+7F6E "置" */
    0x2, 0x66, 0x66, 0x66, 0x66, 0x66, 0x66, 0x66,
    0x66, 0x66, 0x66, 0x30, 0x5, 0xff, 0xff, 0xff,
    0xff, 0xff, 0xff, 0xff, 0xff, 0xff, 0xff, 0x80,
    0x5, 0xff, 0xff, 0xff, 0xff, 0xff, 0xff, 0xff,
    0xff, 0xff, 0xff, 0x80, 0x5, 0xff, 0xf3, 0x9,
    0xff, 0xd0, 0xf, 0xff, 0x70, 0x4f, 0xff, 0x80,
    0x5, 0xff, 0xff, 0xff, 0xff, 0xff, 0xff, 0xff,
    0xff, 0xff, 0xff, 0x80, 0x5, 0xff, 0xff, 0xff,
    0xff, 0xff, 0xff, 0xff, 0xff, 0xff, 0xff, 0x80,
    0x3, 0x88, 0x88, 0x88, 0x88, 0xff, 0xfe, 0x88,
    0x88, 0x88, 0x88, 0x40, 0x3a, 0xaa, 0xaa, 0xaa,
    0xaa, 0xff, 0xfe, 0xaa, 0xaa, 0xaa, 0xaa, 0xa0,
    0x4f, 0xff, 0xff, 0xff, 0xff, 0xff, 0xff, 0xff,
    0xff, 0xff, 0xff, 0xf0, 0x4f, 0xff, 0xff, 0xff,
    0xff, 0xff, 0xff, 0xff, 0xff, 0xff, 0xff, 0xf0,
    0x1, 0x13, 0x33, 0x33, 0x37, 0xff, 0xf7, 0x33,
    0x33, 0x33, 0x31, 0x10, 0x0, 0xe, 0xff, 0xff,
    0xff, 0xff, 0xff, 0xff, 0xff, 0xff, 0xf0, 0x0,
    0x0, 0xe, 0xff, 0xff, 0xff, 0xff, 0xff, 0xff,
    0xff, 0xff, 0xf0, 0x0, 0x0, 0xe, 0xff, 0xc5,
    0x55, 0x55, 0x55, 0x55, 0x5d, 0xff, 0xf0, 0x0,
    0x0, 0xe, 0xff, 0xff, 0xff, 0xff, 0xff, 0xff,
    0xff, 0xff, 0xf0, 0x0, 0x0, 0xe, 0xff, 0xd8,
    0x88, 0x88, 0x88, 0x88, 0x8e, 0xff, 0xf0, 0x0,
    0x0, 0xe, 0xff, 0xec, 0xcc, 0xcc, 0xcc, 0xcc,
    0xcf, 0xff, 0xf0, 0x0, 0x0, 0xe, 0xff, 0xff,
    0xff, 0xff, 0xff, 0xff, 0xff, 0xff, 0xf0, 0x0,
    0x0, 0xe, 0xff, 0xb3, 0x33, 0x33, 0x33, 0x33,
    0x3d, 0xff, 0xf0, 0x0, 0x0, 0xe, 0xff, 0xff,
    0xff, 0xff, 0xff, 0xff, 0xff, 0xff, 0xf0, 0x0,
    0x0, 0xe, 0xff, 0xea, 0xaa, 0xaa, 0xaa, 0xaa,
    0xae, 0xff, 0xf0, 0x0, 0x7a, 0xaf, 0xff, 0xda,
    0xaa, 0xaa, 0xaa, 0xaa, 0xae, 0xff, 0xfa, 0xa9,
    0xbf, 0xff, 0xff, 0xff, 0xff, 0xff, 0xff, 0xff,
    0xff, 0xff, 0xff, 0xfe, 0xbf, 0xff, 0xff, 0xff,
    0xff, 0xff, 0xff, 0xff, 0xff, 0xff, 0xff, 0xfe,

    /* U+7FFB "翻" */
    0x0, 0x0, 0x0, 0x0, 0x0, 0x10, 0x0, 0x0,
    0x0, 0x0, 0x0, 0x0, 0x0, 0x23, 0x45, 0x78,
    0xac, 0xff, 0x50, 0x33, 0x33, 0x33, 0x12, 0x22,
    0x22, 0xc, 0xff, 0xff, 0xff, 0xff, 0xff, 0x2d,
    0xff, 0xff, 0xea, 0xff, 0xff, 0xf0, 0x7f, 0xff,
    0xff, 0xfe, 0xc9, 0x62, 0xdf, 0xff, 0xfe, 0xaf,
    0xff, 0xff, 0x2, 0xcf, 0x6a, 0xff, 0x87, 0xfb,
    0x2c, 0xee, 0xff, 0xea, 0xff, 0xff, 0xf0, 0x1f,
    0xf8, 0x9f, 0xf8, 0xcf, 0xf0, 0x0, 0x1f, 0xfe,
    0x0, 0x1f, 0xff, 0x0, 0xdf, 0xa9, 0xff, 0x9f,
    0xf9, 0x0, 0x11, 0xff, 0xe0, 0x32, 0xff, 0xf0,
    0xff, 0xff, 0xff, 0xff, 0xff, 0xfb, 0xef, 0x2f,
    0xff, 0xff, 0x7f, 0xff, 0xf, 0xff, 0xff, 0xff,
    0xff, 0xff, 0x9f, 0xf8, 0xff, 0xee, 0xfa, 0xff,
    0xf0, 0xaa, 0xcf, 0xff, 0xff, 0xfa, 0xa4, 0xdf,
    0xdf, 0xfe, 0xbf, 0xef, 0xff, 0x0, 0x2e, 0xff,
    0xff, 0xff, 0xc2, 0x9, 0xff, 0xff, 0xe8, 0xff,
    0xff, 0xf0, 0x4e, 0xff, 0xff, 0xff, 0xff, 0xf5,
    0x5f, 0xff, 0xfe, 0x6f, 0xef, 0xff, 0x4f, 0xff,
    0xda, 0xff, 0xbe, 0xfe, 0x11, 0x41, 0xff, 0xe1,
    0x21, 0xff, 0xf1, 0xff, 0xe2, 0x9f, 0xf8, 0x2e,
    0x60, 0x0, 0x5f, 0xfe, 0x0, 0xaf, 0xff, 0x9,
    0xf4, 0x6, 0xaa, 0x60, 0x30, 0x0, 0x4f, 0xff,
    0xe0, 0xaf, 0xff, 0xf0, 0x6f, 0xff, 0xff, 0xff,
    0xff, 0xf5, 0x5f, 0xff, 0xfe, 0xaf, 0xff, 0xff,
    0x6, 0xff, 0xff, 0xff, 0xff, 0xff, 0xaf, 0xff,
    0xff, 0xff, 0xff, 0xff, 0xf0, 0x6f, 0xfc, 0xcf,
    0xfb, 0xdf, 0xf8, 0xff, 0xbf, 0xfe, 0xbf, 0x5f,
    0xff, 0x6, 0xff, 0xbb, 0xff, 0xac, 0xff, 0x59,
    0xa1, 0xff, 0xe2, 0x31, 0xff, 0xf0, 0x6f, 0xff,
    0xff, 0xff, 0xff, 0xf5, 0x0, 0x1f, 0xfe, 0x0,
    0x1f, 0xff, 0x6, 0xff, 0xbb, 0xff, 0xac, 0xff,
    0x50, 0x1, 0xff, 0xe0, 0x1, 0xff, 0xf0, 0x6f,
    0xfb, 0xbf, 0xfa, 0xcf, 0xf5, 0x11, 0x3f, 0xfe,
    0x22, 0x4f, 0xff, 0x6, 0xff, 0xff, 0xff, 0xff,
    0xff, 0x55, 0xff, 0xff, 0xcb, 0xff, 0xff, 0xd0,
    0x6f, 0xff, 0xff, 0xff, 0xff, 0xf5, 0xf, 0xff,
    0xf8, 0x6f, 0xff, 0xf8, 0x6, 0xff, 0x62, 0x22,
    0x28, 0xff, 0x50, 0xbd, 0xc7, 0x2, 0xfe, 0xc7,
    0x0,

    /* U+8003 "考" */
    0x0, 0x0, 0x0, 0x0, 0x3, 0x33, 0x20, 0x0,
    0x0, 0x0, 0x0, 0x0, 0x0, 0x0, 0x0, 0x0,
    0xf, 0xff, 0xb0, 0x0, 0x0, 0x0, 0x20, 0x0,
    0x0, 0x0, 0x0, 0x0, 0xf, 0xff, 0xb0, 0x0,
    0x0, 0xb, 0xf8, 0x0, 0x0, 0xe, 0xff, 0xff,
    0xff, 0xff, 0xff, 0xff, 0xfb, 0xaf, 0xff, 0xa0,
    0x0, 0xe, 0xff, 0xff, 0xff, 0xff, 0xff, 0xff,
    0xff, 0xff, 0xfd, 0x10, 0x0, 0xe, 0xff, 0xff,
    0xff, 0xff, 0xff, 0xff, 0xff, 0xff, 0xe1, 0x0,
    0x0, 0x1, 0x11, 0x11, 0x2f, 0xff, 0xb1, 0x1b,
    0xff, 0xfe, 0x20, 0x0, 0x2, 0x22, 0x22, 0x22,
    0x3f, 0xff, 0xb2, 0xbf, 0xff, 0xf6, 0x22, 0x22,
    0x1f, 0xff, 0xff, 0xff, 0xff, 0xff, 0xff, 0xff,
    0xff, 0xff, 0xff, 0xfd, 0x1f, 0xff, 0xff, 0xff,
    0xff, 0xff, 0xff, 0xff, 0xff, 0xff, 0xff, 0xfd,
    0x1f, 0xff, 0xff, 0xff, 0xff, 0xff, 0xff, 0xff,
    0xff, 0xff, 0xff, 0xfd, 0x0, 0x0, 0x0, 0x2,
    0xaf, 0xff, 0xfe, 0x50, 0x0, 0x0, 0x0, 0x0,
    0x0, 0x0, 0x2, 0xaf, 0xff, 0xff, 0xfc, 0xbb,
    0xbb, 0xbb, 0xb1, 0x0, 0x0, 0x4, 0xaf, 0xff,
    0xff, 0xff, 0xff, 0xff, 0xff, 0xff, 0xf2, 0x0,
    0x28, 0xef, 0xff, 0xff, 0xff, 0xff, 0xff, 0xff,
    0xff, 0xff, 0xf2, 0x0, 0xbf, 0xff, 0xff, 0xfe,
    0xff, 0xf8, 0x11, 0x11, 0x11, 0x11, 0x10, 0x0,
    0x4f, 0xff, 0xfa, 0x3d, 0xff, 0xf2, 0x0, 0x0,
    0x0, 0x0, 0x0, 0x0, 0xf, 0xfa, 0x20, 0x5f,
    0xff, 0xff, 0xff, 0xff, 0xff, 0xff, 0x90, 0x0,
    0x6, 0x20, 0x0, 0xdf, 0xff, 0xff, 0xff, 0xff,
    0xff, 0xff, 0x60, 0x0, 0x0, 0x0, 0x6, 0xff,
    0xff, 0xff, 0xff, 0xff, 0xff, 0xff, 0x30, 0x0,
    0x0, 0x0, 0x0, 0x0, 0x0, 0x0, 0x0, 0x0,
    0xef, 0xff, 0x0, 0x0, 0x0, 0x0, 0x0, 0x0,
    0x4, 0x66, 0x55, 0x6c, 0xff, 0xfa, 0x0, 0x0,
    0x0, 0x0, 0x0, 0x0, 0x2, 0xff, 0xff, 0xff,
    0xff, 0xf4, 0x0, 0x0, 0x0, 0x0, 0x0, 0x0,
    0x0, 0xbf, 0xff, 0xff, 0xff, 0xa0, 0x0, 0x0,
    0x0, 0x0, 0x0, 0x0, 0x0, 0x8f, 0xff, 0xfe,
    0xb5, 0x0, 0x0, 0x0, 0x0, 0x0, 0x0, 0x0,
    0x0, 0x0, 0x0, 0x0, 0x0, 0x0, 0x0, 0x0,

    /* U+8054 "联" */
    0x4, 0x44, 0x44, 0x44, 0x44, 0x41, 0x0, 0x76,
    0x0, 0x0, 0xa6, 0x20, 0x0, 0xf, 0xff, 0xff,
    0xff, 0xff, 0xf4, 0x6f, 0xff, 0x40, 0x4, 0xff,
    0xfb, 0x0, 0xf, 0xff, 0xff, 0xff, 0xff, 0xf4,
    0x2f, 0xff, 0xe0, 0x9, 0xff, 0xf4, 0x0, 0xf,
    0xff, 0xff, 0xff, 0xff, 0xf4, 0x7, 0xff, 0xf7,
    0x1f, 0xff, 0xb0, 0x0, 0x1, 0xff, 0xf3, 0xb,
    0xff, 0x80, 0x0, 0xdf, 0x81, 0x8f, 0xff, 0x20,
    0x0, 0x1, 0xff, 0xf3, 0xa, 0xff, 0x70, 0xff,
    0xff, 0xff, 0xff, 0xff, 0xff, 0x80, 0x1, 0xff,
    0xff, 0xff, 0xff, 0x70, 0xff, 0xff, 0xff, 0xff,
    0xff, 0xff, 0x80, 0x1, 0xff, 0xff, 0xff, 0xff,
    0x70, 0xff, 0xff, 0xff, 0xff, 0xff, 0xff, 0x80,
    0x1, 0xff, 0xff, 0xff, 0xff, 0x70, 0x44, 0x44,
    0xff, 0xfe, 0x44, 0x44, 0x20, 0x1, 0xff, 0xf4,
    0x1b, 0xff, 0x70, 0x0, 0x0, 0xef, 0xfe, 0x0,
    0x0, 0x0, 0x1, 0xff, 0xf3, 0xa, 0xff, 0x70,
    0x0, 0x0, 0xef, 0xfe, 0x0, 0x0, 0x0, 0x1,
    0xff, 0xf9, 0x7d, 0xff, 0x72, 0x77, 0x77, 0xff,
    0xff, 0x77, 0x77, 0x71, 0x1, 0xff, 0xff, 0xff,
    0xff, 0x76, 0xff, 0xff, 0xff, 0xff, 0xff, 0xff,
    0xf2, 0x1, 0xff, 0xff, 0xff, 0xff, 0x76, 0xff,
    0xff, 0xff, 0xff, 0xff, 0xff, 0xf2, 0x1, 0xff,
    0xfa, 0x8d, 0xff, 0x76, 0xff, 0xff, 0xff, 0xff,
    0xff, 0xff, 0xf2, 0x1, 0xff, 0xf3, 0xa, 0xff,
    0x70, 0x0, 0x5, 0xff, 0xfe, 0x0, 0x0, 0x0,
    0x1, 0xff, 0xf3, 0x2c, 0xff, 0xee, 0x30, 0xb,
    0xff, 0xff, 0x60, 0x0, 0x0, 0x28, 0xff, 0xff,
    0xff, 0xff, 0xff, 0x40, 0x3f, 0xff, 0xff, 0xe1,
    0x0, 0x0, 0x3f, 0xff, 0xff, 0xff, 0xff, 0xff,
    0x50, 0xcf, 0xff, 0xff, 0xfc, 0x0, 0x0, 0xf,
    0xff, 0xff, 0xff, 0xff, 0xa3, 0xb, 0xff, 0xfe,
    0xcf, 0xff, 0xd2, 0x0, 0xb, 0xc9, 0x64, 0x1b,
    0xff, 0x71, 0xbf, 0xff, 0xf5, 0x1e, 0xff, 0xff,
    0x91, 0x0, 0x0, 0x0, 0xa, 0xff, 0xbe, 0xff,
    0xff, 0x80, 0x3, 0xff, 0xff, 0xf3, 0x0, 0x0,
    0x0, 0xa, 0xff, 0x8b, 0xff, 0xf8, 0x0, 0x0,
    0x3d, 0xff, 0x40, 0x0, 0x0, 0x0, 0xa, 0xff,
    0x70, 0xbf, 0x50, 0x0, 0x0, 0x0, 0x78, 0x0,
    0x0, 0x0, 0x0, 0x0, 0x0, 0x0, 0x1, 0x0,
    0x0, 0x0, 0x0, 0x0, 0x0,

    /* U+80DC "胜" */
    0x1, 0x55, 0x55, 0x55, 0x55, 0x10, 0x0, 0x0,
    0x8d, 0xdd, 0x0, 0x0, 0x0, 0x2, 0xff, 0xff,
    0xff, 0xff, 0x50, 0xaa, 0x74, 0x9f, 0xff, 0x0,
    0x0, 0x0, 0x2, 0xff, 0xff, 0xff, 0xff, 0x50,
    0xff, 0xfa, 0x9f, 0xff, 0x0, 0x0, 0x0, 0x2,
    0xff, 0xff, 0xff, 0xff, 0x52, 0xff, 0xf7, 0x9f,
    0xff, 0x0, 0x0, 0x0, 0x2, 0xff, 0xf3, 0x2f,
    0xff, 0x55, 0xff, 0xf4, 0x9f, 0xff, 0x0, 0x0,
    0x0, 0x2, 0xff, 0xf2, 0x1f, 0xff, 0x59, 0xff,
    0xfc, 0xef, 0xff, 0xcb, 0xbb, 0x90, 0x2, 0xff,
    0xf8, 0x8f, 0xff, 0x5e, 0xff, 0xff, 0xff, 0xff,
    0xff, 0xff, 0xc0, 0x2, 0xff, 0xff, 0xff, 0xff,
    0xaf, 0xff, 0xff, 0xff, 0xff, 0xff, 0xff, 0xc0,
    0x2, 0xff, 0xff, 0xff, 0xff, 0xef, 0xff, 0xdd,
    0xef, 0xff, 0xdd, 0xdd, 0xa0, 0x2, 0xff, 0xff,
    0xff, 0xff, 0xff, 0xfc, 0x0, 0x9f, 0xff, 0x0,
    0x0, 0x0, 0x3, 0xff, 0xf2, 0x1f, 0xff, 0xef,
    0xf5, 0x0, 0x9f, 0xff, 0x0, 0x0, 0x0, 0x3,
    0xff, 0xf2, 0x1f, 0xff, 0x54, 0xc0, 0x0, 0x9f,
    0xff, 0x0, 0x0, 0x0, 0x3, 0xff, 0xf9, 0x9f,
    0xff, 0x50, 0x54, 0x44, 0xbf, 0xff, 0x54, 0x44,
    0x20, 0x3, 0xff, 0xff, 0xff, 0xff, 0x51, 0xff,
    0xff, 0xff, 0xff, 0xff, 0xff, 0x70, 0x4, 0xff,
    0xff, 0xff, 0xff, 0x51, 0xff, 0xff, 0xff, 0xff,
    0xff, 0xff, 0x70, 0x5, 0xff, 0xff, 0xff, 0xff,
    0x51, 0xff, 0xff, 0xff, 0xff, 0xff, 0xff, 0x70,
    0x6, 0xff, 0xf0, 0x1f, 0xff, 0x50, 0x22, 0x22,
    0xbf, 0xff, 0x32, 0x22, 0x10, 0x7, 0xff, 0xd0,
    0x1f, 0xff, 0x50, 0x0, 0x0, 0x9f, 0xff, 0x0,
    0x0, 0x0, 0x9, 0xff, 0xb0, 0x1f, 0xff, 0x50,
    0x0, 0x0, 0x9f, 0xff, 0x0, 0x0, 0x0, 0xb,
    0xff, 0x90, 0x1f, 0xff, 0x50, 0x0, 0x0, 0x9f,
    0xff, 0x0, 0x0, 0x0, 0xf, 0xff, 0x78, 0xbf,
    0xff, 0x69, 0x99, 0x99, 0xdf, 0xff, 0x99, 0x99,
    0x94, 0x3f, 0xff, 0x3a, 0xff, 0xff, 0x5f, 0xff,
    0xff, 0xff, 0xff, 0xff, 0xff, 0xf7, 0x5f, 0xfe,
    0x5, 0xff, 0xfd, 0x2f, 0xff, 0xff, 0xff, 0xff,
    0xff, 0xff, 0xf7, 0x2, 0x9a, 0x2, 0xfe, 0x92,
    0x2f, 0xff, 0xff, 0xff, 0xff, 0xff, 0xff, 0xf7,
    0x0, 0x0, 0x0, 0x0, 0x0, 0x0, 0x0, 0x0,
    0x0, 0x0, 0x0, 0x0, 0x0,

    /* U+80FD "能" */
    0x0, 0x0, 0x53, 0x0, 0x0, 0x0, 0x0, 0x44,
    0x43, 0x0, 0x0, 0x0, 0x0, 0x0, 0x1, 0xff,
    0xfb, 0x10, 0x0, 0x0, 0xef, 0xfc, 0x0, 0x0,
    0x0, 0x0, 0x0, 0x8, 0xff, 0xfb, 0x5, 0xb1,
    0x0, 0xef, 0xfc, 0x0, 0x4c, 0x30, 0x0, 0x0,
    0x1f, 0xff, 0xf6, 0xff, 0xf9, 0x0, 0xef, 0xfc,
    0x4c, 0xff, 0xe2, 0x0, 0x0, 0xbf, 0xff, 0x70,
    0xdf, 0xff, 0x20, 0xef, 0xff, 0xff, 0xff, 0xfd,
    0x0, 0xb, 0xff, 0xff, 0xaa, 0xef, 0xff, 0xa0,
    0xef, 0xff, 0xff, 0xfd, 0x71, 0x0, 0xb, 0xff,
    0xff, 0xff, 0xff, 0xff, 0xf2, 0xef, 0xff, 0xe9,
    0x30, 0x10, 0x0, 0x5, 0xff, 0xff, 0xff, 0xff,
    0xff, 0xf7, 0xef, 0xfc, 0x0, 0x2, 0xf9, 0x40,
    0x0, 0xec, 0x97, 0x54, 0x24, 0xfc, 0x60, 0xef,
    0xfd, 0x0, 0x5, 0xff, 0xf1, 0x0, 0x0, 0x0,
    0x0, 0x0, 0x20, 0x0, 0xdf, 0xff, 0xfe, 0xef,
    0xff, 0xe0, 0x0, 0xef, 0xff, 0xff, 0xff, 0xff,
    0x10, 0x9f, 0xff, 0xff, 0xff, 0xff, 0x90, 0x0,
    0xef, 0xff, 0xff, 0xff, 0xff, 0x10, 0x1d, 0xff,
    0xff, 0xff, 0xfd, 0x10, 0x0, 0xef, 0xff, 0xff,
    0xff, 0xff, 0x10, 0x45, 0x99, 0x66, 0x65, 0x40,
    0x0, 0x0, 0xef, 0xf8, 0x0, 0xaf, 0xff, 0x10,
    0xef, 0xfd, 0x0, 0x0, 0x0, 0x0, 0x0, 0xef,
    0xfe, 0xcc, 0xef, 0xff, 0x10, 0xef, 0xfd, 0x0,
    0x3d, 0x60, 0x0, 0x0, 0xef, 0xff, 0xff, 0xff,
    0xff, 0x10, 0xef, 0xfd, 0x2a, 0xff, 0xf4, 0x0,
    0x0, 0xef, 0xff, 0xff, 0xff, 0xff, 0x10, 0xef,
    0xff, 0xff, 0xff, 0xff, 0x10, 0x0, 0xef, 0xf9,
    0x0, 0xaf, 0xff, 0x10, 0xef, 0xff, 0xff, 0xff,
    0x92, 0x0, 0x0, 0xef, 0xff, 0xff, 0xff, 0xff,
    0x10, 0xef, 0xff, 0xfc, 0x61, 0x0, 0x0, 0x0,
    0xef, 0xff, 0xff, 0xff, 0xff, 0x10, 0xef, 0xfe,
    0x20, 0x0, 0x93, 0x0, 0x0, 0xef, 0xfe, 0xbb,
    0xef, 0xff, 0x10, 0xef, 0xfd, 0x0, 0x0, 0xff,
    0xd4, 0x0, 0xef, 0xf8, 0x44, 0xdf, 0xff, 0x0,
    0xdf, 0xff, 0x76, 0x69, 0xff, 0xf4, 0x0, 0xef,
    0xf8, 0xaf, 0xff, 0xfe, 0x0, 0xbf, 0xff, 0xff,
    0xff, 0xff, 0xf1, 0x0, 0xef, 0xf8, 0x4f, 0xff,
    0xf9, 0x0, 0x4f, 0xff, 0xff, 0xff, 0xff, 0x80,
    0x0, 0xef, 0xf8, 0xe, 0xec, 0x70, 0x0, 0x4,
    0xac, 0xdd, 0xdd, 0xb7, 0x0,

    /* U+8111 "脑" */
    0x0, 0x0, 0x0, 0x0, 0x0, 0x0, 0x0, 0x0,
    0x0, 0x0, 0x0, 0x0, 0x0, 0x1, 0x11, 0x11,
    0x11, 0x0, 0x0, 0x1, 0x6b, 0xd0, 0x0, 0x0,
    0x0, 0x4, 0xff, 0xff, 0xff, 0xf3, 0x0, 0x0,
    0x8f, 0xff, 0x70, 0x0, 0x0, 0x0, 0x4f, 0xff,
    0xff, 0xff, 0x30, 0x0, 0x1, 0xef, 0xff, 0x10,
    0x0, 0x0, 0x4, 0xff, 0xfc, 0xff, 0xf4, 0x99,
    0x99, 0x9d, 0xff, 0xfc, 0x99, 0x99, 0x90, 0x4f,
    0xfe, 0xe, 0xff, 0x4f, 0xff, 0xff, 0xff, 0xff,
    0xff, 0xff, 0xfe, 0x4, 0xff, 0xe0, 0xef, 0xf4,
    0xff, 0xff, 0xff, 0xff, 0xff, 0xff, 0xff, 0xe0,
    0x4f, 0xff, 0xe, 0xff, 0x4c, 0xcc, 0xcc, 0xcc,
    0xce, 0xdc, 0xcc, 0xcb, 0x4, 0xff, 0xff, 0xff,
    0xf3, 0x36, 0x65, 0x0, 0x0, 0xff, 0xd7, 0x66,
    0x20, 0x4f, 0xff, 0xff, 0xff, 0x38, 0xff, 0xe0,
    0x20, 0x4f, 0xff, 0xff, 0xf5, 0x4, 0xff, 0xff,
    0xff, 0xf3, 0x8f, 0xfe, 0x8f, 0x39, 0xff, 0xaf,
    0xff, 0x50, 0x5f, 0xfe, 0xe, 0xff, 0x38, 0xff,
    0xff, 0xfe, 0xef, 0xf4, 0xff, 0xf5, 0x5, 0xff,
    0xe0, 0xef, 0xf3, 0x8f, 0xff, 0xff, 0xff, 0xfd,
    0x1f, 0xff, 0x50, 0x5f, 0xfe, 0x2e, 0xff, 0x38,
    0xff, 0xe6, 0xff, 0xff, 0x71, 0xff, 0xf5, 0x5,
    0xff, 0xff, 0xff, 0xf3, 0x8f, 0xfe, 0x9, 0xff,
    0xf8, 0x1f, 0xff, 0x50, 0x6f, 0xff, 0xff, 0xff,
    0x38, 0xff, 0xe0, 0xdf, 0xff, 0xf5, 0xff, 0xf5,
    0x7, 0xff, 0xff, 0xff, 0xf3, 0x8f, 0xfe, 0x8f,
    0xff, 0xff, 0xff, 0xff, 0x50, 0x8f, 0xfa, 0xe,
    0xff, 0x38, 0xff, 0xff, 0xff, 0xbf, 0xff, 0xff,
    0xf5, 0xa, 0xff, 0x80, 0xef, 0xf3, 0x8f, 0xff,
    0xff, 0xd0, 0x9f, 0xff, 0xff, 0x50, 0xcf, 0xf6,
    0xe, 0xff, 0x38, 0xff, 0xea, 0xf3, 0x1, 0xb3,
    0xff, 0xf5, 0xf, 0xff, 0x40, 0xef, 0xf3, 0x8f,
    0xfe, 0x4, 0x0, 0x0, 0x1f, 0xff, 0x53, 0xff,
    0xf4, 0x3f, 0xff, 0x38, 0xff, 0xff, 0xff, 0xff,
    0xff, 0xff, 0xf5, 0x7f, 0xfd, 0x9f, 0xff, 0xf1,
    0x8f, 0xff, 0xff, 0xff, 0xff, 0xff, 0xff, 0x55,
    0xff, 0x94, 0xff, 0xfd, 0x8, 0xff, 0xff, 0xff,
    0xff, 0xff, 0xff, 0xf5, 0x1, 0xc3, 0x1f, 0xea,
    0x20, 0x48, 0x88, 0x88, 0x88, 0x88, 0x9f, 0xff,
    0x50, 0x0, 0x0, 0x0, 0x0, 0x0, 0x0, 0x0,
    0x0, 0x0, 0x0, 0x0, 0x0,

    /* U+81EA "自" */
    0x0, 0x0, 0x0, 0x1, 0x20, 0x0, 0x0, 0x0,
    0x0, 0x0, 0x0, 0x0, 0x0, 0x8, 0xff, 0xfd,
    0x10, 0x0, 0x0, 0x0, 0x0, 0x0, 0x0, 0xb,
    0xff, 0xfb, 0x0, 0x0, 0x0, 0x0, 0x0, 0x0,
    0x0, 0xe, 0xff, 0xf5, 0x0, 0x0, 0x0, 0x0,
    0xbf, 0xff, 0xff, 0xff, 0xff, 0xff, 0xff, 0xff,
    0xff, 0xfd, 0xbf, 0xff, 0xff, 0xff, 0xff, 0xff,
    0xff, 0xff, 0xff, 0xfe, 0xbf, 0xff, 0xff, 0xff,
    0xff, 0xff, 0xff, 0xff, 0xff, 0xfe, 0xbf, 0xff,
    0xaa, 0xaa, 0xaa, 0xaa, 0xaa, 0xab, 0xff, 0xfe,
    0xbf, 0xff, 0x10, 0x0, 0x0, 0x0, 0x0, 0x2,
    0xff, 0xfe, 0xbf, 0xff, 0x65, 0x55, 0x55, 0x55,
    0x55, 0x56, 0xff, 0xfe, 0xbf, 0xff, 0xff, 0xff,
    0xff, 0xff, 0xff, 0xff, 0xff, 0xfe, 0xbf, 0xff,
    0xff, 0xff, 0xff, 0xff, 0xff, 0xff, 0xff, 0xfe,
    0xbf, 0xff, 0xff, 0xff, 0xff, 0xff, 0xff, 0xff,
    0xff, 0xfe, 0xbf, 0xff, 0x32, 0x22, 0x22, 0x22,
    0x22, 0x24, 0xff, 0xfe, 0xbf, 0xff, 0x10, 0x0,
    0x0, 0x0, 0x0, 0x2, 0xff, 0xfe, 0xbf, 0xff,
    0xff, 0xff, 0xff, 0xff, 0xff, 0xff, 0xff, 0xfe,
    0xbf, 0xff, 0xff, 0xff, 0xff, 0xff, 0xff, 0xff,
    0xff, 0xfe, 0xbf, 0xff, 0xff, 0xff, 0xff, 0xff,
    0xff, 0xff, 0xff, 0xfe, 0xbf, 0xff, 0x98, 0x88,
    0x88, 0x88, 0x88, 0x89, 0xff, 0xfe, 0xbf, 0xff,
    0x10, 0x0, 0x0, 0x0, 0x0, 0x2, 0xff, 0xfe,
    0xbf, 0xff, 0x54, 0x44, 0x44, 0x44, 0x44, 0x46,
    0xff, 0xfe, 0xbf, 0xff, 0xff, 0xff, 0xff, 0xff,
    0xff, 0xff, 0xff, 0xfe, 0xbf, 0xff, 0xff, 0xff,
    0xff, 0xff, 0xff, 0xff, 0xff, 0xfe, 0xbf, 0xff,
    0xff, 0xff, 0xff, 0xff, 0xff, 0xff, 0xff, 0xfe,
    0xbf, 0xff, 0x43, 0x33, 0x33, 0x33, 0x33, 0x35,
    0xff, 0xfe,

    /* U+81F3 "至" */
    0x1, 0x11, 0x11, 0x11, 0x11, 0x11, 0x11, 0x11,
    0x11, 0x11, 0x11, 0x10, 0x2f, 0xff, 0xff, 0xff,
    0xff, 0xff, 0xff, 0xff, 0xff, 0xff, 0xff, 0xf1,
    0x2f, 0xff, 0xff, 0xff, 0xff, 0xff, 0xff, 0xff,
    0xff, 0xff, 0xff, 0xf1, 0x2f, 0xff, 0xff, 0xff,
    0xff, 0xff, 0xff, 0xff, 0xff, 0xff, 0xff, 0xf1,
    0x15, 0x55, 0x58, 0xff, 0xff, 0xb5, 0x55, 0x58,
    0xfe, 0x65, 0x55, 0x50, 0x0, 0x0, 0x1d, 0xff,
    0xfc, 0x0, 0x0, 0x7f, 0xff, 0xc1, 0x0, 0x0,
    0x0, 0x1, 0xcf, 0xff, 0xe1, 0x0, 0x0, 0x6f,
    0xff, 0xfe, 0x30, 0x0, 0x0, 0x3d, 0xff, 0xff,
    0x63, 0x44, 0x45, 0x5a, 0xff, 0xff, 0xf4, 0x0,
    0x1, 0xff, 0xff, 0xff, 0xff, 0xff, 0xff, 0xff,
    0xff, 0xff, 0xff, 0x40, 0x0, 0xcf, 0xff, 0xff,
    0xff, 0xff, 0xff, 0xff, 0xff, 0xff, 0xff, 0xf3,
    0x0, 0x7f, 0xff, 0xff, 0xff, 0xff, 0xff, 0xff,
    0xed, 0xdf, 0xff, 0xe4, 0x0, 0x2c, 0x86, 0x54,
    0x32, 0x33, 0x21, 0x0, 0x0, 0x6, 0xfc, 0x10,
    0x0, 0x0, 0x0, 0x0, 0x1, 0xff, 0xfd, 0x0,
    0x0, 0x0, 0x50, 0x0, 0x0, 0x12, 0x22, 0x22,
    0x24, 0xff, 0xfd, 0x22, 0x22, 0x22, 0x21, 0x0,
    0x0, 0x6f, 0xff, 0xff, 0xff, 0xff, 0xff, 0xff,
    0xff, 0xff, 0xf6, 0x0, 0x0, 0x6f, 0xff, 0xff,
    0xff, 0xff, 0xff, 0xff, 0xff, 0xff, 0xf6, 0x0,
    0x0, 0x6f, 0xff, 0xff, 0xff, 0xff, 0xff, 0xff,
    0xff, 0xff, 0xf6, 0x0, 0x0, 0x14, 0x44, 0x44,
    0x45, 0xff, 0xfe, 0x44, 0x44, 0x44, 0x41, 0x0,
    0x0, 0x0, 0x0, 0x0, 0x1, 0xff, 0xfd, 0x0,
    0x0, 0x0, 0x0, 0x0, 0x0, 0x0, 0x0, 0x0,
    0x1, 0xff, 0xfd, 0x0, 0x0, 0x0, 0x0, 0x0,
    0x78, 0x88, 0x88, 0x88, 0x89, 0xff, 0xfe, 0x88,
    0x88, 0x88, 0x88, 0x88, 0xef, 0xff, 0xff, 0xff,
    0xff, 0xff, 0xff, 0xff, 0xff, 0xff, 0xff, 0xff,
    0xef, 0xff, 0xff, 0xff, 0xff, 0xff, 0xff, 0xff,
    0xff, 0xff, 0xff, 0xff, 0xdf, 0xff, 0xff, 0xff,
    0xff, 0xff, 0xff, 0xff, 0xff, 0xff, 0xff, 0xff,

    /* U+884C "行" */
    0x0, 0x0, 0x0, 0x30, 0x0, 0x0, 0x0, 0x0,
    0x0, 0x0, 0x0, 0x0, 0x0, 0x0, 0x0, 0x7f,
    0xd6, 0x0, 0x0, 0x0, 0x0, 0x0, 0x0, 0x0,
    0x0, 0x0, 0x0, 0x5f, 0xff, 0xf8, 0x5, 0xff,
    0xff, 0xff, 0xff, 0xff, 0xff, 0x40, 0x0, 0x5f,
    0xff, 0xfb, 0x0, 0x6f, 0xff, 0xff, 0xff, 0xff,
    0xff, 0xf4, 0x0, 0x7f, 0xff, 0xfd, 0x10, 0x6,
    0xff, 0xff, 0xff, 0xff, 0xff, 0xff, 0x41, 0xaf,
    0xff, 0xfd, 0x10, 0x0, 0x39, 0x99, 0x99, 0x99,
    0x99, 0x99, 0x92, 0x5f, 0xff, 0xfd, 0x27, 0x20,
    0x0, 0x0, 0x0, 0x0, 0x0, 0x0, 0x0, 0x0,
    0xaf, 0xfc, 0x8, 0xff, 0xb4, 0x0, 0x0, 0x0,
    0x0, 0x0, 0x0, 0x0, 0x1, 0xf9, 0x3, 0xff,
    0xff, 0x40, 0x0, 0x0, 0x0, 0x0, 0x0, 0x0,
    0x0, 0x2, 0x1, 0xef, 0xff, 0xa4, 0x99, 0x99,
    0x99, 0x99, 0x99, 0x99, 0x98, 0x0, 0x0, 0xcf,
    0xff, 0xe1, 0x7f, 0xff, 0xff, 0xff, 0xff, 0xff,
    0xff, 0xe0, 0x0, 0xcf, 0xff, 0xf4, 0x7, 0xff,
    0xff, 0xff, 0xff, 0xff, 0xff, 0xfe, 0x1, 0xcf,
    0xff, 0xff, 0x10, 0x7f, 0xff, 0xff, 0xff, 0xff,
    0xff, 0xff, 0xe2, 0xdf, 0xff, 0xff, 0xf1, 0x0,
    0x0, 0x0, 0x0, 0x5f, 0xff, 0x80, 0x0, 0xaf,
    0xff, 0xff, 0xff, 0x10, 0x0, 0x0, 0x0, 0x5,
    0xff, 0xf8, 0x0, 0x0, 0xcf, 0xff, 0xff, 0xf1,
    0x0, 0x0, 0x0, 0x0, 0x5f, 0xff, 0x80, 0x0,
    0x1, 0xe9, 0xbf, 0xff, 0x10, 0x0, 0x0, 0x0,
    0x5, 0xff, 0xf8, 0x0, 0x0, 0x2, 0xb, 0xff,
    0xf1, 0x0, 0x0, 0x0, 0x0, 0x5f, 0xff, 0x80,
    0x0, 0x0, 0x0, 0xbf, 0xff, 0x10, 0x0, 0x0,
    0x0, 0x5, 0xff, 0xf8, 0x0, 0x0, 0x0, 0xb,
    0xff, 0xf1, 0x0, 0x0, 0x0, 0x0, 0x5f, 0xff,
    0x80, 0x0, 0x0, 0x0, 0xbf, 0xff, 0x10, 0x0,
    0x0, 0x0, 0x5, 0xff, 0xf8, 0x0, 0x0, 0x0,
    0xb, 0xff, 0xf1, 0x0, 0x0, 0x3c, 0xcc, 0xef,
    0xff, 0x70, 0x0, 0x0, 0x0, 0xbf, 0xff, 0x10,
    0x0, 0x0, 0xef, 0xff, 0xff, 0xf5, 0x0, 0x0,
    0x0, 0xb, 0xff, 0xf1, 0x0, 0x0, 0xa, 0xff,
    0xff, 0xfe, 0x10, 0x0, 0x0, 0x0, 0xbf, 0xff,
    0x10, 0x0, 0x0, 0x7f, 0xfe, 0xb8, 0x10, 0x0,
    0x0, 0x0, 0x1, 0x11, 0x10, 0x0, 0x0, 0x0,
    0x0, 0x0, 0x0, 0x0, 0x0,

    /* U+88AB "被" */
    0x0, 0x0, 0x1, 0x0, 0x0, 0x0, 0x0, 0x0,
    0x33, 0x32, 0x0, 0x0, 0x0, 0x0, 0x1, 0x9f,
    0x60, 0x0, 0x0, 0x0, 0x0, 0xff, 0xf8, 0x0,
    0x0, 0x0, 0x0, 0xc, 0xff, 0xf1, 0x0, 0x0,
    0x0, 0x0, 0xff, 0xf8, 0x0, 0x0, 0x0, 0x0,
    0x4, 0xff, 0xfa, 0x0, 0x0, 0x0, 0x0, 0xff,
    0xf8, 0x0, 0x0, 0x0, 0x0, 0x0, 0xbf, 0xe5,
    0x0, 0x5e, 0xee, 0xee, 0xff, 0xff, 0xee, 0xfd,
    0xa2, 0xf, 0xff, 0xff, 0xff, 0x90, 0x5f, 0xff,
    0xff, 0xff, 0xff, 0xff, 0xff, 0xf2, 0xf, 0xff,
    0xff, 0xff, 0xf8, 0x5f, 0xff, 0xff, 0xff, 0xff,
    0xff, 0xff, 0xe0, 0xf, 0xff, 0xff, 0xff, 0xf3,
    0x5f, 0xff, 0x98, 0xff, 0xfc, 0x8f, 0xff, 0xa0,
    0x6, 0x66, 0x6d, 0xff, 0xd0, 0x5f, 0xff, 0x0,
    0xff, 0xf8, 0x1f, 0xff, 0x50, 0x0, 0x0, 0x3f,
    0xff, 0x60, 0x5f, 0xff, 0x0, 0xff, 0xf8, 0x3e,
    0xff, 0x10, 0x0, 0x0, 0xdf, 0xfd, 0x63, 0x5f,
    0xff, 0x54, 0xff, 0xfa, 0x44, 0x75, 0x0, 0x0,
    0x8, 0xff, 0xf7, 0xff, 0x9f, 0xff, 0xff, 0xff,
    0xff, 0xff, 0xff, 0x60, 0x0, 0x5f, 0xff, 0xfc,
    0xff, 0xdf, 0xff, 0xff, 0xff, 0xff, 0xff, 0xff,
    0x60, 0x5, 0xff, 0xff, 0xff, 0xf8, 0x7f, 0xff,
    0xff, 0xff, 0xff, 0xff, 0xff, 0x20, 0x6f, 0xff,
    0xff, 0xff, 0xe2, 0x8f, 0xff, 0xff, 0xb0, 0x0,
    0xdf, 0xfd, 0x0, 0x7f, 0xff, 0xff, 0xff, 0xfe,
    0xbf, 0xff, 0xff, 0xf3, 0x6, 0xff, 0xf7, 0x0,
    0xf, 0xff, 0xff, 0xfd, 0xff, 0xef, 0xfa, 0xbf,
    0xfd, 0x1e, 0xff, 0xe1, 0x0, 0xa, 0xa8, 0xff,
    0xf4, 0xf8, 0xff, 0xf7, 0x2f, 0xff, 0xef, 0xff,
    0x60, 0x0, 0x2, 0x7, 0xff, 0xf0, 0x65, 0xff,
    0xf4, 0x9, 0xff, 0xff, 0xfc, 0x0, 0x0, 0x0,
    0x7, 0xff, 0xf0, 0x9, 0xff, 0xf0, 0x1, 0xff,
    0xff, 0xf4, 0x0, 0x0, 0x0, 0x7, 0xff, 0xf0,
    0x2f, 0xff, 0xa0, 0x2c, 0xff, 0xff, 0xff, 0x70,
    0x0, 0x0, 0x7, 0xff, 0xf0, 0xbf, 0xff, 0x8a,
    0xff, 0xff, 0xff, 0xff, 0xfe, 0x92, 0x0, 0x7,
    0xff, 0xf5, 0xff, 0xfd, 0xdf, 0xff, 0xfe, 0x7e,
    0xff, 0xff, 0xe2, 0x0, 0x7, 0xff, 0xf0, 0x6f,
    0xf2, 0x3f, 0xff, 0x90, 0x0, 0x9f, 0xff, 0x40,
    0x0, 0x7, 0xff, 0xf0, 0x5, 0x60, 0x8, 0x92,
    0x0, 0x0, 0x1, 0x89, 0x0,

    /* U+8981 "要" */
    0x24, 0x44, 0x44, 0x44, 0x44, 0x44, 0x44, 0x44,
    0x44, 0x44, 0x44, 0x41, 0x8, 0xff, 0xff, 0xff,
    0xff, 0xff, 0xff, 0xff, 0xff, 0xff, 0xff, 0xff,
    0x60, 0x8f, 0xff, 0xff, 0xff, 0xff, 0xff, 0xff,
    0xff, 0xff, 0xff, 0xff, 0xf6, 0x8, 0xff, 0xff,
    0xff, 0xff, 0xff, 0xff, 0xff, 0xff, 0xff, 0xff,
    0xff, 0x50, 0x0, 0x0, 0x0, 0xd, 0xff, 0xb0,
    0x1f, 0xff, 0x80, 0x0, 0x0, 0x0, 0x0, 0x6f,
    0xff, 0xff, 0xff, 0xff, 0xff, 0xff, 0xff, 0xff,
    0xff, 0xfb, 0x0, 0x6, 0xff, 0xff, 0xff, 0xff,
    0xff, 0xff, 0xff, 0xff, 0xff, 0xff, 0xb0, 0x0,
    0x6f, 0xff, 0xee, 0xff, 0xff, 0xee, 0xff, 0xff,
    0xee, 0xff, 0xfb, 0x0, 0x6, 0xff, 0xf1, 0xd,
    0xff, 0xb0, 0xf, 0xff, 0x70, 0xf, 0xff, 0xb0,
    0x0, 0x6f, 0xff, 0x42, 0xef, 0xfc, 0x23, 0xff,
    0xf9, 0x23, 0xff, 0xfb, 0x0, 0x6, 0xff, 0xff,
    0xff, 0xff, 0xff, 0xff, 0xff, 0xff, 0xff, 0xff,
    0xb0, 0x0, 0x6f, 0xff, 0xff, 0xff, 0xff, 0xff,
    0xff, 0xff, 0xff, 0xff, 0xfb, 0x0, 0x5, 0xbb,
    0xbb, 0xbc, 0xff, 0xfd, 0xbb, 0xbb, 0xbb, 0xbb,
    0xbb, 0x80, 0x4, 0x44, 0x44, 0x44, 0x8f, 0xff,
    0xf5, 0x44, 0x44, 0x44, 0x44, 0x44, 0x40, 0xff,
    0xff, 0xff, 0xff, 0xff, 0xff, 0xff, 0xff, 0xff,
    0xff, 0xff, 0xff, 0xf, 0xff, 0xff, 0xff, 0xff,
    0xff, 0xff, 0xff, 0xff, 0xff, 0xff, 0xff, 0xf0,
    0xff, 0xff, 0xff, 0xff, 0xff, 0xff, 0xff, 0xff,
    0xff, 0xff, 0xff, 0xff, 0x0, 0x0, 0x2, 0xff,
    0xff, 0xa0, 0x0, 0xa, 0xff, 0xfb, 0x0, 0x0,
    0x0, 0x0, 0x0, 0xdf, 0xff, 0xff, 0xfc, 0x8a,
    0xff, 0xfe, 0x10, 0x0, 0x0, 0x0, 0x0, 0x4c,
    0xff, 0xff, 0xff, 0xff, 0xff, 0xff, 0x80, 0x0,
    0x0, 0x0, 0x0, 0x0, 0x0, 0x4a, 0xff, 0xff,
    0xff, 0xff, 0xff, 0xe9, 0x40, 0x0, 0x2, 0x89,
    0xab, 0xdf, 0xff, 0xff, 0xff, 0xff, 0xff, 0xff,
    0xff, 0xfa, 0x10, 0xd, 0xff, 0xff, 0xff, 0xff,
    0xff, 0xb5, 0x7d, 0xff, 0xff, 0xff, 0x60, 0x0,
    0x7f, 0xff, 0xff, 0xfe, 0xa6, 0x20, 0x0, 0x2,
    0x7d, 0xff, 0x60, 0x0, 0x1, 0xa9, 0x75, 0x30,
    0x0, 0x0, 0x0, 0x0, 0x0, 0x3, 0x50, 0x0,
    0x0,

    /* U+8BA4 "认" */
    0x0, 0x0, 0x47, 0x0, 0x0, 0x0, 0x0, 0x9,
    0xdd, 0xd1, 0x0, 0x0, 0x0, 0x0, 0x4, 0xff,
    0x90, 0x0, 0x0, 0x0, 0xb, 0xff, 0xf1, 0x0,
    0x0, 0x0, 0x0, 0x2f, 0xff, 0xfb, 0x0, 0x0,
    0x0, 0xc, 0xff, 0xf1, 0x0, 0x0, 0x0, 0x0,
    0x6, 0xff, 0xff, 0xd1, 0x0, 0x0, 0xc, 0xff,
    0xf0, 0x0, 0x0, 0x0, 0x0, 0x0, 0x5f, 0xff,
    0xe2, 0x0, 0x0, 0xc, 0xff, 0xf0, 0x0, 0x0,
    0x0, 0x0, 0x0, 0x5, 0xff, 0x30, 0x0, 0x0,
    0xc, 0xff, 0xf0, 0x0, 0x0, 0x0, 0x0, 0x0,
    0x0, 0x53, 0x0, 0x0, 0x0, 0xd, 0xff, 0xf0,
    0x0, 0x0, 0x0, 0x1, 0x11, 0x11, 0x11, 0x0,
    0x0, 0x0, 0xe, 0xff, 0xf0, 0x0, 0x0, 0x0,
    0x2f, 0xff, 0xff, 0xff, 0x10, 0x0, 0x0, 0xf,
    0xff, 0xf0, 0x0, 0x0, 0x0, 0x2f, 0xff, 0xff,
    0xff, 0x10, 0x0, 0x0, 0x2f, 0xff, 0xf2, 0x0,
    0x0, 0x0, 0x2f, 0xff, 0xff, 0xff, 0x10, 0x0,
    0x0, 0x3f, 0xff, 0xf5, 0x0, 0x0, 0x0, 0x18,
    0x88, 0xcf, 0xff, 0x10, 0x0, 0x0, 0x5f, 0xff,
    0xf9, 0x0, 0x0, 0x0, 0x0, 0x0, 0x8f, 0xff,
    0x10, 0x0, 0x0, 0x8f, 0xff, 0xfc, 0x0, 0x0,
    0x0, 0x0, 0x0, 0x8f, 0xff, 0x10, 0x0, 0x0,
    0xcf, 0xff, 0xff, 0x0, 0x0, 0x0, 0x0, 0x0,
    0x8f, 0xff, 0x10, 0x0, 0x0, 0xff, 0xff, 0xff,
    0x50, 0x0, 0x0, 0x0, 0x0, 0x8f, 0xff, 0x10,
    0x0, 0x6, 0xff, 0xff, 0xff, 0xb0, 0x0, 0x0,
    0x0, 0x0, 0x8f, 0xff, 0x17, 0x0, 0xd, 0xff,
    0xfd, 0xff, 0xf3, 0x0, 0x0, 0x0, 0x0, 0x8f,
    0xff, 0xcf, 0x40, 0x5f, 0xff, 0xe3, 0xff, 0xfb,
    0x0, 0x0, 0x0, 0x0, 0x8f, 0xff, 0xff, 0x91,
    0xef, 0xff, 0x70, 0xdf, 0xff, 0x50, 0x0, 0x0,
    0x0, 0xaf, 0xff, 0xff, 0xcb, 0xff, 0xfe, 0x0,
    0x4f, 0xff, 0xf2, 0x0, 0x0, 0x1, 0xff, 0xff,
    0xfa, 0xaf, 0xff, 0xf6, 0x0, 0xc, 0xff, 0xfe,
    0x20, 0x0, 0xc, 0xff, 0xff, 0x5a, 0xff, 0xff,
    0xb0, 0x0, 0x2, 0xff, 0xff, 0xe3, 0x0, 0xb,
    0xff, 0xd2, 0x3, 0xef, 0xfe, 0x10, 0x0, 0x0,
    0x5f, 0xff, 0xc1, 0x0, 0x0, 0xeb, 0x0, 0x0,
    0x2f, 0xd2, 0x0, 0x0, 0x0, 0x6, 0xfc, 0x0,
    0x0, 0x0, 0x30, 0x0, 0x0, 0x3, 0x10, 0x0,
    0x0, 0x0, 0x0, 0x51, 0x0,

    /* U+8BA9 "让" */
    0x0, 0x0, 0x65, 0x0, 0x0, 0x0, 0x0, 0x8b,
    0xbb, 0x10, 0x0, 0x0, 0x0, 0x0, 0x5, 0xff,
    0x60, 0x0, 0x0, 0x0, 0xbf, 0xff, 0x20, 0x0,
    0x0, 0x0, 0x0, 0x1f, 0xff, 0xf8, 0x0, 0x0,
    0x0, 0xbf, 0xff, 0x20, 0x0, 0x0, 0x0, 0x0,
    0x6, 0xff, 0xff, 0x90, 0x0, 0x0, 0xbf, 0xff,
    0x20, 0x0, 0x0, 0x0, 0x0, 0x0, 0x5f, 0xff,
    0x90, 0x0, 0x0, 0xbf, 0xff, 0x20, 0x0, 0x0,
    0x0, 0x0, 0x0, 0x5, 0xfb, 0x0, 0x0, 0x0,
    0xbf, 0xff, 0x20, 0x0, 0x0, 0x0, 0x0, 0x0,
    0x0, 0x50, 0x0, 0x0, 0x0, 0xbf, 0xff, 0x20,
    0x0, 0x0, 0x0, 0x0, 0x0, 0x0, 0x0, 0x0,
    0x0, 0x0, 0xbf, 0xff, 0x20, 0x0, 0x0, 0x0,
    0xf, 0xff, 0xff, 0xfe, 0x0, 0x0, 0x0, 0xbf,
    0xff, 0xff, 0xff, 0xfc, 0x0, 0xf, 0xff, 0xff,
    0xfe, 0x0, 0x0, 0x0, 0xbf, 0xff, 0xff, 0xff,
    0xfc, 0x0, 0xf, 0xff, 0xff, 0xfe, 0x0, 0x0,
    0x0, 0xbf, 0xff, 0xff, 0xff, 0xfc, 0x0, 0x8,
    0x88, 0xdf, 0xfe, 0x0, 0x0, 0x0, 0xbf, 0xff,
    0xa9, 0x99, 0x97, 0x0, 0x0, 0x0, 0x9f, 0xfe,
    0x0, 0x0, 0x0, 0xbf, 0xff, 0x20, 0x0, 0x0,
    0x0, 0x0, 0x0, 0x9f, 0xfe, 0x0, 0x0, 0x0,
    0xbf, 0xff, 0x20, 0x0, 0x0, 0x0, 0x0, 0x0,
    0x9f, 0xfe, 0x0, 0x0, 0x0, 0xbf, 0xff, 0x20,
    0x0, 0x0, 0x0, 0x0, 0x0, 0x9f, 0xfe, 0x6,
    0x10, 0x0, 0xbf, 0xff, 0x20, 0x0, 0x0, 0x0,
    0x0, 0x0, 0x9f, 0xfe, 0x9f, 0x60, 0x0, 0xbf,
    0xff, 0x20, 0x0, 0x0, 0x0, 0x0, 0x0, 0x9f,
    0xff, 0xff, 0xc0, 0x0, 0xbf, 0xff, 0x20, 0x0,
    0x0, 0x0, 0x0, 0x0, 0xbf, 0xff, 0xff, 0xc0,
    0x0, 0xbf, 0xff, 0x20, 0x0, 0x0, 0x0, 0x0,
    0x0, 0xef, 0xff, 0xfb, 0x0, 0x0, 0xbf, 0xff,
    0x20, 0x0, 0x0, 0x0, 0x0, 0x7, 0xff, 0xff,
    0xdf, 0xff, 0xff, 0xff, 0xff, 0xff, 0xff, 0xff,
    0xf4, 0x0, 0x3f, 0xff, 0xf7, 0x6f, 0xff, 0xff,
    0xff, 0xff, 0xff, 0xff, 0xff, 0xf4, 0x0, 0x5f,
    0xff, 0x50, 0x5f, 0xff, 0xff, 0xff, 0xff, 0xff,
    0xff, 0xff, 0xf4, 0x0, 0x3, 0xe4, 0x0, 0x4b,
    0xbb, 0xbb, 0xbb, 0xbb, 0xbb, 0xbb, 0xbb, 0xb3,
    0x0, 0x0, 0x10, 0x0, 0x0, 0x0, 0x0, 0x0,
    0x0, 0x0, 0x0, 0x0, 0x0,

    /* U+8BB0 "记" */
    0x0, 0x0, 0x0, 0x0, 0x0, 0x0, 0x0, 0x0,
    0x0, 0x0, 0x0, 0x0, 0x0, 0x0, 0x1, 0xc5,
    0x0, 0x0, 0x0, 0x0, 0x0, 0x0, 0x0, 0x0,
    0x0, 0x0, 0x0, 0x1d, 0xff, 0x70, 0x0, 0x5b,
    0xbb, 0xbb, 0xbb, 0xbb, 0xbb, 0xb9, 0x0, 0x0,
    0x7f, 0xff, 0xf9, 0x0, 0x7f, 0xff, 0xff, 0xff,
    0xff, 0xff, 0xfd, 0x0, 0x0, 0x8, 0xff, 0xff,
    0x90, 0x7f, 0xff, 0xff, 0xff, 0xff, 0xff, 0xfd,
    0x0, 0x0, 0x0, 0x7f, 0xff, 0xe1, 0x7f, 0xff,
    0xff, 0xff, 0xff, 0xff, 0xfd, 0x0, 0x0, 0x0,
    0x8, 0xfe, 0x20, 0x0, 0x0, 0x0, 0x0, 0x0,
    0xff, 0xfd, 0x0, 0x0, 0x0, 0x0, 0x92, 0x0,
    0x0, 0x0, 0x0, 0x0, 0x0, 0xff, 0xfd, 0x0,
    0x28, 0x88, 0x88, 0x88, 0x0, 0x0, 0x0, 0x0,
    0x0, 0x0, 0xff, 0xfd, 0x0, 0x3f, 0xff, 0xff,
    0xff, 0x10, 0x0, 0x0, 0x0, 0x0, 0x0, 0xff,
    0xfd, 0x0, 0x3f, 0xff, 0xff, 0xff, 0x10, 0x7,
    0x88, 0x88, 0x88, 0x88, 0xff, 0xfd, 0x0, 0x3f,
    0xff, 0xff, 0xff, 0x10, 0xe, 0xff, 0xff, 0xff,
    0xff, 0xff, 0xfd, 0x0, 0x0, 0x0, 0xbf, 0xff,
    0x10, 0xe, 0xff, 0xff, 0xff, 0xff, 0xff, 0xfd,
    0x0, 0x0, 0x0, 0xaf, 0xff, 0x10, 0xe, 0xff,
    0xff, 0xff, 0xff, 0xff, 0xfd, 0x0, 0x0, 0x0,
    0xaf, 0xff, 0x10, 0xe, 0xff, 0xf0, 0x0, 0x0,
    0xff, 0xfd, 0x0, 0x0, 0x0, 0xaf, 0xff, 0x10,
    0xe, 0xff, 0xf0, 0x0, 0x0, 0x55, 0x55, 0x0,
    0x0, 0x0, 0xaf, 0xff, 0x10, 0xe, 0xff, 0xf0,
    0x0, 0x0, 0x0, 0x0, 0x0, 0x0, 0x0, 0xaf,
    0xff, 0x28, 0xe, 0xff, 0xf0, 0x0, 0x0, 0x2,
    0x20, 0x0, 0x0, 0x0, 0xaf, 0xff, 0xff, 0x1e,
    0xff, 0xf0, 0x0, 0x0, 0x6, 0xfa, 0x40, 0x0,
    0x0, 0xbf, 0xff, 0xff, 0x6e, 0xff, 0xf0, 0x0,
    0x0, 0x7, 0xff, 0xf3, 0x0, 0x0, 0xef, 0xff,
    0xff, 0x9d, 0xff, 0xf0, 0x0, 0x0, 0xb, 0xff,
    0xf1, 0x0, 0x4, 0xff, 0xff, 0xf8, 0xc, 0xff,
    0xfc, 0xa9, 0x99, 0xbf, 0xff, 0xe0, 0x0, 0xd,
    0xff, 0xfe, 0x40, 0x9, 0xff, 0xff, 0xff, 0xff,
    0xff, 0xff, 0x80, 0x0, 0x4, 0xff, 0xc1, 0x0,
    0x2, 0xff, 0xff, 0xff, 0xff, 0xff, 0xfe, 0x10,
    0x0, 0x0, 0x99, 0x0, 0x0, 0x0, 0x2a, 0xdf,
    0xff, 0xff, 0xfd, 0xa1, 0x0, 0x0, 0x0, 0x0,
    0x0, 0x0, 0x0, 0x0, 0x0, 0x0, 0x0, 0x0,
    0x0, 0x0,

    /* U+8BBE "设" */
    0x0, 0x0, 0x0, 0x0, 0x0, 0x0, 0x0, 0x0,
    0x0, 0x0, 0x0, 0x0, 0x0, 0x0, 0x1, 0xc3,
    0x0, 0x0, 0x2, 0x77, 0x77, 0x77, 0x77, 0x74,
    0x0, 0x0, 0x0, 0x2e, 0xff, 0x50, 0x0, 0x4,
    0xff, 0xff, 0xff, 0xff, 0xfa, 0x0, 0x0, 0x0,
    0x8f, 0xff, 0xf7, 0x0, 0x4, 0xff, 0xff, 0xff,
    0xff, 0xfa, 0x0, 0x0, 0x0, 0x9, 0xff, 0xff,
    0x60, 0x4, 0xff, 0xff, 0xff, 0xff, 0xfa, 0x0,
    0x0, 0x0, 0x0, 0x8f, 0xff, 0x60, 0x6, 0xff,
    0xf3, 0x0, 0xef, 0xfa, 0x0, 0x0, 0x0, 0x0,
    0x9, 0xf6, 0x0, 0xb, 0xff, 0xf0, 0x0, 0xef,
    0xfa, 0x0, 0x0, 0x0, 0x0, 0x0, 0x40, 0x0,
    0x6f, 0xff, 0xb0, 0x0, 0xef, 0xfb, 0x0, 0x0,
    0x14, 0x44, 0x44, 0x40, 0x19, 0xff, 0xff, 0x50,
    0x0, 0xdf, 0xff, 0xee, 0xb0, 0x5f, 0xff, 0xff,
    0xf1, 0x5f, 0xff, 0xfa, 0x0, 0x0, 0x8f, 0xff,
    0xff, 0xc0, 0x5f, 0xff, 0xff, 0xf1, 0x5, 0xff,
    0xb0, 0x0, 0x0, 0x1c, 0xff, 0xff, 0xe0, 0x5f,
    0xff, 0xff, 0xf1, 0x0, 0x85, 0x0, 0x0, 0x0,
    0x0, 0x25, 0x43, 0x10, 0x14, 0x4b, 0xff, 0xf1,
    0x4, 0xff, 0xff, 0xff, 0xff, 0xff, 0xff, 0xc5,
    0x0, 0x0, 0x8, 0xff, 0xf1, 0x4, 0xff, 0xff,
    0xff, 0xff, 0xff, 0xff, 0xf9, 0x0, 0x0, 0x8,
    0xff, 0xf1, 0x4, 0xff, 0xff, 0xff, 0xff, 0xff,
    0xff, 0xf4, 0x0, 0x0, 0x8, 0xff, 0xf1, 0x2,
    0x8d, 0xff, 0x87, 0x77, 0x8f, 0xff, 0xd0, 0x0,
    0x0, 0x8, 0xff, 0xf1, 0x82, 0x4f, 0xff, 0xa0,
    0x0, 0xaf, 0xff, 0x60, 0x0, 0x0, 0x8, 0xff,
    0xfb, 0xf8, 0xa, 0xff, 0xf8, 0x8, 0xff, 0xfc,
    0x0, 0x0, 0x0, 0x8, 0xff, 0xff, 0xfe, 0x11,
    0xef, 0xff, 0xcf, 0xff, 0xe1, 0x0, 0x0, 0x0,
    0x9, 0xff, 0xff, 0xfe, 0x20, 0x3f, 0xff, 0xff,
    0xff, 0x40, 0x0, 0x0, 0x0, 0xd, 0xff, 0xff,
    0xd1, 0x0, 0x3c, 0xff, 0xff, 0xfe, 0x40, 0x0,
    0x0, 0x0, 0x6f, 0xff, 0xfc, 0x24, 0x8d, 0xff,
    0xff, 0xff, 0xff, 0xfe, 0x85, 0x10, 0x0, 0x8f,
    0xff, 0xb3, 0xff, 0xff, 0xff, 0xff, 0xef, 0xff,
    0xff, 0xff, 0xe1, 0x0, 0xd, 0xfa, 0x0, 0x9f,
    0xff, 0xff, 0xa3, 0x4, 0xdf, 0xff, 0xff, 0x40,
    0x0, 0x5, 0x90, 0x0, 0x2f, 0xfc, 0x72, 0x0,
    0x0, 0x5, 0xaf, 0xfa, 0x0, 0x0, 0x0, 0x0,
    0x0, 0x3, 0x0, 0x0, 0x0, 0x0, 0x0, 0x0,
    0x41, 0x0,

    /* U+8BD5 "试" */
    0x0, 0x0, 0x0, 0x0, 0x0, 0x0, 0x0, 0x0,
    0x0, 0x0, 0x0, 0x0, 0x0, 0x1, 0xc4, 0x0,
    0x0, 0x0, 0x0, 0x0, 0x2f, 0xff, 0xa2, 0xb7,
    0x0, 0x2, 0xef, 0xf6, 0x0, 0x0, 0x0, 0x0,
    0x2, 0xff, 0xfe, 0xff, 0xf3, 0x0, 0x7f, 0xff,
    0xf7, 0x0, 0x0, 0x0, 0x0, 0x2f, 0xff, 0xbd,
    0xff, 0xd0, 0x0, 0x7f, 0xff, 0xf6, 0x0, 0x0,
    0x0, 0x1, 0xff, 0xfa, 0x3f, 0xfe, 0x20, 0x0,
    0x7f, 0xff, 0x57, 0x88, 0x88, 0x88, 0x9f, 0xff,
    0xd8, 0xef, 0x91, 0x0, 0x0, 0x8f, 0x50, 0xef,
    0xff, 0xff, 0xff, 0xff, 0xff, 0xff, 0xff, 0x10,
    0x0, 0x0, 0x40, 0xe, 0xff, 0xff, 0xff, 0xff,
    0xff, 0xff, 0xff, 0xf1, 0x45, 0x55, 0x55, 0x30,
    0xef, 0xff, 0xff, 0xff, 0xff, 0xff, 0xff, 0xff,
    0x1b, 0xff, 0xff, 0xf9, 0x0, 0x0, 0x0, 0x0,
    0xf, 0xff, 0xc0, 0x0, 0x0, 0xbf, 0xff, 0xff,
    0x90, 0x0, 0x0, 0x0, 0x0, 0xef, 0xfd, 0x0,
    0x0, 0xb, 0xff, 0xff, 0xf9, 0x0, 0x55, 0x55,
    0x55, 0x4d, 0xff, 0xe0, 0x0, 0x0, 0x34, 0x4f,
    0xff, 0x90, 0x2f, 0xff, 0xff, 0xfb, 0xcf, 0xff,
    0x0, 0x0, 0x0, 0x0, 0xff, 0xf9, 0x2, 0xff,
    0xff, 0xff, 0xbb, 0xff, 0xf0, 0x0, 0x0, 0x0,
    0xf, 0xff, 0x90, 0x2f, 0xff, 0xff, 0xfb, 0xaf,
    0xff, 0x10, 0x0, 0x0, 0x0, 0xff, 0xf9, 0x0,
    0x17, 0xff, 0xf2, 0x18, 0xff, 0xf2, 0x0, 0x0,
    0x0, 0xf, 0xff, 0x90, 0x0, 0x5f, 0xff, 0x0,
    0x6f, 0xff, 0x41, 0x0, 0x0, 0x0, 0xff, 0xf9,
    0x3, 0x5, 0xff, 0xf0, 0x4, 0xff, 0xf6, 0x79,
    0x0, 0x0, 0xf, 0xff, 0xcd, 0xc0, 0x5f, 0xff,
    0x14, 0x5f, 0xff, 0x98, 0xfd, 0x30, 0x1, 0xff,
    0xff, 0xff, 0x16, 0xff, 0xff, 0xf9, 0xef, 0xfd,
    0xcf, 0xf5, 0x0, 0x7f, 0xff, 0xff, 0xfe, 0xff,
    0xff, 0xff, 0xcb, 0xff, 0xff, 0xff, 0x20, 0x3f,
    0xff, 0xff, 0xd7, 0xff, 0xff, 0xff, 0xfb, 0x6f,
    0xff, 0xff, 0xe0, 0x0, 0xdf, 0xff, 0x80, 0xf,
    0xff, 0xfb, 0x61, 0x0, 0xff, 0xff, 0xf9, 0x0,
    0x5, 0xfd, 0x30, 0x0, 0xa9, 0x40, 0x0, 0x0,
    0x7, 0xff, 0xff, 0x10, 0x0, 0x9, 0x0, 0x0,
    0x0, 0x0, 0x0, 0x0, 0x0, 0x7, 0xed, 0x30,
    0x0, 0x0, 0x0, 0x0, 0x0, 0x0, 0x0, 0x0,
    0x0, 0x0, 0x0, 0x0, 0x0,

    /* U+8BF7 "请" */
    0x0, 0x0, 0x0, 0x0, 0x0, 0x0, 0x0, 0x3,
    0x33, 0x30, 0x0, 0x0, 0x0, 0x0, 0x7, 0x90,
    0x0, 0x0, 0x0, 0x0, 0xe, 0xff, 0xd0, 0x0,
    0x0, 0x0, 0x0, 0x7f, 0xfb, 0x0, 0x3, 0x99,
    0x99, 0x9f, 0xff, 0xe9, 0x99, 0x99, 0x30, 0x2,
    0xff, 0xff, 0xc1, 0x5, 0xff, 0xff, 0xff, 0xff,
    0xff, 0xff, 0xff, 0x60, 0x0, 0x3f, 0xff, 0xfd,
    0x15, 0xff, 0xff, 0xff, 0xff, 0xff, 0xff, 0xff,
    0x60, 0x0, 0x3, 0xff, 0xfd, 0x10, 0x23, 0x33,
    0x3e, 0xff, 0xe3, 0x33, 0x32, 0x0, 0x0, 0x0,
    0x4f, 0xe1, 0x0, 0x9f, 0xff, 0xff, 0xff, 0xff,
    0xff, 0xf9, 0x0, 0x0, 0x0, 0x6, 0x20, 0x0,
    0x9f, 0xff, 0xff, 0xff, 0xff, 0xff, 0xf9, 0x0,
    0x1, 0x11, 0x11, 0x10, 0x0, 0x36, 0x66, 0x6e,
    0xff, 0xe6, 0x66, 0x63, 0x0, 0x4f, 0xff, 0xff,
    0xf1, 0x2d, 0xdd, 0xdd, 0xdf, 0xff, 0xfd, 0xdd,
    0xdd, 0xd3, 0x4f, 0xff, 0xff, 0xf1, 0x2f, 0xff,
    0xff, 0xff, 0xff, 0xff, 0xff, 0xff, 0xf3, 0x4f,
    0xff, 0xff, 0xf1, 0x2c, 0xcc, 0xcc, 0xcc, 0xcc,
    0xcc, 0xcc, 0xcc, 0xc2, 0x28, 0x8c, 0xff, 0xf1,
    0x0, 0x37, 0x77, 0x77, 0x77, 0x77, 0x77, 0x74,
    0x0, 0x0, 0x8, 0xff, 0xf1, 0x0, 0x7f, 0xff,
    0xff, 0xff, 0xff, 0xff, 0xf9, 0x0, 0x0, 0x8,
    0xff, 0xf1, 0x0, 0x7f, 0xff, 0xff, 0xff, 0xff,
    0xff, 0xf9, 0x0, 0x0, 0x8, 0xff, 0xf1, 0x0,
    0x7f, 0xff, 0x21, 0x11, 0x11, 0xff, 0xf9, 0x0,
    0x0, 0x8, 0xff, 0xf1, 0x0, 0x7f, 0xff, 0xff,
    0xff, 0xff, 0xff, 0xf9, 0x0, 0x0, 0x8, 0xff,
    0xf3, 0xd4, 0x7f, 0xff, 0xff, 0xff, 0xff, 0xff,
    0xf9, 0x0, 0x0, 0x8, 0xff, 0xff, 0xf9, 0x7f,
    0xff, 0x44, 0x44, 0x44, 0xff, 0xf9, 0x0, 0x0,
    0x9, 0xff, 0xff, 0xff, 0x8f, 0xff, 0x77, 0x77,
    0x77, 0xff, 0xf9, 0x0, 0x0, 0xd, 0xff, 0xff,
    0xfa, 0x8f, 0xff, 0xff, 0xff, 0xff, 0xff, 0xf9,
    0x0, 0x0, 0x7f, 0xff, 0xff, 0x50, 0x7f, 0xff,
    0xff, 0xff, 0xff, 0xff, 0xf9, 0x0, 0x0, 0x8f,
    0xff, 0xc2, 0x0, 0x7f, 0xff, 0x0, 0xb, 0xff,
    0xff, 0xf7, 0x0, 0x0, 0xd, 0xf9, 0x0, 0x0,
    0x7f, 0xff, 0x0, 0x5, 0xff, 0xff, 0xf3, 0x0,
    0x0, 0x6, 0x70, 0x0, 0x0, 0x7f, 0xff, 0x0,
    0x1, 0xff, 0xea, 0x40, 0x0, 0x0, 0x0, 0x0,
    0x0, 0x0, 0x0, 0x0, 0x0, 0x0, 0x0, 0x0,
    0x0, 0x0,

    /* U+8D1F "负" */
    0x0, 0x0, 0x0, 0x2, 0x52, 0x0, 0x0, 0x0,
    0x0, 0x0, 0x0, 0x0, 0x0, 0x0, 0x0, 0x0,
    0xaf, 0xfe, 0x60, 0x0, 0x0, 0x0, 0x0, 0x0,
    0x0, 0x0, 0x0, 0x0, 0x3f, 0xff, 0xf1, 0x0,
    0x0, 0x0, 0x0, 0x0, 0x0, 0x0, 0x0, 0x0,
    0xd, 0xff, 0xff, 0xcc, 0xcc, 0xcd, 0x60, 0x0,
    0x0, 0x0, 0x0, 0x0, 0x8, 0xff, 0xff, 0xff,
    0xff, 0xff, 0xff, 0xc1, 0x0, 0x0, 0x0, 0x0,
    0x4, 0xff, 0xff, 0xff, 0xff, 0xff, 0xff, 0xfc,
    0x0, 0x0, 0x0, 0x0, 0x3, 0xff, 0xff, 0xa2,
    0x22, 0x25, 0xff, 0xff, 0x30, 0x0, 0x0, 0x0,
    0x3, 0xef, 0xff, 0xd0, 0x0, 0x0, 0xcf, 0xff,
    0x80, 0x0, 0x0, 0x0, 0x5, 0xff, 0xff, 0xff,
    0xee, 0xee, 0xff, 0xff, 0xff, 0xee, 0xee, 0x10,
    0x4, 0xff, 0xff, 0xff, 0xff, 0xff, 0xff, 0xff,
    0xff, 0xff, 0xff, 0xf1, 0x0, 0x6, 0xff, 0xff,
    0xff, 0xff, 0xff, 0xff, 0xff, 0xff, 0xff, 0xff,
    0x10, 0x0, 0x6, 0xdd, 0xff, 0xf5, 0x44, 0x44,
    0x44, 0x44, 0x4f, 0xff, 0xf1, 0x0, 0x0, 0x0,
    0xbf, 0xff, 0x10, 0x2, 0x22, 0x20, 0x0, 0xef,
    0xff, 0x10, 0x0, 0x0, 0xb, 0xff, 0xf1, 0x0,
    0xff, 0xfe, 0x0, 0xe, 0xff, 0xf1, 0x0, 0x0,
    0x0, 0xbf, 0xff, 0x10, 0x2f, 0xff, 0xd0, 0x0,
    0xef, 0xff, 0x10, 0x0, 0x0, 0xb, 0xff, 0xf1,
    0x4, 0xff, 0xfb, 0x0, 0xe, 0xff, 0xf1, 0x0,
    0x0, 0x0, 0xbf, 0xff, 0x10, 0x7f, 0xff, 0x80,
    0x0, 0xef, 0xff, 0x10, 0x0, 0x0, 0xb, 0xff,
    0xf1, 0xc, 0xff, 0xf4, 0x0, 0xe, 0xff, 0xf1,
    0x0, 0x0, 0x0, 0xbf, 0xff, 0x15, 0xff, 0xfe,
    0x2, 0x0, 0xef, 0xff, 0x10, 0x0, 0x0, 0x7,
    0x99, 0x96, 0xff, 0xff, 0x87, 0xfc, 0x59, 0x99,
    0x90, 0x0, 0x0, 0x0, 0x0, 0x4b, 0xff, 0xff,
    0xd7, 0xff, 0xff, 0xe8, 0x10, 0x0, 0x0, 0x14,
    0x6a, 0xef, 0xff, 0xff, 0xd2, 0x6d, 0xff, 0xff,
    0xff, 0xa3, 0x0, 0x2f, 0xff, 0xff, 0xff, 0xff,
    0xa1, 0x0, 0x4, 0xbf, 0xff, 0xff, 0xfb, 0x20,
    0x7f, 0xff, 0xff, 0xfa, 0x30, 0x0, 0x0, 0x0,
    0x3a, 0xff, 0xff, 0x90, 0x0, 0xef, 0xc9, 0x50,
    0x0, 0x0, 0x0, 0x0, 0x0, 0x3, 0xbf, 0x70,
    0x0, 0x1, 0x0, 0x0, 0x0, 0x0, 0x0, 0x0,
    0x0, 0x0, 0x0, 0x20, 0x0,

    /* U+8D25 "败" */
    0x0, 0x0, 0x0, 0x0, 0x0, 0x0, 0x0, 0x0,
    0x87, 0x40, 0x0, 0x0, 0x0, 0x1, 0xdd, 0xdd,
    0xdd, 0xdd, 0xdd, 0xc0, 0x0, 0xff, 0xf8, 0x0,
    0x0, 0x0, 0x1, 0xff, 0xff, 0xff, 0xff, 0xff,
    0xd0, 0x4, 0xff, 0xf4, 0x0, 0x0, 0x0, 0x1,
    0xff, 0xff, 0xff, 0xff, 0xff, 0xd0, 0x9, 0xff,
    0xf0, 0x0, 0x0, 0x0, 0x1, 0xff, 0xf7, 0x77,
    0x79, 0xff, 0xd0, 0xd, 0xff, 0xe5, 0x55, 0x55,
    0x51, 0x1, 0xff, 0xe2, 0x66, 0x64, 0xff, 0xd0,
    0x2f, 0xff, 0xff, 0xff, 0xff, 0xf4, 0x1, 0xff,
    0xe5, 0xff, 0xf4, 0xff, 0xd0, 0x8f, 0xff, 0xff,
    0xff, 0xff, 0xf4, 0x1, 0xff, 0xe5, 0xff, 0xf4,
    0xff, 0xd0, 0xef, 0xff, 0xff, 0xff, 0xff, 0xf4,
    0x1, 0xff, 0xe5, 0xff, 0xf4, 0xff, 0xd8, 0xff,
    0xf5, 0x0, 0x3f, 0xff, 0x0, 0x1, 0xff, 0xe5,
    0xff, 0xf4, 0xff, 0xef, 0xff, 0xf0, 0x0, 0x5f,
    0xfd, 0x0, 0x1, 0xff, 0xe5, 0xff, 0xf4, 0xff,
    0xff, 0xff, 0xf5, 0x0, 0x8f, 0xfb, 0x0, 0x1,
    0xff, 0xe5, 0xff, 0xf4, 0xff, 0xef, 0xff, 0xfa,
    0x0, 0xbf, 0xf7, 0x0, 0x1, 0xff, 0xe5, 0xff,
    0xf4, 0xff, 0xd6, 0xff, 0xfe, 0x0, 0xff, 0xf4,
    0x0, 0x1, 0xff, 0xe6, 0xff, 0xf3, 0xff, 0xd0,
    0x6f, 0xff, 0x64, 0xff, 0xf0, 0x0, 0x1, 0xff,
    0xe7, 0xff, 0xe3, 0xff, 0xd0, 0x9, 0xff, 0xd9,
    0xff, 0xb0, 0x0, 0x1, 0xff, 0xe8, 0xff, 0xc3,
    0xff, 0xd0, 0x3, 0xff, 0xff, 0xff, 0x60, 0x0,
    0x1, 0xff, 0xec, 0xff, 0x93, 0xff, 0xd0, 0x0,
    0xbf, 0xff, 0xff, 0x10, 0x0, 0x0, 0x55, 0x5f,
    0xff, 0x50, 0x42, 0x20, 0x0, 0x3f, 0xff, 0xf9,
    0x0, 0x0, 0x0, 0x0, 0x7f, 0xff, 0x4c, 0xd0,
    0x0, 0x0, 0xd, 0xff, 0xf9, 0x0, 0x0, 0x0,
    0x1, 0xef, 0xfc, 0xff, 0xf8, 0x0, 0x0, 0xaf,
    0xff, 0xff, 0x90, 0x0, 0x0, 0x1c, 0xff, 0xf2,
    0x7f, 0xff, 0x30, 0x1b, 0xff, 0xff, 0xff, 0xfa,
    0x10, 0x3, 0xdf, 0xff, 0x80, 0xd, 0xff, 0xc5,
    0xef, 0xff, 0xe8, 0xff, 0xff, 0xf5, 0xd, 0xff,
    0xfa, 0x0, 0x4, 0xff, 0xc4, 0xff, 0xfe, 0x20,
    0x5f, 0xff, 0xe2, 0x1, 0xef, 0x90, 0x0, 0x0,
    0xb7, 0x0, 0x5f, 0xc2, 0x0, 0x3, 0xdf, 0x40,
    0x0, 0x35, 0x0, 0x0, 0x0, 0x0, 0x0, 0x4,
    0x0, 0x0, 0x0, 0x5, 0x0,

    /* U+8D4C "赌" */
    0x0, 0x0, 0x0, 0x0, 0x0, 0x0, 0x0, 0xc,
    0xee, 0x80, 0x0, 0x0, 0x0, 0xc, 0xff, 0xff,
    0xff, 0xff, 0xe0, 0x0, 0xd, 0xff, 0x90, 0x0,
    0x40, 0x0, 0xc, 0xff, 0xff, 0xff, 0xff, 0xe0,
    0xee, 0xef, 0xff, 0xfe, 0xc7, 0xff, 0xb0, 0xc,
    0xff, 0xff, 0xff, 0xff, 0xe0, 0xff, 0xff, 0xff,
    0xff, 0xde, 0xff, 0x90, 0xc, 0xff, 0x31, 0x13,
    0xff, 0xe0, 0xff, 0xff, 0xff, 0xff, 0xff, 0xff,
    0x20, 0xc, 0xff, 0x6a, 0xa6, 0xff, 0xe0, 0x22,
    0x2e, 0xff, 0xa3, 0xff, 0xfb, 0x0, 0xc, 0xff,
    0x8f, 0xf8, 0xff, 0xe0, 0x0, 0xd, 0xff, 0x98,
    0xff, 0xf3, 0x0, 0xc, 0xff, 0x8f, 0xf8, 0xff,
    0xe4, 0x55, 0x5e, 0xff, 0xcf, 0xff, 0xe5, 0x51,
    0xc, 0xff, 0x8f, 0xf8, 0xff, 0xeb, 0xff, 0xff,
    0xff, 0xff, 0xff, 0xff, 0xf3, 0xc, 0xff, 0x8f,
    0xf8, 0xff, 0xeb, 0xff, 0xff, 0xff, 0xff, 0xff,
    0xff, 0xf3, 0xc, 0xff, 0x8f, 0xf8, 0xff, 0xe9,
    0xcc, 0xce, 0xff, 0xff, 0xdc, 0xcc, 0xc3, 0xc,
    0xff, 0x8f, 0xf8, 0xff, 0xe0, 0x0, 0x6f, 0xff,
    0xf8, 0x0, 0x0, 0x0, 0xc, 0xff, 0x8f, 0xf8,
    0xff, 0xe0, 0x4c, 0xff, 0xff, 0xfc, 0xcc, 0xcc,
    0x20, 0xc, 0xff, 0x9f, 0xf7, 0xff, 0xfd, 0xff,
    0xff, 0xff, 0xff, 0xff, 0xff, 0x20, 0xc, 0xff,
    0xaf, 0xf6, 0xff, 0xff, 0xff, 0xff, 0xff, 0xff,
    0xff, 0xff, 0x20, 0xc, 0xff, 0xcf, 0xf4, 0xff,
    0xe9, 0xff, 0xff, 0xd0, 0x0, 0x6f, 0xff, 0x20,
    0xc, 0xff, 0xef, 0xf1, 0xff, 0xe1, 0x8a, 0xff,
    0xfa, 0xaa, 0xdf, 0xff, 0x20, 0x3, 0x36, 0xff,
    0xc0, 0x21, 0x10, 0x8, 0xff, 0xff, 0xff, 0xff,
    0xff, 0x20, 0x0, 0xa, 0xff, 0x86, 0xe2, 0x0,
    0x8, 0xff, 0xff, 0xff, 0xff, 0xff, 0x20, 0x0,
    0x2f, 0xff, 0x8f, 0xfd, 0x10, 0x8, 0xff, 0xd0,
    0x0, 0x6f, 0xff, 0x20, 0x0, 0xcf, 0xfa, 0x1d,
    0xff, 0xc0, 0x8, 0xff, 0xfc, 0xcc, 0xdf, 0xff,
    0x20, 0x2d, 0xff, 0xe1, 0x2, 0xff, 0xf6, 0x8,
    0xff, 0xff, 0xff, 0xff, 0xff, 0x20, 0x1c, 0xfe,
    0x20, 0x0, 0x5f, 0xa0, 0x8, 0xff, 0xff, 0xff,
    0xff, 0xff, 0x20, 0x1, 0xa2, 0x0, 0x0, 0x5,
    0x0, 0x8, 0xff, 0xd0, 0x0, 0x6e, 0xee, 0x20,

    /* U+8D77 "起" */
    0x0, 0x0, 0x3, 0x55, 0x40, 0x0, 0x0, 0x0,
    0x0, 0x0, 0x0, 0x0, 0x0, 0x0, 0x0, 0xa,
    0xff, 0xe0, 0x0, 0x1, 0x88, 0x88, 0x88, 0x88,
    0x88, 0x0, 0x0, 0x0, 0xa, 0xff, 0xe0, 0x0,
    0x2, 0xff, 0xff, 0xff, 0xff, 0xfe, 0x0, 0x4,
    0xff, 0xff, 0xff, 0xff, 0xff, 0x82, 0xff, 0xff,
    0xff, 0xff, 0xfe, 0x0, 0x4, 0xff, 0xff, 0xff,
    0xff, 0xff, 0x82, 0xcc, 0xcc, 0xcc, 0xff, 0xfe,
    0x0, 0x4, 0xff, 0xff, 0xff, 0xff, 0xff, 0x80,
    0x0, 0x0, 0x0, 0xbf, 0xfe, 0x0, 0x1, 0x44,
    0x4b, 0xff, 0xe4, 0x44, 0x20, 0x0, 0x0, 0x0,
    0xbf, 0xfe, 0x0, 0x0, 0x0, 0xa, 0xff, 0xe0,
    0x0, 0x0, 0x11, 0x11, 0x11, 0xbf, 0xfe, 0x0,
    0xd, 0xdd, 0xdf, 0xff, 0xfd, 0xdd, 0xd2, 0xff,
    0xff, 0xff, 0xff, 0xfe, 0x0, 0xf, 0xff, 0xff,
    0xff, 0xff, 0xff, 0xf2, 0xff, 0xff, 0xff, 0xff,
    0xfe, 0x0, 0xf, 0xff, 0xff, 0xff, 0xff, 0xff,
    0xf2, 0xff, 0xff, 0xff, 0xff, 0xfe, 0x0, 0x6,
    0x66, 0x66, 0xef, 0xfc, 0x66, 0x61, 0xff, 0xfb,
    0x22, 0xcf, 0xfe, 0x0, 0x0, 0x10, 0x0, 0xef,
    0xf9, 0x0, 0x0, 0xff, 0xfa, 0x0, 0x0, 0x0,
    0x0, 0x6, 0xff, 0xf1, 0xef, 0xfa, 0x22, 0x20,
    0xff, 0xfa, 0x0, 0x0, 0x10, 0x0, 0x6, 0xff,
    0xf0, 0xef, 0xff, 0xff, 0xf0, 0xff, 0xfa, 0x0,
    0x0, 0xe8, 0x20, 0x7, 0xff, 0xf0, 0xef, 0xff,
    0xff, 0xf0, 0xff, 0xfb, 0x0, 0x0, 0xff, 0xf4,
    0x8, 0xff, 0xf1, 0xef, 0xff, 0xff, 0xf0, 0xef,
    0xfc, 0x0, 0x5, 0xff, 0xf2, 0x9, 0xff, 0xf9,
    0xef, 0xf9, 0x11, 0x10, 0xdf, 0xff, 0xff, 0xff,
    0xff, 0xf0, 0x9, 0xff, 0xff, 0xff, 0xf9, 0x0,
    0x0, 0x8f, 0xff, 0xff, 0xff, 0xff, 0x80, 0xb,
    0xff, 0xff, 0xff, 0xf9, 0x0, 0x0, 0xa, 0xff,
    0xff, 0xff, 0xfa, 0x10, 0xd, 0xff, 0xff, 0xff,
    0xfa, 0x20, 0x0, 0x0, 0x2, 0x33, 0x33, 0x10,
    0x0, 0xf, 0xff, 0xef, 0xff, 0xff, 0xff, 0xfe,
    0xee, 0xee, 0xee, 0xee, 0xef, 0xf7, 0x3f, 0xff,
    0x38, 0xff, 0xff, 0xff, 0xff, 0xff, 0xff, 0xff,
    0xff, 0xff, 0xe0, 0x8f, 0xff, 0x0, 0x4b, 0xff,
    0xff, 0xff, 0xff, 0xff, 0xff, 0xff, 0xff, 0xa0,
    0x4c, 0xfc, 0x0, 0x0, 0x15, 0x79, 0xaa, 0xbb,
    0xbb, 0xbb, 0xbb, 0xbb, 0x40, 0x0, 0x45, 0x0,
    0x0, 0x0, 0x0, 0x0, 0x0, 0x0, 0x0, 0x0,
    0x0, 0x0,

    /* U+8D85 "超" */
    0x0, 0x0, 0x2, 0x33, 0x20, 0x0, 0x0, 0x0,
    0x0, 0x0, 0x0, 0x0, 0x0, 0x0, 0x0, 0xb,
    0xff, 0xb0, 0x0, 0x6, 0x66, 0x66, 0x66, 0x66,
    0x66, 0x30, 0x0, 0x0, 0xb, 0xff, 0xb0, 0x0,
    0xf, 0xff, 0xff, 0xff, 0xff, 0xff, 0x80, 0x5,
    0xff, 0xff, 0xff, 0xff, 0xff, 0x4f, 0xff, 0xff,
    0xff, 0xff, 0xff, 0x70, 0x5, 0xff, 0xff, 0xff,
    0xff, 0xff, 0x4a, 0xaf, 0xff, 0xea, 0xbf, 0xff,
    0x60, 0x5, 0xff, 0xff, 0xff, 0xff, 0xff, 0x30,
    0x1f, 0xff, 0x90, 0x3f, 0xff, 0x60, 0x1, 0x44,
    0x4c, 0xff, 0xd4, 0x44, 0x10, 0x8f, 0xff, 0x40,
    0x4f, 0xff, 0x40, 0x0, 0x0, 0xb, 0xff, 0xb0,
    0x0, 0x4, 0xff, 0xfe, 0x33, 0xbf, 0xff, 0x30,
    0xa, 0xaa, 0xae, 0xff, 0xea, 0xaa, 0x9f, 0xff,
    0xf6, 0xdf, 0xff, 0xff, 0x0, 0xf, 0xff, 0xff,
    0xff, 0xff, 0xff, 0xff, 0xff, 0xb0, 0x8f, 0xff,
    0xfb, 0x0, 0xf, 0xff, 0xff, 0xff, 0xff, 0xff,
    0xa7, 0xfc, 0x10, 0x5f, 0xff, 0xa0, 0x0, 0xd,
    0xdd, 0xde, 0xff, 0xfe, 0xdd, 0x81, 0x62, 0x22,
    0x23, 0x22, 0x22, 0x0, 0x0, 0x10, 0x2, 0xff,
    0xf2, 0x0, 0x7, 0xff, 0xff, 0xff, 0xff, 0xfe,
    0x0, 0x5, 0xff, 0xe2, 0xff, 0xf2, 0x0, 0x7,
    0xff, 0xff, 0xff, 0xff, 0xfe, 0x0, 0x6, 0xff,
    0xe2, 0xff, 0xfd, 0xcc, 0x37, 0xff, 0xfd, 0xdd,
    0xff, 0xfe, 0x0, 0x7, 0xff, 0xd2, 0xff, 0xff,
    0xff, 0x47, 0xff, 0xf0, 0x0, 0xdf, 0xfe, 0x0,
    0x7, 0xff, 0xe2, 0xff, 0xff, 0xff, 0x47, 0xff,
    0xf0, 0x0, 0xdf, 0xfe, 0x0, 0x8, 0xff, 0xf8,
    0xff, 0xf6, 0x33, 0x17, 0xff, 0xff, 0xff, 0xff,
    0xfe, 0x0, 0x9, 0xff, 0xff, 0xff, 0xf2, 0x0,
    0x7, 0xff, 0xff, 0xff, 0xff, 0xfe, 0x0, 0xa,
    0xff, 0xff, 0xff, 0xf2, 0x0, 0x7, 0xff, 0xff,
    0xff, 0xff, 0xfe, 0x0, 0xd, 0xff, 0xff, 0xff,
    0xf6, 0x10, 0x0, 0x0, 0x0, 0x0, 0x0, 0x0,
    0x0, 0xf, 0xff, 0xdf, 0xff, 0xff, 0xff, 0xfe,
    0xee, 0xee, 0xee, 0xee, 0xef, 0xf6, 0x5f, 0xff,
    0x1a, 0xff, 0xff, 0xff, 0xff, 0xff, 0xff, 0xff,
    0xff, 0xff, 0xe0, 0x9f, 0xfd, 0x0, 0x5c, 0xff,
    0xff, 0xff, 0xff, 0xff, 0xff, 0xff, 0xff, 0x80,
    0x5, 0xd8, 0x0, 0x0, 0x25, 0x89, 0xaa, 0xbb,
    0xbb, 0xbb, 0xbb, 0xbb, 0x30, 0x0, 0x1, 0x0,
    0x0, 0x0, 0x0, 0x0, 0x0, 0x0, 0x0, 0x0,
    0x0, 0x0,

    /* U+8DB3 "足" */
    0x0, 0x0, 0x0, 0x0, 0x0, 0x0, 0x0, 0x0,
    0x0, 0x0, 0x0, 0x0, 0x0, 0x0, 0x1, 0xff,
    0xff, 0xff, 0xff, 0xff, 0xff, 0xff, 0xff, 0xff,
    0xe0, 0x0, 0x0, 0x1, 0xff, 0xff, 0xff, 0xff,
    0xff, 0xff, 0xff, 0xff, 0xff, 0xe0, 0x0, 0x0,
    0x1, 0xff, 0xff, 0xff, 0xff, 0xff, 0xff, 0xff,
    0xff, 0xff, 0xe0, 0x0, 0x0, 0x1, 0xff, 0xfd,
    0x88, 0x88, 0x88, 0x88, 0x88, 0x9f, 0xff, 0xe0,
    0x0, 0x0, 0x1, 0xff, 0xfb, 0x0, 0x0, 0x0,
    0x0, 0x0, 0x2f, 0xff, 0xe0, 0x0, 0x0, 0x1,
    0xff, 0xfb, 0x0, 0x0, 0x0, 0x0, 0x0, 0x2f,
    0xff, 0xe0, 0x0, 0x0, 0x1, 0xff, 0xff, 0xff,
    0xff, 0xff, 0xff, 0xff, 0xff, 0xff, 0xe0, 0x0,
    0x0, 0x1, 0xff, 0xff, 0xff, 0xff, 0xff, 0xff,
    0xff, 0xff, 0xff, 0xe0, 0x0, 0x0, 0x1, 0xff,
    0xff, 0xff, 0xff, 0xff, 0xff, 0xff, 0xff, 0xff,
    0xe0, 0x0, 0x0, 0x0, 0xaa, 0xaa, 0xaa, 0xae,
    0xff, 0xfa, 0xaa, 0xaa, 0xaa, 0x90, 0x0, 0x0,
    0x0, 0x0, 0x0, 0x0, 0xc, 0xff, 0xf1, 0x0,
    0x0, 0x0, 0x0, 0x0, 0x0, 0x0, 0x3e, 0xca,
    0x60, 0xc, 0xff, 0xf1, 0x0, 0x0, 0x0, 0x0,
    0x0, 0x0, 0x0, 0x6f, 0xff, 0x80, 0xc, 0xff,
    0xf9, 0x88, 0x88, 0x88, 0x83, 0x0, 0x0, 0x0,
    0x9f, 0xff, 0x50, 0xc, 0xff, 0xff, 0xff, 0xff,
    0xff, 0xf6, 0x0, 0x0, 0x0, 0xdf, 0xff, 0x30,
    0xc, 0xff, 0xff, 0xff, 0xff, 0xff, 0xf6, 0x0,
    0x0, 0x2, 0xff, 0xff, 0xb0, 0xc, 0xff, 0xff,
    0xff, 0xff, 0xff, 0xf6, 0x0, 0x0, 0x8, 0xff,
    0xff, 0xf6, 0xc, 0xff, 0xf1, 0x0, 0x0, 0x0,
    0x0, 0x0, 0x0, 0x1f, 0xff, 0xff, 0xff, 0x9d,
    0xff, 0xf1, 0x0, 0x0, 0x0, 0x0, 0x0, 0x0,
    0x8f, 0xff, 0xcf, 0xff, 0xff, 0xff, 0xf1, 0x0,
    0x0, 0x0, 0x0, 0x0, 0x5, 0xff, 0xff, 0x23,
    0xef, 0xff, 0xff, 0xfd, 0xcb, 0xa9, 0x99, 0x99,
    0xa1, 0xe, 0xff, 0xf9, 0x0, 0x3e, 0xff, 0xff,
    0xff, 0xff, 0xff, 0xff, 0xff, 0xd0, 0x3, 0xef,
    0xc0, 0x0, 0x0, 0x6e, 0xff, 0xff, 0xff, 0xff,
    0xff, 0xff, 0x70, 0x0, 0x2c, 0x10, 0x0, 0x0,
    0x0, 0x37, 0xad, 0xee, 0xff, 0xff, 0xff, 0x30,
    0x0, 0x0, 0x0, 0x0, 0x0, 0x0, 0x0, 0x0,
    0x0, 0x0, 0x0, 0x0, 0x0,

    /* U+8DF3 "跳" */
    0x0, 0x0, 0x0, 0x0, 0x0, 0x0, 0x1, 0x33,
    0x30, 0x33, 0x31, 0x0, 0x0, 0x0, 0x0, 0x0,
    0x0, 0x0, 0x0, 0x0, 0x7f, 0xfe, 0x3f, 0xff,
    0x40, 0x0, 0x0, 0x0, 0xff, 0xff, 0xff, 0xff,
    0x20, 0x7, 0xff, 0xe3, 0xff, 0xf4, 0x0, 0x0,
    0x0, 0xf, 0xff, 0xff, 0xff, 0xf2, 0x0, 0x7f,
    0xfe, 0x3f, 0xff, 0x40, 0x0, 0x0, 0x0, 0xff,
    0xff, 0xff, 0xff, 0x22, 0x77, 0xff, 0xe3, 0xff,
    0xf4, 0xb5, 0x0, 0x0, 0xf, 0xff, 0x21, 0xff,
    0xfd, 0xff, 0xbf, 0xfe, 0x3f, 0xff, 0x7f, 0xfd,
    0x50, 0x0, 0xff, 0xf0, 0xf, 0xff, 0xff, 0xff,
    0xff, 0xe3, 0xff, 0xfc, 0xff, 0xf5, 0x0, 0xf,
    0xff, 0x32, 0xff, 0xfc, 0xff, 0xff, 0xfe, 0x3f,
    0xff, 0xff, 0xfd, 0x0, 0x0, 0xff, 0xff, 0xff,
    0xff, 0x6f, 0xff, 0xff, 0xe3, 0xff, 0xff, 0xff,
    0x40, 0x0, 0xf, 0xff, 0xff, 0xff, 0xf2, 0xdf,
    0xff, 0xfe, 0x3f, 0xff, 0xff, 0xb0, 0x0, 0x0,
    0xef, 0xff, 0xff, 0xff, 0x28, 0xfd, 0xff, 0xe3,
    0xff, 0xfa, 0xe2, 0x0, 0x0, 0x0, 0x0, 0xdf,
    0xf1, 0x0, 0x10, 0x7f, 0xfe, 0x3f, 0xff, 0x40,
    0x0, 0x0, 0x0, 0xbb, 0x5d, 0xff, 0x31, 0x0,
    0x7, 0xff, 0xe3, 0xff, 0xfb, 0x50, 0x0, 0x0,
    0x1f, 0xf7, 0xdf, 0xff, 0xf5, 0x4, 0xdf, 0xfd,
    0x3f, 0xff, 0xff, 0x80, 0x0, 0x1, 0xff, 0x7d,
    0xff, 0xff, 0x9d, 0xff, 0xff, 0xc3, 0xff, 0xff,
    0xff, 0xa0, 0x0, 0x1f, 0xf7, 0xdf, 0xff, 0xff,
    0xff, 0xff, 0xfb, 0x3f, 0xff, 0xff, 0xff, 0xb0,
    0x1, 0xff, 0x7d, 0xff, 0x47, 0xff, 0xff, 0xff,
    0x93, 0xff, 0xf9, 0xff, 0xf5, 0x0, 0x1f, 0xf7,
    0xdf, 0xf1, 0xc, 0xfa, 0xff, 0xf6, 0x3f, 0xff,
    0x44, 0xf6, 0x0, 0x1, 0xff, 0x7d, 0xff, 0x46,
    0x96, 0x3f, 0xff, 0x33, 0xff, 0xf4, 0x2, 0x0,
    0x0, 0x1f, 0xfa, 0xef, 0xff, 0xfc, 0xa, 0xff,
    0xf0, 0x3f, 0xff, 0x42, 0xb2, 0x0, 0x29, 0xff,
    0xff, 0xff, 0xff, 0xe3, 0xff, 0xf8, 0x3, 0xff,
    0xf4, 0x3f, 0xfc, 0x2, 0xff, 0xff, 0xff, 0xff,
    0xca, 0xef, 0xff, 0x20, 0x2f, 0xff, 0x98, 0xff,
    0xc0, 0xe, 0xff, 0xfe, 0xa5, 0x11, 0xef, 0xff,
    0xa0, 0x1, 0xff, 0xff, 0xff, 0xf9, 0x0, 0xab,
    0x73, 0x0, 0x0, 0x5, 0xff, 0xe1, 0x0, 0xc,
    0xff, 0xff, 0xff, 0x20, 0x0, 0x0, 0x0, 0x0,
    0x0, 0x6, 0xe3, 0x0, 0x0, 0x2b, 0xef, 0xfd,
    0x50, 0x0, 0x0, 0x0, 0x0, 0x0, 0x0, 0x1,
    0x0, 0x0, 0x0, 0x0, 0x0, 0x0, 0x0,

    /* U+8F93 "输" */
    0x0, 0x0, 0x0, 0x0, 0x0, 0x0, 0x0, 0x0,
    0x1, 0x0, 0x0, 0x0, 0x0, 0x0, 0x0, 0x8e,
    0xc9, 0x0, 0x0, 0x0, 0x0, 0xa, 0xfa, 0x30,
    0x0, 0x0, 0x0, 0x0, 0xa, 0xff, 0xb0, 0x0,
    0x0, 0x0, 0xa, 0xff, 0xfd, 0x0, 0x0, 0x0,
    0x0, 0x44, 0xdf, 0xfb, 0x44, 0x40, 0x0, 0x1c,
    0xff, 0xff, 0xf9, 0x0, 0x0, 0x0, 0x1f, 0xff,
    0xff, 0xff, 0xfd, 0x0, 0x7f, 0xff, 0xff, 0xff,
    0xfc, 0x20, 0x0, 0x1, 0xff, 0xff, 0xff, 0xff,
    0xd4, 0xdf, 0xff, 0xfb, 0x2c, 0xff, 0xff, 0x92,
    0x0, 0x1f, 0xff, 0xff, 0xff, 0xff, 0xff, 0xff,
    0xf9, 0x0, 0x1b, 0xff, 0xff, 0xfa, 0x0, 0x6,
    0xff, 0xa3, 0x31, 0x5f, 0xff, 0xff, 0xff, 0xff,
    0xff, 0xff, 0xff, 0x30, 0x0, 0xaf, 0xff, 0xff,
    0x50, 0x8e, 0xff, 0xff, 0xff, 0xff, 0xff, 0xef,
    0x50, 0x0, 0xd, 0xff, 0xdf, 0xf5, 0x0, 0x3e,
    0xee, 0xee, 0xee, 0xee, 0xea, 0x10, 0x0, 0x2,
    0xff, 0xac, 0xff, 0x50, 0x24, 0x44, 0x44, 0x44,
    0x0, 0x0, 0x66, 0x60, 0x0, 0x9f, 0xfb, 0xef,
    0xfa, 0x58, 0xff, 0xff, 0xff, 0xf4, 0x88, 0x4d,
    0xff, 0x0, 0x3f, 0xff, 0xff, 0xff, 0xfa, 0x8f,
    0xff, 0xff, 0xff, 0x6f, 0xf8, 0xdf, 0xf0, 0x0,
    0xef, 0xff, 0xff, 0xff, 0xa8, 0xff, 0x96, 0xef,
    0xf6, 0xff, 0x8d, 0xff, 0x0, 0x9, 0xfe, 0xef,
    0xff, 0xe9, 0x8f, 0xfb, 0xaf, 0xff, 0x6f, 0xf8,
    0xdf, 0xf0, 0x0, 0x10, 0x0, 0xcf, 0xf5, 0x8,
    0xff, 0xff, 0xff, 0xf6, 0xff, 0x8d, 0xff, 0x0,
    0x0, 0x0, 0xc, 0xff, 0x97, 0x8f, 0xff, 0xff,
    0xff, 0x6f, 0xf8, 0xdf, 0xf0, 0x0, 0x35, 0x8a,
    0xff, 0xff, 0xe8, 0xff, 0x62, 0xdf, 0xf6, 0xff,
    0x8d, 0xff, 0x0, 0xf, 0xff, 0xff, 0xff, 0xff,
    0x9f, 0xff, 0xff, 0xff, 0x6f, 0xf8, 0xdf, 0xf0,
    0x0, 0xdf, 0xff, 0xff, 0xfe, 0xa9, 0xff, 0xff,
    0xff, 0xf6, 0xff, 0x8d, 0xff, 0x0, 0x9, 0xff,
    0xbe, 0xff, 0x50, 0x8f, 0xf9, 0x7e, 0xff, 0x6f,
    0xf8, 0xdf, 0xf0, 0x0, 0x22, 0x0, 0xcf, 0xf5,
    0x8, 0xff, 0x30, 0xdf, 0xf1, 0x0, 0xd, 0xff,
    0x0, 0x0, 0x0, 0xc, 0xff, 0x50, 0x8f, 0xf9,
    0xaf, 0xff, 0xc, 0xdd, 0xff, 0xe0, 0x0, 0x0,
    0x0, 0xcf, 0xf5, 0x8, 0xff, 0x6f, 0xff, 0xe0,
    0x8f, 0xff, 0xfb, 0x0, 0x0, 0x0, 0xc, 0xff,
    0x50, 0x8f, 0xf3, 0xff, 0xe4, 0x4, 0xff, 0xd9,
    0x10, 0x0, 0x0, 0x0, 0x0, 0x0, 0x0, 0x0,
    0x2, 0x10, 0x0, 0x0, 0x0, 0x0, 0x0,

    /* U+8FC7 "过" */
    0x0, 0x0, 0x0, 0x0, 0x0, 0x0, 0x0, 0x0,
    0x0, 0x1, 0x11, 0x0, 0x0, 0x0, 0x0, 0x30,
    0x0, 0x0, 0x0, 0x0, 0x0, 0x0, 0x9f, 0xff,
    0x30, 0x0, 0x0, 0x3d, 0xf4, 0x0, 0x0, 0x0,
    0x0, 0x0, 0x0, 0x9f, 0xff, 0x30, 0x0, 0x5,
    0xff, 0xff, 0x40, 0x0, 0x0, 0x0, 0x0, 0x0,
    0x9f, 0xff, 0x30, 0x0, 0x0, 0xcf, 0xff, 0xf2,
    0x0, 0x0, 0x0, 0x0, 0x0, 0x9f, 0xff, 0x30,
    0x0, 0x0, 0x1d, 0xff, 0xfd, 0x1f, 0xff, 0xff,
    0xff, 0xff, 0xff, 0xff, 0xff, 0xf3, 0x0, 0x2,
    0xff, 0xf8, 0x1f, 0xff, 0xff, 0xff, 0xff, 0xff,
    0xff, 0xff, 0xf3, 0x0, 0x0, 0x6d, 0x30, 0xf,
    0xff, 0xff, 0xff, 0xff, 0xff, 0xff, 0xff, 0xf3,
    0x0, 0x0, 0x0, 0x0, 0x9, 0x99, 0x99, 0x99,
    0x99, 0xdf, 0xff, 0xb9, 0x92, 0x0, 0x0, 0x0,
    0x0, 0x0, 0x2, 0x60, 0x0, 0x0, 0x9f, 0xff,
    0x30, 0x0, 0x6, 0x88, 0x88, 0x85, 0x1, 0x9f,
    0xf5, 0x0, 0x0, 0x9f, 0xff, 0x30, 0x0, 0xb,
    0xff, 0xff, 0xfa, 0x5, 0xff, 0xff, 0x20, 0x0,
    0x9f, 0xff, 0x30, 0x0, 0xb, 0xff, 0xff, 0xfa,
    0x0, 0x9f, 0xff, 0xd0, 0x0, 0x9f, 0xff, 0x30,
    0x0, 0xb, 0xff, 0xff, 0xfa, 0x0, 0xd, 0xff,
    0xf9, 0x0, 0x9f, 0xff, 0x30, 0x0, 0x0, 0x1,
    0xff, 0xfa, 0x0, 0x3, 0xff, 0xfb, 0x0, 0x9f,
    0xff, 0x30, 0x0, 0x0, 0x1, 0xff, 0xfa, 0x0,
    0x0, 0x9e, 0x50, 0x0, 0x9f, 0xff, 0x30, 0x0,
    0x0, 0x1, 0xff, 0xfa, 0x0, 0x0, 0x11, 0x22,
    0x22, 0xbf, 0xff, 0x30, 0x0, 0x0, 0x1, 0xff,
    0xfa, 0x0, 0x0, 0x1, 0xff, 0xff, 0xff, 0xff,
    0x20, 0x0, 0x0, 0x1, 0xff, 0xfa, 0x0, 0x0,
    0x0, 0xaf, 0xff, 0xff, 0xfe, 0x0, 0x0, 0x0,
    0x1a, 0xff, 0xfc, 0x10, 0x0, 0x0, 0x5f, 0xff,
    0xff, 0xd3, 0x0, 0x0, 0x4, 0xff, 0xff, 0xff,
    0xfa, 0x41, 0x0, 0x18, 0x87, 0x52, 0x0, 0x12,
    0x44, 0x4f, 0xff, 0xff, 0xff, 0xff, 0xff, 0xfe,
    0xdc, 0xcc, 0xdd, 0xef, 0xff, 0xf6, 0x1e, 0xff,
    0xf8, 0xcf, 0xff, 0xff, 0xff, 0xff, 0xff, 0xff,
    0xff, 0xff, 0xf1, 0x4, 0xff, 0x50, 0x4, 0xcf,
    0xff, 0xff, 0xff, 0xff, 0xff, 0xff, 0xff, 0xd0,
    0x0, 0x9c, 0x0, 0x0, 0x1, 0x6a, 0xde, 0xff,
    0xff, 0xfe, 0xed, 0xdc, 0x70, 0x0, 0x2, 0x0,
    0x0, 0x0, 0x0, 0x0, 0x0, 0x0, 0x0, 0x0,
    0x0, 0x0,

    /* U+8FCE "迎" */
    0x0, 0x0, 0x0, 0x0, 0x0, 0x0, 0x1, 0x0,
    0x0, 0x0, 0x0, 0x0, 0x0, 0x0, 0x1, 0x0,
    0x0, 0x0, 0x0, 0x8f, 0x50, 0x0, 0x0, 0x0,
    0x0, 0x0, 0x0, 0x7f, 0x60, 0x0, 0x0, 0x6e,
    0xff, 0xfa, 0xff, 0xff, 0xff, 0xff, 0x50, 0x8,
    0xff, 0xfb, 0x10, 0xe, 0xff, 0xff, 0xff, 0xff,
    0xff, 0xff, 0xff, 0x50, 0x6, 0xff, 0xff, 0xe3,
    0xf, 0xff, 0xfb, 0x47, 0xff, 0xff, 0xff, 0xff,
    0x50, 0x0, 0x3d, 0xff, 0xfa, 0xf, 0xff, 0x70,
    0x7, 0xff, 0xe2, 0x4f, 0xff, 0x50, 0x0, 0x1,
    0xcf, 0xb0, 0xf, 0xff, 0x60, 0x7, 0xff, 0xe0,
    0x1f, 0xff, 0x50, 0x0, 0x0, 0x19, 0x0, 0xf,
    0xff, 0x60, 0x7, 0xff, 0xe0, 0x1f, 0xff, 0x50,
    0x0, 0x0, 0x0, 0x0, 0x1f, 0xff, 0x60, 0x7,
    0xff, 0xe0, 0x1f, 0xff, 0x50, 0x16, 0x66, 0x66,
    0x60, 0x1f, 0xff, 0x60, 0x7, 0xff, 0xe0, 0x1f,
    0xff, 0x50, 0x2f, 0xff, 0xff, 0xf1, 0x1f, 0xff,
    0x60, 0x7, 0xff, 0xe0, 0x1f, 0xff, 0x50, 0x2f,
    0xff, 0xff, 0xf1, 0x1f, 0xff, 0x60, 0x7, 0xff,
    0xe0, 0x1f, 0xff, 0x50, 0x2f, 0xff, 0xff, 0xf1,
    0x1f, 0xff, 0x60, 0x7, 0xff, 0xe0, 0x1f, 0xff,
    0x50, 0x0, 0x9, 0xff, 0xf1, 0x1f, 0xff, 0x60,
    0x8, 0xff, 0xe0, 0x1f, 0xff, 0x50, 0x0, 0x9,
    0xff, 0xf1, 0x3f, 0xff, 0xcc, 0xfb, 0xff, 0xe0,
    0x1f, 0xff, 0x50, 0x0, 0x9, 0xff, 0xf1, 0xaf,
    0xff, 0xff, 0xfc, 0xff, 0xe2, 0x5f, 0xff, 0x40,
    0x0, 0x9, 0xff, 0xfa, 0xff, 0xff, 0xff, 0xfc,
    0xff, 0xff, 0xff, 0xff, 0x30, 0x0, 0x9, 0xff,
    0xf5, 0xff, 0xff, 0xfc, 0x89, 0xff, 0xeb, 0xff,
    0xfd, 0x0, 0x0, 0x9, 0xff, 0xf1, 0x7f, 0xa5,
    0x10, 0x7, 0xff, 0xe6, 0xfe, 0x92, 0x0, 0x0,
    0x9, 0xff, 0xf2, 0x1, 0x0, 0x0, 0x7, 0xff,
    0xe0, 0x0, 0x0, 0x0, 0x0, 0x7f, 0xff, 0xff,
    0x81, 0x0, 0x0, 0x7, 0xff, 0xe0, 0x0, 0x0,
    0x0, 0x1c, 0xff, 0xff, 0xff, 0xff, 0xc9, 0x87,
    0x66, 0x77, 0x88, 0x9a, 0xbd, 0xe0, 0x5f, 0xff,
    0xf9, 0xbf, 0xff, 0xff, 0xff, 0xff, 0xff, 0xff,
    0xff, 0xff, 0x90, 0xa, 0xff, 0x50, 0x4, 0xdf,
    0xff, 0xff, 0xff, 0xff, 0xff, 0xff, 0xff, 0x50,
    0x1, 0xe9, 0x0, 0x0, 0x3, 0x8d, 0xff, 0xff,
    0xff, 0xff, 0xfe, 0xdc, 0x10, 0x0, 0x30, 0x0,
    0x0, 0x0, 0x0, 0x0, 0x1, 0x10, 0x0, 0x0,
    0x0, 0x0,

    /* U+8FD4 "返" */
    0x0, 0x0, 0x0, 0x0, 0x0, 0x0, 0x0, 0x0,
    0x0, 0x0, 0x1, 0x20, 0x0, 0x0, 0x6, 0xa0,
    0x0, 0x0, 0x0, 0x0, 0x12, 0x35, 0x8a, 0xdf,
    0xf6, 0x0, 0x2, 0xbf, 0xfb, 0x0, 0x0, 0xde,
    0xff, 0xff, 0xff, 0xff, 0xff, 0xff, 0x60, 0x5,
    0xff, 0xff, 0xa0, 0x0, 0xff, 0xff, 0xff, 0xff,
    0xff, 0xff, 0xff, 0xe4, 0x0, 0x7f, 0xff, 0xf9,
    0x0, 0xff, 0xff, 0xff, 0xff, 0xfe, 0xc8, 0x52,
    0x0, 0x0, 0xa, 0xff, 0xfb, 0x0, 0xff, 0xfd,
    0x64, 0x31, 0x0, 0x0, 0x0, 0x0, 0x0, 0x0,
    0xcf, 0x60, 0x0, 0xff, 0xfd, 0x55, 0x55, 0x55,
    0x56, 0x51, 0x0, 0x0, 0x0, 0x23, 0x0, 0x0,
    0xff, 0xff, 0xff, 0xff, 0xff, 0xff, 0xff, 0x60,
    0x0, 0x0, 0x0, 0x0, 0x0, 0xff, 0xff, 0xff,
    0xff, 0xff, 0xff, 0xff, 0x30, 0x0, 0x0, 0x0,
    0x0, 0x0, 0xff, 0xff, 0xff, 0xff, 0xff, 0xff,
    0xff, 0x0, 0xc, 0xff, 0xff, 0xfa, 0x1, 0xff,
    0xfb, 0x15, 0x21, 0x13, 0xff, 0xfa, 0x0, 0xc,
    0xff, 0xff, 0xfa, 0x2, 0xff, 0xf9, 0x7f, 0xc1,
    0x9, 0xff, 0xf6, 0x0, 0xc, 0xff, 0xff, 0xfa,
    0x4, 0xff, 0xfe, 0xff, 0xfe, 0x4f, 0xff, 0xe0,
    0x0, 0x6, 0x89, 0xff, 0xfa, 0x7, 0xff, 0xf7,
    0xdf, 0xff, 0xff, 0xff, 0x70, 0x0, 0x0, 0x2,
    0xff, 0xfa, 0xb, 0xff, 0xf2, 0x1c, 0xff, 0xff,
    0xfe, 0x0, 0x0, 0x0, 0x2, 0xff, 0xfa, 0xf,
    0xff, 0xf0, 0x1, 0xef, 0xff, 0xfb, 0x0, 0x0,
    0x0, 0x2, 0xff, 0xfa, 0x8f, 0xff, 0xa0, 0x3d,
    0xff, 0xff, 0xff, 0xb0, 0x0, 0x0, 0x2, 0xff,
    0xfc, 0xff, 0xff, 0x9b, 0xff, 0xff, 0xff, 0xff,
    0xfc, 0x10, 0x0, 0x2, 0xff, 0xfe, 0xff, 0xfd,
    0x5f, 0xff, 0xff, 0x67, 0xff, 0xff, 0x50, 0x0,
    0x9, 0xff, 0xfb, 0x2a, 0xf4, 0x9, 0xff, 0xc2,
    0x0, 0x7f, 0xf5, 0x0, 0x2, 0xef, 0xff, 0xff,
    0xe8, 0x80, 0x1, 0xa4, 0x0, 0x0, 0x7, 0x30,
    0x12, 0x2e, 0xff, 0xff, 0xff, 0xff, 0xff, 0xcb,
    0xaa, 0x99, 0xaa, 0xbc, 0xef, 0xf8, 0x1e, 0xff,
    0xe8, 0xdf, 0xff, 0xff, 0xff, 0xff, 0xff, 0xff,
    0xff, 0xff, 0xf3, 0x5, 0xff, 0x40, 0x4, 0xcf,
    0xff, 0xff, 0xff, 0xff, 0xff, 0xff, 0xff, 0xf0,
    0x0, 0x9b, 0x0, 0x0, 0x1, 0x6a, 0xdf, 0xff,
    0xff, 0xff, 0xff, 0xed, 0x90, 0x0, 0x2, 0x0,
    0x0, 0x0, 0x0, 0x0, 0x0, 0x11, 0x0, 0x0,
    0x0, 0x0,

    /* U+8FD8 "还" */
    0x0, 0x0, 0x1, 0x0, 0x0, 0x0, 0x0, 0x0,
    0x0, 0x0, 0x0, 0x0, 0x0, 0x0, 0x0, 0xa,
    0xe2, 0x0, 0x0, 0x0, 0x0, 0x0, 0x0, 0x0,
    0x0, 0x0, 0x0, 0x0, 0x2d, 0xff, 0xe1, 0x9,
    0xcc, 0xcc, 0xcc, 0xcc, 0xcc, 0xcc, 0xcc, 0xc2,
    0x0, 0x1, 0xef, 0xff, 0xd0, 0xbf, 0xff, 0xff,
    0xff, 0xff, 0xff, 0xff, 0xff, 0x30, 0x0, 0x2,
    0xff, 0xff, 0xab, 0xff, 0xff, 0xff, 0xff, 0xff,
    0xff, 0xff, 0xf3, 0x0, 0x0, 0x4, 0xff, 0xf8,
    0xbf, 0xff, 0xff, 0xff, 0xff, 0xff, 0xff, 0xff,
    0x30, 0x0, 0x0, 0x9, 0xf5, 0x0, 0x0, 0x0,
    0x2f, 0xff, 0xf6, 0x0, 0x0, 0x0, 0x0, 0x0,
    0x0, 0x2, 0x0, 0x0, 0x0, 0xd, 0xff, 0xfc,
    0x0, 0x0, 0x0, 0x0, 0x0, 0x0, 0x0, 0x0,
    0x0, 0x0, 0x9, 0xff, 0xff, 0x90, 0x0, 0x0,
    0x0, 0x0, 0x4b, 0xbb, 0xbb, 0xb0, 0x0, 0x5,
    0xff, 0xff, 0xf9, 0x5, 0x0, 0x0, 0x0, 0x6,
    0xff, 0xff, 0xff, 0x10, 0x2, 0xef, 0xff, 0xff,
    0xa9, 0xfb, 0x0, 0x0, 0x0, 0x6f, 0xff, 0xff,
    0xf1, 0x2, 0xef, 0xff, 0xff, 0xff, 0xff, 0xfc,
    0x0, 0x0, 0x6, 0xff, 0xff, 0xff, 0x13, 0xef,
    0xff, 0xff, 0xff, 0xef, 0xff, 0xfc, 0x10, 0x0,
    0x0, 0xb, 0xff, 0xf8, 0xff, 0xff, 0xfa, 0xff,
    0xf9, 0x7f, 0xff, 0xfc, 0x0, 0x0, 0x0, 0xbf,
    0xff, 0xff, 0xff, 0xf5, 0x4f, 0xff, 0x90, 0x8f,
    0xff, 0xf9, 0x0, 0x0, 0xb, 0xff, 0xf5, 0xff,
    0xf5, 0x4, 0xff, 0xf9, 0x0, 0x9f, 0xfc, 0x10,
    0x0, 0x0, 0xbf, 0xff, 0x17, 0xe3, 0x0, 0x4f,
    0xff, 0x90, 0x0, 0xab, 0x0, 0x0, 0x0, 0xb,
    0xff, 0xf1, 0x1, 0x0, 0x4, 0xff, 0xf9, 0x0,
    0x0, 0x0, 0x0, 0x0, 0x0, 0xbf, 0xff, 0x10,
    0x0, 0x0, 0x4f, 0xff, 0x90, 0x0, 0x0, 0x0,
    0x0, 0x0, 0x4e, 0xff, 0xf4, 0x0, 0x0, 0x4,
    0xff, 0xf9, 0x0, 0x0, 0x0, 0x0, 0x0, 0x9f,
    0xff, 0xff, 0xfb, 0x40, 0x0, 0x3b, 0xbb, 0x70,
    0x0, 0x0, 0x13, 0x10, 0xaf, 0xff, 0xff, 0xff,
    0xff, 0xfd, 0xba, 0xa9, 0x99, 0xab, 0xcd, 0xff,
    0xf1, 0xb, 0xff, 0xfc, 0xaf, 0xff, 0xff, 0xff,
    0xff, 0xff, 0xff, 0xff, 0xff, 0xfb, 0x0, 0x1e,
    0xfd, 0x0, 0x2a, 0xff, 0xff, 0xff, 0xff, 0xff,
    0xff, 0xff, 0xff, 0x70, 0x0, 0x4f, 0x40, 0x0,
    0x1, 0x6b, 0xef, 0xff, 0xff, 0xff, 0xff, 0xff,
    0xe3, 0x0, 0x0, 0x40, 0x0, 0x0, 0x0, 0x0,
    0x1, 0x22, 0x21, 0x11, 0x0, 0x0, 0x0,

    /* U+8FD9 "这" */
    0x0, 0x0, 0x0, 0x0, 0x0, 0x0, 0x0, 0x0,
    0x20, 0x0, 0x0, 0x0, 0x0, 0x0, 0x0, 0x0,
    0x0, 0x0, 0x0, 0x5, 0xaf, 0xf1, 0x0, 0x0,
    0x0, 0x0, 0x0, 0x2c, 0x90, 0x0, 0x0, 0x0,
    0xc, 0xff, 0xf8, 0x0, 0x0, 0x0, 0x0, 0x7,
    0xff, 0xf9, 0x0, 0x0, 0x0, 0x5, 0xff, 0xfe,
    0x0, 0x0, 0x0, 0x0, 0x7, 0xff, 0xff, 0x82,
    0x88, 0x88, 0x89, 0xff, 0xff, 0x98, 0x88, 0x88,
    0x60, 0x0, 0x9f, 0xff, 0xfa, 0xff, 0xff, 0xff,
    0xff, 0xff, 0xff, 0xff, 0xff, 0xc0, 0x0, 0xb,
    0xff, 0xc7, 0xff, 0xff, 0xff, 0xff, 0xff, 0xff,
    0xff, 0xff, 0xc0, 0x0, 0x1, 0xe7, 0x4, 0xff,
    0xff, 0xff, 0xff, 0xff, 0xff, 0xff, 0xff, 0xc0,
    0x0, 0x0, 0x0, 0x0, 0x0, 0x89, 0x0, 0x0,
    0x7, 0xff, 0xf7, 0x0, 0x0, 0x0, 0x0, 0x0,
    0x0, 0xa, 0xff, 0xd3, 0x0, 0xe, 0xff, 0xf1,
    0x0, 0x0, 0x6, 0x88, 0x88, 0x84, 0x3f, 0xff,
    0xff, 0x80, 0x7f, 0xff, 0xb0, 0x0, 0x0, 0xc,
    0xff, 0xff, 0xf8, 0x2, 0xcf, 0xff, 0xfd, 0xef,
    0xff, 0x30, 0x0, 0x0, 0xc, 0xff, 0xff, 0xf8,
    0x0, 0x8, 0xff, 0xff, 0xff, 0xfa, 0x0, 0x0,
    0x0, 0xb, 0xff, 0xff, 0xf8, 0x0, 0x0, 0x4e,
    0xff, 0xff, 0xf3, 0x0, 0x0, 0x0, 0x0, 0x1,
    0xff, 0xf8, 0x0, 0x0, 0xa, 0xff, 0xff, 0xfe,
    0x30, 0x0, 0x0, 0x0, 0x1, 0xff, 0xf8, 0x0,
    0x3, 0xef, 0xff, 0xff, 0xff, 0xf7, 0x0, 0x0,
    0x0, 0x1, 0xff, 0xf8, 0x4, 0xbf, 0xff, 0xff,
    0xae, 0xff, 0xff, 0xa0, 0x0, 0x0, 0x1, 0xff,
    0xf9, 0xdf, 0xff, 0xff, 0xf6, 0x2, 0xdf, 0xff,
    0xfc, 0x10, 0x0, 0x1, 0xff, 0xf8, 0x6f, 0xff,
    0xfd, 0x30, 0x0, 0xb, 0xff, 0xfa, 0x0, 0x0,
    0x7, 0xff, 0xfd, 0x4b, 0xfd, 0x60, 0x0, 0x0,
    0x0, 0xaf, 0x90, 0x0, 0x2, 0xdf, 0xff, 0xff,
    0xfe, 0xc3, 0x0, 0x0, 0x0, 0x0, 0x5, 0x12,
    0x43, 0x3e, 0xff, 0xff, 0xff, 0xff, 0xff, 0xfd,
    0xdc, 0xcc, 0xdd, 0xef, 0xff, 0xf3, 0x1e, 0xff,
    0xfa, 0x9f, 0xff, 0xff, 0xff, 0xff, 0xff, 0xff,
    0xff, 0xff, 0xe0, 0x4, 0xff, 0x90, 0x1, 0x9e,
    0xff, 0xff, 0xff, 0xff, 0xff, 0xff, 0xff, 0xb0,
    0x0, 0x9d, 0x0, 0x0, 0x0, 0x48, 0xcd, 0xef,
    0xff, 0xee, 0xed, 0xcb, 0x50, 0x0, 0x2, 0x0,
    0x0, 0x0, 0x0, 0x0, 0x0, 0x0, 0x0, 0x0,
    0x0, 0x0,

    /* U+8FDB "进" */
    0x0, 0x4, 0x70, 0x0, 0x0, 0x0, 0x77, 0x76,
    0x0, 0x66, 0x65, 0x0, 0x0, 0x0, 0x8f, 0xf9,
    0x0, 0x0, 0x0, 0xef, 0xfd, 0x0, 0xff, 0xfc,
    0x0, 0x0, 0x3, 0xff, 0xff, 0xa0, 0x0, 0x0,
    0xef, 0xfd, 0x0, 0xff, 0xfc, 0x0, 0x0, 0x0,
    0x5f, 0xff, 0xf9, 0x0, 0x0, 0xef, 0xfd, 0x0,
    0xff, 0xfc, 0x0, 0x0, 0x0, 0x5, 0xff, 0xfe,
    0x1e, 0xff, 0xff, 0xff, 0xff, 0xff, 0xff, 0xff,
    0x80, 0x0, 0x0, 0x7f, 0xc1, 0xe, 0xff, 0xff,
    0xff, 0xff, 0xff, 0xff, 0xff, 0x80, 0x0, 0x0,
    0x7, 0x0, 0xe, 0xff, 0xff, 0xff, 0xff, 0xff,
    0xff, 0xff, 0x80, 0x0, 0x0, 0x0, 0x0, 0xa,
    0xaa, 0xff, 0xff, 0xaa, 0xff, 0xfe, 0xaa, 0x50,
    0x0, 0x0, 0x0, 0x0, 0x0, 0x0, 0xef, 0xfd,
    0x0, 0xff, 0xfc, 0x0, 0x0, 0x8, 0xbb, 0xbb,
    0xb7, 0x0, 0x0, 0xff, 0xfc, 0x0, 0xff, 0xfc,
    0x0, 0x0, 0xb, 0xff, 0xff, 0xfa, 0x0, 0x0,
    0xff, 0xfc, 0x0, 0xff, 0xfc, 0x0, 0x0, 0xb,
    0xff, 0xff, 0xfa, 0x3f, 0xff, 0xff, 0xff, 0xff,
    0xff, 0xff, 0xff, 0xf1, 0xa, 0xee, 0xff, 0xfa,
    0x3f, 0xff, 0xff, 0xff, 0xff, 0xff, 0xff, 0xff,
    0xf1, 0x0, 0x1, 0xff, 0xfa, 0x3f, 0xff, 0xff,
    0xff, 0xff, 0xff, 0xff, 0xff, 0xf1, 0x0, 0x1,
    0xff, 0xfa, 0x18, 0x8e, 0xff, 0xfa, 0x88, 0xff,
    0xfe, 0x88, 0x80, 0x0, 0x1, 0xff, 0xfa, 0x0,
    0x2f, 0xff, 0xe0, 0x0, 0xff, 0xfc, 0x0, 0x0,
    0x0, 0x1, 0xff, 0xfa, 0x0, 0xbf, 0xff, 0x80,
    0x0, 0xff, 0xfc, 0x0, 0x0, 0x0, 0x1, 0xff,
    0xfa, 0x9, 0xff, 0xff, 0x20, 0x0, 0xff, 0xfc,
    0x0, 0x0, 0x0, 0x4, 0xff, 0xfa, 0x2, 0xcf,
    0xf9, 0x0, 0x0, 0xff, 0xfc, 0x0, 0x0, 0x0,
    0xaf, 0xff, 0xff, 0xb4, 0xc, 0xc0, 0x0, 0x0,
    0xcc, 0xca, 0x0, 0x0, 0x1c, 0xff, 0xff, 0xff,
    0xff, 0xec, 0xa9, 0x87, 0x77, 0x88, 0x9a, 0xbd,
    0xf8, 0x1f, 0xff, 0xf8, 0xcf, 0xff, 0xff, 0xff,
    0xff, 0xff, 0xff, 0xff, 0xff, 0xf2, 0x5, 0xff,
    0x50, 0x4, 0xcf, 0xff, 0xff, 0xff, 0xff, 0xff,
    0xff, 0xff, 0xe0, 0x0, 0xab, 0x0, 0x0, 0x2,
    0x7b, 0xef, 0xff, 0xff, 0xff, 0xff, 0xed, 0x90,
    0x0, 0x12, 0x0, 0x0, 0x0, 0x0, 0x0, 0x1,
    0x11, 0x0, 0x0, 0x0, 0x0,

    /* U+8FDE "连" */
    0x0, 0x0, 0x0, 0x0, 0x0, 0x0, 0x1, 0x0,
    0x0, 0x0, 0x0, 0x0, 0x0, 0x0, 0x0, 0x7,
    0xc0, 0x0, 0x0, 0x0, 0xaf, 0xc7, 0x20, 0x0,
    0x0, 0x0, 0x0, 0x0, 0x2c, 0xff, 0xb0, 0x0,
    0x0, 0xf, 0xff, 0xf3, 0x0, 0x0, 0x0, 0x0,
    0x0, 0x1, 0xef, 0xff, 0x80, 0x7b, 0xbc, 0xff,
    0xff, 0xbb, 0xbb, 0xbb, 0xbb, 0x40, 0x0, 0x4,
    0xff, 0xff, 0x4a, 0xff, 0xff, 0xff, 0xff, 0xff,
    0xff, 0xff, 0xf5, 0x0, 0x0, 0x8, 0xff, 0xfa,
    0xaf, 0xff, 0xff, 0xff, 0xff, 0xff, 0xff, 0xff,
    0x50, 0x0, 0x0, 0xd, 0xf8, 0x5, 0x7c, 0xff,
    0xfb, 0x77, 0x77, 0x77, 0x77, 0x72, 0x0, 0x0,
    0x0, 0x33, 0x0, 0x0, 0xdf, 0xff, 0x27, 0xee,
    0xe6, 0x0, 0x0, 0x0, 0x0, 0x0, 0x0, 0x0,
    0x0, 0x7f, 0xff, 0x90, 0x7f, 0xff, 0x60, 0x0,
    0x0, 0x0, 0x2b, 0xbb, 0xbb, 0xb0, 0x5f, 0xff,
    0xfc, 0xbd, 0xff, 0xfd, 0xbb, 0xb6, 0x0, 0x3,
    0xff, 0xff, 0xff, 0x16, 0xff, 0xff, 0xff, 0xff,
    0xff, 0xff, 0xff, 0x80, 0x0, 0x3f, 0xff, 0xff,
    0xf1, 0xf, 0xff, 0xff, 0xff, 0xff, 0xff, 0xff,
    0xf8, 0x0, 0x2, 0xbb, 0xef, 0xff, 0x10, 0xae,
    0xcc, 0xbb, 0xdf, 0xff, 0xdb, 0xbb, 0x60, 0x0,
    0x0, 0x8, 0xff, 0xf1, 0x0, 0x0, 0x0, 0x7,
    0xff, 0xf6, 0x0, 0x0, 0x0, 0x0, 0x0, 0x8f,
    0xff, 0x19, 0x99, 0x99, 0x99, 0xcf, 0xff, 0xc9,
    0x99, 0x95, 0x0, 0x0, 0x8, 0xff, 0xf1, 0xff,
    0xff, 0xff, 0xff, 0xff, 0xff, 0xff, 0xff, 0x80,
    0x0, 0x0, 0x8f, 0xff, 0x1f, 0xff, 0xff, 0xff,
    0xff, 0xff, 0xff, 0xff, 0xf8, 0x0, 0x0, 0x8,
    0xff, 0xf1, 0xee, 0xee, 0xee, 0xef, 0xff, 0xff,
    0xee, 0xee, 0x80, 0x0, 0x0, 0x8f, 0xff, 0x10,
    0x0, 0x0, 0x0, 0x7f, 0xff, 0x60, 0x0, 0x0,
    0x0, 0x0, 0x3d, 0xff, 0xf3, 0x0, 0x0, 0x0,
    0x7, 0xff, 0xf6, 0x0, 0x0, 0x0, 0x0, 0x8f,
    0xff, 0xff, 0xfa, 0x40, 0x0, 0x0, 0x7f, 0xff,
    0x60, 0x0, 0x1, 0x10, 0xaf, 0xff, 0xff, 0xff,
    0xff, 0xfc, 0xba, 0xa9, 0x99, 0xab, 0xcd, 0xef,
    0xf4, 0xb, 0xff, 0xfc, 0x9f, 0xff, 0xff, 0xff,
    0xff, 0xff, 0xff, 0xff, 0xff, 0xfe, 0x0, 0x1e,
    0xfd, 0x10, 0x1a, 0xff, 0xff, 0xff, 0xff, 0xff,
    0xff, 0xff, 0xff, 0xb0, 0x0, 0x4f, 0x40, 0x0,
    0x1, 0x5a, 0xef, 0xff, 0xff, 0xff, 0xff, 0xff,
    0xe6, 0x0, 0x0, 0x40, 0x0, 0x0, 0x0, 0x0,
    0x1, 0x22, 0x21, 0x11, 0x0, 0x0, 0x0,

    /* U+9001 "送" */
    0x0, 0x0, 0x0, 0x0, 0x0, 0x0, 0x0, 0x10,
    0x0, 0x0, 0x10, 0x0, 0x0, 0x0, 0x0, 0x19,
    0xe1, 0x0, 0x0, 0x6, 0xce, 0x10, 0x0, 0xc,
    0xfa, 0x61, 0x0, 0x0, 0x4f, 0xff, 0xa0, 0x0,
    0x6, 0xff, 0xf9, 0x0, 0x2, 0xff, 0xfe, 0x10,
    0x0, 0x0, 0xef, 0xff, 0x50, 0x0, 0xd, 0xff,
    0xf2, 0x0, 0xaf, 0xff, 0x50, 0x0, 0x0, 0x5,
    0xff, 0xfe, 0x0, 0x0, 0x6f, 0xff, 0x60, 0x2f,
    0xff, 0xc0, 0x0, 0x0, 0x0, 0xb, 0xff, 0xf8,
    0xf, 0xff, 0xff, 0xff, 0xff, 0xff, 0xff, 0xfa,
    0x0, 0x0, 0x0, 0x3f, 0xfb, 0x20, 0xff, 0xff,
    0xff, 0xff, 0xff, 0xff, 0xff, 0xa0, 0x0, 0x0,
    0x0, 0x94, 0x0, 0xf, 0xff, 0xff, 0xff, 0xff,
    0xff, 0xff, 0xfa, 0x0, 0x0, 0x0, 0x0, 0x0,
    0x0, 0x55, 0x55, 0x5e, 0xff, 0xf6, 0x55, 0x55,
    0x30, 0x0, 0x2b, 0xbb, 0xbb, 0xb0, 0x0, 0x0,
    0x0, 0xef, 0xff, 0x0, 0x0, 0x0, 0x0, 0x3,
    0xff, 0xff, 0xff, 0x14, 0x55, 0x55, 0x5e, 0xff,
    0xf5, 0x55, 0x55, 0x53, 0x0, 0x3f, 0xff, 0xff,
    0xf1, 0xef, 0xff, 0xff, 0xff, 0xff, 0xff, 0xff,
    0xff, 0x90, 0x2, 0xbb, 0xef, 0xff, 0x1e, 0xff,
    0xff, 0xff, 0xff, 0xff, 0xff, 0xff, 0xf9, 0x0,
    0x0, 0x8, 0xff, 0xf1, 0xef, 0xff, 0xff, 0xff,
    0xff, 0xff, 0xff, 0xff, 0x90, 0x0, 0x0, 0x8f,
    0xff, 0x11, 0x11, 0x11, 0xaf, 0xff, 0xff, 0xa1,
    0x11, 0x11, 0x0, 0x0, 0x8, 0xff, 0xf1, 0x0,
    0x0, 0x4f, 0xff, 0xff, 0xff, 0xb0, 0x0, 0x0,
    0x0, 0x0, 0x8f, 0xff, 0x10, 0x0, 0x5f, 0xff,
    0xfc, 0xff, 0xff, 0xd1, 0x0, 0x0, 0x0, 0x8,
    0xff, 0xf1, 0x2, 0xaf, 0xff, 0xfd, 0x4, 0xff,
    0xff, 0xe2, 0x0, 0x0, 0x0, 0x8f, 0xff, 0x1a,
    0xff, 0xff, 0xfd, 0x10, 0x3, 0xef, 0xff, 0xa0,
    0x0, 0x0, 0x5e, 0xff, 0xf2, 0x3e, 0xff, 0xfa,
    0x0, 0x0, 0x2, 0xef, 0xb0, 0x0, 0x0, 0xbf,
    0xff, 0xff, 0xf8, 0x6f, 0xd5, 0x0, 0x0, 0x0,
    0x2, 0xa0, 0x2, 0x11, 0xcf, 0xff, 0xff, 0xff,
    0xff, 0xfb, 0xa9, 0x88, 0x89, 0x9a, 0xbd, 0xef,
    0xf3, 0x1e, 0xff, 0xfa, 0xbf, 0xff, 0xff, 0xff,
    0xff, 0xff, 0xff, 0xff, 0xff, 0xfd, 0x0, 0x4f,
    0xfa, 0x0, 0x3c, 0xff, 0xff, 0xff, 0xff, 0xff,
    0xff, 0xff, 0xff, 0x90, 0x0, 0x8e, 0x10, 0x0,
    0x2, 0x7c, 0xff, 0xff, 0xff, 0xff, 0xff, 0xff,
    0xe5, 0x0, 0x0, 0x40, 0x0, 0x0, 0x0, 0x0,
    0x1, 0x22, 0x22, 0x11, 0x0, 0x0, 0x0,

    /* U+9009 "选" */
    0x0, 0x0, 0x0, 0x0, 0x0, 0x0, 0x0, 0x0,
    0x11, 0x10, 0x0, 0x0, 0x0, 0x0, 0x3, 0x20,
    0x0, 0x0, 0x14, 0x0, 0xa, 0xff, 0xf1, 0x0,
    0x0, 0x0, 0x0, 0x7f, 0xe3, 0x0, 0x0, 0x9f,
    0xfd, 0x2a, 0xff, 0xf1, 0x0, 0x0, 0x0, 0x9,
    0xff, 0xff, 0x40, 0x0, 0xef, 0xff, 0x3b, 0xff,
    0xf3, 0x22, 0x22, 0x0, 0x2, 0xef, 0xff, 0xf3,
    0x5, 0xff, 0xff, 0xff, 0xff, 0xff, 0xff, 0xff,
    0x20, 0x0, 0x2e, 0xff, 0xfb, 0xd, 0xff, 0xff,
    0xff, 0xff, 0xff, 0xff, 0xff, 0x20, 0x0, 0x2,
    0xff, 0xa0, 0x8f, 0xff, 0xff, 0xff, 0xff, 0xff,
    0xff, 0xff, 0x20, 0x0, 0x0, 0x66, 0x1, 0xef,
    0xff, 0x20, 0xa, 0xff, 0xf1, 0x0, 0x0, 0x0,
    0x0, 0x0, 0x0, 0x0, 0x9, 0xf6, 0x0, 0xa,
    0xff, 0xf1, 0x0, 0x0, 0x0, 0x0, 0x0, 0x0,
    0x0, 0x46, 0xa6, 0x66, 0x6c, 0xff, 0xf7, 0x66,
    0x66, 0x61, 0x2, 0x22, 0x22, 0x21, 0xaf, 0xff,
    0xff, 0xff, 0xff, 0xff, 0xff, 0xff, 0xf3, 0xc,
    0xff, 0xff, 0xf8, 0xaf, 0xff, 0xff, 0xff, 0xff,
    0xff, 0xff, 0xff, 0xf3, 0xc, 0xff, 0xff, 0xf8,
    0x8c, 0xcc, 0xef, 0xff, 0xde, 0xff, 0xfd, 0xcc,
    0xc2, 0xc, 0xff, 0xff, 0xf8, 0x0, 0x0, 0xcf,
    0xff, 0x1a, 0xff, 0xf1, 0x0, 0x0, 0x3, 0x45,
    0xff, 0xf8, 0x0, 0x1, 0xff, 0xfd, 0xa, 0xff,
    0xf1, 0x0, 0x0, 0x0, 0x1, 0xff, 0xf8, 0x0,
    0xa, 0xff, 0xf9, 0xa, 0xff, 0xf1, 0x97, 0x10,
    0x0, 0x1, 0xff, 0xf8, 0x0, 0x9f, 0xff, 0xf2,
    0xa, 0xff, 0xf1, 0xaf, 0xf7, 0x0, 0x1, 0xff,
    0xf8, 0x6e, 0xff, 0xff, 0x90, 0x9, 0xff, 0xfa,
    0xff, 0xf7, 0x0, 0x1, 0xff, 0xf8, 0x8f, 0xff,
    0xfb, 0x0, 0x7, 0xff, 0xff, 0xff, 0xf4, 0x0,
    0x1, 0xff, 0xfc, 0x3b, 0xff, 0xb0, 0x0, 0x2,
    0xff, 0xff, 0xff, 0xd0, 0x0, 0x6, 0xff, 0xff,
    0xfb, 0xd5, 0x0, 0x0, 0x0, 0x4b, 0xdd, 0xda,
    0x20, 0x0, 0xaf, 0xff, 0xff, 0xff, 0xfd, 0xa7,
    0x76, 0x66, 0x67, 0x89, 0xab, 0xc5, 0xd, 0xff,
    0xff, 0xdc, 0xff, 0xff, 0xff, 0xff, 0xff, 0xff,
    0xff, 0xff, 0xf1, 0x6, 0xff, 0xf7, 0x0, 0x4d,
    0xff, 0xff, 0xff, 0xff, 0xff, 0xff, 0xff, 0xc0,
    0x0, 0x9f, 0x70, 0x0, 0x0, 0x38, 0xdf, 0xff,
    0xff, 0xff, 0xff, 0xfe, 0x80, 0x0, 0x5, 0x0,
    0x0, 0x0, 0x0, 0x0, 0x1, 0x11, 0x10, 0x0,
    0x0, 0x0,

    /* U+901A "通" */
    0x0, 0x5, 0x0, 0x0, 0x1, 0xaa, 0xaa, 0xaa,
    0xaa, 0xaa, 0xab, 0x90, 0x0, 0x0, 0x9f, 0xc1,
    0x0, 0x2, 0xff, 0xff, 0xff, 0xff, 0xff, 0xff,
    0xfc, 0x10, 0x9, 0xff, 0xfe, 0x30, 0x2, 0xff,
    0xff, 0xff, 0xff, 0xff, 0xff, 0xfb, 0x0, 0x3,
    0xef, 0xff, 0xf4, 0x0, 0x11, 0x4e, 0xe7, 0x28,
    0xff, 0xff, 0x90, 0x0, 0x0, 0x2e, 0xff, 0xff,
    0x20, 0x3, 0xef, 0xff, 0xff, 0xff, 0xf6, 0x0,
    0x0, 0x0, 0x2, 0xef, 0xf9, 0x0, 0x1, 0x8f,
    0xff, 0xff, 0xff, 0x40, 0x0, 0x0, 0x0, 0x0,
    0x2e, 0x90, 0x5, 0xbb, 0xbc, 0xff, 0xff, 0xff,
    0xfb, 0xbb, 0x50, 0x0, 0x0, 0x2, 0x0, 0x8,
    0xff, 0xff, 0xff, 0xff, 0xff, 0xff, 0xff, 0x70,
    0x0, 0x0, 0x0, 0x0, 0x8, 0xff, 0xff, 0xff,
    0xff, 0xff, 0xff, 0xff, 0x70, 0x2, 0x22, 0x22,
    0x21, 0x8, 0xff, 0xf2, 0x1e, 0xff, 0x81, 0x3f,
    0xff, 0x70, 0x2f, 0xff, 0xff, 0xf8, 0x8, 0xff,
    0xff, 0xff, 0xff, 0xff, 0xff, 0xff, 0x70, 0x2f,
    0xff, 0xff, 0xf8, 0x8, 0xff, 0xff, 0xff, 0xff,
    0xff, 0xff, 0xff, 0x70, 0x2f, 0xff, 0xff, 0xf8,
    0x8, 0xff, 0xf7, 0x6f, 0xff, 0xa6, 0x7f, 0xff,
    0x70, 0x4, 0x45, 0xff, 0xf8, 0x8, 0xff, 0xfa,
    0x9f, 0xff, 0xc9, 0xaf, 0xff, 0x70, 0x0, 0x1,
    0xff, 0xf8, 0x8, 0xff, 0xff, 0xff, 0xff, 0xff,
    0xff, 0xff, 0x70, 0x0, 0x1, 0xff, 0xf8, 0x8,
    0xff, 0xff, 0xff, 0xff, 0xff, 0xff, 0xff, 0x70,
    0x0, 0x1, 0xff, 0xf8, 0x8, 0xff, 0xf1, 0xe,
    0xff, 0x71, 0x3f, 0xff, 0x70, 0x0, 0x1, 0xff,
    0xf8, 0x8, 0xff, 0xf0, 0xe, 0xff, 0x8f, 0xff,
    0xff, 0x60, 0x0, 0x1, 0xff, 0xf8, 0x8, 0xff,
    0xf0, 0xe, 0xff, 0x6a, 0xff, 0xff, 0x20, 0x0,
    0x4d, 0xff, 0xff, 0x67, 0xdd, 0xd0, 0xa, 0xbb,
    0x56, 0xee, 0xa3, 0x0, 0x8, 0xff, 0xff, 0xff,
    0xfe, 0x95, 0x43, 0x21, 0x12, 0x23, 0x45, 0x78,
    0xa6, 0x2f, 0xff, 0xf8, 0x9f, 0xff, 0xff, 0xff,
    0xff, 0xff, 0xff, 0xff, 0xff, 0xf2, 0x8, 0xff,
    0x60, 0x3, 0xcf, 0xff, 0xff, 0xff, 0xff, 0xff,
    0xff, 0xff, 0xe0, 0x0, 0xda, 0x0, 0x0, 0x2,
    0x8c, 0xef, 0xff, 0xff, 0xff, 0xff, 0xed, 0x90,
    0x0, 0x20, 0x0, 0x0, 0x0, 0x0, 0x0, 0x1,
    0x10, 0x0, 0x0, 0x0, 0x0,

    /* U+9053 "道" */
    0x0, 0x0, 0x0, 0x0, 0x0, 0x0, 0x1, 0x0,
    0x0, 0x0, 0x0, 0x0, 0x0, 0x0, 0x0, 0x0,
    0x0, 0x0, 0x17, 0xde, 0x10, 0x0, 0x7d, 0x84,
    0x0, 0x0, 0x0, 0x3d, 0x60, 0x0, 0x0, 0x6f,
    0xff, 0x90, 0x0, 0xef, 0xfe, 0x10, 0x0, 0x8,
    0xff, 0xf5, 0x0, 0x11, 0x1e, 0xff, 0xb1, 0x18,
    0xff, 0xf6, 0x11, 0x10, 0x7, 0xff, 0xff, 0x40,
    0xcf, 0xff, 0xff, 0xff, 0xff, 0xff, 0xff, 0xff,
    0xc0, 0x0, 0x8f, 0xff, 0xe1, 0xcf, 0xff, 0xff,
    0xff, 0xff, 0xff, 0xff, 0xff, 0xc0, 0x0, 0xb,
    0xff, 0xd3, 0xbe, 0xee, 0xee, 0xff, 0xff, 0xee,
    0xee, 0xee, 0xb0, 0x0, 0x1, 0xd8, 0x0, 0x0,
    0x0, 0x0, 0xef, 0xfb, 0x0, 0x0, 0x0, 0x0,
    0x0, 0x0, 0x0, 0x0, 0x1, 0xff, 0xff, 0xff,
    0xff, 0xff, 0xff, 0xf1, 0x0, 0x0, 0x0, 0x0,
    0x0, 0x1, 0xff, 0xff, 0xff, 0xff, 0xff, 0xff,
    0xf1, 0x0, 0xa, 0xcc, 0xcc, 0xc6, 0x1, 0xff,
    0xfc, 0x88, 0x88, 0x8d, 0xff, 0xf1, 0x0, 0xd,
    0xff, 0xff, 0xf8, 0x1, 0xff, 0xfa, 0x55, 0x55,
    0x5c, 0xff, 0xf1, 0x0, 0xd, 0xff, 0xff, 0xf8,
    0x1, 0xff, 0xff, 0xff, 0xff, 0xff, 0xff, 0xf1,
    0x0, 0xa, 0xcc, 0xff, 0xf8, 0x1, 0xff, 0xff,
    0xff, 0xff, 0xff, 0xff, 0xf1, 0x0, 0x0, 0x1,
    0xff, 0xf8, 0x1, 0xff, 0xf8, 0x11, 0x11, 0x1a,
    0xff, 0xf1, 0x0, 0x0, 0x1, 0xff, 0xf8, 0x1,
    0xff, 0xff, 0xff, 0xff, 0xff, 0xff, 0xf1, 0x0,
    0x0, 0x1, 0xff, 0xf8, 0x1, 0xff, 0xff, 0xff,
    0xff, 0xff, 0xff, 0xf1, 0x0, 0x0, 0x1, 0xff,
    0xf8, 0x1, 0xff, 0xf8, 0x11, 0x11, 0x1a, 0xff,
    0xf1, 0x0, 0x0, 0x1, 0xff, 0xf8, 0x1, 0xff,
    0xff, 0xff, 0xff, 0xff, 0xff, 0xf1, 0x0, 0x0,
    0x1, 0xff, 0xf8, 0x1, 0xff, 0xff, 0xff, 0xff,
    0xff, 0xff, 0xf1, 0x0, 0x0, 0x19, 0xff, 0xff,
    0x82, 0xaa, 0xaa, 0xaa, 0xaa, 0xaa, 0xaa, 0xa0,
    0x0, 0x4, 0xef, 0xff, 0xff, 0xff, 0xd9, 0x54,
    0x33, 0x22, 0x33, 0x45, 0x68, 0x92, 0x4f, 0xff,
    0xfe, 0xef, 0xff, 0xff, 0xff, 0xff, 0xff, 0xff,
    0xff, 0xff, 0xe0, 0xc, 0xff, 0xa0, 0x4, 0xcf,
    0xff, 0xff, 0xff, 0xff, 0xff, 0xff, 0xff, 0xa0,
    0x2, 0xfa, 0x0, 0x0, 0x2, 0x6b, 0xef, 0xff,
    0xff, 0xff, 0xff, 0xfe, 0x60, 0x0, 0x40, 0x0,
    0x0, 0x0, 0x0, 0x0, 0x11, 0x11, 0x10, 0x0,
    0x0, 0x0,

    /* U+90FD "都" */
    0x0, 0x0, 0x2, 0x22, 0x10, 0x0, 0x0, 0x0,
    0x0, 0x0, 0x0, 0x0, 0x0, 0x0, 0x0, 0xe,
    0xff, 0x80, 0x0, 0x0, 0x0, 0x0, 0x0, 0x0,
    0x0, 0x0, 0x0, 0x0, 0xe, 0xff, 0x80, 0x5,
    0xea, 0x8f, 0xff, 0xff, 0xff, 0xfb, 0x20, 0x0,
    0xdd, 0xdf, 0xff, 0xed, 0xcc, 0xff, 0xff, 0xff,
    0xff, 0xff, 0xff, 0xf5, 0x0, 0xff, 0xff, 0xff,
    0xff, 0xff, 0xff, 0xcf, 0xff, 0xff, 0xff, 0xff,
    0xf3, 0x0, 0xff, 0xff, 0xff, 0xff, 0xff, 0xff,
    0x5f, 0xff, 0xc8, 0x9f, 0xff, 0xe0, 0x0, 0x55,
    0x5f, 0xff, 0xb9, 0xff, 0xf9, 0x3f, 0xff, 0x80,
    0x5f, 0xff, 0x80, 0x0, 0x0, 0xe, 0xff, 0x9c,
    0xff, 0xf2, 0x3f, 0xff, 0x80, 0x9f, 0xff, 0x30,
    0x1f, 0xff, 0xff, 0xff, 0xff, 0xff, 0xff, 0x5f,
    0xff, 0x80, 0xdf, 0xfd, 0x0, 0x1f, 0xff, 0xff,
    0xff, 0xff, 0xff, 0xff, 0x5f, 0xff, 0x82, 0xff,
    0xf7, 0x0, 0x1f, 0xff, 0xff, 0xff, 0xff, 0xff,
    0xff, 0x5f, 0xff, 0x87, 0xff, 0xf1, 0x0, 0x4,
    0x44, 0x48, 0xff, 0xff, 0x94, 0x44, 0x3f, 0xff,
    0x8b, 0xff, 0xe0, 0x0, 0x0, 0x0, 0x6f, 0xff,
    0xfc, 0x0, 0x0, 0x3f, 0xff, 0x85, 0xff, 0xf9,
    0x0, 0x0, 0x8, 0xff, 0xff, 0xff, 0xff, 0xf6,
    0x3f, 0xff, 0x80, 0xaf, 0xff, 0x20, 0x5, 0xdf,
    0xff, 0xff, 0xff, 0xff, 0xf6, 0x3f, 0xff, 0x80,
    0x2f, 0xff, 0x80, 0x8f, 0xff, 0xff, 0xff, 0xff,
    0xff, 0xf6, 0x3f, 0xff, 0x80, 0xd, 0xff, 0xc0,
    0x2f, 0xff, 0xff, 0x80, 0x2, 0xff, 0xf6, 0x3f,
    0xff, 0x80, 0xa, 0xff, 0xe0, 0x6, 0xff, 0xff,
    0xed, 0xde, 0xff, 0xf6, 0x3f, 0xff, 0x80, 0xb,
    0xff, 0xf0, 0x0, 0x7e, 0xff, 0xff, 0xff, 0xff,
    0xf6, 0x3f, 0xff, 0x93, 0x5f, 0xff, 0xe0, 0x0,
    0xd, 0xff, 0xff, 0xff, 0xff, 0xf6, 0x3f, 0xff,
    0xcf, 0xff, 0xff, 0xb0, 0x0, 0xd, 0xff, 0x80,
    0x2, 0xff, 0xf6, 0x3f, 0xff, 0x8e, 0xff, 0xff,
    0x30, 0x0, 0xd, 0xff, 0xff, 0xff, 0xff, 0xf6,
    0x3f, 0xff, 0x8b, 0xff, 0xc4, 0x0, 0x0, 0xd,
    0xff, 0xff, 0xff, 0xff, 0xf6, 0x3f, 0xff, 0x82,
    0x32, 0x0, 0x0, 0x0, 0xd, 0xff, 0xff, 0xff,
    0xff, 0xf6, 0x3f, 0xff, 0x80, 0x0, 0x0, 0x0,
    0x0, 0xd, 0xff, 0x80, 0x3, 0xff, 0xf6, 0x3f,
    0xff, 0x80, 0x0, 0x0, 0x0,

    /* U+914D "配" */
    0x4, 0x44, 0x44, 0x44, 0x44, 0x44, 0x40, 0x0,
    0x0, 0x0, 0x0, 0x0, 0x0, 0x1f, 0xff, 0xff,
    0xff, 0xff, 0xff, 0xf4, 0xff, 0xff, 0xff, 0xff,
    0xff, 0x90, 0x1f, 0xff, 0xff, 0xff, 0xff, 0xff,
    0xf4, 0xff, 0xff, 0xff, 0xff, 0xff, 0x90, 0x1f,
    0xff, 0xff, 0xff, 0xff, 0xff, 0xf4, 0xff, 0xff,
    0xff, 0xff, 0xff, 0x90, 0x0, 0x0, 0xbf, 0x99,
    0xfd, 0x0, 0x2, 0x99, 0x99, 0x99, 0xaf, 0xff,
    0x90, 0x4, 0x66, 0xdf, 0xcb, 0xfe, 0x66, 0x30,
    0x0, 0x0, 0x0, 0x1f, 0xff, 0x90, 0xb, 0xff,
    0xff, 0xff, 0xff, 0xff, 0x70, 0x0, 0x0, 0x0,
    0x1f, 0xff, 0x90, 0xb, 0xff, 0xff, 0xff, 0xff,
    0xff, 0x70, 0x0, 0x0, 0x0, 0x1f, 0xff, 0x90,
    0xb, 0xff, 0xcf, 0xdf, 0xed, 0xff, 0x70, 0x44,
    0x44, 0x44, 0x5f, 0xff, 0x90, 0xb, 0xff, 0x3f,
    0x7e, 0xb7, 0xff, 0x72, 0xff, 0xff, 0xff, 0xff,
    0xff, 0x90, 0xb, 0xff, 0x3f, 0x7e, 0xb7, 0xff,
    0x72, 0xff, 0xff, 0xff, 0xff, 0xff, 0x90, 0xb,
    0xff, 0x4f, 0x6e, 0xb7, 0xff, 0x72, 0xff, 0xff,
    0xff, 0xff, 0xff, 0x90, 0xb, 0xff, 0x6f, 0x5e,
    0xc8, 0xff, 0x72, 0xff, 0xfc, 0x44, 0x5f, 0xff,
    0x90, 0xb, 0xff, 0xcf, 0x2c, 0xff, 0xff, 0x72,
    0xff, 0xfa, 0x0, 0x1d, 0xdd, 0x70, 0xb, 0xff,
    0x8b, 0x3, 0x9c, 0xff, 0x72, 0xff, 0xfa, 0x0,
    0x0, 0x0, 0x0, 0xb, 0xff, 0x10, 0x0, 0x7,
    0xff, 0x72, 0xff, 0xfa, 0x0, 0x0, 0x0, 0x0,
    0xb, 0xff, 0xff, 0xff, 0xff, 0xff, 0x72, 0xff,
    0xfa, 0x0, 0x0, 0x20, 0x0, 0xb, 0xff, 0xff,
    0xff, 0xff, 0xff, 0x72, 0xff, 0xfa, 0x0, 0x0,
    0xda, 0x40, 0xb, 0xff, 0x98, 0x88, 0x8b, 0xff,
    0x72, 0xff, 0xfa, 0x0, 0x0, 0xef, 0xf8, 0xb,
    0xff, 0x53, 0x33, 0x39, 0xff, 0x72, 0xff, 0xfa,
    0x0, 0x1, 0xff, 0xf6, 0xb, 0xff, 0xff, 0xff,
    0xff, 0xff, 0x71, 0xff, 0xfe, 0x88, 0x8b, 0xff,
    0xf4, 0xb, 0xff, 0xff, 0xff, 0xff, 0xff, 0x70,
    0xef, 0xff, 0xff, 0xff, 0xff, 0xe0, 0xb, 0xff,
    0xbb, 0xbb, 0xbd, 0xff, 0x70, 0x8f, 0xff, 0xff,
    0xff, 0xff, 0x70, 0xb, 0xff, 0x10, 0x0, 0x7,
    0xff, 0x70, 0x7, 0xdf, 0xff, 0xff, 0xd7, 0x0,
    0x2, 0x33, 0x0, 0x0, 0x0, 0x0, 0x0, 0x0,
    0x0, 0x0, 0x0, 0x0, 0x0,

    /* U+91CC "里" */
    0x0, 0x15, 0x55, 0x55, 0x55, 0x55, 0x55, 0x55,
    0x55, 0x55, 0x55, 0x0, 0x0, 0x3f, 0xff, 0xff,
    0xff, 0xff, 0xff, 0xff, 0xff, 0xff, 0xfd, 0x0,
    0x0, 0x3f, 0xff, 0xff, 0xff, 0xff, 0xff, 0xff,
    0xff, 0xff, 0xfd, 0x0, 0x0, 0x3f, 0xff, 0xff,
    0xff, 0xff, 0xff, 0xff, 0xff, 0xff, 0xfd, 0x0,
    0x0, 0x3f, 0xff, 0x80, 0x0, 0x7f, 0xff, 0x0,
    0x1, 0xff, 0xfd, 0x0, 0x0, 0x3f, 0xff, 0xed,
    0xdd, 0xef, 0xff, 0xdd, 0xdd, 0xff, 0xfd, 0x0,
    0x0, 0x3f, 0xff, 0xff, 0xff, 0xff, 0xff, 0xff,
    0xff, 0xff, 0xfd, 0x0, 0x0, 0x3f, 0xff, 0xff,
    0xff, 0xff, 0xff, 0xff, 0xff, 0xff, 0xfd, 0x0,
    0x0, 0x3f, 0xff, 0xa3, 0x33, 0x9f, 0xff, 0x43,
    0x35, 0xff, 0xfd, 0x0, 0x0, 0x3f, 0xff, 0x90,
    0x0, 0x8f, 0xff, 0x10, 0x2, 0xff, 0xfd, 0x0,
    0x0, 0x3f, 0xff, 0xff, 0xff, 0xff, 0xff, 0xff,
    0xff, 0xff, 0xfd, 0x0, 0x0, 0x3f, 0xff, 0xff,
    0xff, 0xff, 0xff, 0xff, 0xff, 0xff, 0xfd, 0x0,
    0x0, 0x3f, 0xff, 0xff, 0xff, 0xff, 0xff, 0xff,
    0xff, 0xff, 0xfd, 0x0, 0x0, 0x4, 0x44, 0x44,
    0x44, 0xdf, 0xff, 0x84, 0x44, 0x44, 0x43, 0x0,
    0x0, 0x0, 0x0, 0x0, 0x0, 0xcf, 0xff, 0x50,
    0x0, 0x0, 0x0, 0x0, 0x0, 0xff, 0xff, 0xff,
    0xff, 0xff, 0xff, 0xff, 0xff, 0xff, 0xff, 0x90,
    0x0, 0xff, 0xff, 0xff, 0xff, 0xff, 0xff, 0xff,
    0xff, 0xff, 0xff, 0xa0, 0x0, 0xff, 0xff, 0xff,
    0xff, 0xff, 0xff, 0xff, 0xff, 0xff, 0xff, 0xa0,
    0x0, 0x78, 0x88, 0x88, 0x88, 0xef, 0xff, 0xb8,
    0x88, 0x88, 0x88, 0x50, 0x0, 0x0, 0x0, 0x0,
    0x0, 0xcf, 0xff, 0x50, 0x0, 0x0, 0x0, 0x0,
    0xbf, 0xff, 0xff, 0xff, 0xff, 0xff, 0xff, 0xff,
    0xff, 0xff, 0xff, 0xfe, 0xbf, 0xff, 0xff, 0xff,
    0xff, 0xff, 0xff, 0xff, 0xff, 0xff, 0xff, 0xfe,
    0xbf, 0xff, 0xff, 0xff, 0xff, 0xff, 0xff, 0xff,
    0xff, 0xff, 0xff, 0xfe, 0x68, 0x88, 0x88, 0x88,
    0x88, 0x88, 0x88, 0x88, 0x88, 0x88, 0x88, 0x88,

    /* U+91CD "重" */
    0x0, 0x0, 0x0, 0x0, 0x0, 0x0, 0x0, 0x0,
    0x0, 0x1, 0x0, 0x0, 0x0, 0x0, 0x0, 0x0,
    0x12, 0x23, 0x45, 0x68, 0x9b, 0xdf, 0xf4, 0x0,
    0x0, 0x0, 0x7e, 0xff, 0xff, 0xff, 0xff, 0xff,
    0xff, 0xff, 0xff, 0xd0, 0x0, 0x0, 0x3, 0xff,
    0xff, 0xff, 0xff, 0xff, 0xff, 0xff, 0xff, 0xfe,
    0x50, 0x0, 0x0, 0xf, 0xff, 0xee, 0xdd, 0xff,
    0xff, 0x87, 0x54, 0x20, 0x0, 0x0, 0x4, 0x77,
    0x77, 0x77, 0x77, 0x7f, 0xff, 0xf7, 0x77, 0x77,
    0x77, 0x77, 0x60, 0x9f, 0xff, 0xff, 0xff, 0xff,
    0xff, 0xff, 0xff, 0xff, 0xff, 0xff, 0xfe, 0x9,
    0xff, 0xff, 0xff, 0xff, 0xff, 0xff, 0xff, 0xff,
    0xff, 0xff, 0xff, 0xe0, 0x35, 0x55, 0x55, 0x55,
    0x55, 0xef, 0xff, 0x55, 0x55, 0x55, 0x55, 0x54,
    0x0, 0x0, 0xff, 0xff, 0xff, 0xff, 0xff, 0xff,
    0xff, 0xff, 0xff, 0x70, 0x0, 0x0, 0xf, 0xff,
    0xff, 0xff, 0xff, 0xff, 0xff, 0xff, 0xff, 0xf7,
    0x0, 0x0, 0x0, 0xff, 0xfd, 0x55, 0x5e, 0xff,
    0xf5, 0x55, 0xaf, 0xff, 0x70, 0x0, 0x0, 0xf,
    0xff, 0xfe, 0xee, 0xff, 0xff, 0xee, 0xef, 0xff,
    0xf7, 0x0, 0x0, 0x0, 0xff, 0xff, 0xff, 0xff,
    0xff, 0xff, 0xff, 0xff, 0xff, 0x70, 0x0, 0x0,
    0xf, 0xff, 0xc5, 0x55, 0xef, 0xfe, 0x55, 0x59,
    0xff, 0xf7, 0x0, 0x0, 0x0, 0xff, 0xff, 0xff,
    0xff, 0xff, 0xff, 0xff, 0xff, 0xff, 0x70, 0x0,
    0x0, 0xf, 0xff, 0xff, 0xff, 0xff, 0xff, 0xff,
    0xff, 0xff, 0xf7, 0x0, 0x0, 0x0, 0x66, 0x66,
    0x66, 0x6e, 0xff, 0xf6, 0x66, 0x66, 0x66, 0x20,
    0x0, 0x0, 0xac, 0xcc, 0xcc, 0xcc, 0xff, 0xff,
    0xcc, 0xcc, 0xcc, 0xcc, 0x50, 0x0, 0xd, 0xff,
    0xff, 0xff, 0xff, 0xff, 0xff, 0xff, 0xff, 0xff,
    0xf6, 0x0, 0x0, 0xdf, 0xff, 0xff, 0xff, 0xff,
    0xff, 0xff, 0xff, 0xff, 0xff, 0x60, 0x0, 0x1,
    0x11, 0x11, 0x11, 0x1e, 0xff, 0xe1, 0x11, 0x11,
    0x11, 0x11, 0x0, 0xcf, 0xff, 0xff, 0xff, 0xff,
    0xff, 0xff, 0xff, 0xff, 0xff, 0xff, 0xff, 0x1c,
    0xff, 0xff, 0xff, 0xff, 0xff, 0xff, 0xff, 0xff,
    0xff, 0xff, 0xff, 0xf1, 0xae, 0xee, 0xee, 0xee,
    0xee, 0xee, 0xee, 0xee, 0xee, 0xee, 0xee, 0xee,
    0x10,

    /* U+9519 "错" */
    0x0, 0x0, 0x0, 0x0, 0x0, 0x0, 0x3, 0x33,
    0x20, 0x13, 0x33, 0x0, 0x0, 0x0, 0x8f, 0xa5,
    0x0, 0x0, 0x0, 0xcf, 0xf8, 0x7, 0xff, 0xf0,
    0x0, 0x0, 0x1f, 0xff, 0xb0, 0x0, 0x0, 0xc,
    0xff, 0x80, 0x7f, 0xff, 0x0, 0x0, 0x8, 0xff,
    0xfc, 0x99, 0x93, 0x77, 0xef, 0xfc, 0x7b, 0xff,
    0xf7, 0x72, 0x3, 0xff, 0xff, 0xff, 0xff, 0x5f,
    0xff, 0xff, 0xff, 0xff, 0xff, 0xff, 0x51, 0xef,
    0xff, 0xff, 0xff, 0xf5, 0xff, 0xff, 0xff, 0xff,
    0xff, 0xff, 0xf5, 0xcf, 0xff, 0xff, 0xff, 0xff,
    0x5c, 0xcf, 0xff, 0xec, 0xef, 0xff, 0xcc, 0x47,
    0xff, 0xe1, 0x0, 0x0, 0x0, 0x0, 0xcf, 0xf8,
    0x7, 0xff, 0xf0, 0x0, 0xf, 0xff, 0xff, 0xff,
    0xff, 0x23, 0x3d, 0xff, 0xa3, 0x9f, 0xff, 0x33,
    0x30, 0x9c, 0xff, 0xff, 0xff, 0xf8, 0xff, 0xff,
    0xff, 0xff, 0xff, 0xff, 0xff, 0x0, 0x8f, 0xff,
    0xff, 0xff, 0x8f, 0xff, 0xff, 0xff, 0xff, 0xff,
    0xff, 0xf0, 0x3, 0x5f, 0xff, 0xa5, 0x58, 0xff,
    0xff, 0xff, 0xff, 0xff, 0xff, 0xff, 0x0, 0x0,
    0xff, 0xf7, 0x0, 0x0, 0x0, 0x0, 0x0, 0x0,
    0x0, 0x0, 0x0, 0xbc, 0xcf, 0xff, 0xec, 0xc5,
    0xe, 0xff, 0xff, 0xff, 0xff, 0xff, 0xa0, 0xe,
    0xff, 0xff, 0xff, 0xff, 0x70, 0xef, 0xff, 0xff,
    0xff, 0xff, 0xfa, 0x0, 0xef, 0xff, 0xff, 0xff,
    0xf7, 0xe, 0xff, 0xff, 0xff, 0xff, 0xff, 0xa0,
    0x8, 0x88, 0xff, 0xfc, 0x88, 0x40, 0xef, 0xf8,
    0x11, 0x11, 0xdf, 0xfa, 0x0, 0x0, 0xf, 0xff,
    0x70, 0x0, 0xe, 0xff, 0xdb, 0xbb, 0xbf, 0xff,
    0xa0, 0x0, 0x0, 0xff, 0xf7, 0x3, 0x0, 0xef,
    0xff, 0xff, 0xff, 0xff, 0xfa, 0x0, 0x0, 0xf,
    0xff, 0xac, 0xf2, 0xe, 0xff, 0xff, 0xff, 0xff,
    0xff, 0xa0, 0x0, 0x1, 0xff, 0xff, 0xff, 0x30,
    0xef, 0xf9, 0x33, 0x33, 0xef, 0xfa, 0x0, 0x0,
    0x6f, 0xff, 0xff, 0xf6, 0xe, 0xff, 0x82, 0x22,
    0x2e, 0xff, 0xa0, 0x0, 0x2f, 0xff, 0xff, 0xfb,
    0x30, 0xef, 0xff, 0xff, 0xff, 0xff, 0xfa, 0x0,
    0x0, 0xaf, 0xfe, 0x81, 0x0, 0xe, 0xff, 0xff,
    0xff, 0xff, 0xff, 0xa0, 0x0, 0x1, 0xd5, 0x0,
    0x0, 0x0, 0xef, 0xfe, 0xcc, 0xcc, 0xdd, 0xd9,
    0x0, 0x0, 0x0, 0x0, 0x0, 0x0, 0x0, 0x0,
    0x0, 0x0, 0x0, 0x0, 0x0,

    /* U+957F "长" */
    0x0, 0x0, 0x24, 0x44, 0x20, 0x0, 0x0, 0x0,
    0x0, 0x0, 0x0, 0x0, 0x0, 0x0, 0x7, 0xff,
    0xf7, 0x0, 0x0, 0x0, 0x0, 0x3c, 0x60, 0x0,
    0x0, 0x0, 0x0, 0x7f, 0xff, 0x70, 0x0, 0x0,
    0x0, 0x5f, 0xff, 0xe8, 0x0, 0x0, 0x0, 0x7,
    0xff, 0xf7, 0x0, 0x0, 0x1, 0xbf, 0xff, 0xff,
    0x60, 0x0, 0x0, 0x0, 0x7f, 0xff, 0x70, 0x0,
    0x18, 0xff, 0xff, 0xff, 0x50, 0x0, 0x0, 0x0,
    0x7, 0xff, 0xf7, 0x3, 0x9f, 0xff, 0xff, 0xfd,
    0x20, 0x0, 0x0, 0x0, 0x0, 0x7f, 0xff, 0x75,
    0xff, 0xff, 0xff, 0xf8, 0x0, 0x0, 0x0, 0x0,
    0x0, 0x7, 0xff, 0xf7, 0x6, 0xff, 0xff, 0xb2,
    0x0, 0x0, 0x0, 0x0, 0x0, 0x0, 0x7f, 0xff,
    0x70, 0x7, 0xfc, 0x40, 0x0, 0x0, 0x0, 0x0,
    0x0, 0x0, 0x7, 0xff, 0xf7, 0x0, 0x3, 0x0,
    0x0, 0x0, 0x0, 0x0, 0x0, 0x7b, 0xbb, 0xdf,
    0xff, 0xdb, 0xbb, 0xbb, 0xbb, 0xbb, 0xbb, 0xbb,
    0xba, 0x9, 0xff, 0xff, 0xff, 0xff, 0xff, 0xff,
    0xff, 0xff, 0xff, 0xff, 0xff, 0xe0, 0x9f, 0xff,
    0xff, 0xff, 0xff, 0xff, 0xff, 0xff, 0xff, 0xff,
    0xff, 0xfe, 0x9, 0xff, 0xff, 0xff, 0xff, 0xff,
    0xff, 0xff, 0xff, 0xff, 0xff, 0xff, 0xe0, 0x0,
    0x0, 0x8f, 0xff, 0x70, 0x9, 0xff, 0xf8, 0x0,
    0x0, 0x0, 0x0, 0x0, 0x0, 0x7, 0xff, 0xf7,
    0x0, 0x1f, 0xff, 0xf2, 0x0, 0x0, 0x0, 0x0,
    0x0, 0x0, 0x7f, 0xff, 0x70, 0x0, 0x9f, 0xff,
    0xd1, 0x0, 0x0, 0x0, 0x0, 0x0, 0x7, 0xff,
    0xf7, 0x0, 0x1, 0xff, 0xff, 0xd1, 0x0, 0x0,
    0x0, 0x0, 0x0, 0x7f, 0xff, 0x70, 0x0, 0x7,
    0xff, 0xff, 0xe4, 0x0, 0x0, 0x0, 0x0, 0x8,
    0xff, 0xf9, 0x69, 0xcf, 0xa9, 0xff, 0xff, 0xfb,
    0x20, 0x0, 0x0, 0x0, 0xbf, 0xff, 0xff, 0xff,
    0xfb, 0xb, 0xff, 0xff, 0xff, 0xd7, 0x10, 0x0,
    0x6f, 0xff, 0xff, 0xff, 0xff, 0xd0, 0x8, 0xff,
    0xff, 0xff, 0xe1, 0x0, 0x8, 0xff, 0xff, 0xff,
    0xff, 0xc7, 0x0, 0x5, 0xef, 0xff, 0xf3, 0x0,
    0x0, 0xf, 0xff, 0xfb, 0x73, 0x0, 0x0, 0x0,
    0x0, 0x6d, 0xf8, 0x0, 0x0, 0x0, 0xaa, 0x40,
    0x0, 0x0, 0x0, 0x0, 0x0, 0x0, 0x4, 0x0,
    0x0, 0x0, 0x0, 0x0, 0x0, 0x0, 0x0, 0x0,
    0x0, 0x0, 0x0, 0x0, 0x0,

    /* U+95F2 "闲" */
    0x0, 0x0, 0x0, 0x0, 0x0, 0x0, 0x0, 0x0,
    0x0, 0x0, 0x0, 0x0, 0x0, 0x2c, 0xc0, 0x0,
    0x24, 0x44, 0x44, 0x44, 0x44, 0x44, 0x44, 0x41,
    0x5, 0xff, 0xfb, 0x0, 0x8f, 0xff, 0xff, 0xff,
    0xff, 0xff, 0xff, 0xf3, 0x1, 0xdf, 0xff, 0xb0,
    0x8f, 0xff, 0xff, 0xff, 0xff, 0xff, 0xff, 0xf3,
    0x0, 0x2e, 0xff, 0xf8, 0x8f, 0xff, 0xff, 0xff,
    0xff, 0xff, 0xff, 0xf3, 0x0, 0x4, 0xff, 0xff,
    0x32, 0x22, 0x22, 0x22, 0x22, 0x28, 0xff, 0xf3,
    0x7f, 0xff, 0x9f, 0xd2, 0x0, 0x22, 0x21, 0x0,
    0x0, 0x6, 0xff, 0xf3, 0x7f, 0xff, 0x19, 0x0,
    0x0, 0xcf, 0xf8, 0x0, 0x0, 0x6, 0xff, 0xf3,
    0x7f, 0xff, 0x10, 0x0, 0x0, 0xcf, 0xf8, 0x0,
    0x0, 0x6, 0xff, 0xf3, 0x7f, 0xff, 0x18, 0x99,
    0x99, 0xef, 0xfd, 0x99, 0x99, 0x97, 0xff, 0xf3,
    0x7f, 0xff, 0x1d, 0xff, 0xff, 0xff, 0xff, 0xff,
    0xff, 0xf7, 0xff, 0xf3, 0x7f, 0xff, 0x1d, 0xff,
    0xff, 0xff, 0xff, 0xff, 0xff, 0xf7, 0xff, 0xf3,
    0x7f, 0xff, 0x15, 0x66, 0x7f, 0xff, 0xff, 0xe6,
    0x66, 0x67, 0xff, 0xf3, 0x7f, 0xff, 0x10, 0x0,
    0xbf, 0xff, 0xff, 0xfa, 0x0, 0x6, 0xff, 0xf3,
    0x7f, 0xff, 0x10, 0x7, 0xff, 0xff, 0xff, 0xff,
    0xa0, 0x6, 0xff, 0xf3, 0x7f, 0xff, 0x10, 0x3f,
    0xff, 0xff, 0xff, 0xff, 0xf8, 0x6, 0xff, 0xf3,
    0x7f, 0xff, 0x14, 0xff, 0xfd, 0xdf, 0xfa, 0xef,
    0xff, 0x56, 0xff, 0xf3, 0x7f, 0xff, 0x8f, 0xff,
    0xf3, 0xcf, 0xf8, 0x2f, 0xff, 0xf9, 0xff, 0xf3,
    0x7f, 0xff, 0x8f, 0xff, 0x60, 0xcf, 0xf8, 0x5,
    0xff, 0x66, 0xff, 0xf3, 0x7f, 0xff, 0x18, 0xf6,
    0x0, 0xcf, 0xf8, 0x0, 0x83, 0x6, 0xff, 0xf3,
    0x7f, 0xff, 0x10, 0x30, 0x0, 0xcf, 0xf8, 0x0,
    0x0, 0x6, 0xff, 0xf3, 0x7f, 0xff, 0x10, 0x0,
    0x0, 0xcf, 0xf8, 0x8, 0x99, 0x9d, 0xff, 0xf2,
    0x7f, 0xff, 0x10, 0x0, 0x0, 0xbf, 0xf8, 0x7,
    0xff, 0xff, 0xff, 0xf0, 0x7f, 0xff, 0x10, 0x0,
    0x0, 0x0, 0x0, 0x1, 0xff, 0xff, 0xff, 0x90,
    0x7f, 0xff, 0x10, 0x0, 0x0, 0x0, 0x0, 0x0,
    0xdf, 0xfe, 0xa5, 0x0, 0x0, 0x0, 0x0, 0x0,
    0x0, 0x0, 0x0, 0x0, 0x0, 0x0, 0x0, 0x0,

    /* U+95F4 "间" */
    0x0, 0x0, 0x0, 0x0, 0x0, 0x0, 0x0, 0x0,
    0x0, 0x0, 0x0, 0x0, 0x0, 0x2c, 0xb0, 0x0,
    0x0, 0x0, 0x0, 0x0, 0x0, 0x0, 0x0, 0x0,
    0x7, 0xff, 0xfa, 0x2, 0xff, 0xff, 0xff, 0xff,
    0xff, 0xff, 0xff, 0xff, 0x2, 0xff, 0xff, 0x62,
    0xff, 0xff, 0xff, 0xff, 0xff, 0xff, 0xff, 0xff,
    0x0, 0x4f, 0xff, 0xf4, 0xff, 0xff, 0xff, 0xff,
    0xff, 0xff, 0xff, 0xff, 0x0, 0x8, 0xfd, 0x51,
    0x77, 0x77, 0x77, 0x77, 0x77, 0x77, 0xff, 0xff,
    0x2, 0x23, 0x70, 0x0, 0x0, 0x0, 0x0, 0x0,
    0x0, 0x0, 0xff, 0xff, 0x3f, 0xff, 0xb0, 0x0,
    0x0, 0x0, 0x0, 0x0, 0x0, 0x0, 0xff, 0xff,
    0x3f, 0xff, 0xb0, 0x4f, 0xff, 0xff, 0xff, 0xff,
    0xfe, 0x0, 0xff, 0xff, 0x3f, 0xff, 0xb0, 0x4f,
    0xff, 0xff, 0xff, 0xff, 0xfe, 0x0, 0xff, 0xff,
    0x3f, 0xff, 0xb0, 0x4f, 0xff, 0xff, 0xff, 0xff,
    0xfe, 0x0, 0xff, 0xff, 0x3f, 0xff, 0xb0, 0x4f,
    0xff, 0x10, 0x0, 0x9f, 0xfe, 0x0, 0xff, 0xff,
    0x3f, 0xff, 0xb0, 0x4f, 0xff, 0x20, 0x0, 0x9f,
    0xfe, 0x0, 0xff, 0xff, 0x3f, 0xff, 0xb0, 0x4f,
    0xff, 0xff, 0xff, 0xff, 0xfe, 0x0, 0xff, 0xff,
    0x3f, 0xff, 0xb0, 0x4f, 0xff, 0xff, 0xff, 0xff,
    0xfe, 0x0, 0xff, 0xff, 0x3f, 0xff, 0xb0, 0x4f,
    0xff, 0xfe, 0xee, 0xff, 0xfe, 0x0, 0xff, 0xff,
    0x3f, 0xff, 0xb0, 0x4f, 0xff, 0x10, 0x0, 0x9f,
    0xfe, 0x0, 0xff, 0xff, 0x3f, 0xff, 0xb0, 0x4f,
    0xff, 0x20, 0x0, 0x9f, 0xfe, 0x0, 0xff, 0xff,
    0x3f, 0xff, 0xb0, 0x4f, 0xff, 0xff, 0xff, 0xff,
    0xfe, 0x0, 0xff, 0xff, 0x3f, 0xff, 0xb0, 0x4f,
    0xff, 0xff, 0xff, 0xff, 0xfe, 0x0, 0xff, 0xff,
    0x3f, 0xff, 0xb0, 0x4f, 0xff, 0xff, 0xff, 0xff,
    0xfe, 0x0, 0xff, 0xff, 0x3f, 0xff, 0xb0, 0x0,
    0x0, 0x0, 0x0, 0x0, 0x0, 0x44, 0xff, 0xff,
    0x3f, 0xff, 0xb0, 0x0, 0x0, 0x0, 0x0, 0x0,
    0x0, 0xef, 0xff, 0xfe, 0x3f, 0xff, 0xb0, 0x0,
    0x0, 0x0, 0x0, 0x0, 0x0, 0x9f, 0xff, 0xf7,
    0x3f, 0xff, 0xb0, 0x0, 0x0, 0x0, 0x0, 0x0,
    0x0, 0x5f, 0xec, 0x60, 0x0, 0x0, 0x0, 0x0,
    0x0, 0x0, 0x0, 0x0, 0x0, 0x0, 0x0, 0x0,

    /* U+9650 "限" */
    0x3, 0x33, 0x33, 0x34, 0x0, 0x23, 0x33, 0x33,
    0x33, 0x33, 0x33, 0x20, 0x3, 0xff, 0xff, 0xff,
    0xfc, 0x39, 0xff, 0xff, 0xff, 0xff, 0xff, 0xf9,
    0x0, 0x3f, 0xff, 0xff, 0xff, 0xfc, 0x9f, 0xff,
    0xff, 0xff, 0xff, 0xff, 0x90, 0x3, 0xff, 0xff,
    0xff, 0xff, 0x89, 0xff, 0xff, 0xff, 0xff, 0xff,
    0xf9, 0x0, 0x3f, 0xff, 0x24, 0xff, 0xf3, 0x9f,
    0xff, 0x10, 0x0, 0x1f, 0xff, 0x90, 0x3, 0xff,
    0xf0, 0x6f, 0xfe, 0x9, 0xff, 0xfd, 0xdd, 0xdd,
    0xff, 0xf9, 0x0, 0x3f, 0xff, 0x9, 0xff, 0x90,
    0x9f, 0xff, 0xff, 0xff, 0xff, 0xff, 0x90, 0x3,
    0xff, 0xf0, 0xdf, 0xf4, 0x9, 0xff, 0xff, 0xff,
    0xff, 0xff, 0xf9, 0x0, 0x3f, 0xff, 0x2f, 0xff,
    0x0, 0x9f, 0xff, 0x32, 0x22, 0x3f, 0xff, 0x90,
    0x3, 0xff, 0xf2, 0xff, 0xf5, 0x9, 0xff, 0xf4,
    0x22, 0x23, 0xff, 0xf9, 0x0, 0x3f, 0xff, 0x7,
    0xff, 0xd0, 0x9f, 0xff, 0xff, 0xff, 0xff, 0xff,
    0x90, 0x3, 0xff, 0xf0, 0x1f, 0xff, 0x29, 0xff,
    0xff, 0xff, 0xff, 0xff, 0xf9, 0x0, 0x3f, 0xff,
    0x0, 0xef, 0xf5, 0x9f, 0xff, 0xff, 0xff, 0xff,
    0xff, 0x90, 0x3, 0xff, 0xf0, 0xc, 0xff, 0x79,
    0xff, 0xf2, 0xcf, 0xfa, 0x2, 0xd3, 0x0, 0x3f,
    0xff, 0x0, 0xef, 0xf7, 0x9f, 0xff, 0x17, 0xff,
    0xf4, 0xef, 0xe2, 0x3, 0xff, 0xf8, 0xff, 0xff,
    0x69, 0xff, 0xf1, 0x3f, 0xff, 0xff, 0xff, 0xc0,
    0x3f, 0xff, 0x4f, 0xff, 0xf1, 0x9f, 0xff, 0x10,
    0xdf, 0xff, 0xff, 0xa1, 0x3, 0xff, 0xf1, 0xff,
    0xe5, 0x9, 0xff, 0xf1, 0x6, 0xff, 0xff, 0x50,
    0x0, 0x3f, 0xff, 0x4, 0x40, 0x0, 0x9f, 0xff,
    0x10, 0x1f, 0xff, 0xf8, 0x0, 0x3, 0xff, 0xf0,
    0x0, 0x0, 0xc, 0xff, 0xfa, 0xcf, 0x9f, 0xff,
    0xf8, 0x0, 0x3f, 0xff, 0x0, 0x0, 0x2, 0xff,
    0xff, 0xff, 0xf3, 0xaf, 0xff, 0xfd, 0x33, 0xff,
    0xf0, 0x0, 0x0, 0xcf, 0xff, 0xff, 0xff, 0x41,
    0xef, 0xff, 0xe2, 0x3f, 0xff, 0x0, 0x0, 0x3,
    0xff, 0xff, 0xea, 0x61, 0x1, 0xcf, 0xf3, 0x3,
    0xff, 0xf0, 0x0, 0x0, 0xb, 0xc7, 0x20, 0x0,
    0x0, 0x0, 0x98, 0x0, 0x0, 0x0, 0x0, 0x0,
    0x0, 0x0, 0x0, 0x0, 0x0, 0x0, 0x0, 0x0,
    0x0,

    /* U+9664 "除" */
    0x0, 0x0, 0x0, 0x0, 0x0, 0x0, 0x0, 0x4,
    0x50, 0x0, 0x0, 0x0, 0x0, 0x13, 0x33, 0x33,
    0x40, 0x0, 0x0, 0x0, 0x1e, 0xfe, 0x70, 0x0,
    0x0, 0x0, 0x5f, 0xff, 0xff, 0xfe, 0x60, 0x0,
    0x0, 0xaf, 0xff, 0x70, 0x0, 0x0, 0x0, 0x5f,
    0xff, 0xff, 0xff, 0xf1, 0x0, 0x8, 0xff, 0xff,
    0xf4, 0x0, 0x0, 0x0, 0x5f, 0xff, 0xff, 0xff,
    0xd0, 0x0, 0x8f, 0xff, 0xff, 0xff, 0x50, 0x0,
    0x0, 0x5f, 0xfe, 0x2d, 0xff, 0x90, 0xb, 0xff,
    0xff, 0x8f, 0xff, 0xf9, 0x0, 0x0, 0x5f, 0xfe,
    0xf, 0xff, 0x54, 0xdf, 0xff, 0xf3, 0x6, 0xff,
    0xff, 0xe5, 0x0, 0x5f, 0xfe, 0x2f, 0xff, 0xcf,
    0xff, 0xff, 0x30, 0x0, 0x6f, 0xff, 0xff, 0xa0,
    0x5f, 0xfe, 0x5f, 0xfd, 0x7f, 0xff, 0xf7, 0x44,
    0x44, 0x49, 0xff, 0xfd, 0x10, 0x5f, 0xfe, 0x8f,
    0xf8, 0x8, 0xff, 0xff, 0xff, 0xff, 0xff, 0xff,
    0xf3, 0x0, 0x5f, 0xfe, 0x9f, 0xfa, 0x0, 0x6f,
    0xff, 0xff, 0xff, 0xff, 0xf9, 0x40, 0x0, 0x5f,
    0xfe, 0x2f, 0xff, 0x10, 0x1f, 0xff, 0xff, 0xff,
    0xff, 0xf8, 0x0, 0x0, 0x5f, 0xfe, 0xc, 0xff,
    0x60, 0x0, 0x0, 0xf, 0xff, 0xa0, 0x0, 0x0,
    0x0, 0x5f, 0xfe, 0x9, 0xff, 0x98, 0x99, 0x99,
    0x9f, 0xff, 0xd9, 0x99, 0x99, 0x10, 0x5f, 0xfe,
    0x8, 0xff, 0xbe, 0xff, 0xff, 0xff, 0xff, 0xff,
    0xff, 0xff, 0x20, 0x5f, 0xfe, 0xa, 0xff, 0xbe,
    0xff, 0xff, 0xff, 0xff, 0xff, 0xff, 0xff, 0x20,
    0x5f, 0xff, 0xdf, 0xff, 0x98, 0x99, 0x99, 0x9f,
    0xff, 0xd9, 0x99, 0x99, 0x10, 0x5f, 0xfe, 0xcf,
    0xff, 0x50, 0x8a, 0x62, 0xf, 0xff, 0xa0, 0x7d,
    0x20, 0x0, 0x5f, 0xfe, 0x9f, 0xfa, 0x2, 0xff,
    0xfa, 0xf, 0xff, 0xad, 0xff, 0xd0, 0x0, 0x5f,
    0xfe, 0x24, 0x10, 0xb, 0xff, 0xf2, 0xf, 0xff,
    0xa4, 0xff, 0xfa, 0x0, 0x5f, 0xfe, 0x0, 0x0,
    0xaf, 0xff, 0x80, 0xf, 0xff, 0xa0, 0x9f, 0xff,
    0x30, 0x5f, 0xfe, 0x0, 0x5, 0xff, 0xfd, 0x55,
    0x6f, 0xff, 0x90, 0xe, 0xff, 0xc0, 0x5f, 0xfe,
    0x0, 0x0, 0x5f, 0xf2, 0x7f, 0xff, 0xff, 0x70,
    0x7, 0xf9, 0x10, 0x5f, 0xfe, 0x0, 0x0, 0x2,
    0x40, 0x1f, 0xff, 0xff, 0x30, 0x0, 0x20, 0x0,
    0x5f, 0xfe, 0x0, 0x0, 0x0, 0x0, 0xc, 0xfe,
    0xa3, 0x0, 0x0, 0x0, 0x0,

    /* U+9700 "需" */
    0x0, 0x77, 0x77, 0x77, 0x77, 0x77, 0x77, 0x77,
    0x77, 0x77, 0x72, 0x0, 0x0, 0xff, 0xff, 0xff,
    0xff, 0xff, 0xff, 0xff, 0xff, 0xff, 0xf5, 0x0,
    0x0, 0xff, 0xff, 0xff, 0xff, 0xff, 0xff, 0xff,
    0xff, 0xff, 0xf5, 0x0, 0x0, 0x55, 0x55, 0x55,
    0x56, 0xff, 0xfb, 0x55, 0x55, 0x55, 0x52, 0x0,
    0xef, 0xff, 0xff, 0xff, 0xff, 0xff, 0xff, 0xff,
    0xff, 0xff, 0xff, 0xf6, 0xef, 0xff, 0xff, 0xff,
    0xff, 0xff, 0xff, 0xff, 0xff, 0xff, 0xff, 0xf6,
    0xef, 0xfa, 0x66, 0x66, 0x67, 0xff, 0xfb, 0x66,
    0x66, 0x67, 0xff, 0xf6, 0xef, 0xf6, 0xef, 0xff,
    0xf5, 0xff, 0xf8, 0xcf, 0xff, 0xf4, 0xff, 0xf6,
    0xef, 0xf6, 0xef, 0xff, 0xf5, 0xff, 0xf8, 0xcf,
    0xff, 0xf4, 0xff, 0xf6, 0x55, 0x53, 0x66, 0x66,
    0x62, 0xff, 0xf8, 0x56, 0x66, 0x63, 0x55, 0x52,
    0x0, 0x7, 0xff, 0xff, 0xf5, 0xff, 0xf8, 0xcf,
    0xff, 0xfd, 0x0, 0x0, 0x0, 0x7, 0xff, 0xff,
    0xf5, 0xee, 0xe7, 0xcf, 0xff, 0xfd, 0x0, 0x0,
    0x77, 0x77, 0x77, 0x77, 0x77, 0x77, 0x77, 0x77,
    0x77, 0x77, 0x77, 0x73, 0xef, 0xff, 0xff, 0xff,
    0xff, 0xff, 0xff, 0xff, 0xff, 0xff, 0xff, 0xf6,
    0xef, 0xff, 0xff, 0xff, 0xff, 0xff, 0xff, 0xff,
    0xff, 0xff, 0xff, 0xf6, 0x34, 0x44, 0x44, 0x44,
    0x48, 0xff, 0xf8, 0x44, 0x44, 0x44, 0x44, 0x41,
    0x0, 0xdd, 0xdd, 0xdd, 0xde, 0xff, 0xfe, 0xdd,
    0xdd, 0xdd, 0xdd, 0x10, 0x0, 0xff, 0xff, 0xff,
    0xff, 0xff, 0xff, 0xff, 0xff, 0xff, 0xff, 0x10,
    0x0, 0xff, 0xff, 0xff, 0xff, 0xff, 0xff, 0xff,
    0xff, 0xff, 0xff, 0x10, 0x0, 0xff, 0xf8, 0x8,
    0xff, 0xe0, 0xf, 0xff, 0x60, 0x9f, 0xff, 0x10,
    0x0, 0xff, 0xf8, 0x7, 0xff, 0xe0, 0xf, 0xff,
    0x60, 0x9f, 0xff, 0x10, 0x0, 0xff, 0xf8, 0x7,
    0xff, 0xe0, 0xf, 0xff, 0xaf, 0xff, 0xff, 0x0,
    0x0, 0xff, 0xf8, 0x7, 0xff, 0xe0, 0xf, 0xff,
    0x6e, 0xff, 0xfc, 0x0, 0x0, 0xff, 0xf8, 0x7,
    0xee, 0xd0, 0xe, 0xee, 0x59, 0xfe, 0xa1, 0x0,
    0x0, 0x0, 0x0, 0x0, 0x0, 0x0, 0x0, 0x0,
    0x0, 0x0, 0x0, 0x0,

    /* U+9762 "面" */
    0xcf, 0xff, 0xff, 0xff, 0xff, 0xff, 0xff, 0xff,
    0xff, 0xff, 0xff, 0xfe, 0xdf, 0xff, 0xff, 0xff,
    0xff, 0xff, 0xff, 0xff, 0xff, 0xff, 0xff, 0xfe,
    0xdf, 0xff, 0xff, 0xff, 0xff, 0xff, 0xff, 0xff,
    0xff, 0xff, 0xff, 0xfe, 0x89, 0x99, 0x99, 0x99,
    0x9d, 0xff, 0xfd, 0x99, 0x99, 0x99, 0x99, 0x99,
    0x0, 0x0, 0x0, 0x0, 0xb, 0xff, 0xf7, 0x0,
    0x0, 0x0, 0x0, 0x0, 0x6, 0x77, 0x77, 0x77,
    0x7e, 0xff, 0xf9, 0x77, 0x77, 0x77, 0x77, 0x60,
    0xc, 0xff, 0xff, 0xff, 0xff, 0xff, 0xff, 0xff,
    0xff, 0xff, 0xff, 0xc0, 0xc, 0xff, 0xff, 0xff,
    0xff, 0xff, 0xff, 0xff, 0xff, 0xff, 0xff, 0xc0,
    0xc, 0xff, 0xff, 0xff, 0xff, 0xff, 0xff, 0xff,
    0xff, 0xff, 0xff, 0xc0, 0xc, 0xff, 0xd0, 0x1f,
    0xff, 0x30, 0x9, 0xff, 0xc0, 0xf, 0xff, 0xc0,
    0xc, 0xff, 0xd0, 0x1f, 0xff, 0xed, 0xdf, 0xff,
    0xc0, 0xf, 0xff, 0xc0, 0xc, 0xff, 0xd0, 0x1f,
    0xff, 0xff, 0xff, 0xff, 0xc0, 0xf, 0xff, 0xc0,
    0xc, 0xff, 0xd0, 0x1f, 0xff, 0xff, 0xff, 0xff,
    0xc0, 0xf, 0xff, 0xc0, 0xc, 0xff, 0xd0, 0x1f,
    0xff, 0x40, 0xa, 0xff, 0xc0, 0xf, 0xff, 0xc0,
    0xc, 0xff, 0xd0, 0x1f, 0xff, 0xcb, 0xbe, 0xff,
    0xc0, 0xf, 0xff, 0xc0, 0xc, 0xff, 0xd0, 0x1f,
    0xff, 0xff, 0xff, 0xff, 0xc0, 0xf, 0xff, 0xc0,
    0xc, 0xff, 0xd0, 0x1f, 0xff, 0xff, 0xff, 0xff,
    0xc0, 0xf, 0xff, 0xc0, 0xc, 0xff, 0xd0, 0x1f,
    0xff, 0x52, 0x2b, 0xff, 0xc0, 0xf, 0xff, 0xc0,
    0xc, 0xff, 0xe4, 0x5f, 0xff, 0x74, 0x4b, 0xff,
    0xd4, 0x5f, 0xff, 0xc0, 0xc, 0xff, 0xff, 0xff,
    0xff, 0xff, 0xff, 0xff, 0xff, 0xff, 0xff, 0xc0,
    0xc, 0xff, 0xff, 0xff, 0xff, 0xff, 0xff, 0xff,
    0xff, 0xff, 0xff, 0xc0, 0xc, 0xff, 0xff, 0xff,
    0xff, 0xff, 0xff, 0xff, 0xff, 0xff, 0xff, 0xc0,
    0xc, 0xff, 0xd2, 0x22, 0x22, 0x22, 0x22, 0x22,
    0x22, 0x3f, 0xff, 0xc0,

    /* U+9875 "页" */
    0x1, 0x11, 0x11, 0x11, 0x11, 0x11, 0x11, 0x11,
    0x11, 0x11, 0x11, 0x11, 0x2, 0xff, 0xff, 0xff,
    0xff, 0xff, 0xff, 0xff, 0xff, 0xff, 0xff, 0xff,
    0xc0, 0x2f, 0xff, 0xff, 0xff, 0xff, 0xff, 0xff,
    0xff, 0xff, 0xff, 0xff, 0xfc, 0x2, 0xff, 0xff,
    0xff, 0xff, 0xff, 0xff, 0xff, 0xff, 0xff, 0xff,
    0xff, 0xc0, 0x5, 0x55, 0x55, 0x55, 0x5c, 0xff,
    0xfa, 0x55, 0x55, 0x55, 0x55, 0x54, 0x0, 0x0,
    0x0, 0x0, 0x0, 0xdf, 0xff, 0x10, 0x0, 0x0,
    0x0, 0x0, 0x0, 0x0, 0x17, 0x77, 0x77, 0x8f,
    0xff, 0xe7, 0x77, 0x77, 0x77, 0x77, 0x10, 0x0,
    0x3, 0xff, 0xff, 0xff, 0xff, 0xff, 0xff, 0xff,
    0xff, 0xff, 0xf2, 0x0, 0x0, 0x3f, 0xff, 0xff,
    0xff, 0xff, 0xff, 0xff, 0xff, 0xff, 0xff, 0x20,
    0x0, 0x3, 0xff, 0xff, 0xff, 0xff, 0xff, 0xff,
    0xff, 0xff, 0xff, 0xf2, 0x0, 0x0, 0x3f, 0xff,
    0x90, 0x0, 0x34, 0x44, 0x10, 0x0, 0xef, 0xff,
    0x20, 0x0, 0x3, 0xff, 0xf9, 0x0, 0xa, 0xff,
    0xf4, 0x0, 0xe, 0xff, 0xf2, 0x0, 0x0, 0x3f,
    0xff, 0x90, 0x0, 0xaf, 0xff, 0x40, 0x0, 0xef,
    0xff, 0x20, 0x0, 0x3, 0xff, 0xf9, 0x0, 0xa,
    0xff, 0xf4, 0x0, 0xe, 0xff, 0xf2, 0x0, 0x0,
    0x3f, 0xff, 0x90, 0x0, 0xaf, 0xff, 0x40, 0x0,
    0xef, 0xff, 0x20, 0x0, 0x3, 0xff, 0xf9, 0x0,
    0xb, 0xff, 0xf4, 0x0, 0xe, 0xff, 0xf2, 0x0,
    0x0, 0x3f, 0xff, 0x90, 0x0, 0xef, 0xff, 0x20,
    0x0, 0xef, 0xff, 0x20, 0x0, 0x3, 0xff, 0xf9,
    0x0, 0x4f, 0xff, 0xe1, 0x71, 0xe, 0xff, 0xf2,
    0x0, 0x0, 0x29, 0x99, 0x50, 0x3e, 0xff, 0xf9,
    0xcf, 0xfa, 0xa7, 0x77, 0x10, 0x0, 0x0, 0x0,
    0x1, 0x9f, 0xff, 0xfe, 0xbf, 0xff, 0xff, 0xc4,
    0x0, 0x0, 0x0, 0x1, 0x5a, 0xff, 0xff, 0xff,
    0x33, 0xaf, 0xff, 0xff, 0xfd, 0x50, 0x5, 0x9c,
    0xff, 0xff, 0xff, 0xfc, 0x20, 0x0, 0x29, 0xff,
    0xff, 0xff, 0xb1, 0x3f, 0xff, 0xff, 0xff, 0xd6,
    0x0, 0x0, 0x0, 0x1, 0x9f, 0xff, 0xfb, 0x0,
    0x5f, 0xff, 0xfa, 0x40, 0x0, 0x0, 0x0, 0x0,
    0x0, 0x2b, 0xfe, 0x10, 0x0, 0x87, 0x30, 0x0,
    0x0, 0x0, 0x0, 0x0, 0x0, 0x0, 0x5, 0x30,
    0x0,

    /* U+9897 "颗" */
    0x3, 0x66, 0x66, 0x66, 0x66, 0x66, 0x52, 0x44,
    0x44, 0x44, 0x44, 0x44, 0x41, 0x7, 0xff, 0xff,
    0xff, 0xff, 0xff, 0xc9, 0xff, 0xff, 0xff, 0xff,
    0xff, 0xf3, 0x7, 0xff, 0xff, 0xff, 0xff, 0xff,
    0xc9, 0xff, 0xff, 0xff, 0xff, 0xff, 0xf3, 0x7,
    0xff, 0x88, 0xff, 0xd6, 0xff, 0xc9, 0xff, 0xff,
    0xff, 0xff, 0xff, 0xf3, 0x7, 0xff, 0x99, 0xff,
    0xd8, 0xff, 0xc0, 0x0, 0xc, 0xff, 0x80, 0x0,
    0x0, 0x7, 0xff, 0xff, 0xff, 0xff, 0xff, 0xc4,
    0xff, 0xff, 0xff, 0xff, 0xff, 0xb0, 0x7, 0xff,
    0xff, 0xff, 0xff, 0xff, 0xc4, 0xff, 0xff, 0xff,
    0xff, 0xff, 0xc0, 0x7, 0xff, 0x77, 0xff, 0xc4,
    0xff, 0xc4, 0xff, 0xfd, 0xcc, 0xce, 0xff, 0xc0,
    0x7, 0xff, 0x99, 0xff, 0xd8, 0xff, 0xc4, 0xff,
    0xf2, 0x66, 0x49, 0xff, 0xc0, 0x7, 0xff, 0xff,
    0xff, 0xff, 0xff, 0xc4, 0xff, 0xf4, 0xff, 0xc9,
    0xff, 0xc0, 0x7, 0xff, 0xff, 0xff, 0xff, 0xff,
    0xc4, 0xff, 0xf4, 0xff, 0xc9, 0xff, 0xc0, 0x2,
    0x44, 0x49, 0xff, 0xd4, 0x44, 0x34, 0xff, 0xf4,
    0xff, 0xc9, 0xff, 0xc0, 0x6, 0x66, 0x6a, 0xff,
    0xe6, 0x66, 0x65, 0xff, 0xf4, 0xff, 0xc9, 0xff,
    0xc0, 0xf, 0xff, 0xff, 0xff, 0xff, 0xff, 0xf8,
    0xff, 0xf4, 0xff, 0xc9, 0xff, 0xc0, 0xf, 0xff,
    0xff, 0xff, 0xff, 0xff, 0xf8, 0xff, 0xf4, 0xff,
    0xc9, 0xff, 0xc0, 0xa, 0xaa, 0xcf, 0xff, 0xfc,
    0xaa, 0xa7, 0xff, 0xf5, 0xff, 0xb9, 0xff, 0xc0,
    0x0, 0x0, 0xcf, 0xff, 0xfe, 0x50, 0x4, 0xff,
    0xf7, 0xff, 0xa9, 0xff, 0xc0, 0x0, 0xa, 0xff,
    0xff, 0xff, 0xf9, 0x4, 0xff, 0xfc, 0xff, 0x79,
    0xff, 0xc0, 0x0, 0xaf, 0xff, 0xff, 0xff, 0xff,
    0xd3, 0xbb, 0xcf, 0xff, 0x6a, 0xbb, 0x80, 0x1c,
    0xff, 0xfe, 0xff, 0xc7, 0xff, 0x80, 0x0, 0xcf,
    0xff, 0xef, 0x80, 0x0, 0x1e, 0xff, 0xa6, 0xff,
    0xc0, 0x5b, 0x0, 0x2c, 0xff, 0xfb, 0xff, 0xfd,
    0x30, 0x5, 0xfa, 0x6, 0xff, 0xc0, 0x0, 0x29,
    0xff, 0xff, 0x60, 0x4e, 0xff, 0xf5, 0x0, 0x60,
    0x6, 0xff, 0xc0, 0x0, 0xaf, 0xff, 0xe5, 0x0,
    0x1, 0xcf, 0xf4, 0x0, 0x0, 0x6, 0xff, 0xc0,
    0x0, 0xb, 0xe8, 0x0, 0x0, 0x0, 0xa, 0x60,
    0x0, 0x0, 0x0, 0x0, 0x0, 0x0, 0x0, 0x0,
    0x0, 0x0, 0x0, 0x0, 0x0,

    /* U+FF01 "！" */
    0x7, 0x77, 0x77, 0x0, 0xff, 0xff, 0xf0, 0xf,
    0xff, 0xff, 0x0, 0xff, 0xff, 0xe0, 0xe, 0xff,
    0xfe, 0x0, 0xdf, 0xff, 0xd0, 0xb, 0xff, 0xfb,
    0x0, 0xaf, 0xff, 0xa0, 0x8, 0xff, 0xf8, 0x0,
    0x7f, 0xff, 0x70, 0x5, 0xff, 0xf5, 0x0, 0x4f,
    0xff, 0x40, 0x2, 0xff, 0xf2, 0x0, 0x0, 0x0,
    0x0, 0x0, 0x0, 0x0, 0x0, 0x2b, 0xeb, 0x20,
    0xd, 0xff, 0xfd, 0x1, 0xff, 0xff, 0xf1, 0xf,
    0xff, 0xff, 0x0, 0x6f, 0xff, 0x60, 0x0, 0x14,
    0x10, 0x0,

    /* U+FF08 "（" */
    0x0, 0x0, 0x2, 0x20, 0x0, 0x0, 0x1, 0xdf,
    0xb4, 0x0, 0x0, 0xcf, 0xff, 0x50, 0x0, 0x7f,
    0xff, 0x80, 0x0, 0x1f, 0xff, 0xd0, 0x0, 0x9,
    0xff, 0xf4, 0x0, 0x0, 0xff, 0xfb, 0x0, 0x0,
    0x4f, 0xff, 0x50, 0x0, 0x9, 0xff, 0xf0, 0x0,
    0x0, 0xdf, 0xfb, 0x0, 0x0, 0xf, 0xff, 0x90,
    0x0, 0x1, 0xff, 0xf7, 0x0, 0x0, 0x2f, 0xff,
    0x50, 0x0, 0x3, 0xff, 0xf5, 0x0, 0x0, 0x1f,
    0xff, 0x70, 0x0, 0x0, 0xff, 0xf8, 0x0, 0x0,
    0xe, 0xff, 0xa0, 0x0, 0x0, 0xbf, 0xfe, 0x0,
    0x0, 0x5, 0xff, 0xf4, 0x0, 0x0, 0x1f, 0xff,
    0x90, 0x0, 0x0, 0xbf, 0xff, 0x20, 0x0, 0x2,
    0xff, 0xfb, 0x0, 0x0, 0x9, 0xff, 0xf5, 0x0,
    0x0, 0x1e, 0xff, 0xf2, 0x0, 0x0, 0x3f, 0xfe,
    0x70, 0x0, 0x0, 0x46, 0x0,

    /* U+FF09 "）" */
    0x0, 0x22, 0x0, 0x0, 0x4, 0xbf, 0xd1, 0x0,
    0x0, 0x5f, 0xff, 0xc0, 0x0, 0x0, 0x8f, 0xff,
    0x70, 0x0, 0x0, 0xdf, 0xff, 0x10, 0x0, 0x4,
    0xff, 0xf9, 0x0, 0x0, 0xb, 0xff, 0xf0, 0x0,
    0x0, 0x5f, 0xff, 0x40, 0x0, 0x0, 0xff, 0xf9,
    0x0, 0x0, 0xb, 0xff, 0xd0, 0x0, 0x0, 0x9f,
    0xff, 0x0, 0x0, 0x7, 0xff, 0xf0, 0x0, 0x0,
    0x6f, 0xff, 0x20, 0x0, 0x5, 0xff, 0xf3, 0x0,
    0x0, 0x7f, 0xff, 0x10, 0x0, 0x9, 0xff, 0xf0,
    0x0, 0x0, 0xaf, 0xfd, 0x0, 0x0, 0xe, 0xff,
    0xb0, 0x0, 0x4, 0xff, 0xf5, 0x0, 0x0, 0xaf,
    0xff, 0x10, 0x0, 0x2f, 0xff, 0xb0, 0x0, 0xb,
    0xff, 0xf2, 0x0, 0x5, 0xff, 0xf9, 0x0, 0x2,
    0xff, 0xfe, 0x10, 0x0, 0x7e, 0xff, 0x30, 0x0,
    0x0, 0x6, 0x40, 0x0, 0x0,

    /* U+FF0C "，" */
    0x0, 0x4, 0x30, 0x0, 0x3, 0xef, 0xfd, 0x10,
    0xc, 0xff, 0xff, 0xa0, 0xe, 0xff, 0xff, 0xf0,
    0x9, 0xff, 0xff, 0xf0, 0x0, 0x8c, 0xff, 0xe0,
    0x0, 0x4, 0xff, 0xb0, 0x0, 0x4e, 0xff, 0x40,
    0x2b, 0xff, 0xfa, 0x0, 0x1f, 0xff, 0x90, 0x0,
    0xa, 0xb4, 0x0, 0x0, 0x0, 0x0, 0x0, 0x0,

    /* U+FF1A "：" */
    0x0, 0x25, 0x30, 0x0, 0x7f, 0xff, 0x80, 0x1f,
    0xff, 0xff, 0x12, 0xff, 0xff, 0xf3, 0xe, 0xff,
    0xfe, 0x0, 0x3c, 0xfd, 0x30, 0x0, 0x0, 0x0,
    0x0, 0x0, 0x0, 0x0, 0x0, 0x0, 0x0, 0x0,
    0x0, 0x0, 0x0, 0x0, 0x0, 0x0, 0x0, 0x0,
    0x0, 0x0, 0x0, 0x2, 0x0, 0x0, 0x4e, 0xff,
    0x50, 0xf, 0xff, 0xff, 0x2, 0xff, 0xff, 0xf3,
    0xf, 0xff, 0xff, 0x10, 0x5f, 0xff, 0x60, 0x0,
    0x13, 0x10, 0x0,

    /* U+FF1F "？" */
    0x0, 0x1, 0x6a, 0xba, 0x82, 0x0, 0x0, 0x7,
    0xff, 0xff, 0xff, 0xf9, 0x0, 0xa, 0xff, 0xff,
    0xff, 0xff, 0xf7, 0x0, 0x9f, 0xff, 0xff, 0xff,
    0xff, 0xf0, 0x0, 0x8f, 0x71, 0x29, 0xff, 0xff,
    0x30, 0x0, 0x20, 0x0, 0x1f, 0xff, 0xf5, 0x0,
    0x0, 0x0, 0x3, 0xff, 0xff, 0x30, 0x0, 0x0,
    0x0, 0xcf, 0xff, 0xc0, 0x0, 0x0, 0x0, 0xcf,
    0xff, 0xe1, 0x0, 0x0, 0x0, 0x9f, 0xff, 0xe2,
    0x0, 0x0, 0x0, 0x4f, 0xff, 0xf3, 0x0, 0x0,
    0x0, 0xa, 0xff, 0xf8, 0x0, 0x0, 0x0, 0x0,
    0xcf, 0xff, 0x50, 0x0, 0x0, 0x0, 0x0, 0x11,
    0x10, 0x0, 0x0, 0x0, 0x0, 0x0, 0x0, 0x0,
    0x0, 0x0, 0x0, 0x4, 0xce, 0x90, 0x0, 0x0,
    0x0, 0x2, 0xff, 0xff, 0x90, 0x0, 0x0, 0x0,
    0x5f, 0xff, 0xfd, 0x0, 0x0, 0x0, 0x3, 0xff,
    0xff, 0xb0, 0x0, 0x0, 0x0, 0x9, 0xff, 0xe2,
    0x0, 0x0, 0x0, 0x0, 0x2, 0x40, 0x0, 0x0,
    0x0
};


/*---------------------
 *  GLYPH DESCRIPTION
 *--------------------*/

static const lv_font_fmt_txt_glyph_dsc_t glyph_dsc[] = {
    {.bitmap_index = 0, .adv_w = 0, .box_w = 0, .box_h = 0, .ofs_x = 0, .ofs_y = 0} /* id = 0 reserved */,
    {.bitmap_index = 0, .adv_w = 95, .box_w = 0, .box_h = 0, .ofs_x = 0, .ofs_y = 0},
    {.bitmap_index = 0, .adv_w = 165, .box_w = 6, .box_h = 20, .ofs_x = 2, .ofs_y = 0},
    {.bitmap_index = 60, .adv_w = 262, .box_w = 13, .box_h = 11, .ofs_x = 2, .ofs_y = 10},
    {.bitmap_index = 132, .adv_w = 253, .box_w = 14, .box_h = 19, .ofs_x = 1, .ofs_y = 0},
    {.bitmap_index = 265, .adv_w = 253, .box_w = 14, .box_h = 25, .ofs_x = 1, .ofs_y = -3},
    {.bitmap_index = 440, .adv_w = 410, .box_w = 25, .box_h = 19, .ofs_x = 0, .ofs_y = 0},
    {.bitmap_index = 678, .adv_w = 322, .box_w = 20, .box_h = 19, .ofs_x = 0, .ofs_y = 0},
    {.bitmap_index = 868, .adv_w = 146, .box_w = 5, .box_h = 11, .ofs_x = 2, .ofs_y = 10},
    {.bitmap_index = 896, .adv_w = 166, .box_w = 7, .box_h = 28, .ofs_x = 2, .ofs_y = -6},
    {.bitmap_index = 994, .adv_w = 166, .box_w = 8, .box_h = 28, .ofs_x = 1, .ofs_y = -6},
    {.bitmap_index = 1106, .adv_w = 220, .box_w = 12, .box_h = 11, .ofs_x = 1, .ofs_y = 10},
    {.bitmap_index = 1172, .adv_w = 253, .box_w = 14, .box_h = 14, .ofs_x = 1, .ofs_y = 3},
    {.bitmap_index = 1270, .adv_w = 146, .box_w = 7, .box_h = 13, .ofs_x = 1, .ofs_y = -7},
    {.bitmap_index = 1316, .adv_w = 159, .box_w = 8, .box_h = 4, .ofs_x = 1, .ofs_y = 6},
    {.bitmap_index = 1332, .adv_w = 146, .box_w = 7, .box_h = 6, .ofs_x = 1, .ofs_y = 0},
    {.bitmap_index = 1353, .adv_w = 160, .box_w = 10, .box_h = 26, .ofs_x = 0, .ofs_y = -5},
    {.bitmap_index = 1483, .adv_w = 253, .box_w = 14, .box_h = 19, .ofs_x = 1, .ofs_y = 0},
    {.bitmap_index = 1616, .adv_w = 253, .box_w = 13, .box_h = 19, .ofs_x = 2, .ofs_y = 0},
    {.bitmap_index = 1740, .adv_w = 253, .box_w = 15, .box_h = 19, .ofs_x = 0, .ofs_y = 0},
    {.bitmap_index = 1883, .adv_w = 253, .box_w = 15, .box_h = 19, .ofs_x = 0, .ofs_y = 0},
    {.bitmap_index = 2026, .adv_w = 253, .box_w = 16, .box_h = 19, .ofs_x = 0, .ofs_y = 0},
    {.bitmap_index = 2178, .adv_w = 253, .box_w = 15, .box_h = 19, .ofs_x = 0, .ofs_y = 0},
    {.bitmap_index = 2321, .adv_w = 253, .box_w = 14, .box_h = 19, .ofs_x = 1, .ofs_y = 0},
    {.bitmap_index = 2454, .adv_w = 253, .box_w = 14, .box_h = 19, .ofs_x = 1, .ofs_y = 0},
    {.bitmap_index = 2587, .adv_w = 253, .box_w = 14, .box_h = 19, .ofs_x = 1, .ofs_y = 0},
    {.bitmap_index = 2720, .adv_w = 253, .box_w = 15, .box_h = 19, .ofs_x = 0, .ofs_y = 0},
    {.bitmap_index = 2863, .adv_w = 146, .box_w = 7, .box_h = 15, .ofs_x = 1, .ofs_y = 0},
    {.bitmap_index = 2916, .adv_w = 146, .box_w = 7, .box_h = 22, .ofs_x = 1, .ofs_y = -7},
    {.bitmap_index = 2993, .adv_w = 253, .box_w = 14, .box_h = 15, .ofs_x = 1, .ofs_y = 2},
    {.bitmap_index = 3098, .adv_w = 253, .box_w = 14, .box_h = 11, .ofs_x = 1, .ofs_y = 4},
    {.bitmap_index = 3175, .adv_w = 253, .box_w = 14, .box_h = 15, .ofs_x = 1, .ofs_y = 2},
    {.bitmap_index = 3280, .adv_w = 223, .box_w = 12, .box_h = 21, .ofs_x = 1, .ofs_y = 0},
    {.bitmap_index = 3406, .adv_w = 433, .box_w = 25, .box_h = 24, .ofs_x = 1, .ofs_y = -5},
    {.bitmap_index = 3706, .adv_w = 275, .box_w = 19, .box_h = 19, .ofs_x = -1, .ofs_y = 0},
    {.bitmap_index = 3887, .adv_w = 289, .box_w = 16, .box_h = 19, .ofs_x = 2, .ofs_y = 0},
    {.bitmap_index = 4039, .adv_w = 277, .box_w = 16, .box_h = 19, .ofs_x = 1, .ofs_y = 0},
    {.bitmap_index = 4191, .adv_w = 303, .box_w = 16, .box_h = 19, .ofs_x = 2, .ofs_y = 0},
    {.bitmap_index = 4343, .adv_w = 262, .box_w = 13, .box_h = 19, .ofs_x = 2, .ofs_y = 0},
    {.bitmap_index = 4467, .adv_w = 251, .box_w = 13, .box_h = 19, .ofs_x = 2, .ofs_y = 0},
    {.bitmap_index = 4591, .adv_w = 305, .box_w = 17, .box_h = 19, .ofs_x = 1, .ofs_y = 0},
    {.bitmap_index = 4753, .adv_w = 322, .box_w = 16, .box_h = 19, .ofs_x = 2, .ofs_y = 0},
    {.bitmap_index = 4905, .adv_w = 146, .box_w = 5, .box_h = 19, .ofs_x = 2, .ofs_y = 0},
    {.bitmap_index = 4953, .adv_w = 244, .box_w = 14, .box_h = 19, .ofs_x = 0, .ofs_y = 0},
    {.bitmap_index = 5086, .adv_w = 295, .box_w = 17, .box_h = 19, .ofs_x = 2, .ofs_y = 0},
    {.bitmap_index = 5248, .adv_w = 249, .box_w = 13, .box_h = 19, .ofs_x = 2, .ofs_y = 0},
    {.bitmap_index = 5372, .adv_w = 365, .box_w = 19, .box_h = 19, .ofs_x = 2, .ofs_y = 0},
    {.bitmap_index = 5553, .adv_w = 318, .box_w = 16, .box_h = 19, .ofs_x = 2, .ofs_y = 0},
    {.bitmap_index = 5705, .adv_w = 327, .box_w = 19, .box_h = 19, .ofs_x = 1, .ofs_y = 0},
    {.bitmap_index = 5886, .adv_w = 286, .box_w = 15, .box_h = 19, .ofs_x = 2, .ofs_y = 0},
    {.bitmap_index = 6029, .adv_w = 327, .box_w = 20, .box_h = 24, .ofs_x = 1, .ofs_y = -5},
    {.bitmap_index = 6269, .adv_w = 295, .box_w = 16, .box_h = 19, .ofs_x = 2, .ofs_y = 0},
    {.bitmap_index = 6421, .adv_w = 266, .box_w = 15, .box_h = 19, .ofs_x = 1, .ofs_y = 0},
    {.bitmap_index = 6564, .adv_w = 266, .box_w = 16, .box_h = 19, .ofs_x = 0, .ofs_y = 0},
    {.bitmap_index = 6716, .adv_w = 317, .box_w = 16, .box_h = 19, .ofs_x = 2, .ofs_y = 0},
    {.bitmap_index = 6868, .adv_w = 267, .box_w = 18, .box_h = 19, .ofs_x = -1, .ofs_y = 0},
    {.bitmap_index = 7039, .adv_w = 389, .box_w = 24, .box_h = 19, .ofs_x = 0, .ofs_y = 0},
    {.bitmap_index = 7267, .adv_w = 273, .box_w = 17, .box_h = 19, .ofs_x = 0, .ofs_y = 0},
    {.bitmap_index = 7429, .adv_w = 253, .box_w = 18, .box_h = 19, .ofs_x = -1, .ofs_y = 0},
    {.bitmap_index = 7600, .adv_w = 258, .box_w = 15, .box_h = 19, .ofs_x = 1, .ofs_y = 0},
    {.bitmap_index = 7743, .adv_w = 166, .box_w = 7, .box_h = 26, .ofs_x = 2, .ofs_y = -4},
    {.bitmap_index = 7834, .adv_w = 160, .box_w = 10, .box_h = 26, .ofs_x = 0, .ofs_y = -5},
    {.bitmap_index = 7964, .adv_w = 166, .box_w = 7, .box_h = 26, .ofs_x = 1, .ofs_y = -4},
    {.bitmap_index = 8055, .adv_w = 253, .box_w = 14, .box_h = 12, .ofs_x = 1, .ofs_y = 8},
    {.bitmap_index = 8139, .adv_w = 238, .box_w = 15, .box_h = 3, .ofs_x = 0, .ofs_y = -4},
    {.bitmap_index = 8162, .adv_w = 265, .box_w = 9, .box_h = 6, .ofs_x = 2, .ofs_y = 17},
    {.bitmap_index = 8189, .adv_w = 252, .box_w = 14, .box_h = 15, .ofs_x = 1, .ofs_y = 0},
    {.bitmap_index = 8294, .adv_w = 274, .box_w = 15, .box_h = 21, .ofs_x = 1, .ofs_y = 0},
    {.bitmap_index = 8452, .adv_w = 223, .box_w = 13, .box_h = 15, .ofs_x = 1, .ofs_y = 0},
    {.bitmap_index = 8550, .adv_w = 274, .box_w = 15, .box_h = 21, .ofs_x = 1, .ofs_y = 0},
    {.bitmap_index = 8708, .adv_w = 248, .box_w = 14, .box_h = 15, .ofs_x = 1, .ofs_y = 0},
    {.bitmap_index = 8813, .adv_w = 166, .box_w = 12, .box_h = 21, .ofs_x = 0, .ofs_y = 0},
    {.bitmap_index = 8939, .adv_w = 256, .box_w = 16, .box_h = 20, .ofs_x = 0, .ofs_y = -5},
    {.bitmap_index = 9099, .adv_w = 274, .box_w = 15, .box_h = 21, .ofs_x = 1, .ofs_y = 0},
    {.bitmap_index = 9257, .adv_w = 134, .box_w = 6, .box_h = 22, .ofs_x = 1, .ofs_y = 0},
    {.bitmap_index = 9323, .adv_w = 134, .box_w = 9, .box_h = 27, .ofs_x = -2, .ofs_y = -5},
    {.bitmap_index = 9445, .adv_w = 264, .box_w = 16, .box_h = 21, .ofs_x = 1, .ofs_y = 0},
    {.bitmap_index = 9613, .adv_w = 138, .box_w = 8, .box_h = 21, .ofs_x = 1, .ofs_y = 0},
    {.bitmap_index = 9697, .adv_w = 410, .box_w = 23, .box_h = 15, .ofs_x = 1, .ofs_y = 0},
    {.bitmap_index = 9870, .adv_w = 274, .box_w = 15, .box_h = 15, .ofs_x = 1, .ofs_y = 0},
    {.bitmap_index = 9983, .adv_w = 265, .box_w = 15, .box_h = 15, .ofs_x = 1, .ofs_y = 0},
    {.bitmap_index = 10096, .adv_w = 274, .box_w = 15, .box_h = 20, .ofs_x = 1, .ofs_y = -5},
    {.bitmap_index = 10246, .adv_w = 274, .box_w = 15, .box_h = 20, .ofs_x = 1, .ofs_y = -5},
    {.bitmap_index = 10396, .adv_w = 193, .box_w = 12, .box_h = 15, .ofs_x = 1, .ofs_y = 0},
    {.bitmap_index = 10486, .adv_w = 212, .box_w = 13, .box_h = 15, .ofs_x = 0, .ofs_y = 0},
    {.bitmap_index = 10584, .adv_w = 185, .box_w = 12, .box_h = 19, .ofs_x = 0, .ofs_y = 0},
    {.bitmap_index = 10698, .adv_w = 272, .box_w = 15, .box_h = 15, .ofs_x = 1, .ofs_y = 0},
    {.bitmap_index = 10811, .adv_w = 253, .box_w = 16, .box_h = 15, .ofs_x = 0, .ofs_y = 0},
    {.bitmap_index = 10931, .adv_w = 373, .box_w = 23, .box_h = 15, .ofs_x = 0, .ofs_y = 0},
    {.bitmap_index = 11104, .adv_w = 249, .box_w = 16, .box_h = 15, .ofs_x = 0, .ofs_y = 0},
    {.bitmap_index = 11224, .adv_w = 251, .box_w = 16, .box_h = 20, .ofs_x = 0, .ofs_y = -5},
    {.bitmap_index = 11384, .adv_w = 221, .box_w = 13, .box_h = 15, .ofs_x = 1, .ofs_y = 0},
    {.bitmap_index = 11482, .adv_w = 166, .box_w = 9, .box_h = 26, .ofs_x = 0, .ofs_y = -4},
    {.bitmap_index = 11599, .adv_w = 129, .box_w = 4, .box_h = 30, .ofs_x = 2, .ofs_y = -7},
    {.bitmap_index = 11659, .adv_w = 166, .box_w = 9, .box_h = 26, .ofs_x = 1, .ofs_y = -4},
    {.bitmap_index = 11776, .adv_w = 253, .box_w = 15, .box_h = 6, .ofs_x = 0, .ofs_y = 7},
    {.bitmap_index = 11821, .adv_w = 416, .box_w = 8, .box_h = 8, .ofs_x = 9, .ofs_y = 6},
    {.bitmap_index = 11853, .adv_w = 416, .box_w = 18, .box_h = 18, .ofs_x = 4, .ofs_y = 1},
    {.bitmap_index = 12015, .adv_w = 416, .box_w = 22, .box_h = 5, .ofs_x = 2, .ofs_y = 7},
    {.bitmap_index = 12070, .adv_w = 416, .box_w = 26, .box_h = 22, .ofs_x = 0, .ofs_y = 0},
    {.bitmap_index = 12356, .adv_w = 416, .box_w = 26, .box_h = 22, .ofs_x = 0, .ofs_y = -2},
    {.bitmap_index = 12642, .adv_w = 416, .box_w = 26, .box_h = 24, .ofs_x = 0, .ofs_y = -2},
    {.bitmap_index = 12954, .adv_w = 416, .box_w = 26, .box_h = 24, .ofs_x = 0, .ofs_y = -2},
    {.bitmap_index = 13266, .adv_w = 416, .box_w = 10, .box_h = 9, .ofs_x = 0, .ofs_y = -2},
    {.bitmap_index = 13311, .adv_w = 416, .box_w = 24, .box_h = 25, .ofs_x = 2, .ofs_y = -2},
    {.bitmap_index = 13611, .adv_w = 416, .box_w = 25, .box_h = 24, .ofs_x = 0, .ofs_y = -2},
    {.bitmap_index = 13911, .adv_w = 416, .box_w = 26, .box_h = 5, .ofs_x = 0, .ofs_y = 8},
    {.bitmap_index = 13976, .adv_w = 416, .box_w = 25, .box_h = 24, .ofs_x = 1, .ofs_y = -2},
    {.bitmap_index = 14276, .adv_w = 416, .box_w = 24, .box_h = 23, .ofs_x = 1, .ofs_y = -2},
    {.bitmap_index = 14552, .adv_w = 416, .box_w = 26, .box_h = 23, .ofs_x = 0, .ofs_y = -2},
    {.bitmap_index = 14851, .adv_w = 416, .box_w = 24, .box_h = 26, .ofs_x = 1, .ofs_y = -3},
    {.bitmap_index = 15163, .adv_w = 416, .box_w = 24, .box_h = 24, .ofs_x = 1, .ofs_y = -3},
    {.bitmap_index = 15451, .adv_w = 416, .box_w = 26, .box_h = 25, .ofs_x = 0, .ofs_y = -2},
    {.bitmap_index = 15776, .adv_w = 416, .box_w = 22, .box_h = 25, .ofs_x = 2, .ofs_y = -2},
    {.bitmap_index = 16051, .adv_w = 416, .box_w = 26, .box_h = 25, .ofs_x = 0, .ofs_y = -2},
    {.bitmap_index = 16376, .adv_w = 416, .box_w = 22, .box_h = 24, .ofs_x = 2, .ofs_y = -3},
    {.bitmap_index = 16640, .adv_w = 416, .box_w = 24, .box_h = 20, .ofs_x = 1, .ofs_y = -1},
    {.bitmap_index = 16880, .adv_w = 416, .box_w = 26, .box_h = 26, .ofs_x = 0, .ofs_y = -3},
    {.bitmap_index = 17218, .adv_w = 416, .box_w = 26, .box_h = 26, .ofs_x = 0, .ofs_y = -3},
    {.bitmap_index = 17556, .adv_w = 416, .box_w = 25, .box_h = 25, .ofs_x = 1, .ofs_y = -3},
    {.bitmap_index = 17869, .adv_w = 416, .box_w = 26, .box_h = 25, .ofs_x = 0, .ofs_y = -2},
    {.bitmap_index = 18194, .adv_w = 416, .box_w = 26, .box_h = 26, .ofs_x = 0, .ofs_y = -3},
    {.bitmap_index = 18532, .adv_w = 416, .box_w = 26, .box_h = 25, .ofs_x = 0, .ofs_y = -2},
    {.bitmap_index = 18857, .adv_w = 416, .box_w = 26, .box_h = 25, .ofs_x = 0, .ofs_y = -2},
    {.bitmap_index = 19182, .adv_w = 416, .box_w = 26, .box_h = 26, .ofs_x = 0, .ofs_y = -3},
    {.bitmap_index = 19520, .adv_w = 416, .box_w = 26, .box_h = 26, .ofs_x = 0, .ofs_y = -3},
    {.bitmap_index = 19858, .adv_w = 416, .box_w = 25, .box_h = 26, .ofs_x = 1, .ofs_y = -3},
    {.bitmap_index = 20183, .adv_w = 416, .box_w = 26, .box_h = 26, .ofs_x = 0, .ofs_y = -3},
    {.bitmap_index = 20521, .adv_w = 416, .box_w = 26, .box_h = 26, .ofs_x = 0, .ofs_y = -3},
    {.bitmap_index = 20859, .adv_w = 416, .box_w = 26, .box_h = 26, .ofs_x = 0, .ofs_y = -3},
    {.bitmap_index = 21197, .adv_w = 416, .box_w = 26, .box_h = 25, .ofs_x = 0, .ofs_y = -2},
    {.bitmap_index = 21522, .adv_w = 416, .box_w = 26, .box_h = 26, .ofs_x = 0, .ofs_y = -3},
    {.bitmap_index = 21860, .adv_w = 416, .box_w = 22, .box_h = 25, .ofs_x = 2, .ofs_y = -2},
    {.bitmap_index = 22135, .adv_w = 416, .box_w = 26, .box_h = 24, .ofs_x = 0, .ofs_y = -3},
    {.bitmap_index = 22447, .adv_w = 416, .box_w = 24, .box_h = 25, .ofs_x = 1, .ofs_y = -3},
    {.bitmap_index = 22747, .adv_w = 416, .box_w = 26, .box_h = 26, .ofs_x = 0, .ofs_y = -3},
    {.bitmap_index = 23085, .adv_w = 416, .box_w = 23, .box_h = 25, .ofs_x = 1, .ofs_y = -2},
    {.bitmap_index = 23373, .adv_w = 416, .box_w = 25, .box_h = 23, .ofs_x = 0, .ofs_y = -3},
    {.bitmap_index = 23661, .adv_w = 416, .box_w = 25, .box_h = 25, .ofs_x = 0, .ofs_y = -3},
    {.bitmap_index = 23974, .adv_w = 416, .box_w = 24, .box_h = 25, .ofs_x = 1, .ofs_y = -2},
    {.bitmap_index = 24274, .adv_w = 416, .box_w = 25, .box_h = 25, .ofs_x = 0, .ofs_y = -2},
    {.bitmap_index = 24587, .adv_w = 416, .box_w = 24, .box_h = 26, .ofs_x = 1, .ofs_y = -3},
    {.bitmap_index = 24899, .adv_w = 416, .box_w = 25, .box_h = 25, .ofs_x = 0, .ofs_y = -3},
    {.bitmap_index = 25212, .adv_w = 416, .box_w = 25, .box_h = 25, .ofs_x = 0, .ofs_y = -3},
    {.bitmap_index = 25525, .adv_w = 416, .box_w = 25, .box_h = 26, .ofs_x = 1, .ofs_y = -3},
    {.bitmap_index = 25850, .adv_w = 416, .box_w = 24, .box_h = 25, .ofs_x = 1, .ofs_y = -3},
    {.bitmap_index = 26150, .adv_w = 416, .box_w = 24, .box_h = 25, .ofs_x = 1, .ofs_y = -2},
    {.bitmap_index = 26450, .adv_w = 416, .box_w = 25, .box_h = 26, .ofs_x = 0, .ofs_y = -3},
    {.bitmap_index = 26775, .adv_w = 416, .box_w = 26, .box_h = 26, .ofs_x = 0, .ofs_y = -3},
    {.bitmap_index = 27113, .adv_w = 416, .box_w = 26, .box_h = 25, .ofs_x = 0, .ofs_y = -3},
    {.bitmap_index = 27438, .adv_w = 416, .box_w = 25, .box_h = 26, .ofs_x = 1, .ofs_y = -3},
    {.bitmap_index = 27763, .adv_w = 416, .box_w = 24, .box_h = 24, .ofs_x = 1, .ofs_y = -3},
    {.bitmap_index = 28051, .adv_w = 416, .box_w = 24, .box_h = 25, .ofs_x = 1, .ofs_y = -3},
    {.bitmap_index = 28351, .adv_w = 416, .box_w = 24, .box_h = 25, .ofs_x = 1, .ofs_y = -3},
    {.bitmap_index = 28651, .adv_w = 416, .box_w = 23, .box_h = 26, .ofs_x = 0, .ofs_y = -3},
    {.bitmap_index = 28950, .adv_w = 416, .box_w = 25, .box_h = 26, .ofs_x = 0, .ofs_y = -3},
    {.bitmap_index = 29275, .adv_w = 416, .box_w = 22, .box_h = 26, .ofs_x = 2, .ofs_y = -3},
    {.bitmap_index = 29561, .adv_w = 416, .box_w = 25, .box_h = 23, .ofs_x = 1, .ofs_y = -2},
    {.bitmap_index = 29849, .adv_w = 416, .box_w = 25, .box_h = 26, .ofs_x = 0, .ofs_y = -3},
    {.bitmap_index = 30174, .adv_w = 416, .box_w = 24, .box_h = 24, .ofs_x = 1, .ofs_y = -2},
    {.bitmap_index = 30462, .adv_w = 416, .box_w = 24, .box_h = 24, .ofs_x = 1, .ofs_y = -2},
    {.bitmap_index = 30750, .adv_w = 416, .box_w = 25, .box_h = 25, .ofs_x = 0, .ofs_y = -2},
    {.bitmap_index = 31063, .adv_w = 416, .box_w = 26, .box_h = 24, .ofs_x = 0, .ofs_y = -2},
    {.bitmap_index = 31375, .adv_w = 416, .box_w = 26, .box_h = 26, .ofs_x = 0, .ofs_y = -3},
    {.bitmap_index = 31713, .adv_w = 416, .box_w = 27, .box_h = 25, .ofs_x = 0, .ofs_y = -2},
    {.bitmap_index = 32051, .adv_w = 416, .box_w = 26, .box_h = 26, .ofs_x = 0, .ofs_y = -3},
    {.bitmap_index = 32389, .adv_w = 416, .box_w = 25, .box_h = 26, .ofs_x = 1, .ofs_y = -3},
    {.bitmap_index = 32714, .adv_w = 416, .box_w = 26, .box_h = 26, .ofs_x = 0, .ofs_y = -3},
    {.bitmap_index = 33052, .adv_w = 416, .box_w = 26, .box_h = 26, .ofs_x = 0, .ofs_y = -3},
    {.bitmap_index = 33390, .adv_w = 416, .box_w = 26, .box_h = 25, .ofs_x = 0, .ofs_y = -3},
    {.bitmap_index = 33715, .adv_w = 416, .box_w = 26, .box_h = 26, .ofs_x = 0, .ofs_y = -3},
    {.bitmap_index = 34053, .adv_w = 416, .box_w = 26, .box_h = 25, .ofs_x = 0, .ofs_y = -2},
    {.bitmap_index = 34378, .adv_w = 416, .box_w = 26, .box_h = 26, .ofs_x = 0, .ofs_y = -3},
    {.bitmap_index = 34716, .adv_w = 416, .box_w = 26, .box_h = 26, .ofs_x = 0, .ofs_y = -3},
    {.bitmap_index = 35054, .adv_w = 416, .box_w = 24, .box_h = 25, .ofs_x = 1, .ofs_y = -2},
    {.bitmap_index = 35354, .adv_w = 416, .box_w = 24, .box_h = 25, .ofs_x = 1, .ofs_y = -2},
    {.bitmap_index = 35654, .adv_w = 416, .box_w = 26, .box_h = 26, .ofs_x = 0, .ofs_y = -3},
    {.bitmap_index = 35992, .adv_w = 416, .box_w = 26, .box_h = 25, .ofs_x = 0, .ofs_y = -2},
    {.bitmap_index = 36317, .adv_w = 416, .box_w = 26, .box_h = 25, .ofs_x = 0, .ofs_y = -2},
    {.bitmap_index = 36642, .adv_w = 416, .box_w = 25, .box_h = 25, .ofs_x = 1, .ofs_y = -3},
    {.bitmap_index = 36955, .adv_w = 416, .box_w = 26, .box_h = 26, .ofs_x = 0, .ofs_y = -3},
    {.bitmap_index = 37293, .adv_w = 416, .box_w = 26, .box_h = 26, .ofs_x = 0, .ofs_y = -3},
    {.bitmap_index = 37631, .adv_w = 416, .box_w = 25, .box_h = 24, .ofs_x = 0, .ofs_y = -2},
    {.bitmap_index = 37931, .adv_w = 416, .box_w = 23, .box_h = 23, .ofs_x = 3, .ofs_y = -2},
    {.bitmap_index = 38196, .adv_w = 416, .box_w = 24, .box_h = 23, .ofs_x = 2, .ofs_y = -2},
    {.bitmap_index = 38472, .adv_w = 416, .box_w = 25, .box_h = 25, .ofs_x = 0, .ofs_y = -2},
    {.bitmap_index = 38785, .adv_w = 416, .box_w = 24, .box_h = 23, .ofs_x = 1, .ofs_y = -2},
    {.bitmap_index = 39061, .adv_w = 416, .box_w = 24, .box_h = 26, .ofs_x = 1, .ofs_y = -3},
    {.bitmap_index = 39373, .adv_w = 416, .box_w = 25, .box_h = 26, .ofs_x = 0, .ofs_y = -3},
    {.bitmap_index = 39698, .adv_w = 416, .box_w = 25, .box_h = 26, .ofs_x = 0, .ofs_y = -3},
    {.bitmap_index = 40023, .adv_w = 416, .box_w = 26, .box_h = 26, .ofs_x = 0, .ofs_y = -3},
    {.bitmap_index = 40361, .adv_w = 416, .box_w = 26, .box_h = 26, .ofs_x = 0, .ofs_y = -3},
    {.bitmap_index = 40699, .adv_w = 416, .box_w = 25, .box_h = 24, .ofs_x = 0, .ofs_y = -3},
    {.bitmap_index = 40999, .adv_w = 416, .box_w = 25, .box_h = 26, .ofs_x = 0, .ofs_y = -3},
    {.bitmap_index = 41324, .adv_w = 416, .box_w = 25, .box_h = 25, .ofs_x = 1, .ofs_y = -2},
    {.bitmap_index = 41637, .adv_w = 416, .box_w = 25, .box_h = 25, .ofs_x = 1, .ofs_y = -3},
    {.bitmap_index = 41950, .adv_w = 416, .box_w = 25, .box_h = 26, .ofs_x = 1, .ofs_y = -3},
    {.bitmap_index = 42275, .adv_w = 416, .box_w = 26, .box_h = 25, .ofs_x = 0, .ofs_y = -2},
    {.bitmap_index = 42600, .adv_w = 416, .box_w = 26, .box_h = 26, .ofs_x = 0, .ofs_y = -3},
    {.bitmap_index = 42938, .adv_w = 416, .box_w = 26, .box_h = 26, .ofs_x = 0, .ofs_y = -3},
    {.bitmap_index = 43276, .adv_w = 416, .box_w = 26, .box_h = 25, .ofs_x = 0, .ofs_y = -2},
    {.bitmap_index = 43601, .adv_w = 416, .box_w = 26, .box_h = 24, .ofs_x = 0, .ofs_y = -2},
    {.bitmap_index = 43913, .adv_w = 416, .box_w = 26, .box_h = 26, .ofs_x = 0, .ofs_y = -3},
    {.bitmap_index = 44251, .adv_w = 416, .box_w = 26, .box_h = 26, .ofs_x = 0, .ofs_y = -3},
    {.bitmap_index = 44589, .adv_w = 416, .box_w = 26, .box_h = 25, .ofs_x = 0, .ofs_y = -3},
    {.bitmap_index = 44914, .adv_w = 416, .box_w = 26, .box_h = 26, .ofs_x = 0, .ofs_y = -3},
    {.bitmap_index = 45252, .adv_w = 416, .box_w = 26, .box_h = 26, .ofs_x = 0, .ofs_y = -3},
    {.bitmap_index = 45590, .adv_w = 416, .box_w = 25, .box_h = 26, .ofs_x = 1, .ofs_y = -3},
    {.bitmap_index = 45915, .adv_w = 416, .box_w = 25, .box_h = 25, .ofs_x = 1, .ofs_y = -3},
    {.bitmap_index = 46228, .adv_w = 416, .box_w = 26, .box_h = 25, .ofs_x = 0, .ofs_y = -3},
    {.bitmap_index = 46553, .adv_w = 416, .box_w = 26, .box_h = 26, .ofs_x = 0, .ofs_y = -3},
    {.bitmap_index = 46891, .adv_w = 416, .box_w = 25, .box_h = 26, .ofs_x = 0, .ofs_y = -3},
    {.bitmap_index = 47216, .adv_w = 416, .box_w = 26, .box_h = 26, .ofs_x = 0, .ofs_y = -3},
    {.bitmap_index = 47554, .adv_w = 416, .box_w = 25, .box_h = 25, .ofs_x = 0, .ofs_y = -2},
    {.bitmap_index = 47867, .adv_w = 416, .box_w = 26, .box_h = 26, .ofs_x = 0, .ofs_y = -3},
    {.bitmap_index = 48205, .adv_w = 416, .box_w = 25, .box_h = 24, .ofs_x = 0, .ofs_y = -2},
    {.bitmap_index = 48505, .adv_w = 416, .box_w = 26, .box_h = 26, .ofs_x = 0, .ofs_y = -3},
    {.bitmap_index = 48843, .adv_w = 416, .box_w = 26, .box_h = 25, .ofs_x = 0, .ofs_y = -2},
    {.bitmap_index = 49168, .adv_w = 416, .box_w = 26, .box_h = 25, .ofs_x = 0, .ofs_y = -2},
    {.bitmap_index = 49493, .adv_w = 416, .box_w = 26, .box_h = 25, .ofs_x = 0, .ofs_y = -2},
    {.bitmap_index = 49818, .adv_w = 416, .box_w = 26, .box_h = 26, .ofs_x = 0, .ofs_y = -3},
    {.bitmap_index = 50156, .adv_w = 416, .box_w = 26, .box_h = 25, .ofs_x = 0, .ofs_y = -2},
    {.bitmap_index = 50481, .adv_w = 416, .box_w = 26, .box_h = 26, .ofs_x = 0, .ofs_y = -3},
    {.bitmap_index = 50819, .adv_w = 416, .box_w = 26, .box_h = 26, .ofs_x = 0, .ofs_y = -3},
    {.bitmap_index = 51157, .adv_w = 416, .box_w = 26, .box_h = 25, .ofs_x = 0, .ofs_y = -2},
    {.bitmap_index = 51482, .adv_w = 416, .box_w = 25, .box_h = 26, .ofs_x = 0, .ofs_y = -3},
    {.bitmap_index = 51807, .adv_w = 416, .box_w = 26, .box_h = 26, .ofs_x = 0, .ofs_y = -3},
    {.bitmap_index = 52145, .adv_w = 416, .box_w = 26, .box_h = 25, .ofs_x = 0, .ofs_y = -2},
    {.bitmap_index = 52470, .adv_w = 416, .box_w = 26, .box_h = 26, .ofs_x = 0, .ofs_y = -3},
    {.bitmap_index = 52808, .adv_w = 416, .box_w = 26, .box_h = 26, .ofs_x = 0, .ofs_y = -3},
    {.bitmap_index = 53146, .adv_w = 416, .box_w = 25, .box_h = 26, .ofs_x = 1, .ofs_y = -3},
    {.bitmap_index = 53471, .adv_w = 416, .box_w = 26, .box_h = 26, .ofs_x = 0, .ofs_y = -3},
    {.bitmap_index = 53809, .adv_w = 416, .box_w = 25, .box_h = 26, .ofs_x = 0, .ofs_y = -3},
    {.bitmap_index = 54134, .adv_w = 416, .box_w = 26, .box_h = 24, .ofs_x = 0, .ofs_y = -3},
    {.bitmap_index = 54446, .adv_w = 416, .box_w = 25, .box_h = 26, .ofs_x = 1, .ofs_y = -3},
    {.bitmap_index = 54771, .adv_w = 416, .box_w = 25, .box_h = 24, .ofs_x = 0, .ofs_y = -2},
    {.bitmap_index = 55071, .adv_w = 416, .box_w = 26, .box_h = 25, .ofs_x = 0, .ofs_y = -3},
    {.bitmap_index = 55396, .adv_w = 416, .box_w = 25, .box_h = 24, .ofs_x = 1, .ofs_y = -2},
    {.bitmap_index = 55696, .adv_w = 416, .box_w = 25, .box_h = 25, .ofs_x = 0, .ofs_y = -2},
    {.bitmap_index = 56009, .adv_w = 416, .box_w = 25, .box_h = 25, .ofs_x = 1, .ofs_y = -2},
    {.bitmap_index = 56322, .adv_w = 416, .box_w = 25, .box_h = 25, .ofs_x = 1, .ofs_y = -3},
    {.bitmap_index = 56635, .adv_w = 416, .box_w = 25, .box_h = 26, .ofs_x = 0, .ofs_y = -3},
    {.bitmap_index = 56960, .adv_w = 416, .box_w = 26, .box_h = 25, .ofs_x = 0, .ofs_y = -3},
    {.bitmap_index = 57285, .adv_w = 416, .box_w = 26, .box_h = 25, .ofs_x = 0, .ofs_y = -2},
    {.bitmap_index = 57610, .adv_w = 416, .box_w = 26, .box_h = 25, .ofs_x = 0, .ofs_y = -2},
    {.bitmap_index = 57935, .adv_w = 416, .box_w = 26, .box_h = 25, .ofs_x = 0, .ofs_y = -2},
    {.bitmap_index = 58260, .adv_w = 416, .box_w = 26, .box_h = 25, .ofs_x = 0, .ofs_y = -2},
    {.bitmap_index = 58585, .adv_w = 416, .box_w = 26, .box_h = 25, .ofs_x = 0, .ofs_y = -2},
    {.bitmap_index = 58910, .adv_w = 416, .box_w = 26, .box_h = 26, .ofs_x = 0, .ofs_y = -3},
    {.bitmap_index = 59248, .adv_w = 416, .box_w = 26, .box_h = 26, .ofs_x = 0, .ofs_y = -3},
    {.bitmap_index = 59586, .adv_w = 416, .box_w = 26, .box_h = 26, .ofs_x = 0, .ofs_y = -3},
    {.bitmap_index = 59924, .adv_w = 416, .box_w = 26, .box_h = 26, .ofs_x = 0, .ofs_y = -3},
    {.bitmap_index = 60262, .adv_w = 416, .box_w = 25, .box_h = 23, .ofs_x = 1, .ofs_y = -2},
    {.bitmap_index = 60550, .adv_w = 416, .box_w = 26, .box_h = 25, .ofs_x = 0, .ofs_y = -3},
    {.bitmap_index = 60875, .adv_w = 416, .box_w = 26, .box_h = 26, .ofs_x = 0, .ofs_y = -3},
    {.bitmap_index = 61213, .adv_w = 416, .box_w = 26, .box_h = 26, .ofs_x = 0, .ofs_y = -3},
    {.bitmap_index = 61551, .adv_w = 416, .box_w = 26, .box_h = 25, .ofs_x = 0, .ofs_y = -2},
    {.bitmap_index = 61876, .adv_w = 416, .box_w = 26, .box_h = 26, .ofs_x = 0, .ofs_y = -3},
    {.bitmap_index = 62214, .adv_w = 416, .box_w = 26, .box_h = 26, .ofs_x = 0, .ofs_y = -3},
    {.bitmap_index = 62552, .adv_w = 416, .box_w = 26, .box_h = 26, .ofs_x = 0, .ofs_y = -3},
    {.bitmap_index = 62890, .adv_w = 416, .box_w = 26, .box_h = 26, .ofs_x = 0, .ofs_y = -3},
    {.bitmap_index = 63228, .adv_w = 416, .box_w = 26, .box_h = 26, .ofs_x = 0, .ofs_y = -3},
    {.bitmap_index = 63566, .adv_w = 416, .box_w = 26, .box_h = 26, .ofs_x = 0, .ofs_y = -3},
    {.bitmap_index = 63904, .adv_w = 416, .box_w = 25, .box_h = 26, .ofs_x = 0, .ofs_y = -3},
    {.bitmap_index = 64229, .adv_w = 416, .box_w = 26, .box_h = 25, .ofs_x = 0, .ofs_y = -3},
    {.bitmap_index = 64554, .adv_w = 416, .box_w = 24, .box_h = 24, .ofs_x = 0, .ofs_y = -3},
    {.bitmap_index = 64842, .adv_w = 416, .box_w = 24, .box_h = 25, .ofs_x = 2, .ofs_y = -2},
    {.bitmap_index = 65142, .adv_w = 416, .box_w = 27, .box_h = 24, .ofs_x = 0, .ofs_y = -2},
    {.bitmap_index = 65466, .adv_w = 416, .box_w = 24, .box_h = 26, .ofs_x = 1, .ofs_y = -3},
    {.bitmap_index = 65778, .adv_w = 416, .box_w = 25, .box_h = 25, .ofs_x = 1, .ofs_y = -2},
    {.bitmap_index = 66091, .adv_w = 416, .box_w = 25, .box_h = 26, .ofs_x = 0, .ofs_y = -3},
    {.bitmap_index = 66416, .adv_w = 416, .box_w = 25, .box_h = 24, .ofs_x = 0, .ofs_y = -2},
    {.bitmap_index = 66716, .adv_w = 416, .box_w = 25, .box_h = 23, .ofs_x = 0, .ofs_y = -2},
    {.bitmap_index = 67004, .adv_w = 416, .box_w = 25, .box_h = 24, .ofs_x = 0, .ofs_y = -2},
    {.bitmap_index = 67304, .adv_w = 416, .box_w = 25, .box_h = 26, .ofs_x = 0, .ofs_y = -3},
    {.bitmap_index = 67629, .adv_w = 416, .box_w = 26, .box_h = 25, .ofs_x = 0, .ofs_y = -2},
    {.bitmap_index = 67954, .adv_w = 416, .box_w = 24, .box_h = 26, .ofs_x = 1, .ofs_y = -3},
    {.bitmap_index = 68266, .adv_w = 416, .box_w = 26, .box_h = 25, .ofs_x = 0, .ofs_y = -2},
    {.bitmap_index = 68591, .adv_w = 416, .box_w = 26, .box_h = 25, .ofs_x = 0, .ofs_y = -2},
    {.bitmap_index = 68916, .adv_w = 416, .box_w = 26, .box_h = 25, .ofs_x = 0, .ofs_y = -2},
    {.bitmap_index = 69241, .adv_w = 416, .box_w = 26, .box_h = 26, .ofs_x = 0, .ofs_y = -3},
    {.bitmap_index = 69579, .adv_w = 416, .box_w = 26, .box_h = 25, .ofs_x = 0, .ofs_y = -2},
    {.bitmap_index = 69904, .adv_w = 416, .box_w = 24, .box_h = 25, .ofs_x = 1, .ofs_y = -2},
    {.bitmap_index = 70204, .adv_w = 416, .box_w = 25, .box_h = 26, .ofs_x = 0, .ofs_y = -3},
    {.bitmap_index = 70529, .adv_w = 416, .box_w = 26, .box_h = 26, .ofs_x = 0, .ofs_y = -3},
    {.bitmap_index = 70867, .adv_w = 416, .box_w = 26, .box_h = 25, .ofs_x = 0, .ofs_y = -2},
    {.bitmap_index = 71192, .adv_w = 416, .box_w = 26, .box_h = 25, .ofs_x = 0, .ofs_y = -2},
    {.bitmap_index = 71517, .adv_w = 416, .box_w = 26, .box_h = 25, .ofs_x = 0, .ofs_y = -2},
    {.bitmap_index = 71842, .adv_w = 416, .box_w = 26, .box_h = 25, .ofs_x = 0, .ofs_y = -2},
    {.bitmap_index = 72167, .adv_w = 416, .box_w = 26, .box_h = 25, .ofs_x = 0, .ofs_y = -2},
    {.bitmap_index = 72492, .adv_w = 416, .box_w = 26, .box_h = 25, .ofs_x = 0, .ofs_y = -2},
    {.bitmap_index = 72817, .adv_w = 416, .box_w = 26, .box_h = 26, .ofs_x = 0, .ofs_y = -3},
    {.bitmap_index = 73155, .adv_w = 416, .box_w = 26, .box_h = 25, .ofs_x = 0, .ofs_y = -2},
    {.bitmap_index = 73480, .adv_w = 416, .box_w = 25, .box_h = 25, .ofs_x = 0, .ofs_y = -2},
    {.bitmap_index = 73793, .adv_w = 416, .box_w = 24, .box_h = 23, .ofs_x = 1, .ofs_y = -2},
    {.bitmap_index = 74069, .adv_w = 416, .box_w = 24, .box_h = 24, .ofs_x = 1, .ofs_y = -2},
    {.bitmap_index = 74357, .adv_w = 416, .box_w = 25, .box_h = 25, .ofs_x = 0, .ofs_y = -2},
    {.bitmap_index = 74670, .adv_w = 416, .box_w = 24, .box_h = 26, .ofs_x = 1, .ofs_y = -3},
    {.bitmap_index = 74982, .adv_w = 416, .box_w = 26, .box_h = 25, .ofs_x = 0, .ofs_y = -3},
    {.bitmap_index = 75307, .adv_w = 416, .box_w = 26, .box_h = 25, .ofs_x = 0, .ofs_y = -3},
    {.bitmap_index = 75632, .adv_w = 416, .box_w = 26, .box_h = 25, .ofs_x = 0, .ofs_y = -2},
    {.bitmap_index = 75957, .adv_w = 416, .box_w = 25, .box_h = 26, .ofs_x = 0, .ofs_y = -3},
    {.bitmap_index = 76282, .adv_w = 416, .box_w = 20, .box_h = 25, .ofs_x = 3, .ofs_y = -2},
    {.bitmap_index = 76532, .adv_w = 416, .box_w = 24, .box_h = 24, .ofs_x = 1, .ofs_y = -2},
    {.bitmap_index = 76820, .adv_w = 416, .box_w = 25, .box_h = 26, .ofs_x = 0, .ofs_y = -3},
    {.bitmap_index = 77145, .adv_w = 416, .box_w = 26, .box_h = 25, .ofs_x = 0, .ofs_y = -2},
    {.bitmap_index = 77470, .adv_w = 416, .box_w = 25, .box_h = 25, .ofs_x = 1, .ofs_y = -3},
    {.bitmap_index = 77783, .adv_w = 416, .box_w = 26, .box_h = 25, .ofs_x = 0, .ofs_y = -3},
    {.bitmap_index = 78108, .adv_w = 416, .box_w = 26, .box_h = 25, .ofs_x = 0, .ofs_y = -3},
    {.bitmap_index = 78433, .adv_w = 416, .box_w = 26, .box_h = 26, .ofs_x = 0, .ofs_y = -3},
    {.bitmap_index = 78771, .adv_w = 416, .box_w = 26, .box_h = 26, .ofs_x = 0, .ofs_y = -3},
    {.bitmap_index = 79109, .adv_w = 416, .box_w = 25, .box_h = 26, .ofs_x = 1, .ofs_y = -3},
    {.bitmap_index = 79434, .adv_w = 416, .box_w = 26, .box_h = 26, .ofs_x = 0, .ofs_y = -3},
    {.bitmap_index = 79772, .adv_w = 416, .box_w = 25, .box_h = 26, .ofs_x = 0, .ofs_y = -3},
    {.bitmap_index = 80097, .adv_w = 416, .box_w = 26, .box_h = 25, .ofs_x = 0, .ofs_y = -3},
    {.bitmap_index = 80422, .adv_w = 416, .box_w = 26, .box_h = 24, .ofs_x = 0, .ofs_y = -2},
    {.bitmap_index = 80734, .adv_w = 416, .box_w = 26, .box_h = 26, .ofs_x = 0, .ofs_y = -3},
    {.bitmap_index = 81072, .adv_w = 416, .box_w = 26, .box_h = 26, .ofs_x = 0, .ofs_y = -3},
    {.bitmap_index = 81410, .adv_w = 416, .box_w = 26, .box_h = 25, .ofs_x = 0, .ofs_y = -3},
    {.bitmap_index = 81735, .adv_w = 416, .box_w = 27, .box_h = 26, .ofs_x = 0, .ofs_y = -3},
    {.bitmap_index = 82086, .adv_w = 416, .box_w = 27, .box_h = 26, .ofs_x = 0, .ofs_y = -3},
    {.bitmap_index = 82437, .adv_w = 416, .box_w = 26, .box_h = 26, .ofs_x = 0, .ofs_y = -3},
    {.bitmap_index = 82775, .adv_w = 416, .box_w = 26, .box_h = 26, .ofs_x = 0, .ofs_y = -3},
    {.bitmap_index = 83113, .adv_w = 416, .box_w = 26, .box_h = 26, .ofs_x = 0, .ofs_y = -3},
    {.bitmap_index = 83451, .adv_w = 416, .box_w = 27, .box_h = 26, .ofs_x = -1, .ofs_y = -3},
    {.bitmap_index = 83802, .adv_w = 416, .box_w = 26, .box_h = 26, .ofs_x = 0, .ofs_y = -3},
    {.bitmap_index = 84140, .adv_w = 416, .box_w = 26, .box_h = 25, .ofs_x = 0, .ofs_y = -3},
    {.bitmap_index = 84465, .adv_w = 416, .box_w = 27, .box_h = 26, .ofs_x = -1, .ofs_y = -3},
    {.bitmap_index = 84816, .adv_w = 416, .box_w = 27, .box_h = 26, .ofs_x = -1, .ofs_y = -3},
    {.bitmap_index = 85167, .adv_w = 416, .box_w = 26, .box_h = 26, .ofs_x = 0, .ofs_y = -3},
    {.bitmap_index = 85505, .adv_w = 416, .box_w = 26, .box_h = 25, .ofs_x = 0, .ofs_y = -3},
    {.bitmap_index = 85830, .adv_w = 416, .box_w = 26, .box_h = 26, .ofs_x = 0, .ofs_y = -3},
    {.bitmap_index = 86168, .adv_w = 416, .box_w = 26, .box_h = 25, .ofs_x = 0, .ofs_y = -2},
    {.bitmap_index = 86493, .adv_w = 416, .box_w = 26, .box_h = 25, .ofs_x = 0, .ofs_y = -3},
    {.bitmap_index = 86818, .adv_w = 416, .box_w = 24, .box_h = 24, .ofs_x = 1, .ofs_y = -2},
    {.bitmap_index = 87106, .adv_w = 416, .box_w = 25, .box_h = 25, .ofs_x = 1, .ofs_y = -2},
    {.bitmap_index = 87419, .adv_w = 416, .box_w = 25, .box_h = 26, .ofs_x = 0, .ofs_y = -3},
    {.bitmap_index = 87744, .adv_w = 416, .box_w = 25, .box_h = 26, .ofs_x = 1, .ofs_y = -3},
    {.bitmap_index = 88069, .adv_w = 416, .box_w = 24, .box_h = 26, .ofs_x = 1, .ofs_y = -3},
    {.bitmap_index = 88381, .adv_w = 416, .box_w = 24, .box_h = 26, .ofs_x = 1, .ofs_y = -3},
    {.bitmap_index = 88693, .adv_w = 416, .box_w = 25, .box_h = 25, .ofs_x = 1, .ofs_y = -3},
    {.bitmap_index = 89006, .adv_w = 416, .box_w = 26, .box_h = 25, .ofs_x = 1, .ofs_y = -2},
    {.bitmap_index = 89331, .adv_w = 416, .box_w = 24, .box_h = 25, .ofs_x = 1, .ofs_y = -3},
    {.bitmap_index = 89631, .adv_w = 416, .box_w = 24, .box_h = 23, .ofs_x = 1, .ofs_y = -2},
    {.bitmap_index = 89907, .adv_w = 416, .box_w = 25, .box_h = 25, .ofs_x = 1, .ofs_y = -3},
    {.bitmap_index = 90220, .adv_w = 416, .box_w = 26, .box_h = 25, .ofs_x = 0, .ofs_y = -3},
    {.bitmap_index = 90545, .adv_w = 416, .box_w = 7, .box_h = 21, .ofs_x = 3, .ofs_y = -1},
    {.bitmap_index = 90619, .adv_w = 416, .box_w = 9, .box_h = 26, .ofs_x = 16, .ofs_y = -3},
    {.bitmap_index = 90736, .adv_w = 416, .box_w = 9, .box_h = 26, .ofs_x = 1, .ofs_y = -3},
    {.bitmap_index = 90853, .adv_w = 416, .box_w = 8, .box_h = 12, .ofs_x = 4, .ofs_y = -5},
    {.bitmap_index = 90901, .adv_w = 416, .box_w = 7, .box_h = 19, .ofs_x = 3, .ofs_y = -1},
    {.bitmap_index = 90968, .adv_w = 416, .box_w = 13, .box_h = 21, .ofs_x = 0, .ofs_y = -1}
};

/*---------------------
 *  CHARACTER MAPPING
 *--------------------*/

static const uint16_t unicode_list_1[] = {
    0x0, 0x20, 0x1f6f, 0x24fb, 0x2505, 0x254e, 0x254f, 0x2f4a,
    0x2f9f, 0x2fd8, 0x4d49, 0x4d53, 0x4d54, 0x4d56, 0x4d57, 0x4d6d,
    0x4d73, 0x4d76, 0x4da8, 0x4dcf, 0x4dd5, 0x4df7, 0x4e03, 0x4e2e,
    0x4e3f, 0x4e63, 0x4ea5, 0x4ea9, 0x4f2a, 0x4f37, 0x5091, 0x5092,
    0x5096, 0x50ae, 0x50b1, 0x50bc, 0x50ce, 0x50d6, 0x50e2, 0x50fc,
    0x5143, 0x5149, 0x5174, 0x5179, 0x51b2, 0x51b3, 0x51e8, 0x51e9,
    0x51ea, 0x51f1, 0x529e, 0x5316, 0x531a, 0x531f, 0x5321, 0x5338,
    0x5340, 0x5355, 0x5356, 0x5357, 0x535a, 0x5370, 0x5378, 0x5627,
    0x5643, 0x5671, 0x5683, 0x57b4, 0x5850, 0x5856, 0x5863, 0x5873,
    0x587a, 0x587d, 0x58c6, 0x5914, 0x5ad5, 0x5ae3, 0x5aec, 0x5aed,
    0x5aff, 0x5b0f, 0x5b42, 0x5b44, 0x5b5a, 0x5b7a, 0x5b89, 0x5d3a,
    0x5d3b, 0x5d4c, 0x5dbc, 0x5dbf, 0x5dcd, 0x5ddd, 0x5de8, 0x5df0,
    0x5e49, 0x5e4c, 0x5e58, 0x5e69, 0x5e82, 0x5ec9, 0x5ece, 0x5ef7,
    0x5f22, 0x5f66, 0x5fab, 0x5fdd, 0x6158, 0x6159, 0x615a, 0x615f,
    0x6161, 0x6189, 0x6194, 0x6196, 0x619c, 0x61ac, 0x61b0, 0x61b4,
    0x61c7, 0x621b, 0x6232, 0x623c, 0x6252, 0x625a, 0x62ab, 0x62ee,
    0x6365, 0x6383, 0x63ed, 0x6416, 0x6482, 0x6487, 0x64f6, 0x64f9,
    0x6502, 0x6529, 0x653f, 0x6568, 0x6578, 0x657e, 0x65cb, 0x65e0,
    0x663d, 0x6652, 0x6656, 0x6673, 0x6675, 0x6683, 0x66a8, 0x66ae,
    0x66c8, 0x6780, 0x6a6a, 0x6a6b, 0x6aac, 0x6bea, 0x6cd1, 0x6d44,
    0x6d4e, 0x6d81, 0x6e2a, 0x7002, 0x7036, 0x7191, 0x7195, 0x7265,
    0x72f9, 0x7471, 0x747e, 0x75c4, 0x75cd, 0x763d, 0x7641, 0x7654,
    0x773c, 0x774a, 0x77b7, 0x77f9, 0x7904, 0x7916, 0x791b, 0x7939,
    0x7944, 0x7956, 0x79c3, 0x7a92, 0x7c6b, 0x7e08, 0x7e18, 0x7e1c,
    0x7e22, 0x7e26, 0x7e30, 0x7e36, 0x7e3d, 0x7e5f, 0x7e9a, 0x7eb7,
    0x7f44, 0x7f4c, 0x7f9d, 0x8025, 0x8046, 0x805a, 0x8133, 0x813c,
    0x8795, 0x87f4, 0x88ca, 0x8aed, 0x8af2, 0x8af9, 0x8b07, 0x8b1e,
    0x8b40, 0x8c68, 0x8c6e, 0x8c95, 0x8cc0, 0x8cce, 0x8cfc, 0x8d3c,
    0x8edc, 0x8f10, 0x8f17, 0x8f1d, 0x8f21, 0x8f22, 0x8f24, 0x8f27,
    0x8f4a, 0x8f52, 0x8f63, 0x8f9c, 0x9046, 0x9096, 0x9115, 0x9116,
    0x9462, 0x94c8, 0x953b, 0x953d, 0x9599, 0x95ad, 0x9649, 0x96ab,
    0x97be, 0x97e0, 0xfe4a, 0xfe51, 0xfe52, 0xfe55, 0xfe63, 0xfe68
};

/*Collect the unicode lists and glyph_id offsets*/
static const lv_font_fmt_txt_cmap_t cmaps[] =
{
    {
        .range_start = 32, .range_length = 95, .glyph_id_start = 1,
        .unicode_list = NULL, .glyph_id_ofs_list = NULL, .list_length = 0, .type = LV_FONT_FMT_TXT_CMAP_FORMAT0_TINY
    },
    {
        .range_start = 183, .range_length = 65129, .glyph_id_start = 96,
        .unicode_list = unicode_list_1, .glyph_id_ofs_list = NULL, .list_length = 256, .type = LV_FONT_FMT_TXT_CMAP_SPARSE_TINY
    }
};



/*--------------------
 *  ALL CUSTOM DATA
 *--------------------*/

#if LVGL_VERSION_MAJOR == 8
/*Store all the custom data of the font*/
static  lv_font_fmt_txt_glyph_cache_t cache;
#endif

#if LVGL_VERSION_MAJOR >= 8
static const lv_font_fmt_txt_dsc_t font_dsc = {
#else
static lv_font_fmt_txt_dsc_t font_dsc = {
#endif
    .glyph_bitmap = glyph_bitmap,
    .glyph_dsc = glyph_dsc,
    .cmaps = cmaps,
    .kern_dsc = NULL,
    .kern_scale = 0,
    .cmap_num = 2,
    .bpp = 4,
    .kern_classes = 0,
    .bitmap_format = 0,
#if LVGL_VERSION_MAJOR == 8
    .cache = &cache
#endif
};



/*-----------------
 *  PUBLIC FONT
 *----------------*/

/*Initialize a public general font descriptor*/
#if LVGL_VERSION_MAJOR >= 8
const lv_font_t kj_zh26 = {
#else
lv_font_t kj_zh26 = {
#endif
    .get_glyph_dsc = lv_font_get_glyph_dsc_fmt_txt,    /*Function pointer to get glyph's data*/
    .get_glyph_bitmap = lv_font_get_bitmap_fmt_txt,    /*Function pointer to get glyph's bitmap*/
    .line_height = 30,          /*The maximum line height required by the font*/
    .base_line = 7,             /*Baseline measured from the bottom of the line*/
#if !(LVGL_VERSION_MAJOR == 6 && LVGL_VERSION_MINOR == 0)
    .subpx = LV_FONT_SUBPX_NONE,
#endif
#if LV_VERSION_CHECK(7, 4, 0) || LVGL_VERSION_MAJOR >= 8
    .underline_position = -3,
    .underline_thickness = 1,
#endif
    .dsc = &font_dsc,          /*The custom font data. Will be accessed by `get_glyph_bitmap/dsc` */
#if LV_VERSION_CHECK(8, 2, 0) || LVGL_VERSION_MAJOR >= 9
    .fallback = NULL,
#endif
    .user_data = NULL,
};



#endif /*#if KJ_ZH26*/

