/*******************************************************************************
 * Size: 18 px
 * Bpp: 4
 * Opts: --font SourceHanSansSC-Bold.otf --range 0x20-0x7E,0xB7,0xD7,0x2026,0x25B2,0x25BC,0x2605-0x2606,0x3001,0x3056,0x308F,0x4E00,0x4E0A-0x4E0B,0x4E0D-0x4E0E,0x4E24,0x4E2A,0x4E2D,0x4E5F,0x4E86,0x4E8C,0x4EAE,0x4EBA,0x4EE5,0x4EF6,0x4F1A,0x4F5C,0x4F60,0x4FE1,0x4FEE,0x5148-0x5149,0x514D,0x5165,0x5168,0x5173,0x5185,0x518D,0x5199,0x51B3,0x51FA,0x5200,0x522B,0x5230,0x5269-0x526A,0x529F-0x52A1,0x52A8,0x5355,0x53CD,0x53D1,0x53D6,0x53D8,0x53EF,0x53F7,0x540C-0x540E,0x5411,0x5427,0x542F,0x56DE,0x56FA,0x5728,0x573A,0x586B,0x5907,0x590D,0x591A,0x592A,0x5931,0x5934,0x597D,0x59CB,0x5B8C,0x5B9A,0x5BA3-0x5BA4,0x5BB6,0x5BC6,0x5BF9,0x5BFB,0x5C11,0x5C31,0x5C40,0x5DF1-0x5DF2,0x5E03,0x5E73,0x5E76,0x5E84,0x5E94,0x5E9F,0x5EA7,0x5F00,0x5F03,0x5F0F,0x5F20,0x5F39,0x5F80,0x5F85,0x5FAE,0x5FD9,0x601D,0x6062,0x6094,0x620F-0x6211,0x6216,0x6218,0x6240,0x624B,0x624D,0x6253,0x6263,0x6267,0x626B,0x627E,0x62D2,0x62E9,0x62F3,0x6309,0x6311,0x6362,0x63A5,0x641C,0x643A,0x64A4,0x64CD,0x6539,0x653E,0x65AD,0x65B0,0x65B9,0x65E0,0x65F6,0x661F,0x662F,0x6635,0x6682,0x6697,0x66F4,0x6709,0x670D,0x672A,0x672C,0x673A,0x675F,0x6765,0x677F,0x6837,0x6B21-0x6B22,0x6B63,0x6CA1,0x6D88,0x6DFB,0x6E05,0x6E38,0x6EE1,0x70B9,0x70ED,0x7248,0x724C,0x731C,0x73B0,0x7528,0x7535,0x767B,0x7684,0x76F4,0x76F8,0x770B,0x77F3,0x7801,0x786E,0x78B0,0x79BB,0x79CD,0x79D2,0x79F0,0x79FB,0x7A0D,0x7A7A,0x7B49,0x7D22,0x7EBF,0x7ECF,0x7ED3,0x7ED9,0x7EDD,0x7EE7,0x7EED,0x7EF4,0x7F16,0x7F51,0x7F6E,0x7FFB,0x8003,0x8054,0x80DC,0x80FD,0x8111,0x81EA,0x81F3,0x884C,0x88AB,0x8981,0x8BA4,0x8BA9,0x8BB0,0x8BBE,0x8BD5,0x8BF7,0x8D1F,0x8D25,0x8D4C,0x8D77,0x8D85,0x8DB3,0x8DF3,0x8F93,0x8FC7,0x8FCE,0x8FD4,0x8FD8-0x8FD9,0x8FDB,0x8FDE,0x9001,0x9009,0x901A,0x9053,0x90FD,0x914D,0x91CC-0x91CD,0x9519,0x957F,0x95F2,0x95F4,0x9650,0x9664,0x9700,0x9762,0x9875,0x9897,0xFF01,0xFF08-0xFF09,0xFF0C,0xFF1A,0xFF1F --size 18 --bpp 4 --format lvgl --lv-font-name kj_zh18 --lv-include lvgl.h --no-compress --no-kerning --output kj_zh18.c
 ******************************************************************************/

#ifdef LV_LVGL_H_INCLUDE_SIMPLE
#include "lvgl.h"
#else
#include "lvgl.h"
#endif

#ifndef KJ_ZH18
#define KJ_ZH18 1
#endif

#if KJ_ZH18

/*-----------------
 *    BITMAPS
 *----------------*/

/*Store the image of the glyphs*/
static LV_ATTRIBUTE_LARGE_CONST const uint8_t glyph_bitmap[] = {
    /* U+0020 " " */

    /* U+0021 "!" */
    0xf, 0xfa, 0xf, 0xf9, 0xe, 0xf9, 0xd, 0xf8,
    0xc, 0xf7, 0xb, 0xf6, 0xa, 0xf5, 0x9, 0xf4,
    0x7, 0xd2, 0x0, 0x30, 0xe, 0xfa, 0x3f, 0xfd,
    0xa, 0xe5,

    /* U+0022 "\"" */
    0x6f, 0xf3, 0xe, 0xfb, 0x6f, 0xf3, 0xe, 0xfb,
    0x5f, 0xf2, 0xd, 0xfa, 0x3f, 0xf0, 0xb, 0xf8,
    0xf, 0xe0, 0x8, 0xf6, 0xe, 0xb0, 0x6, 0xf3,
    0x2, 0x10, 0x0, 0x20,

    /* U+0023 "#" */
    0x0, 0xa, 0xe0, 0xd, 0xb0, 0x0, 0x0, 0xdb,
    0x0, 0xf9, 0x0, 0x0, 0xf, 0x90, 0x2f, 0x70,
    0x0, 0xef, 0xff, 0xff, 0xff, 0xf0, 0x9, 0xbf,
    0xca, 0xcf, 0xba, 0x0, 0x5, 0xf3, 0x8, 0xf1,
    0x0, 0x0, 0x7f, 0x10, 0x9f, 0x0, 0x3, 0xad,
    0xfa, 0xae, 0xfa, 0x60, 0x4f, 0xff, 0xff, 0xff,
    0xf9, 0x0, 0xc, 0xb0, 0xf, 0x90, 0x0, 0x0,
    0xea, 0x1, 0xf7, 0x0, 0x0, 0xf, 0x80, 0x3f,
    0x50, 0x0, 0x2, 0xf6, 0x5, 0xf4, 0x0, 0x0,

    /* U+0024 "$" */
    0x0, 0x0, 0x9f, 0x30, 0x0, 0x0, 0x0, 0x9f,
    0x30, 0x0, 0x0, 0x1a, 0xff, 0xe9, 0x10, 0x0,
    0xef, 0xff, 0xff, 0xd0, 0x6, 0xff, 0x71, 0x3b,
    0x50, 0x9, 0xff, 0x0, 0x0, 0x0, 0x6, 0xff,
    0xa1, 0x0, 0x0, 0x0, 0xbf, 0xff, 0x70, 0x0,
    0x0, 0x7, 0xff, 0xfc, 0x20, 0x0, 0x0, 0x1a,
    0xff, 0xd0, 0x0, 0x0, 0x0, 0x8f, 0xf4, 0x0,
    0x0, 0x0, 0x4f, 0xf5, 0x7, 0xd5, 0x11, 0xaf,
    0xf2, 0xd, 0xff, 0xff, 0xff, 0x90, 0x0, 0x8d,
    0xff, 0xd7, 0x0, 0x0, 0x0, 0x9f, 0x30, 0x0,
    0x0, 0x0, 0x9f, 0x30, 0x0,

    /* U+0025 "%" */
    0x1, 0xbe, 0xd7, 0x0, 0x0, 0xc, 0xc0, 0x0,
    0x0, 0xdf, 0x8b, 0xf7, 0x0, 0x5, 0xf3, 0x0,
    0x0, 0x3f, 0x90, 0xf, 0xe0, 0x0, 0xda, 0x0,
    0x0, 0x6, 0xf7, 0x0, 0xdf, 0x0, 0x7f, 0x20,
    0x0, 0x0, 0x4f, 0x80, 0xe, 0xf0, 0x1e, 0x80,
    0x1, 0x0, 0x1, 0xee, 0x37, 0xfa, 0x9, 0xe1,
    0x5e, 0xfe, 0x50, 0x4, 0xff, 0xfc, 0x12, 0xf7,
    0x2f, 0x90, 0x9f, 0x20, 0x0, 0x32, 0x0, 0xad,
    0x8, 0xf3, 0x3, 0xf8, 0x0, 0x0, 0x0, 0x3f,
    0x50, 0xaf, 0x20, 0x2f, 0xb0, 0x0, 0x0, 0xc,
    0xc0, 0xa, 0xf3, 0x2, 0xfa, 0x0, 0x0, 0x5,
    0xf3, 0x0, 0x7f, 0x60, 0x6f, 0x80, 0x0, 0x0,
    0xea, 0x0, 0x1, 0xfe, 0x8e, 0xf1, 0x0, 0x0,
    0x7f, 0x20, 0x0, 0x3, 0xcf, 0xc3, 0x0,

    /* U+0026 "&" */
    0x0, 0x4, 0xcf, 0xd7, 0x0, 0x0, 0x0, 0x3,
    0xff, 0xdf, 0xf7, 0x0, 0x0, 0x0, 0xaf, 0xa0,
    0x5f, 0xb0, 0x0, 0x0, 0xb, 0xf7, 0x7, 0xf9,
    0x0, 0x0, 0x0, 0x8f, 0xc7, 0xff, 0x20, 0x0,
    0x0, 0x2, 0xff, 0xfd, 0x20, 0x2, 0x33, 0x0,
    0xaf, 0xff, 0x40, 0x0, 0xdf, 0x80, 0xcf, 0xfc,
    0xff, 0x40, 0x4f, 0xf2, 0x4f, 0xf5, 0xc, 0xff,
    0x6e, 0xf9, 0x6, 0xff, 0x20, 0xb, 0xff, 0xfd,
    0x0, 0x3f, 0xfa, 0x30, 0x5f, 0xff, 0xf9, 0x30,
    0xaf, 0xff, 0xff, 0xfe, 0xef, 0xfc, 0x0, 0x6c,
    0xee, 0xc7, 0x0, 0x6b, 0x70,

    /* U+0027 "'" */
    0x6f, 0xf3, 0x6f, 0xf3, 0x5f, 0xf2, 0x3f, 0xf0,
    0xf, 0xe0, 0xe, 0xb0, 0x2, 0x10,

    /* U+0028 "(" */
    0x0, 0x5, 0x0, 0x5, 0xfa, 0x0, 0xdf, 0x30,
    0x4f, 0xc0, 0xa, 0xf7, 0x0, 0xef, 0x20, 0x2f,
    0xf0, 0x5, 0xfc, 0x0, 0x6f, 0xb0, 0x7, 0xfa,
    0x0, 0x6f, 0xb0, 0x5, 0xfc, 0x0, 0x2f, 0xf0,
    0x0, 0xff, 0x20, 0xa, 0xf6, 0x0, 0x4f, 0xc0,
    0x0, 0xdf, 0x30, 0x5, 0xfa, 0x0, 0x5, 0x0,

    /* U+0029 ")" */
    0x1, 0x40, 0x0, 0xd, 0xf2, 0x0, 0x6, 0xfa,
    0x0, 0x0, 0xff, 0x10, 0x0, 0xaf, 0x70, 0x0,
    0x5f, 0xb0, 0x0, 0x2f, 0xf0, 0x0, 0xf, 0xf2,
    0x0, 0xe, 0xf3, 0x0, 0xe, 0xf4, 0x0, 0xe,
    0xf3, 0x0, 0xf, 0xf2, 0x0, 0x2f, 0xf0, 0x0,
    0x5f, 0xc0, 0x0, 0xaf, 0x70, 0x0, 0xef, 0x10,
    0x6, 0xfa, 0x0, 0xd, 0xf2, 0x0, 0x1, 0x40,
    0x0,

    /* U+002A "*" */
    0x0, 0x3, 0xf5, 0x0, 0x0, 0x10, 0x5f, 0x60,
    0x10, 0xe, 0xfd, 0xfe, 0xef, 0x0, 0x5c, 0xff,
    0xfd, 0x60, 0x0, 0x4f, 0xff, 0x50, 0x0, 0xd,
    0xf5, 0xee, 0x10, 0x0, 0x74, 0x2, 0x80, 0x0,

    /* U+002B "+" */
    0x0, 0x0, 0x23, 0x10, 0x0, 0x0, 0x0, 0xaf,
    0x40, 0x0, 0x0, 0x0, 0xaf, 0x40, 0x0, 0x0,
    0x0, 0xaf, 0x40, 0x0, 0x3d, 0xdd, 0xff, 0xed,
    0xdc, 0x4f, 0xff, 0xff, 0xff, 0xfe, 0x0, 0x0,
    0xaf, 0x40, 0x0, 0x0, 0x0, 0xaf, 0x40, 0x0,
    0x0, 0x0, 0xaf, 0x40, 0x0, 0x0, 0x0, 0xaf,
    0x40, 0x0,

    /* U+002C "," */
    0x0, 0x0, 0x0, 0x4d, 0xe4, 0xa, 0xff, 0xc0,
    0x4d, 0xfd, 0x0, 0xf, 0xb0, 0xa, 0xf5, 0xd,
    0xf9, 0x0, 0x75, 0x0,

    /* U+002D "-" */
    0x1d, 0xdd, 0xda, 0x1f, 0xff, 0xfc,

    /* U+002E "." */
    0x2, 0x20, 0x6f, 0xf3, 0x9f, 0xf7, 0x3d, 0xc1,

    /* U+002F "/" */
    0x0, 0x0, 0x6f, 0x50, 0x0, 0xa, 0xf1, 0x0,
    0x0, 0xed, 0x0, 0x0, 0x3f, 0x80, 0x0, 0x7,
    0xf4, 0x0, 0x0, 0xbf, 0x0, 0x0, 0xf, 0xc0,
    0x0, 0x3, 0xf8, 0x0, 0x0, 0x8f, 0x30, 0x0,
    0xc, 0xf0, 0x0, 0x0, 0xfb, 0x0, 0x0, 0x4f,
    0x70, 0x0, 0x9, 0xf3, 0x0, 0x0, 0xde, 0x0,
    0x0, 0x1f, 0xa0, 0x0, 0x5, 0xf6, 0x0, 0x0,
    0x9f, 0x20, 0x0, 0x0,

    /* U+0030 "0" */
    0x0, 0x8, 0xde, 0xb4, 0x0, 0x0, 0xcf, 0xff,
    0xff, 0x60, 0x6, 0xff, 0x40, 0x9f, 0xf0, 0xc,
    0xfa, 0x0, 0x1f, 0xf6, 0xf, 0xf7, 0x0, 0xd,
    0xf9, 0x1f, 0xf5, 0x0, 0xc, 0xfb, 0x2f, 0xf5,
    0x0, 0xb, 0xfc, 0x1f, 0xf5, 0x0, 0xc, 0xfb,
    0xf, 0xf7, 0x0, 0xd, 0xf9, 0xc, 0xfb, 0x0,
    0x1f, 0xf6, 0x5, 0xff, 0x51, 0xaf, 0xe0, 0x0,
    0xbf, 0xff, 0xff, 0x60, 0x0, 0x8, 0xde, 0xb4,
    0x0,

    /* U+0031 "1" */
    0x0, 0x4b, 0xff, 0x0, 0x1, 0xff, 0xff, 0xf0,
    0x0, 0xb, 0xbe, 0xff, 0x0, 0x0, 0x0, 0xaf,
    0xf0, 0x0, 0x0, 0xa, 0xff, 0x0, 0x0, 0x0,
    0xaf, 0xf0, 0x0, 0x0, 0xa, 0xff, 0x0, 0x0,
    0x0, 0xaf, 0xf0, 0x0, 0x0, 0xa, 0xff, 0x0,
    0x0, 0x0, 0xaf, 0xf0, 0x0, 0x1, 0x1a, 0xff,
    0x11, 0x8, 0xff, 0xff, 0xff, 0xf7, 0x8f, 0xff,
    0xff, 0xff, 0x70,

    /* U+0032 "2" */
    0x0, 0x5c, 0xfe, 0xb3, 0x0, 0x9, 0xff, 0xff,
    0xff, 0x30, 0xb, 0xe5, 0x14, 0xff, 0xc0, 0x0,
    0x10, 0x0, 0x9f, 0xf0, 0x0, 0x0, 0x0, 0x9f,
    0xf0, 0x0, 0x0, 0x0, 0xdf, 0xb0, 0x0, 0x0,
    0x6, 0xff, 0x40, 0x0, 0x0, 0x2f, 0xfa, 0x0,
    0x0, 0x2, 0xef, 0xc0, 0x0, 0x0, 0x2d, 0xfd,
    0x10, 0x0, 0x3, 0xef, 0xd2, 0x22, 0x21, 0x2f,
    0xff, 0xff, 0xff, 0xfb, 0x3f, 0xff, 0xff, 0xff,
    0xfb,

    /* U+0033 "3" */
    0x0, 0x6b, 0xee, 0xc6, 0x0, 0xc, 0xff, 0xff,
    0xff, 0x90, 0x4, 0xc4, 0x13, 0xef, 0xf0, 0x0,
    0x0, 0x0, 0x9f, 0xf2, 0x0, 0x0, 0x3, 0xef,
    0xc0, 0x0, 0x9, 0xff, 0xf9, 0x0, 0x0, 0xb,
    0xff, 0xfb, 0x20, 0x0, 0x0, 0x14, 0xdf, 0xf1,
    0x0, 0x0, 0x0, 0x2f, 0xf7, 0x2, 0x0, 0x0,
    0x2f, 0xf8, 0x1e, 0xd5, 0x25, 0xcf, 0xf4, 0x3e,
    0xff, 0xff, 0xff, 0xa0, 0x1, 0x8d, 0xfe, 0xc5,
    0x0,

    /* U+0034 "4" */
    0x0, 0x0, 0xe, 0xff, 0x80, 0x0, 0x0, 0x9,
    0xff, 0xf8, 0x0, 0x0, 0x2, 0xff, 0xef, 0x80,
    0x0, 0x0, 0xcf, 0x8d, 0xf8, 0x0, 0x0, 0x6f,
    0xf1, 0xef, 0x80, 0x0, 0x1e, 0xf7, 0xe, 0xf8,
    0x0, 0x9, 0xfd, 0x0, 0xef, 0x80, 0x3, 0xff,
    0x40, 0xe, 0xf8, 0x0, 0x9f, 0xff, 0xff, 0xff,
    0xff, 0x19, 0xff, 0xff, 0xff, 0xff, 0xf1, 0x0,
    0x0, 0x0, 0xef, 0x80, 0x0, 0x0, 0x0, 0xe,
    0xf8, 0x0, 0x0, 0x0, 0x0, 0xef, 0x80, 0x0,

    /* U+0035 "5" */
    0x2, 0xff, 0xff, 0xff, 0xf0, 0x3, 0xff, 0xff,
    0xff, 0xf0, 0x4, 0xff, 0x42, 0x22, 0x20, 0x5,
    0xff, 0x0, 0x0, 0x0, 0x6, 0xff, 0x9c, 0xa5,
    0x0, 0x6, 0xff, 0xff, 0xff, 0x90, 0x0, 0x74,
    0x2, 0xcf, 0xf3, 0x0, 0x0, 0x0, 0x3f, 0xf7,
    0x0, 0x0, 0x0, 0xf, 0xf9, 0x2, 0x0, 0x0,
    0x4f, 0xf6, 0x1e, 0xd5, 0x24, 0xdf, 0xf2, 0x3e,
    0xff, 0xff, 0xff, 0x60, 0x0, 0x8d, 0xfe, 0xb3,
    0x0,

    /* U+0036 "6" */
    0x0, 0x3, 0xae, 0xeb, 0x50, 0x0, 0x5f, 0xff,
    0xff, 0xf6, 0x1, 0xff, 0xc3, 0x27, 0xa0, 0x9,
    0xff, 0x10, 0x0, 0x0, 0xc, 0xf9, 0x0, 0x0,
    0x0, 0xe, 0xf7, 0x8d, 0xeb, 0x30, 0xf, 0xfe,
    0xfd, 0xff, 0xf2, 0xf, 0xfd, 0x20, 0x1e, 0xfa,
    0xd, 0xf7, 0x0, 0x9, 0xfc, 0xa, 0xfb, 0x0,
    0xa, 0xfb, 0x2, 0xff, 0x60, 0x3f, 0xf7, 0x0,
    0x8f, 0xff, 0xff, 0xd0, 0x0, 0x5, 0xcf, 0xd9,
    0x0,

    /* U+0037 "7" */
    0x1f, 0xff, 0xff, 0xff, 0xfb, 0x1f, 0xff, 0xff,
    0xff, 0xfa, 0x2, 0x22, 0x22, 0x7f, 0xf2, 0x0,
    0x0, 0x0, 0xef, 0x60, 0x0, 0x0, 0x9, 0xfc,
    0x0, 0x0, 0x0, 0x1f, 0xf5, 0x0, 0x0, 0x0,
    0x7f, 0xe0, 0x0, 0x0, 0x0, 0xdf, 0xa0, 0x0,
    0x0, 0x0, 0xff, 0x70, 0x0, 0x0, 0x4, 0xff,
    0x40, 0x0, 0x0, 0x6, 0xff, 0x30, 0x0, 0x0,
    0x8, 0xff, 0x10, 0x0, 0x0, 0x9, 0xff, 0x0,
    0x0,

    /* U+0038 "8" */
    0x0, 0x19, 0xdf, 0xd7, 0x0, 0x1, 0xef, 0xfd,
    0xff, 0x90, 0x7, 0xff, 0x20, 0x5f, 0xf1, 0x8,
    0xfc, 0x0, 0xf, 0xf3, 0x4, 0xff, 0x20, 0x1f,
    0xe0, 0x0, 0xaf, 0xf9, 0xbf, 0x40, 0x0, 0x3f,
    0xff, 0xfc, 0x10, 0x4, 0xfd, 0x38, 0xff, 0xd1,
    0xe, 0xf5, 0x0, 0x2f, 0xf9, 0x1f, 0xf3, 0x0,
    0xb, 0xfb, 0xf, 0xfa, 0x10, 0x2e, 0xf9, 0x6,
    0xff, 0xfe, 0xff, 0xe1, 0x0, 0x4b, 0xef, 0xd8,
    0x10,

    /* U+0039 "9" */
    0x0, 0x3b, 0xee, 0xa2, 0x0, 0x5, 0xff, 0xff,
    0xff, 0x30, 0xe, 0xfb, 0x1, 0xbf, 0xc0, 0x2f,
    0xf3, 0x0, 0x1f, 0xf4, 0x3f, 0xf3, 0x0, 0xd,
    0xf7, 0xf, 0xf9, 0x0, 0x6f, 0xf9, 0x9, 0xff,
    0xee, 0xfe, 0xfa, 0x0, 0x7d, 0xfc, 0x3d, 0xf8,
    0x0, 0x0, 0x0, 0xf, 0xf6, 0x0, 0x0, 0x0,
    0x6f, 0xf2, 0x2, 0xc5, 0x26, 0xff, 0x90, 0xc,
    0xff, 0xff, 0xfd, 0x10, 0x0, 0x8c, 0xfd, 0x80,
    0x0,

    /* U+003A ":" */
    0x3d, 0xc1, 0x9f, 0xf7, 0x5f, 0xf3, 0x2, 0x10,
    0x0, 0x0, 0x0, 0x0, 0x2, 0x20, 0x6f, 0xf3,
    0x9f, 0xf7, 0x3d, 0xc1,

    /* U+003B ";" */
    0x3, 0xdc, 0x10, 0x9f, 0xf7, 0x5, 0xff, 0x30,
    0x2, 0x10, 0x0, 0x0, 0x0, 0x0, 0x0, 0x0,
    0x0, 0x0, 0x4d, 0xe4, 0xa, 0xff, 0xc0, 0x4d,
    0xfd, 0x0, 0xf, 0xb0, 0xa, 0xf5, 0xd, 0xf9,
    0x0, 0x75, 0x0,

    /* U+003C "<" */
    0x0, 0x0, 0x0, 0x0, 0x6b, 0x0, 0x0, 0x4,
    0xaf, 0xfe, 0x0, 0x28, 0xef, 0xff, 0xa5, 0x2c,
    0xff, 0xfa, 0x50, 0x0, 0x4f, 0xfc, 0x20, 0x0,
    0x0, 0x1a, 0xff, 0xfc, 0x72, 0x0, 0x0, 0x6,
    0xcf, 0xff, 0xc7, 0x0, 0x0, 0x2, 0x8e, 0xfe,
    0x0, 0x0, 0x0, 0x0, 0x49,

    /* U+003D "=" */
    0x4f, 0xff, 0xff, 0xff, 0xfe, 0x3c, 0xcc, 0xcc,
    0xcc, 0xcb, 0x0, 0x0, 0x0, 0x0, 0x0, 0x0,
    0x0, 0x0, 0x0, 0x0, 0x3d, 0xdd, 0xdd, 0xdd,
    0xdc, 0x4f, 0xff, 0xff, 0xff, 0xfe,

    /* U+003E ">" */
    0x49, 0x30, 0x0, 0x0, 0x0, 0x4f, 0xfd, 0x82,
    0x0, 0x0, 0x17, 0xcf, 0xff, 0xc6, 0x0, 0x0,
    0x1, 0x7c, 0xff, 0xf9, 0x0, 0x0, 0x0, 0x6f,
    0xfe, 0x0, 0x4, 0x9e, 0xff, 0xd7, 0x19, 0xef,
    0xff, 0x93, 0x0, 0x4f, 0xfb, 0x50, 0x0, 0x0,
    0x37, 0x20, 0x0, 0x0, 0x0,

    /* U+003F "?" */
    0x0, 0x7b, 0xfe, 0x91, 0x0, 0xbf, 0xff, 0xff,
    0xd0, 0x5, 0xc4, 0x2a, 0xff, 0x30, 0x0, 0x0,
    0x4f, 0xf3, 0x0, 0x0, 0xb, 0xfd, 0x0, 0x0,
    0x9, 0xfe, 0x20, 0x0, 0x5, 0xff, 0x40, 0x0,
    0x0, 0xcf, 0x90, 0x0, 0x0, 0x6, 0x73, 0x0,
    0x0, 0x0, 0x3, 0x0, 0x0, 0x0, 0xe, 0xfa,
    0x0, 0x0, 0x3, 0xff, 0xe0, 0x0, 0x0, 0x9,
    0xe6, 0x0, 0x0,

    /* U+0040 "@" */
    0x0, 0x0, 0x0, 0x49, 0xdf, 0xfd, 0x92, 0x0,
    0x0, 0x0, 0x0, 0x3c, 0xff, 0xb9, 0xbe, 0xff,
    0x80, 0x0, 0x0, 0x4, 0xff, 0x91, 0x0, 0x0,
    0x2c, 0xf8, 0x0, 0x0, 0x3f, 0xf4, 0x0, 0x0,
    0x0, 0x0, 0xcf, 0x30, 0x0, 0xcf, 0x60, 0x0,
    0x57, 0x17, 0x60, 0x3f, 0xa0, 0x4, 0xfb, 0x0,
    0x2e, 0xff, 0xef, 0x90, 0xd, 0xd0, 0xa, 0xf4,
    0x0, 0xef, 0x61, 0xcf, 0x60, 0xa, 0xf0, 0xd,
    0xf0, 0x6, 0xfa, 0x0, 0xbf, 0x30, 0xa, 0xf0,
    0xf, 0xd0, 0xa, 0xf4, 0x0, 0xef, 0x0, 0xc,
    0xd0, 0xf, 0xe0, 0xc, 0xf4, 0x1, 0xfd, 0x0,
    0x3f, 0x80, 0xe, 0xf1, 0x9, 0xfa, 0x3b, 0xff,
    0x44, 0xed, 0x0, 0xa, 0xf4, 0x1, 0xdf, 0xfa,
    0x4f, 0xff, 0xb1, 0x0, 0x4, 0xfd, 0x0, 0x3,
    0x10, 0x0, 0x31, 0x0, 0x0, 0x0, 0xaf, 0xa0,
    0x0, 0x0, 0x0, 0x0, 0x0, 0x0, 0x0, 0xd,
    0xfe, 0x63, 0x1, 0x49, 0x10, 0x0, 0x0, 0x0,
    0x0, 0x7f, 0xff, 0xff, 0xff, 0x50, 0x0, 0x0,
    0x0, 0x0, 0x1, 0x46, 0x87, 0x51, 0x0, 0x0,
    0x0,

    /* U+0041 "A" */
    0x0, 0x0, 0xf, 0xff, 0x80, 0x0, 0x0, 0x0,
    0x4, 0xff, 0xfd, 0x0, 0x0, 0x0, 0x0, 0xaf,
    0xbf, 0xf2, 0x0, 0x0, 0x0, 0xf, 0xf4, 0xef,
    0x70, 0x0, 0x0, 0x4, 0xff, 0x9, 0xfd, 0x0,
    0x0, 0x0, 0x9f, 0xc0, 0x5f, 0xf2, 0x0, 0x0,
    0xe, 0xf8, 0x1, 0xff, 0x70, 0x0, 0x4, 0xff,
    0x40, 0xd, 0xfc, 0x0, 0x0, 0x9f, 0xff, 0xff,
    0xff, 0xf2, 0x0, 0xe, 0xff, 0xff, 0xff, 0xff,
    0x70, 0x4, 0xff, 0x60, 0x0, 0xf, 0xfc, 0x0,
    0x9f, 0xf1, 0x0, 0x0, 0xaf, 0xf1, 0xe, 0xfc,
    0x0, 0x0, 0x5, 0xff, 0x70,

    /* U+0042 "B" */
    0x5f, 0xff, 0xff, 0xea, 0x40, 0x5, 0xff, 0xff,
    0xff, 0xff, 0x50, 0x5f, 0xf4, 0x0, 0x5f, 0xfb,
    0x5, 0xff, 0x40, 0x0, 0xcf, 0xc0, 0x5f, 0xf4,
    0x0, 0x4f, 0xf7, 0x5, 0xff, 0xee, 0xff, 0xf7,
    0x0, 0x5f, 0xff, 0xff, 0xff, 0xe6, 0x5, 0xff,
    0x40, 0x2, 0xbf, 0xf3, 0x5f, 0xf4, 0x0, 0x2,
    0xff, 0x75, 0xff, 0x40, 0x0, 0x2f, 0xf6, 0x5f,
    0xf4, 0x0, 0x3c, 0xff, 0x25, 0xff, 0xff, 0xff,
    0xff, 0x80, 0x5f, 0xff, 0xff, 0xdb, 0x40, 0x0,

    /* U+0043 "C" */
    0x0, 0x0, 0x5b, 0xee, 0xb6, 0x0, 0x0, 0x1b,
    0xff, 0xff, 0xff, 0xb0, 0x0, 0xbf, 0xfc, 0x54,
    0x7e, 0x40, 0x5, 0xff, 0xa0, 0x0, 0x0, 0x0,
    0xa, 0xff, 0x10, 0x0, 0x0, 0x0, 0xd, 0xfd,
    0x0, 0x0, 0x0, 0x0, 0xf, 0xfb, 0x0, 0x0,
    0x0, 0x0, 0xd, 0xfd, 0x0, 0x0, 0x0, 0x0,
    0xb, 0xff, 0x10, 0x0, 0x0, 0x0, 0x6, 0xff,
    0xa0, 0x0, 0x1, 0x0, 0x0, 0xcf, 0xfc, 0x64,
    0x7e, 0xa0, 0x0, 0x2c, 0xff, 0xff, 0xff, 0xb0,
    0x0, 0x0, 0x6b, 0xee, 0xb6, 0x0,

    /* U+0044 "D" */
    0x5f, 0xff, 0xfd, 0xa5, 0x0, 0x5, 0xff, 0xff,
    0xff, 0xfc, 0x10, 0x5f, 0xf5, 0x24, 0xbf, 0xfb,
    0x5, 0xff, 0x40, 0x0, 0xaf, 0xf5, 0x5f, 0xf4,
    0x0, 0x2, 0xff, 0x85, 0xff, 0x40, 0x0, 0xf,
    0xfb, 0x5f, 0xf4, 0x0, 0x0, 0xef, 0xd5, 0xff,
    0x40, 0x0, 0xf, 0xfb, 0x5f, 0xf4, 0x0, 0x3,
    0xff, 0x85, 0xff, 0x40, 0x0, 0xbf, 0xf4, 0x5f,
    0xf5, 0x24, 0xcf, 0xfa, 0x5, 0xff, 0xff, 0xff,
    0xfb, 0x10, 0x5f, 0xff, 0xfd, 0xa5, 0x0, 0x0,

    /* U+0045 "E" */
    0x5f, 0xff, 0xff, 0xff, 0xc0, 0x5f, 0xff, 0xff,
    0xff, 0xc0, 0x5f, 0xf6, 0x22, 0x22, 0x20, 0x5f,
    0xf4, 0x0, 0x0, 0x0, 0x5f, 0xf4, 0x0, 0x0,
    0x0, 0x5f, 0xff, 0xff, 0xff, 0x0, 0x5f, 0xff,
    0xff, 0xff, 0x0, 0x5f, 0xf6, 0x22, 0x22, 0x0,
    0x5f, 0xf4, 0x0, 0x0, 0x0, 0x5f, 0xf4, 0x0,
    0x0, 0x0, 0x5f, 0xf6, 0x22, 0x22, 0x20, 0x5f,
    0xff, 0xff, 0xff, 0xf0, 0x5f, 0xff, 0xff, 0xff,
    0xf0,

    /* U+0046 "F" */
    0x5f, 0xff, 0xff, 0xff, 0xd5, 0xff, 0xff, 0xff,
    0xfd, 0x5f, 0xf6, 0x22, 0x22, 0x25, 0xff, 0x40,
    0x0, 0x0, 0x5f, 0xf4, 0x0, 0x0, 0x5, 0xff,
    0x62, 0x22, 0x20, 0x5f, 0xff, 0xff, 0xff, 0x5,
    0xff, 0xff, 0xff, 0xf0, 0x5f, 0xf4, 0x0, 0x0,
    0x5, 0xff, 0x40, 0x0, 0x0, 0x5f, 0xf4, 0x0,
    0x0, 0x5, 0xff, 0x40, 0x0, 0x0, 0x5f, 0xf4,
    0x0, 0x0, 0x0,

    /* U+0047 "G" */
    0x0, 0x0, 0x5a, 0xdf, 0xc8, 0x10, 0x0, 0x1b,
    0xff, 0xff, 0xff, 0xe3, 0x0, 0xaf, 0xfc, 0x64,
    0x6c, 0xa0, 0x5, 0xff, 0xa0, 0x0, 0x0, 0x0,
    0xa, 0xff, 0x10, 0x0, 0x0, 0x0, 0xd, 0xfd,
    0x0, 0x1, 0x11, 0x11, 0xf, 0xfb, 0x0, 0xf,
    0xff, 0xfb, 0xd, 0xfd, 0x0, 0xf, 0xff, 0xfb,
    0xb, 0xff, 0x10, 0x0, 0xa, 0xfb, 0x6, 0xff,
    0xa0, 0x0, 0xa, 0xfb, 0x0, 0xbf, 0xfc, 0x64,
    0x5e, 0xfb, 0x0, 0x1c, 0xff, 0xff, 0xff, 0xf7,
    0x0, 0x0, 0x5b, 0xdf, 0xc9, 0x30,

    /* U+0048 "H" */
    0x5f, 0xf4, 0x0, 0x0, 0xaf, 0xf5, 0xff, 0x40,
    0x0, 0xa, 0xff, 0x5f, 0xf4, 0x0, 0x0, 0xaf,
    0xf5, 0xff, 0x40, 0x0, 0xa, 0xff, 0x5f, 0xf4,
    0x0, 0x0, 0xaf, 0xf5, 0xff, 0xff, 0xff, 0xff,
    0xff, 0x5f, 0xff, 0xff, 0xff, 0xff, 0xf5, 0xff,
    0x73, 0x33, 0x3b, 0xff, 0x5f, 0xf4, 0x0, 0x0,
    0xaf, 0xf5, 0xff, 0x40, 0x0, 0xa, 0xff, 0x5f,
    0xf4, 0x0, 0x0, 0xaf, 0xf5, 0xff, 0x40, 0x0,
    0xa, 0xff, 0x5f, 0xf4, 0x0, 0x0, 0xaf, 0xf0,

    /* U+0049 "I" */
    0x5f, 0xf4, 0x5f, 0xf4, 0x5f, 0xf4, 0x5f, 0xf4,
    0x5f, 0xf4, 0x5f, 0xf4, 0x5f, 0xf4, 0x5f, 0xf4,
    0x5f, 0xf4, 0x5f, 0xf4, 0x5f, 0xf4, 0x5f, 0xf4,
    0x5f, 0xf4,

    /* U+004A "J" */
    0x0, 0x0, 0x0, 0xff, 0xa0, 0x0, 0x0, 0xf,
    0xfa, 0x0, 0x0, 0x0, 0xff, 0xa0, 0x0, 0x0,
    0xf, 0xfa, 0x0, 0x0, 0x0, 0xff, 0xa0, 0x0,
    0x0, 0xf, 0xfa, 0x0, 0x0, 0x0, 0xff, 0xa0,
    0x0, 0x0, 0xf, 0xfa, 0x0, 0x0, 0x0, 0xff,
    0xa0, 0x12, 0x0, 0x2f, 0xf8, 0x3e, 0xe6, 0x4c,
    0xff, 0x41, 0xef, 0xff, 0xff, 0xb0, 0x1, 0x9e,
    0xfc, 0x70, 0x0,

    /* U+004B "K" */
    0x5f, 0xf4, 0x0, 0xa, 0xff, 0x40, 0x5f, 0xf4,
    0x0, 0x6f, 0xf8, 0x0, 0x5f, 0xf4, 0x3, 0xff,
    0xb0, 0x0, 0x5f, 0xf4, 0x1e, 0xfd, 0x0, 0x0,
    0x5f, 0xf4, 0xbf, 0xf2, 0x0, 0x0, 0x5f, 0xfc,
    0xff, 0xd0, 0x0, 0x0, 0x5f, 0xff, 0xff, 0xf7,
    0x0, 0x0, 0x5f, 0xff, 0xcc, 0xff, 0x10, 0x0,
    0x5f, 0xfe, 0x12, 0xff, 0xa0, 0x0, 0x5f, 0xf5,
    0x0, 0x9f, 0xf4, 0x0, 0x5f, 0xf4, 0x0, 0x1e,
    0xfd, 0x0, 0x5f, 0xf4, 0x0, 0x6, 0xff, 0x80,
    0x5f, 0xf4, 0x0, 0x0, 0xcf, 0xf2,

    /* U+004C "L" */
    0x5f, 0xf4, 0x0, 0x0, 0x5, 0xff, 0x40, 0x0,
    0x0, 0x5f, 0xf4, 0x0, 0x0, 0x5, 0xff, 0x40,
    0x0, 0x0, 0x5f, 0xf4, 0x0, 0x0, 0x5, 0xff,
    0x40, 0x0, 0x0, 0x5f, 0xf4, 0x0, 0x0, 0x5,
    0xff, 0x40, 0x0, 0x0, 0x5f, 0xf4, 0x0, 0x0,
    0x5, 0xff, 0x40, 0x0, 0x0, 0x5f, 0xf6, 0x22,
    0x22, 0x15, 0xff, 0xff, 0xff, 0xfb, 0x5f, 0xff,
    0xff, 0xff, 0xb0,

    /* U+004D "M" */
    0x5f, 0xfc, 0x0, 0x0, 0x6, 0xff, 0xb5, 0xff,
    0xf2, 0x0, 0x0, 0xcf, 0xfb, 0x5f, 0xff, 0x80,
    0x0, 0x2f, 0xff, 0xb5, 0xfd, 0xfe, 0x0, 0x7,
    0xfd, 0xfb, 0x5f, 0xdc, 0xf4, 0x0, 0xdf, 0x9f,
    0xb5, 0xfe, 0x7f, 0xa0, 0x3f, 0xc9, 0xfb, 0x5f,
    0xf2, 0xff, 0x9, 0xf6, 0xaf, 0xb5, 0xff, 0xb,
    0xf5, 0xef, 0x1b, 0xfb, 0x5f, 0xf0, 0x5f, 0xdf,
    0xa0, 0xbf, 0xb5, 0xff, 0x0, 0xff, 0xf4, 0xb,
    0xfb, 0x5f, 0xf0, 0x9, 0xfe, 0x0, 0xbf, 0xb5,
    0xff, 0x0, 0x3d, 0x70, 0xb, 0xfb, 0x5f, 0xf0,
    0x0, 0x0, 0x0, 0xbf, 0xb0,

    /* U+004E "N" */
    0x5f, 0xfa, 0x0, 0x0, 0xaf, 0xd5, 0xff, 0xf3,
    0x0, 0xa, 0xfd, 0x5f, 0xff, 0xc0, 0x0, 0xaf,
    0xd5, 0xfe, 0xef, 0x40, 0xa, 0xfd, 0x5f, 0xe7,
    0xfd, 0x0, 0xaf, 0xd5, 0xff, 0x1e, 0xf6, 0xa,
    0xfd, 0x5f, 0xf1, 0x7f, 0xe0, 0x9f, 0xd5, 0xff,
    0x20, 0xef, 0x78, 0xfd, 0x5f, 0xf2, 0x5, 0xfe,
    0x7f, 0xd5, 0xff, 0x20, 0xc, 0xfd, 0xfd, 0x5f,
    0xf2, 0x0, 0x4f, 0xff, 0xd5, 0xff, 0x20, 0x0,
    0xbf, 0xfd, 0x5f, 0xf2, 0x0, 0x2, 0xff, 0xd0,

    /* U+004F "O" */
    0x0, 0x0, 0x7b, 0xee, 0xb6, 0x0, 0x0, 0x3,
    0xdf, 0xff, 0xff, 0xfc, 0x10, 0x0, 0xdf, 0xfa,
    0x55, 0xbf, 0xfb, 0x0, 0x7f, 0xf8, 0x0, 0x0,
    0xaf, 0xf4, 0xb, 0xff, 0x10, 0x0, 0x2, 0xff,
    0x90, 0xef, 0xd0, 0x0, 0x0, 0xf, 0xfb, 0xf,
    0xfb, 0x0, 0x0, 0x0, 0xdf, 0xd0, 0xdf, 0xd0,
    0x0, 0x0, 0xf, 0xfb, 0xb, 0xff, 0x10, 0x0,
    0x3, 0xff, 0x80, 0x6f, 0xf9, 0x0, 0x0, 0xbf,
    0xf4, 0x0, 0xcf, 0xfa, 0x55, 0xbf, 0xfa, 0x0,
    0x2, 0xdf, 0xff, 0xff, 0xfb, 0x10, 0x0, 0x0,
    0x7b, 0xee, 0xb6, 0x0, 0x0,

    /* U+0050 "P" */
    0x5f, 0xff, 0xff, 0xda, 0x30, 0x5, 0xff, 0xff,
    0xff, 0xff, 0x50, 0x5f, 0xf5, 0x11, 0x5e, 0xfe,
    0x5, 0xff, 0x40, 0x0, 0x7f, 0xf2, 0x5f, 0xf4,
    0x0, 0x7, 0xff, 0x15, 0xff, 0x40, 0x5, 0xef,
    0xd0, 0x5f, 0xff, 0xff, 0xff, 0xf3, 0x5, 0xff,
    0xff, 0xfe, 0x92, 0x0, 0x5f, 0xf5, 0x0, 0x0,
    0x0, 0x5, 0xff, 0x40, 0x0, 0x0, 0x0, 0x5f,
    0xf4, 0x0, 0x0, 0x0, 0x5, 0xff, 0x40, 0x0,
    0x0, 0x0, 0x5f, 0xf4, 0x0, 0x0, 0x0, 0x0,

    /* U+0051 "Q" */
    0x0, 0x0, 0x7b, 0xee, 0xb6, 0x0, 0x0, 0x0,
    0x2c, 0xff, 0xff, 0xff, 0xb1, 0x0, 0x0, 0xcf,
    0xfa, 0x55, 0xbf, 0xfa, 0x0, 0x5, 0xff, 0x90,
    0x0, 0xb, 0xff, 0x30, 0xb, 0xff, 0x10, 0x0,
    0x3, 0xff, 0x80, 0xd, 0xfd, 0x0, 0x0, 0x0,
    0xff, 0xb0, 0xf, 0xfb, 0x0, 0x0, 0x0, 0xdf,
    0xd0, 0xe, 0xfc, 0x0, 0x0, 0x0, 0xef, 0xc0,
    0xc, 0xfe, 0x0, 0x0, 0x0, 0xff, 0xa0, 0x9,
    0xff, 0x30, 0x0, 0x5, 0xff, 0x70, 0x2, 0xff,
    0xc0, 0x0, 0x1d, 0xff, 0x10, 0x0, 0x8f, 0xfd,
    0x89, 0xef, 0xf7, 0x0, 0x0, 0x8, 0xff, 0xff,
    0xff, 0x70, 0x0, 0x0, 0x0, 0x18, 0xff, 0xd1,
    0x0, 0x0, 0x0, 0x0, 0x0, 0xbf, 0xfa, 0x31,
    0x20, 0x0, 0x0, 0x0, 0xb, 0xff, 0xff, 0xf3,
    0x0, 0x0, 0x0, 0x0, 0x5b, 0xef, 0xd4,

    /* U+0052 "R" */
    0x5f, 0xff, 0xff, 0xda, 0x40, 0x5, 0xff, 0xff,
    0xff, 0xff, 0x60, 0x5f, 0xf5, 0x1, 0x4e, 0xff,
    0x5, 0xff, 0x40, 0x0, 0x6f, 0xf3, 0x5f, 0xf4,
    0x0, 0x7, 0xff, 0x35, 0xff, 0x40, 0x4, 0xef,
    0xe0, 0x5f, 0xff, 0xff, 0xff, 0xf5, 0x5, 0xff,
    0xff, 0xff, 0xe3, 0x0, 0x5f, 0xf5, 0x9, 0xff,
    0x30, 0x5, 0xff, 0x40, 0x1f, 0xfd, 0x0, 0x5f,
    0xf4, 0x0, 0x7f, 0xf6, 0x5, 0xff, 0x40, 0x0,
    0xef, 0xe1, 0x5f, 0xf4, 0x0, 0x6, 0xff, 0x90,

    /* U+0053 "S" */
    0x0, 0x6, 0xce, 0xeb, 0x50, 0x0, 0xc, 0xff,
    0xff, 0xff, 0xb0, 0x6, 0xff, 0xa5, 0x59, 0xf5,
    0x0, 0xaf, 0xf1, 0x0, 0x1, 0x0, 0x8, 0xff,
    0xa1, 0x0, 0x0, 0x0, 0x1e, 0xff, 0xfa, 0x40,
    0x0, 0x0, 0x19, 0xff, 0xff, 0xd3, 0x0, 0x0,
    0x2, 0x8e, 0xff, 0xe1, 0x0, 0x0, 0x0, 0xa,
    0xff, 0x60, 0x4, 0x0, 0x0, 0x4f, 0xf7, 0xb,
    0xfb, 0x74, 0x5d, 0xff, 0x30, 0x9f, 0xff, 0xff,
    0xff, 0x80, 0x0, 0x39, 0xcf, 0xdb, 0x40, 0x0,

    /* U+0054 "T" */
    0x7f, 0xff, 0xff, 0xff, 0xff, 0xb7, 0xff, 0xff,
    0xff, 0xff, 0xfb, 0x12, 0x22, 0xcf, 0xf2, 0x22,
    0x10, 0x0, 0xb, 0xff, 0x0, 0x0, 0x0, 0x0,
    0xbf, 0xf0, 0x0, 0x0, 0x0, 0xb, 0xff, 0x0,
    0x0, 0x0, 0x0, 0xbf, 0xf0, 0x0, 0x0, 0x0,
    0xb, 0xff, 0x0, 0x0, 0x0, 0x0, 0xbf, 0xf0,
    0x0, 0x0, 0x0, 0xb, 0xff, 0x0, 0x0, 0x0,
    0x0, 0xbf, 0xf0, 0x0, 0x0, 0x0, 0xb, 0xff,
    0x0, 0x0, 0x0, 0x0, 0xbf, 0xf0, 0x0, 0x0,

    /* U+0055 "U" */
    0x6f, 0xf3, 0x0, 0x0, 0xaf, 0xe6, 0xff, 0x30,
    0x0, 0xa, 0xfe, 0x6f, 0xf3, 0x0, 0x0, 0xaf,
    0xe6, 0xff, 0x30, 0x0, 0xa, 0xfe, 0x6f, 0xf3,
    0x0, 0x0, 0xaf, 0xe6, 0xff, 0x30, 0x0, 0xa,
    0xfe, 0x6f, 0xf3, 0x0, 0x0, 0xaf, 0xe5, 0xff,
    0x40, 0x0, 0xa, 0xfd, 0x3f, 0xf5, 0x0, 0x0,
    0xcf, 0xb1, 0xff, 0xa0, 0x0, 0x2f, 0xf9, 0xb,
    0xff, 0x94, 0x5d, 0xff, 0x20, 0x2e, 0xff, 0xff,
    0xff, 0x80, 0x0, 0x19, 0xcf, 0xeb, 0x40, 0x0,

    /* U+0056 "V" */
    0xe, 0xfd, 0x0, 0x0, 0x9, 0xff, 0x10, 0xaf,
    0xf1, 0x0, 0x0, 0xef, 0xc0, 0x5, 0xff, 0x50,
    0x0, 0x2f, 0xf6, 0x0, 0xf, 0xfa, 0x0, 0x7,
    0xff, 0x10, 0x0, 0xbf, 0xe0, 0x0, 0xcf, 0xc0,
    0x0, 0x6, 0xff, 0x20, 0xf, 0xf7, 0x0, 0x0,
    0x1f, 0xf6, 0x5, 0xff, 0x20, 0x0, 0x0, 0xcf,
    0xb0, 0x9f, 0xd0, 0x0, 0x0, 0x7, 0xff, 0xd,
    0xf8, 0x0, 0x0, 0x0, 0x2f, 0xf6, 0xff, 0x30,
    0x0, 0x0, 0x0, 0xdf, 0xef, 0xd0, 0x0, 0x0,
    0x0, 0x8, 0xff, 0xf8, 0x0, 0x0, 0x0, 0x0,
    0x3f, 0xff, 0x30, 0x0, 0x0,

    /* U+0057 "W" */
    0x8f, 0xf2, 0x0, 0xf, 0xf9, 0x0, 0x7, 0xff,
    0x5, 0xff, 0x40, 0x3, 0xff, 0xc0, 0x0, 0xaf,
    0xd0, 0x2f, 0xf7, 0x0, 0x7f, 0xff, 0x0, 0xd,
    0xfa, 0x0, 0xff, 0x90, 0xb, 0xfe, 0xf4, 0x0,
    0xff, 0x60, 0xc, 0xfc, 0x0, 0xff, 0x9f, 0x80,
    0x3f, 0xf3, 0x0, 0x9f, 0xe0, 0x3f, 0xc6, 0xfc,
    0x5, 0xff, 0x0, 0x6, 0xff, 0x17, 0xf9, 0x3f,
    0xf0, 0x8f, 0xd0, 0x0, 0x3f, 0xf3, 0xaf, 0x50,
    0xff, 0x3a, 0xfa, 0x0, 0x0, 0xff, 0x6d, 0xf2,
    0xc, 0xf6, 0xdf, 0x70, 0x0, 0xd, 0xf9, 0xfe,
    0x0, 0x8f, 0x9f, 0xf4, 0x0, 0x0, 0xaf, 0xef,
    0xa0, 0x4, 0xfe, 0xff, 0x10, 0x0, 0x7, 0xff,
    0xf7, 0x0, 0xf, 0xff, 0xe0, 0x0, 0x0, 0x4f,
    0xff, 0x30, 0x0, 0xdf, 0xfb, 0x0, 0x0,

    /* U+0058 "X" */
    0x4f, 0xfa, 0x0, 0x3, 0xff, 0x80, 0xb, 0xff,
    0x20, 0xb, 0xfe, 0x0, 0x2, 0xff, 0xa0, 0x2f,
    0xf6, 0x0, 0x0, 0x9f, 0xf2, 0x9f, 0xd0, 0x0,
    0x0, 0x1e, 0xfb, 0xff, 0x50, 0x0, 0x0, 0x7,
    0xff, 0xfc, 0x0, 0x0, 0x0, 0x2, 0xff, 0xf7,
    0x0, 0x0, 0x0, 0xa, 0xff, 0xfe, 0x0, 0x0,
    0x0, 0x3f, 0xf7, 0xff, 0x70, 0x0, 0x0, 0xcf,
    0xc0, 0xbf, 0xf1, 0x0, 0x5, 0xff, 0x50, 0x3f,
    0xf9, 0x0, 0xd, 0xfd, 0x0, 0xb, 0xff, 0x30,
    0x7f, 0xf5, 0x0, 0x3, 0xff, 0xb0,

    /* U+0059 "Y" */
    0xd, 0xfe, 0x0, 0x0, 0x6f, 0xf5, 0x6, 0xff,
    0x50, 0x0, 0xdf, 0xd0, 0x0, 0xef, 0xc0, 0x4,
    0xff, 0x50, 0x0, 0x6f, 0xf2, 0xa, 0xfd, 0x0,
    0x0, 0xe, 0xf9, 0x1f, 0xf5, 0x0, 0x0, 0x6,
    0xff, 0x8f, 0xd0, 0x0, 0x0, 0x0, 0xef, 0xff,
    0x60, 0x0, 0x0, 0x0, 0x7f, 0xfe, 0x0, 0x0,
    0x0, 0x0, 0x1f, 0xf8, 0x0, 0x0, 0x0, 0x0,
    0x1f, 0xf8, 0x0, 0x0, 0x0, 0x0, 0x1f, 0xf8,
    0x0, 0x0, 0x0, 0x0, 0x1f, 0xf8, 0x0, 0x0,
    0x0, 0x0, 0x1f, 0xf8, 0x0, 0x0,

    /* U+005A "Z" */
    0x9, 0xff, 0xff, 0xff, 0xff, 0x40, 0x9f, 0xff,
    0xff, 0xff, 0xf3, 0x1, 0x22, 0x22, 0x6f, 0xfa,
    0x0, 0x0, 0x0, 0xd, 0xfe, 0x10, 0x0, 0x0,
    0x9, 0xff, 0x40, 0x0, 0x0, 0x3, 0xff, 0x90,
    0x0, 0x0, 0x0, 0xdf, 0xe1, 0x0, 0x0, 0x0,
    0x9f, 0xf4, 0x0, 0x0, 0x0, 0x4f, 0xf9, 0x0,
    0x0, 0x0, 0xd, 0xfe, 0x0, 0x0, 0x0, 0x9,
    0xff, 0x62, 0x22, 0x22, 0x2, 0xff, 0xff, 0xff,
    0xff, 0xf4, 0x3f, 0xff, 0xff, 0xff, 0xff, 0x40,

    /* U+005B "[" */
    0x2f, 0xff, 0xe2, 0xfd, 0x55, 0x2f, 0xc0, 0x2,
    0xfc, 0x0, 0x2f, 0xc0, 0x2, 0xfc, 0x0, 0x2f,
    0xc0, 0x2, 0xfc, 0x0, 0x2f, 0xc0, 0x2, 0xfc,
    0x0, 0x2f, 0xc0, 0x2, 0xfc, 0x0, 0x2f, 0xc0,
    0x2, 0xfc, 0x0, 0x2f, 0xc0, 0x2, 0xfd, 0x11,
    0x2f, 0xff, 0xe0, 0x44, 0x43,

    /* U+005C "\\" */
    0x5f, 0x60, 0x0, 0x1, 0xfa, 0x0, 0x0, 0xd,
    0xe0, 0x0, 0x0, 0x9f, 0x20, 0x0, 0x5, 0xf6,
    0x0, 0x0, 0x1f, 0xb0, 0x0, 0x0, 0xcf, 0x0,
    0x0, 0x8, 0xf3, 0x0, 0x0, 0x4f, 0x70, 0x0,
    0x0, 0xfc, 0x0, 0x0, 0xb, 0xf0, 0x0, 0x0,
    0x7f, 0x40, 0x0, 0x3, 0xf8, 0x0, 0x0, 0xf,
    0xc0, 0x0, 0x0, 0xbf, 0x10, 0x0, 0x6, 0xf5,
    0x0, 0x0, 0x2f, 0x90,

    /* U+005D "]" */
    0x2f, 0xff, 0xf0, 0x55, 0xff, 0x0, 0xf, 0xf0,
    0x0, 0xff, 0x0, 0xf, 0xf0, 0x0, 0xff, 0x0,
    0xf, 0xf0, 0x0, 0xff, 0x0, 0xf, 0xf0, 0x0,
    0xff, 0x0, 0xf, 0xf0, 0x0, 0xff, 0x0, 0xf,
    0xf0, 0x0, 0xff, 0x0, 0xf, 0xf0, 0x11, 0xff,
    0x2f, 0xff, 0xf0, 0x44, 0x44,

    /* U+005E "^" */
    0x0, 0xe, 0xf9, 0x0, 0x0, 0x5, 0xff, 0xe0,
    0x0, 0x0, 0xcf, 0xdf, 0x50, 0x0, 0x2f, 0xd4,
    0xfc, 0x0, 0x8, 0xf8, 0xe, 0xf2, 0x0, 0xef,
    0x20, 0x9f, 0x80, 0x5f, 0xd0, 0x3, 0xfe, 0xb,
    0xf7, 0x0, 0xd, 0xf5,

    /* U+005F "_" */
    0x12, 0x22, 0x22, 0x22, 0x22, 0xbf, 0xff, 0xff,
    0xff, 0xff, 0x35, 0x55, 0x55, 0x55, 0x55,

    /* U+0060 "`" */
    0x7, 0x77, 0x0, 0x0, 0x4f, 0xf9, 0x0, 0x0,
    0x4f, 0xf4, 0x0, 0x0, 0x4f, 0xe1,

    /* U+0061 "a" */
    0x0, 0x4a, 0xdf, 0xd7, 0x0, 0x7, 0xff, 0xff,
    0xff, 0x90, 0x1, 0xb5, 0x22, 0xcf, 0xf1, 0x0,
    0x0, 0x2, 0x8f, 0xf3, 0x0, 0x4a, 0xff, 0xff,
    0xf5, 0x6, 0xff, 0xb6, 0x7f, 0xf5, 0xe, 0xf9,
    0x0, 0x4f, 0xf5, 0xf, 0xfb, 0x13, 0xcf, 0xf5,
    0xb, 0xff, 0xff, 0xff, 0xf5, 0x1, 0xae, 0xe9,
    0x1d, 0xf5,

    /* U+0062 "b" */
    0x9f, 0xf0, 0x0, 0x0, 0x0, 0x9f, 0xf0, 0x0,
    0x0, 0x0, 0x9f, 0xf0, 0x0, 0x0, 0x0, 0x9f,
    0xf0, 0x0, 0x0, 0x0, 0x9f, 0xf3, 0xbe, 0xd8,
    0x0, 0x9f, 0xff, 0xff, 0xff, 0xc0, 0x9f, 0xfb,
    0x33, 0xcf, 0xf4, 0x9f, 0xf1, 0x0, 0x2f, 0xf9,
    0x9f, 0xf0, 0x0, 0xf, 0xfb, 0x9f, 0xf0, 0x0,
    0xf, 0xfa, 0x9f, 0xf0, 0x0, 0x4f, 0xf7, 0x9f,
    0xf9, 0x24, 0xdf, 0xf2, 0x9f, 0xff, 0xff, 0xff,
    0x70, 0x9f, 0x94, 0xcf, 0xc5, 0x0,

    /* U+0063 "c" */
    0x0, 0x6, 0xbe, 0xea, 0x20, 0xb, 0xff, 0xff,
    0xf8, 0x8, 0xff, 0xb3, 0x26, 0x0, 0xef, 0xd0,
    0x0, 0x0, 0x1f, 0xf9, 0x0, 0x0, 0x1, 0xff,
    0x80, 0x0, 0x0, 0xe, 0xfd, 0x0, 0x0, 0x0,
    0x9f, 0xfa, 0x32, 0x82, 0x0, 0xdf, 0xff, 0xff,
    0xc0, 0x0, 0x7c, 0xfd, 0xa1,

    /* U+0064 "d" */
    0x0, 0x0, 0x0, 0x7, 0xff, 0x20, 0x0, 0x0,
    0x0, 0x7f, 0xf2, 0x0, 0x0, 0x0, 0x7, 0xff,
    0x20, 0x0, 0x0, 0x0, 0x7f, 0xf2, 0x0, 0x9,
    0xde, 0xa8, 0xff, 0x20, 0xd, 0xff, 0xff, 0xff,
    0xf2, 0x8, 0xff, 0x92, 0x4c, 0xff, 0x20, 0xef,
    0xd0, 0x0, 0x7f, 0xf2, 0x1f, 0xf9, 0x0, 0x7,
    0xff, 0x21, 0xff, 0x90, 0x0, 0x7f, 0xf2, 0xf,
    0xfd, 0x0, 0x7, 0xff, 0x20, 0xaf, 0xf8, 0x25,
    0xef, 0xf2, 0x2, 0xff, 0xff, 0xff, 0xff, 0x20,
    0x2, 0xbe, 0xe9, 0x2f, 0xf2,

    /* U+0065 "e" */
    0x0, 0x7, 0xcf, 0xc8, 0x0, 0x0, 0xcf, 0xff,
    0xff, 0xb0, 0x8, 0xff, 0x40, 0x3f, 0xf4, 0xe,
    0xf7, 0x0, 0xb, 0xf8, 0x1f, 0xff, 0xff, 0xff,
    0xfa, 0x1f, 0xfd, 0xbb, 0xbb, 0xb7, 0xe, 0xf9,
    0x0, 0x0, 0x0, 0x8, 0xff, 0x71, 0x3, 0x50,
    0x0, 0xcf, 0xff, 0xff, 0xf1, 0x0, 0x7, 0xcf,
    0xeb, 0x40,

    /* U+0066 "f" */
    0x0, 0x9, 0xdf, 0xd2, 0x0, 0xaf, 0xff, 0xf0,
    0x0, 0xff, 0xc1, 0x10, 0x1, 0xff, 0x80, 0x0,
    0x8f, 0xff, 0xff, 0x60, 0x9f, 0xff, 0xff, 0x60,
    0x2, 0xff, 0x80, 0x0, 0x1, 0xff, 0x70, 0x0,
    0x1, 0xff, 0x70, 0x0, 0x1, 0xff, 0x70, 0x0,
    0x1, 0xff, 0x70, 0x0, 0x1, 0xff, 0x70, 0x0,
    0x1, 0xff, 0x70, 0x0, 0x1, 0xff, 0x70, 0x0,

    /* U+0067 "g" */
    0x0, 0x3b, 0xef, 0xff, 0xff, 0x40, 0x4f, 0xff,
    0xef, 0xff, 0xe4, 0xb, 0xfd, 0x0, 0xaf, 0xc0,
    0x0, 0xdf, 0xa0, 0x6, 0xff, 0x0, 0x9, 0xff,
    0x32, 0xcf, 0xc0, 0x0, 0xd, 0xff, 0xff, 0xe2,
    0x0, 0x3, 0xfc, 0x78, 0x60, 0x0, 0x0, 0x9f,
    0x90, 0x0, 0x0, 0x0, 0x7, 0xff, 0xff, 0xfe,
    0xc4, 0x0, 0x1e, 0xff, 0xff, 0xff, 0xf3, 0xd,
    0xf2, 0x0, 0x6, 0xff, 0x62, 0xff, 0x20, 0x0,
    0x6f, 0xf2, 0xd, 0xff, 0xca, 0xcf, 0xf7, 0x0,
    0x19, 0xdf, 0xfd, 0x93, 0x0,

    /* U+0068 "h" */
    0x9f, 0xf0, 0x0, 0x0, 0x0, 0x9f, 0xf0, 0x0,
    0x0, 0x0, 0x9f, 0xf0, 0x0, 0x0, 0x0, 0x9f,
    0xf0, 0x0, 0x0, 0x0, 0x9f, 0xf1, 0x9d, 0xea,
    0x10, 0x9f, 0xfe, 0xff, 0xff, 0xa0, 0x9f, 0xfd,
    0x54, 0xdf, 0xf0, 0x9f, 0xf1, 0x0, 0x8f, 0xf2,
    0x9f, 0xf0, 0x0, 0x6f, 0xf3, 0x9f, 0xf0, 0x0,
    0x6f, 0xf3, 0x9f, 0xf0, 0x0, 0x6f, 0xf3, 0x9f,
    0xf0, 0x0, 0x6f, 0xf3, 0x9f, 0xf0, 0x0, 0x6f,
    0xf3, 0x9f, 0xf0, 0x0, 0x6f, 0xf3,

    /* U+0069 "i" */
    0x5e, 0xb0, 0xbf, 0xf2, 0x3b, 0x80, 0x0, 0x0,
    0x9f, 0xf0, 0x9f, 0xf0, 0x9f, 0xf0, 0x9f, 0xf0,
    0x9f, 0xf0, 0x9f, 0xf0, 0x9f, 0xf0, 0x9f, 0xf0,
    0x9f, 0xf0, 0x9f, 0xf0,

    /* U+006A "j" */
    0x0, 0x5e, 0xb0, 0x0, 0xaf, 0xf2, 0x0, 0x3b,
    0x80, 0x0, 0x0, 0x0, 0x0, 0x8f, 0xf1, 0x0,
    0x8f, 0xf1, 0x0, 0x8f, 0xf1, 0x0, 0x8f, 0xf1,
    0x0, 0x8f, 0xf1, 0x0, 0x8f, 0xf1, 0x0, 0x8f,
    0xf1, 0x0, 0x8f, 0xf1, 0x0, 0x8f, 0xf1, 0x0,
    0x8f, 0xf1, 0x0, 0x9f, 0xf1, 0x2, 0xdf, 0xf0,
    0xaf, 0xff, 0x80, 0xcf, 0xd8, 0x0,

    /* U+006B "k" */
    0x9f, 0xf0, 0x0, 0x0, 0x0, 0x9f, 0xf0, 0x0,
    0x0, 0x0, 0x9f, 0xf0, 0x0, 0x0, 0x0, 0x9f,
    0xf0, 0x0, 0x0, 0x0, 0x9f, 0xf0, 0x0, 0xdf,
    0xe1, 0x9f, 0xf0, 0xa, 0xff, 0x30, 0x9f, 0xf0,
    0x7f, 0xf5, 0x0, 0x9f, 0xf4, 0xff, 0x80, 0x0,
    0x9f, 0xff, 0xff, 0x30, 0x0, 0x9f, 0xff, 0xff,
    0xd0, 0x0, 0x9f, 0xfd, 0x3f, 0xf8, 0x0, 0x9f,
    0xf2, 0x9, 0xff, 0x20, 0x9f, 0xf0, 0x1, 0xef,
    0xc0, 0x9f, 0xf0, 0x0, 0x6f, 0xf7,

    /* U+006C "l" */
    0x9f, 0xf0, 0x9, 0xff, 0x0, 0x9f, 0xf0, 0x9,
    0xff, 0x0, 0x9f, 0xf0, 0x9, 0xff, 0x0, 0x9f,
    0xf0, 0x9, 0xff, 0x0, 0x9f, 0xf0, 0x9, 0xff,
    0x0, 0x9f, 0xf0, 0x8, 0xff, 0x30, 0x5f, 0xff,
    0x0, 0x9e, 0xe2,

    /* U+006D "m" */
    0x9f, 0xa1, 0xae, 0xd8, 0x1, 0x9e, 0xe8, 0x0,
    0x9f, 0xee, 0xff, 0xff, 0xae, 0xff, 0xff, 0x70,
    0x9f, 0xfd, 0x55, 0xff, 0xfd, 0x55, 0xff, 0xd0,
    0x9f, 0xf1, 0x0, 0xaf, 0xf1, 0x0, 0xbf, 0xf0,
    0x9f, 0xf0, 0x0, 0x9f, 0xf0, 0x0, 0x9f, 0xf0,
    0x9f, 0xf0, 0x0, 0x9f, 0xf0, 0x0, 0x9f, 0xf0,
    0x9f, 0xf0, 0x0, 0x9f, 0xf0, 0x0, 0x9f, 0xf0,
    0x9f, 0xf0, 0x0, 0x9f, 0xf0, 0x0, 0x9f, 0xf0,
    0x9f, 0xf0, 0x0, 0x9f, 0xf0, 0x0, 0x9f, 0xf0,
    0x9f, 0xf0, 0x0, 0x9f, 0xf0, 0x0, 0x9f, 0xf0,

    /* U+006E "n" */
    0x9f, 0xa1, 0x9d, 0xea, 0x10, 0x9f, 0xee, 0xff,
    0xff, 0xa0, 0x9f, 0xfd, 0x54, 0xdf, 0xf0, 0x9f,
    0xf1, 0x0, 0x8f, 0xf2, 0x9f, 0xf0, 0x0, 0x6f,
    0xf3, 0x9f, 0xf0, 0x0, 0x6f, 0xf3, 0x9f, 0xf0,
    0x0, 0x6f, 0xf3, 0x9f, 0xf0, 0x0, 0x6f, 0xf3,
    0x9f, 0xf0, 0x0, 0x6f, 0xf3, 0x9f, 0xf0, 0x0,
    0x6f, 0xf3,

    /* U+006F "o" */
    0x0, 0x7, 0xcf, 0xd9, 0x10, 0x0, 0xc, 0xff,
    0xff, 0xfe, 0x20, 0x8, 0xff, 0x82, 0x5f, 0xfc,
    0x0, 0xef, 0xc0, 0x0, 0x8f, 0xf2, 0x1f, 0xf8,
    0x0, 0x4, 0xff, 0x51, 0xff, 0x80, 0x0, 0x4f,
    0xf5, 0xe, 0xfc, 0x0, 0x8, 0xff, 0x20, 0x8f,
    0xf8, 0x25, 0xff, 0xc0, 0x0, 0xcf, 0xff, 0xff,
    0xe2, 0x0, 0x0, 0x7c, 0xfd, 0x91, 0x0,

    /* U+0070 "p" */
    0x9f, 0xa3, 0xbe, 0xd8, 0x0, 0x9f, 0xff, 0xff,
    0xff, 0xc0, 0x9f, 0xfb, 0x33, 0xcf, 0xf4, 0x9f,
    0xf1, 0x0, 0x2f, 0xf9, 0x9f, 0xf0, 0x0, 0xf,
    0xfb, 0x9f, 0xf0, 0x0, 0xf, 0xfa, 0x9f, 0xf0,
    0x0, 0x4f, 0xf7, 0x9f, 0xf9, 0x24, 0xdf, 0xf2,
    0x9f, 0xff, 0xff, 0xff, 0x70, 0x9f, 0xf4, 0xcf,
    0xc5, 0x0, 0x9f, 0xf0, 0x0, 0x0, 0x0, 0x9f,
    0xf0, 0x0, 0x0, 0x0, 0x9f, 0xf0, 0x0, 0x0,
    0x0, 0x9f, 0xf0, 0x0, 0x0, 0x0,

    /* U+0071 "q" */
    0x0, 0x9, 0xde, 0xb2, 0xff, 0x20, 0xd, 0xff,
    0xff, 0xff, 0xf2, 0x8, 0xff, 0x92, 0x4c, 0xff,
    0x20, 0xef, 0xd0, 0x0, 0x7f, 0xf2, 0x1f, 0xf9,
    0x0, 0x7, 0xff, 0x21, 0xff, 0x90, 0x0, 0x7f,
    0xf2, 0xf, 0xfd, 0x0, 0x7, 0xff, 0x20, 0xaf,
    0xf8, 0x25, 0xef, 0xf2, 0x2, 0xff, 0xff, 0xff,
    0xff, 0x20, 0x2, 0xbe, 0xe9, 0x7f, 0xf2, 0x0,
    0x0, 0x0, 0x7, 0xff, 0x20, 0x0, 0x0, 0x0,
    0x7f, 0xf2, 0x0, 0x0, 0x0, 0x7, 0xff, 0x20,
    0x0, 0x0, 0x0, 0x7f, 0xf2,

    /* U+0072 "r" */
    0x9f, 0xa0, 0x9e, 0xb9, 0xfc, 0xbf, 0xf8, 0x9f,
    0xff, 0x95, 0x29, 0xff, 0x70, 0x0, 0x9f, 0xf1,
    0x0, 0x9, 0xff, 0x0, 0x0, 0x9f, 0xf0, 0x0,
    0x9, 0xff, 0x0, 0x0, 0x9f, 0xf0, 0x0, 0x9,
    0xff, 0x0, 0x0,

    /* U+0073 "s" */
    0x0, 0x6d, 0xfd, 0xa3, 0x0, 0x8f, 0xff, 0xff,
    0xe0, 0xe, 0xfb, 0x0, 0x53, 0x0, 0xdf, 0xe3,
    0x0, 0x0, 0x4, 0xef, 0xfd, 0x50, 0x0, 0x1,
    0x8f, 0xff, 0xb0, 0x0, 0x0, 0x8, 0xff, 0x30,
    0x96, 0x0, 0x6f, 0xf3, 0x4f, 0xff, 0xff, 0xfc,
    0x0, 0x3a, 0xdf, 0xd8, 0x10,

    /* U+0074 "t" */
    0x0, 0xcf, 0x60, 0x0, 0x0, 0xef, 0x60, 0x0,
    0x0, 0xff, 0x60, 0x0, 0x8f, 0xff, 0xff, 0xe0,
    0x9f, 0xff, 0xff, 0xe0, 0x3, 0xff, 0x70, 0x0,
    0x3, 0xff, 0x60, 0x0, 0x3, 0xff, 0x60, 0x0,
    0x3, 0xff, 0x60, 0x0, 0x2, 0xff, 0x70, 0x0,
    0x1, 0xff, 0xc2, 0x10, 0x0, 0xbf, 0xff, 0xf0,
    0x0, 0x1a, 0xef, 0xd1,

    /* U+0075 "u" */
    0xaf, 0xe0, 0x0, 0x9f, 0xf0, 0xaf, 0xe0, 0x0,
    0x9f, 0xf0, 0xaf, 0xe0, 0x0, 0x9f, 0xf0, 0xaf,
    0xe0, 0x0, 0x9f, 0xf0, 0xaf, 0xe0, 0x0, 0x9f,
    0xf0, 0xaf, 0xf0, 0x0, 0x9f, 0xf0, 0xaf, 0xf0,
    0x0, 0xaf, 0xf0, 0x8f, 0xf8, 0x49, 0xff, 0xf0,
    0x2f, 0xff, 0xff, 0xbf, 0xf0, 0x5, 0xdf, 0xb5,
    0x2f, 0xf0,

    /* U+0076 "v" */
    0x9f, 0xf1, 0x0, 0x9, 0xfe, 0x3, 0xff, 0x50,
    0x0, 0xdf, 0x90, 0xe, 0xfa, 0x0, 0x2f, 0xf4,
    0x0, 0x8f, 0xe0, 0x7, 0xfe, 0x0, 0x3, 0xff,
    0x30, 0xbf, 0x90, 0x0, 0xd, 0xf8, 0xf, 0xf4,
    0x0, 0x0, 0x8f, 0xc4, 0xfe, 0x0, 0x0, 0x2,
    0xff, 0xaf, 0x90, 0x0, 0x0, 0xd, 0xff, 0xf3,
    0x0, 0x0, 0x0, 0x7f, 0xfe, 0x0, 0x0,

    /* U+0077 "w" */
    0x5f, 0xf3, 0x0, 0x7f, 0xf2, 0x0, 0x8f, 0xe0,
    0x1f, 0xf7, 0x0, 0xbf, 0xf6, 0x0, 0xcf, 0xa0,
    0xd, 0xfb, 0x0, 0xff, 0xfa, 0x0, 0xff, 0x60,
    0x9, 0xfe, 0x3, 0xf9, 0xfe, 0x3, 0xff, 0x20,
    0x5, 0xff, 0x27, 0xf5, 0xdf, 0x26, 0xfe, 0x0,
    0x1, 0xff, 0x5a, 0xf2, 0xaf, 0x69, 0xfa, 0x0,
    0x0, 0xdf, 0x7e, 0xe0, 0x6f, 0x9c, 0xf6, 0x0,
    0x0, 0x8f, 0xcf, 0xb0, 0x2f, 0xdf, 0xf2, 0x0,
    0x0, 0x4f, 0xff, 0x70, 0xe, 0xff, 0xe0, 0x0,
    0x0, 0xf, 0xff, 0x30, 0xa, 0xff, 0xa0, 0x0,

    /* U+0078 "x" */
    0x3f, 0xf9, 0x0, 0x5f, 0xf5, 0x9, 0xff, 0x30,
    0xdf, 0xc0, 0x1, 0xef, 0xb4, 0xff, 0x20, 0x0,
    0x5f, 0xfd, 0xf9, 0x0, 0x0, 0xc, 0xff, 0xe1,
    0x0, 0x0, 0x1e, 0xff, 0xe0, 0x0, 0x0, 0x9f,
    0xdf, 0xf9, 0x0, 0x3, 0xff, 0x47, 0xff, 0x30,
    0xc, 0xfc, 0x0, 0xef, 0xd0, 0x6f, 0xf4, 0x0,
    0x5f, 0xf8,

    /* U+0079 "y" */
    0x8f, 0xf1, 0x0, 0x9, 0xfe, 0x2, 0xff, 0x60,
    0x0, 0xef, 0x90, 0xc, 0xfc, 0x0, 0x3f, 0xf3,
    0x0, 0x5f, 0xf2, 0x7, 0xfd, 0x0, 0x0, 0xef,
    0x70, 0xcf, 0x80, 0x0, 0x8, 0xfc, 0xf, 0xf2,
    0x0, 0x0, 0x2f, 0xf6, 0xfd, 0x0, 0x0, 0x0,
    0xcf, 0xef, 0x70, 0x0, 0x0, 0x5, 0xff, 0xf2,
    0x0, 0x0, 0x0, 0xf, 0xfc, 0x0, 0x0, 0x0,
    0x1, 0xff, 0x60, 0x0, 0x0, 0x2, 0xbf, 0xe0,
    0x0, 0x0, 0xc, 0xff, 0xf5, 0x0, 0x0, 0x0,
    0xdf, 0xc4, 0x0, 0x0, 0x0,

    /* U+007A "z" */
    0xc, 0xff, 0xff, 0xff, 0x80, 0xcf, 0xff, 0xff,
    0xf6, 0x0, 0x0, 0x2f, 0xfc, 0x0, 0x0, 0xb,
    0xff, 0x20, 0x0, 0x7, 0xff, 0x60, 0x0, 0x2,
    0xff, 0xb0, 0x0, 0x0, 0xcf, 0xe1, 0x0, 0x0,
    0x7f, 0xf6, 0x0, 0x0, 0x2f, 0xff, 0xff, 0xff,
    0xb4, 0xff, 0xff, 0xff, 0xfb,

    /* U+007B "{" */
    0x0, 0x1b, 0xfe, 0x0, 0x9f, 0xd6, 0x0, 0xbf,
    0x60, 0x0, 0xcf, 0x50, 0x0, 0xbf, 0x60, 0x0,
    0xaf, 0x60, 0x0, 0xaf, 0x60, 0x3, 0xef, 0x40,
    0x5f, 0xf7, 0x0, 0x3b, 0xfd, 0x10, 0x0, 0xcf,
    0x50, 0x0, 0xaf, 0x60, 0x0, 0xaf, 0x60, 0x0,
    0xbf, 0x50, 0x0, 0xcf, 0x50, 0x0, 0xaf, 0xa1,
    0x0, 0x4f, 0xfe, 0x0, 0x1, 0x33,

    /* U+007C "|" */
    0x2c, 0x63, 0xf8, 0x3f, 0x83, 0xf8, 0x3f, 0x83,
    0xf8, 0x3f, 0x83, 0xf8, 0x3f, 0x83, 0xf8, 0x3f,
    0x83, 0xf8, 0x3f, 0x83, 0xf8, 0x3f, 0x83, 0xf8,
    0x3f, 0x83, 0xf8, 0x3f, 0x83, 0xf8,

    /* U+007D "}" */
    0x2f, 0xfa, 0x0, 0x0, 0x7e, 0xf6, 0x0, 0x0,
    0x9f, 0x80, 0x0, 0x9, 0xf8, 0x0, 0x0, 0x9f,
    0x80, 0x0, 0x9, 0xf7, 0x0, 0x0, 0x9f, 0x70,
    0x0, 0x7, 0xfd, 0x10, 0x0, 0x9, 0xff, 0x20,
    0x3, 0xef, 0xa1, 0x0, 0x9f, 0x90, 0x0, 0xa,
    0xf6, 0x0, 0x0, 0x9f, 0x70, 0x0, 0x9, 0xf8,
    0x0, 0x0, 0x9f, 0x90, 0x0, 0x2c, 0xf7, 0x0,
    0x2f, 0xfe, 0x10, 0x0, 0x43, 0x0, 0x0,

    /* U+007E "~" */
    0x2, 0xae, 0xd6, 0x0, 0x73, 0x1e, 0xfe, 0xff,
    0xfe, 0xfa, 0x6, 0x40, 0x19, 0xed, 0x80,

    /* U+00B7 "·" */
    0x0, 0x55, 0x0, 0xc, 0xff, 0xc0, 0x3f, 0xff,
    0xf3, 0x2f, 0xff, 0xf1, 0x6, 0xee, 0x60,

    /* U+00D7 "×" */
    0x2, 0x0, 0x0, 0x0, 0x0, 0x20, 0x7f, 0x40,
    0x0, 0x0, 0x4, 0xf8, 0x4f, 0xf5, 0x0, 0x0,
    0x4f, 0xf5, 0x4, 0xff, 0x50, 0x5, 0xff, 0x40,
    0x0, 0x4f, 0xf6, 0x5f, 0xf4, 0x0, 0x0, 0x3,
    0xff, 0xff, 0x40, 0x0, 0x0, 0x0, 0x8f, 0xf9,
    0x0, 0x0, 0x0, 0x7, 0xfe, 0xef, 0x70, 0x0,
    0x0, 0x7f, 0xe3, 0x2e, 0xf8, 0x0, 0x8, 0xfe,
    0x20, 0x2, 0xef, 0x80, 0x8f, 0xe2, 0x0, 0x0,
    0x2e, 0xf8, 0x4d, 0x20, 0x0, 0x0, 0x1, 0xd4,
    0x0, 0x0, 0x0, 0x0, 0x0, 0x0,

    /* U+2026 "…" */
    0x9, 0x90, 0x0, 0x9, 0x90, 0x0, 0x9, 0x90,
    0x5f, 0xf5, 0x0, 0x5f, 0xf5, 0x0, 0x5f, 0xf5,
    0x1c, 0xc1, 0x0, 0x1c, 0xc1, 0x0, 0x1c, 0xc1,

    /* U+25B2 "▲" */
    0x0, 0x0, 0x0, 0x0, 0x33, 0x0, 0x0, 0x0,
    0x0, 0x0, 0x0, 0x0, 0x0, 0xcc, 0x0, 0x0,
    0x0, 0x0, 0x0, 0x0, 0x0, 0x5, 0xff, 0x50,
    0x0, 0x0, 0x0, 0x0, 0x0, 0x0, 0xe, 0xff,
    0xe0, 0x0, 0x0, 0x0, 0x0, 0x0, 0x0, 0x8f,
    0xff, 0xf8, 0x0, 0x0, 0x0, 0x0, 0x0, 0x2,
    0xff, 0xff, 0xff, 0x20, 0x0, 0x0, 0x0, 0x0,
    0xa, 0xff, 0xff, 0xff, 0xa0, 0x0, 0x0, 0x0,
    0x0, 0x4f, 0xff, 0xff, 0xff, 0xf4, 0x0, 0x0,
    0x0, 0x0, 0xdf, 0xff, 0xff, 0xff, 0xfd, 0x0,
    0x0, 0x0, 0x6, 0xff, 0xff, 0xff, 0xff, 0xff,
    0x60, 0x0, 0x0, 0x1e, 0xff, 0xff, 0xff, 0xff,
    0xff, 0xe1, 0x0, 0x0, 0x8f, 0xff, 0xff, 0xff,
    0xff, 0xff, 0xf8, 0x0, 0x2, 0xff, 0xff, 0xff,
    0xff, 0xff, 0xff, 0xff, 0x20, 0xb, 0xff, 0xff,
    0xff, 0xff, 0xff, 0xff, 0xff, 0xb0, 0x2c, 0xcc,
    0xcc, 0xcc, 0xcc, 0xcc, 0xcc, 0xcc, 0xc2,

    /* U+25BC "▼" */
    0x27, 0x77, 0x77, 0x77, 0x77, 0x77, 0x77, 0x77,
    0x72, 0xd, 0xff, 0xff, 0xff, 0xff, 0xff, 0xff,
    0xff, 0xd0, 0x5, 0xff, 0xff, 0xff, 0xff, 0xff,
    0xff, 0xff, 0x50, 0x0, 0xbf, 0xff, 0xff, 0xff,
    0xff, 0xff, 0xfb, 0x0, 0x0, 0x2f, 0xff, 0xff,
    0xff, 0xff, 0xff, 0xf2, 0x0, 0x0, 0x9, 0xff,
    0xff, 0xff, 0xff, 0xff, 0x90, 0x0, 0x0, 0x1,
    0xef, 0xff, 0xff, 0xff, 0xfe, 0x10, 0x0, 0x0,
    0x0, 0x6f, 0xff, 0xff, 0xff, 0xf6, 0x0, 0x0,
    0x0, 0x0, 0xd, 0xff, 0xff, 0xff, 0xd0, 0x0,
    0x0, 0x0, 0x0, 0x4, 0xff, 0xff, 0xff, 0x40,
    0x0, 0x0, 0x0, 0x0, 0x0, 0xbf, 0xff, 0xfb,
    0x0, 0x0, 0x0, 0x0, 0x0, 0x0, 0x2f, 0xff,
    0xf2, 0x0, 0x0, 0x0, 0x0, 0x0, 0x0, 0x8,
    0xff, 0x80, 0x0, 0x0, 0x0, 0x0, 0x0, 0x0,
    0x0, 0xee, 0x0, 0x0, 0x0, 0x0, 0x0, 0x0,
    0x0, 0x0, 0x66, 0x0, 0x0, 0x0, 0x0, 0x0,
    0x0, 0x0, 0x0, 0x0, 0x0, 0x0, 0x0, 0x0,

    /* U+2605 "★" */
    0x0, 0x0, 0x0, 0x0, 0x22, 0x0, 0x0, 0x0,
    0x0, 0x0, 0x0, 0x0, 0x0, 0x77, 0x0, 0x0,
    0x0, 0x0, 0x0, 0x0, 0x0, 0x0, 0xcc, 0x0,
    0x0, 0x0, 0x0, 0x0, 0x0, 0x0, 0x2, 0xff,
    0x20, 0x0, 0x0, 0x0, 0x0, 0x0, 0x0, 0x7,
    0xff, 0x70, 0x0, 0x0, 0x0, 0x0, 0x0, 0x0,
    0xc, 0xff, 0xc0, 0x0, 0x0, 0x0, 0x1a, 0xbb,
    0xbb, 0xcf, 0xff, 0xfc, 0xbb, 0xbb, 0xa1, 0x1,
    0xaf, 0xff, 0xff, 0xff, 0xff, 0xff, 0xfa, 0x10,
    0x0, 0x6, 0xff, 0xff, 0xff, 0xff, 0xff, 0x60,
    0x0, 0x0, 0x0, 0x2d, 0xff, 0xff, 0xff, 0xd2,
    0x0, 0x0, 0x0, 0x0, 0x6, 0xff, 0xff, 0xff,
    0x60, 0x0, 0x0, 0x0, 0x0, 0xb, 0xff, 0xff,
    0xff, 0xb0, 0x0, 0x0, 0x0, 0x0, 0x1f, 0xff,
    0xcc, 0xff, 0xf1, 0x0, 0x0, 0x0, 0x0, 0x5f,
    0xf7, 0x0, 0x7f, 0xf5, 0x0, 0x0, 0x0, 0x0,
    0xbe, 0x30, 0x0, 0x3, 0xeb, 0x0, 0x0, 0x0,
    0x0, 0xa1, 0x0, 0x0, 0x0, 0x1a, 0x0, 0x0,
    0x0, 0x0, 0x0, 0x0, 0x0, 0x0, 0x0, 0x0,
    0x0,

    /* U+2606 "☆" */
    0x0, 0x0, 0x0, 0x0, 0x43, 0x0, 0x0, 0x0,
    0x0, 0x0, 0x0, 0x0, 0x0, 0x88, 0x0, 0x0,
    0x0, 0x0, 0x0, 0x0, 0x0, 0x0, 0xbc, 0x0,
    0x0, 0x0, 0x0, 0x0, 0x0, 0x0, 0x2, 0x9a,
    0x20, 0x0, 0x0, 0x0, 0x0, 0x0, 0x0, 0x7,
    0x55, 0x70, 0x0, 0x0, 0x0, 0x0, 0x0, 0x0,
    0xc, 0x0, 0xc0, 0x0, 0x0, 0x0, 0x1a, 0xbb,
    0xbb, 0xcb, 0x0, 0xbc, 0xbb, 0xbb, 0xa1, 0x1,
    0xb7, 0x0, 0x0, 0x0, 0x0, 0x0, 0x7b, 0x10,
    0x0, 0x7, 0xc2, 0x0, 0x0, 0x0, 0x2c, 0x70,
    0x0, 0x0, 0x0, 0x2c, 0x50, 0x0, 0x5, 0xc2,
    0x0, 0x0, 0x0, 0x0, 0x6, 0x70, 0x0, 0x7,
    0x60, 0x0, 0x0, 0x0, 0x0, 0xb, 0x10, 0x33,
    0x1, 0xb0, 0x0, 0x0, 0x0, 0x0, 0x1b, 0x7,
    0xbb, 0x70, 0xb1, 0x0, 0x0, 0x0, 0x0, 0x66,
    0xb8, 0x0, 0x8b, 0x66, 0x0, 0x0, 0x0, 0x0,
    0xbc, 0x40, 0x0, 0x4, 0xcb, 0x0, 0x0, 0x0,
    0x1, 0xb1, 0x0, 0x0, 0x0, 0x1b, 0x10, 0x0,
    0x0, 0x0, 0x0, 0x0, 0x0, 0x0, 0x0, 0x0,
    0x0,

    /* U+3001 "、" */
    0x0, 0x20, 0x0, 0x0, 0x6f, 0x80, 0x0, 0x1e,
    0xff, 0x90, 0x0, 0x1d, 0xff, 0x80, 0x0, 0x1e,
    0xff, 0x40, 0x0, 0x2e, 0x70, 0x0, 0x0, 0x0,
    0x0,

    /* U+3056 "ざ" */
    0x0, 0x0, 0x0, 0x0, 0x0, 0x0, 0x4, 0x30,
    0x0, 0x0, 0x0, 0x35, 0x50, 0x19, 0x4e, 0xd0,
    0x0, 0x0, 0x0, 0x8f, 0xe0, 0xe, 0xc5, 0xf6,
    0x0, 0x0, 0x0, 0x3f, 0xf2, 0x7, 0xf4, 0x50,
    0x89, 0x87, 0x66, 0x7f, 0xfd, 0xef, 0xf3, 0x0,
    0xcf, 0xff, 0xff, 0xff, 0xff, 0xff, 0xf4, 0x0,
    0x7a, 0xbc, 0xcc, 0xbb, 0xff, 0x82, 0x0, 0x0,
    0x0, 0x0, 0x0, 0x0, 0xaf, 0xa0, 0x0, 0x0,
    0x0, 0x0, 0x0, 0x0, 0x3f, 0xf2, 0x0, 0x0,
    0x0, 0x0, 0x0, 0x0, 0xb, 0xfb, 0x0, 0x0,
    0x7, 0x94, 0x0, 0xf, 0xee, 0xff, 0x60, 0x0,
    0xe, 0xf7, 0x0, 0x1f, 0xff, 0xff, 0x50, 0x0,
    0x3f, 0xf1, 0x0, 0x1, 0x34, 0x67, 0x0, 0x0,
    0x5f, 0xf0, 0x0, 0x0, 0x0, 0x0, 0x0, 0x0,
    0x3f, 0xf5, 0x0, 0x0, 0x0, 0x0, 0x0, 0x0,
    0xe, 0xff, 0x95, 0x44, 0x56, 0x86, 0x0, 0x0,
    0x2, 0xef, 0xff, 0xff, 0xff, 0xf8, 0x0, 0x0,
    0x0, 0x6, 0xbd, 0xff, 0xed, 0xb4, 0x0, 0x0,

    /* U+308F "わ" */
    0x0, 0x0, 0x0, 0x0, 0x0, 0x0, 0x0, 0x0,
    0x0, 0x0, 0x5, 0xff, 0x20, 0x0, 0x0, 0x0,
    0x0, 0x0, 0x0, 0x5f, 0xf0, 0x0, 0x0, 0x0,
    0x0, 0x0, 0x0, 0x5, 0xfe, 0x0, 0x0, 0x0,
    0x0, 0x0, 0x6, 0x68, 0xcf, 0xf3, 0x0, 0x0,
    0x0, 0x0, 0x0, 0xff, 0xff, 0xff, 0x25, 0xad,
    0xff, 0xc4, 0x0, 0xc, 0xca, 0xcf, 0xcc, 0xff,
    0xff, 0xff, 0xf8, 0x0, 0x0, 0xa, 0xff, 0xfc,
    0x62, 0x13, 0xcf, 0xf4, 0x0, 0x3, 0xff, 0xf7,
    0x0, 0x0, 0x0, 0xef, 0x90, 0x1, 0xdf, 0xf6,
    0x0, 0x0, 0x0, 0xa, 0xfc, 0x0, 0xbf, 0xff,
    0x50, 0x0, 0x0, 0x0, 0xcf, 0xa0, 0x7f, 0xfe,
    0xf5, 0x0, 0x0, 0x0, 0x2f, 0xf7, 0x4f, 0xf7,
    0xdf, 0x50, 0x0, 0x0, 0x3e, 0xfe, 0x10, 0xdb,
    0xd, 0xf6, 0x0, 0x25, 0xbf, 0xff, 0x50, 0x2,
    0x10, 0xdf, 0x60, 0xb, 0xff, 0xfd, 0x30, 0x0,
    0x0, 0xe, 0xf7, 0x0, 0x3e, 0xa5, 0x0, 0x0,
    0x0, 0x0, 0x67, 0x40, 0x0, 0x0, 0x0, 0x0,
    0x0,

    /* U+4E00 "一" */
    0x2, 0x22, 0x22, 0x22, 0x22, 0x22, 0x22, 0x22,
    0x21, 0x1f, 0xff, 0xff, 0xff, 0xff, 0xff, 0xff,
    0xff, 0xf9, 0x1f, 0xff, 0xff, 0xff, 0xff, 0xff,
    0xff, 0xff, 0xf9, 0x2, 0x22, 0x22, 0x22, 0x22,
    0x22, 0x22, 0x22, 0x21,

    /* U+4E0A "上" */
    0x0, 0x0, 0x0, 0xb, 0xf9, 0x0, 0x0, 0x0,
    0x0, 0x0, 0x0, 0x0, 0xb, 0xf9, 0x0, 0x0,
    0x0, 0x0, 0x0, 0x0, 0x0, 0xb, 0xf9, 0x0,
    0x0, 0x0, 0x0, 0x0, 0x0, 0x0, 0xb, 0xf9,
    0x0, 0x0, 0x0, 0x0, 0x0, 0x0, 0x0, 0xb,
    0xf9, 0x0, 0x0, 0x0, 0x0, 0x0, 0x0, 0x0,
    0xb, 0xff, 0xff, 0xff, 0xfe, 0x0, 0x0, 0x0,
    0x0, 0xb, 0xff, 0xff, 0xff, 0xff, 0x0, 0x0,
    0x0, 0x0, 0xb, 0xfa, 0x33, 0x33, 0x33, 0x0,
    0x0, 0x0, 0x0, 0xb, 0xf9, 0x0, 0x0, 0x0,
    0x0, 0x0, 0x0, 0x0, 0xb, 0xf9, 0x0, 0x0,
    0x0, 0x0, 0x0, 0x0, 0x0, 0xb, 0xf9, 0x0,
    0x0, 0x0, 0x0, 0x0, 0x0, 0x0, 0xb, 0xf9,
    0x0, 0x0, 0x0, 0x0, 0x0, 0x0, 0x0, 0xb,
    0xf9, 0x0, 0x0, 0x0, 0x0, 0x3, 0x33, 0x33,
    0x3c, 0xfa, 0x33, 0x33, 0x33, 0x30, 0x3f, 0xff,
    0xff, 0xff, 0xff, 0xff, 0xff, 0xff, 0xf3, 0x3e,
    0xee, 0xee, 0xee, 0xee, 0xee, 0xee, 0xee, 0xe3,

    /* U+4E0B "下" */
    0xf, 0xff, 0xff, 0xff, 0xff, 0xff, 0xff, 0xff,
    0xf1, 0xf, 0xff, 0xff, 0xff, 0xff, 0xff, 0xff,
    0xff, 0xf1, 0x3, 0x33, 0x33, 0x3a, 0xfd, 0x33,
    0x33, 0x33, 0x30, 0x0, 0x0, 0x0, 0x8, 0xfc,
    0x0, 0x0, 0x0, 0x0, 0x0, 0x0, 0x0, 0x8,
    0xfc, 0x10, 0x0, 0x0, 0x0, 0x0, 0x0, 0x0,
    0x8, 0xff, 0xf8, 0x10, 0x0, 0x0, 0x0, 0x0,
    0x0, 0x8, 0xff, 0xff, 0xe7, 0x0, 0x0, 0x0,
    0x0, 0x0, 0x8, 0xfd, 0x8f, 0xff, 0xc2, 0x0,
    0x0, 0x0, 0x0, 0x8, 0xfc, 0x3, 0xcf, 0xff,
    0x10, 0x0, 0x0, 0x0, 0x8, 0xfc, 0x0, 0x8,
    0xf8, 0x0, 0x0, 0x0, 0x0, 0x8, 0xfc, 0x0,
    0x0, 0x40, 0x0, 0x0, 0x0, 0x0, 0x8, 0xfc,
    0x0, 0x0, 0x0, 0x0, 0x0, 0x0, 0x0, 0x8,
    0xfc, 0x0, 0x0, 0x0, 0x0, 0x0, 0x0, 0x0,
    0x8, 0xfc, 0x0, 0x0, 0x0, 0x0, 0x0, 0x0,
    0x0, 0x8, 0xfc, 0x0, 0x0, 0x0, 0x0, 0x0,
    0x0, 0x0, 0x8, 0xfc, 0x0, 0x0, 0x0, 0x0,

    /* U+4E0D "不" */
    0x1, 0x11, 0x11, 0x11, 0x11, 0x11, 0x11, 0x11,
    0x10, 0xc, 0xff, 0xff, 0xff, 0xff, 0xff, 0xff,
    0xff, 0xe0, 0xc, 0xff, 0xff, 0xff, 0xff, 0xff,
    0xff, 0xff, 0xe0, 0x1, 0x11, 0x11, 0x12, 0xdf,
    0xf3, 0x11, 0x11, 0x10, 0x0, 0x0, 0x0, 0x7,
    0xff, 0x70, 0x0, 0x0, 0x0, 0x0, 0x0, 0x0,
    0x4f, 0xff, 0x32, 0x0, 0x0, 0x0, 0x0, 0x0,
    0x3, 0xff, 0xff, 0xaf, 0xa0, 0x0, 0x0, 0x0,
    0x0, 0x3e, 0xff, 0xff, 0xbf, 0xfd, 0x20, 0x0,
    0x0, 0x5, 0xff, 0xf6, 0xff, 0x36, 0xff, 0xf4,
    0x0, 0x1, 0xaf, 0xff, 0x41, 0xff, 0x30, 0x4e,
    0xff, 0x60, 0x1f, 0xff, 0xd3, 0x1, 0xff, 0x30,
    0x2, 0xef, 0xf5, 0x9, 0xf9, 0x0, 0x1, 0xff,
    0x30, 0x0, 0x2e, 0xb0, 0x0, 0x30, 0x0, 0x1,
    0xff, 0x30, 0x0, 0x2, 0x0, 0x0, 0x0, 0x0,
    0x1, 0xff, 0x30, 0x0, 0x0, 0x0, 0x0, 0x0,
    0x0, 0x1, 0xff, 0x30, 0x0, 0x0, 0x0, 0x0,
    0x0, 0x0, 0x1, 0xff, 0x30, 0x0, 0x0, 0x0,
    0x0, 0x0, 0x0, 0x1, 0xff, 0x30, 0x0, 0x0,
    0x0,

    /* U+4E0E "与" */
    0x0, 0x0, 0xae, 0x80, 0x0, 0x0, 0x0, 0x0,
    0x0, 0x0, 0xd, 0xf8, 0x11, 0x11, 0x11, 0x11,
    0x10, 0x0, 0x0, 0xff, 0xff, 0xff, 0xff, 0xff,
    0xff, 0x0, 0x0, 0x2f, 0xff, 0xff, 0xff, 0xff,
    0xff, 0xf0, 0x0, 0x5, 0xfe, 0x0, 0x0, 0x0,
    0x0, 0x0, 0x0, 0x0, 0x9f, 0xa0, 0x0, 0x0,
    0x0, 0x0, 0x0, 0x0, 0xc, 0xfe, 0xcc, 0xcc,
    0xcc, 0xcc, 0xcc, 0x50, 0x0, 0xff, 0xff, 0xff,
    0xff, 0xff, 0xff, 0xf5, 0x0, 0x2, 0x22, 0x22,
    0x22, 0x22, 0x23, 0xff, 0x40, 0x0, 0x0, 0x0,
    0x0, 0x0, 0x0, 0x1f, 0xf2, 0x1e, 0xee, 0xee,
    0xee, 0xee, 0xee, 0x13, 0xff, 0x1, 0xff, 0xff,
    0xff, 0xff, 0xff, 0xf1, 0x5f, 0xe0, 0x2, 0x22,
    0x22, 0x22, 0x22, 0x22, 0x8, 0xfb, 0x0, 0x0,
    0x0, 0x0, 0x0, 0x0, 0x0, 0xcf, 0x90, 0x0,
    0x0, 0x0, 0x0, 0x22, 0x11, 0x5f, 0xf4, 0x0,
    0x0, 0x0, 0x0, 0x6, 0xff, 0xff, 0xfd, 0x0,
    0x0, 0x0, 0x0, 0x0, 0x1f, 0xff, 0xeb, 0x10,
    0x0, 0x0, 0x0, 0x0, 0x0, 0x0, 0x0, 0x0,
    0x0,

    /* U+4E24 "两" */
    0x11, 0x11, 0x11, 0x11, 0x11, 0x11, 0x11, 0x11,
    0xf, 0xff, 0xff, 0xff, 0xff, 0xff, 0xff, 0xff,
    0xf0, 0xef, 0xff, 0xff, 0xff, 0xff, 0xff, 0xff,
    0xff, 0x0, 0x0, 0x4, 0xfc, 0x0, 0xdf, 0x40,
    0x0, 0x0, 0x1, 0x11, 0x5f, 0xd1, 0x1d, 0xf5,
    0x11, 0x10, 0x5, 0xff, 0xff, 0xff, 0xff, 0xff,
    0xff, 0xff, 0x50, 0x5f, 0xff, 0xff, 0xff, 0xff,
    0xff, 0xff, 0xf5, 0x5, 0xfc, 0x6, 0xfc, 0x0,
    0xdf, 0x30, 0xcf, 0x50, 0x5f, 0xc0, 0x8f, 0xc0,
    0xf, 0xf4, 0xc, 0xf5, 0x5, 0xfc, 0xa, 0xff,
    0x72, 0xff, 0xe1, 0xcf, 0x50, 0x5f, 0xc0, 0xdf,
    0xff, 0x8f, 0xff, 0xcd, 0xf5, 0x5, 0xfc, 0x4f,
    0xf9, 0xbc, 0xf8, 0xdf, 0xff, 0x50, 0x5f, 0xdd,
    0xf9, 0x8, 0xff, 0x12, 0xde, 0xf5, 0x5, 0xfe,
    0xfe, 0x10, 0xbf, 0x70, 0x1, 0xcf, 0x50, 0x5f,
    0xc5, 0x30, 0x0, 0x80, 0x11, 0x1d, 0xf5, 0x5,
    0xfc, 0x0, 0x0, 0x0, 0xa, 0xff, 0xff, 0x30,
    0x5f, 0xc0, 0x0, 0x0, 0x0, 0x5f, 0xfd, 0x70,
    0x0, 0x0, 0x0, 0x0, 0x0, 0x0, 0x0, 0x0,
    0x0,

    /* U+4E2A "个" */
    0x0, 0x0, 0x0, 0x0, 0x5a, 0x20, 0x0, 0x0,
    0x0, 0x0, 0x0, 0x0, 0x2, 0xff, 0x90, 0x0,
    0x0, 0x0, 0x0, 0x0, 0x0, 0x1d, 0xff, 0xe2,
    0x0, 0x0, 0x0, 0x0, 0x0, 0x3, 0xef, 0xee,
    0xff, 0x40, 0x0, 0x0, 0x0, 0x0, 0x7f, 0xfe,
    0x21, 0xdf, 0xf8, 0x0, 0x0, 0x0, 0x4c, 0xff,
    0xd1, 0x0, 0x1c, 0xff, 0xd4, 0x0, 0x3d, 0xff,
    0xfb, 0x12, 0xff, 0x10, 0x9f, 0xff, 0xc3, 0xd,
    0xfd, 0x50, 0x2, 0xff, 0x10, 0x5, 0xef, 0xe1,
    0x3, 0x70, 0x0, 0x2, 0xff, 0x10, 0x0, 0x7,
    0x40, 0x0, 0x0, 0x0, 0x2, 0xff, 0x10, 0x0,
    0x0, 0x0, 0x0, 0x0, 0x0, 0x2, 0xff, 0x10,
    0x0, 0x0, 0x0, 0x0, 0x0, 0x0, 0x2, 0xff,
    0x10, 0x0, 0x0, 0x0, 0x0, 0x0, 0x0, 0x2,
    0xff, 0x10, 0x0, 0x0, 0x0, 0x0, 0x0, 0x0,
    0x2, 0xff, 0x10, 0x0, 0x0, 0x0, 0x0, 0x0,
    0x0, 0x2, 0xff, 0x10, 0x0, 0x0, 0x0, 0x0,
    0x0, 0x0, 0x2, 0xff, 0x10, 0x0, 0x0, 0x0,
    0x0, 0x0, 0x0, 0x2, 0xff, 0x10, 0x0, 0x0,
    0x0,

    /* U+4E2D "中" */
    0x0, 0x0, 0x0, 0xf, 0xf4, 0x0, 0x0, 0x0,
    0x0, 0x0, 0x0, 0xf, 0xf4, 0x0, 0x0, 0x0,
    0x2, 0x22, 0x22, 0x2f, 0xf6, 0x22, 0x22, 0x21,
    0x3f, 0xff, 0xff, 0xff, 0xff, 0xff, 0xff, 0xf6,
    0x3f, 0xff, 0xff, 0xff, 0xff, 0xff, 0xff, 0xf6,
    0x3f, 0xe0, 0x0, 0xf, 0xf4, 0x0, 0xd, 0xf6,
    0x3f, 0xe0, 0x0, 0xf, 0xf4, 0x0, 0xd, 0xf6,
    0x3f, 0xe0, 0x0, 0xf, 0xf4, 0x0, 0xd, 0xf6,
    0x3f, 0xe2, 0x22, 0x2f, 0xf6, 0x22, 0x2e, 0xf6,
    0x3f, 0xff, 0xff, 0xff, 0xff, 0xff, 0xff, 0xf6,
    0x3f, 0xff, 0xff, 0xff, 0xff, 0xff, 0xff, 0xf6,
    0x3f, 0xe0, 0x0, 0xf, 0xf4, 0x0, 0xc, 0xd5,
    0x0, 0x0, 0x0, 0xf, 0xf4, 0x0, 0x0, 0x0,
    0x0, 0x0, 0x0, 0xf, 0xf4, 0x0, 0x0, 0x0,
    0x0, 0x0, 0x0, 0xf, 0xf4, 0x0, 0x0, 0x0,
    0x0, 0x0, 0x0, 0xf, 0xf4, 0x0, 0x0, 0x0,
    0x0, 0x0, 0x0, 0xf, 0xf4, 0x0, 0x0, 0x0,

    /* U+4E5F "也" */
    0x0, 0x0, 0x0, 0x0, 0x3f, 0xe0, 0x0, 0x0,
    0x0, 0x0, 0x1, 0x44, 0x0, 0x3f, 0xe0, 0x0,
    0x0, 0x0, 0x0, 0x4, 0xfd, 0x0, 0x3f, 0xe0,
    0x0, 0x0, 0x0, 0x0, 0x4, 0xfd, 0x0, 0x3f,
    0xe0, 0x38, 0xed, 0x10, 0x0, 0x4, 0xfd, 0x0,
    0x3f, 0xfe, 0xff, 0xff, 0x20, 0x0, 0x4, 0xfe,
    0x7c, 0xff, 0xff, 0xb6, 0xff, 0x10, 0x0, 0x5b,
    0xff, 0xff, 0xff, 0xf0, 0x0, 0xff, 0x10, 0x3f,
    0xff, 0xff, 0x83, 0x3f, 0xe0, 0x0, 0xff, 0x0,
    0xe, 0xb9, 0xfd, 0x0, 0x3f, 0xe0, 0x2, 0xfe,
    0x0, 0x0, 0x4, 0xfd, 0x0, 0x3f, 0xe1, 0x28,
    0xfc, 0x0, 0x0, 0x4, 0xfd, 0x0, 0x3f, 0xe4,
    0xff, 0xf6, 0x0, 0x0, 0x4, 0xfd, 0x0, 0x3f,
    0xe1, 0xca, 0x61, 0x0, 0x0, 0x4, 0xfd, 0x0,
    0x2c, 0xb0, 0x0, 0x9, 0xe4, 0x0, 0x3, 0xfd,
    0x0, 0x0, 0x0, 0x0, 0xc, 0xf5, 0x0, 0x2,
    0xff, 0x20, 0x0, 0x0, 0x0, 0x4f, 0xf2, 0x0,
    0x0, 0xdf, 0xff, 0xff, 0xff, 0xff, 0xff, 0xb0,
    0x0, 0x0, 0x2a, 0xef, 0xff, 0xff, 0xff, 0xea,
    0x10,

    /* U+4E86 "了" */
    0x0, 0x0, 0x0, 0x0, 0x0, 0x0, 0x1, 0x0,
    0x4f, 0xff, 0xff, 0xff, 0xff, 0xff, 0xff, 0x90,
    0x4f, 0xff, 0xff, 0xff, 0xff, 0xff, 0xff, 0xe2,
    0x1, 0x11, 0x11, 0x11, 0x11, 0x8f, 0xfd, 0x20,
    0x0, 0x0, 0x0, 0x0, 0x8, 0xff, 0xd1, 0x0,
    0x0, 0x0, 0x0, 0x3, 0xdf, 0xfa, 0x0, 0x0,
    0x0, 0x0, 0x0, 0xf, 0xff, 0x50, 0x0, 0x0,
    0x0, 0x0, 0x0, 0xf, 0xf4, 0x0, 0x0, 0x0,
    0x0, 0x0, 0x0, 0xf, 0xf3, 0x0, 0x0, 0x0,
    0x0, 0x0, 0x0, 0xf, 0xf3, 0x0, 0x0, 0x0,
    0x0, 0x0, 0x0, 0xf, 0xf3, 0x0, 0x0, 0x0,
    0x0, 0x0, 0x0, 0xf, 0xf3, 0x0, 0x0, 0x0,
    0x0, 0x0, 0x0, 0xf, 0xf3, 0x0, 0x0, 0x0,
    0x0, 0x0, 0x0, 0xf, 0xf3, 0x0, 0x0, 0x0,
    0x0, 0x2, 0x22, 0x3f, 0xf3, 0x0, 0x0, 0x0,
    0x0, 0x6, 0xff, 0xff, 0xf0, 0x0, 0x0, 0x0,
    0x0, 0x1, 0xff, 0xeb, 0x40, 0x0, 0x0, 0x0,
    0x0, 0x0, 0x0, 0x0, 0x0, 0x0, 0x0, 0x0,

    /* U+4E8C "二" */
    0x0, 0x7f, 0xff, 0xff, 0xff, 0xff, 0xff, 0xf8,
    0x0, 0x0, 0x8f, 0xff, 0xff, 0xff, 0xff, 0xff,
    0xf8, 0x0, 0x0, 0x36, 0x66, 0x66, 0x66, 0x66,
    0x66, 0x63, 0x0, 0x0, 0x0, 0x0, 0x0, 0x0,
    0x0, 0x0, 0x0, 0x0, 0x0, 0x0, 0x0, 0x0,
    0x0, 0x0, 0x0, 0x0, 0x0, 0x0, 0x0, 0x0,
    0x0, 0x0, 0x0, 0x0, 0x0, 0x0, 0x0, 0x0,
    0x0, 0x0, 0x0, 0x0, 0x0, 0x0, 0x0, 0x0,
    0x0, 0x0, 0x0, 0x0, 0x0, 0x0, 0x0, 0x0,
    0x0, 0x0, 0x0, 0x0, 0x0, 0x0, 0x0, 0x0,
    0x0, 0x0, 0x0, 0x0, 0x0, 0x0, 0x0, 0x0,
    0x0, 0x0, 0x5, 0x55, 0x55, 0x55, 0x55, 0x55,
    0x55, 0x55, 0x50, 0xf, 0xff, 0xff, 0xff, 0xff,
    0xff, 0xff, 0xff, 0xf0, 0xf, 0xff, 0xff, 0xff,
    0xff, 0xff, 0xff, 0xff, 0xf0, 0x1, 0x11, 0x11,
    0x11, 0x11, 0x11, 0x11, 0x11, 0x10,

    /* U+4EAE "亮" */
    0x0, 0x0, 0x0, 0x0, 0x45, 0x0, 0x0, 0x0,
    0x0, 0x0, 0x0, 0x0, 0x5, 0xff, 0x10, 0x0,
    0x0, 0x0, 0x2e, 0xee, 0xee, 0xee, 0xff, 0xfe,
    0xee, 0xee, 0xe1, 0x2d, 0xdd, 0xdd, 0xdd, 0xdd,
    0xdd, 0xdd, 0xdd, 0xd1, 0x0, 0x3, 0x66, 0x66,
    0x66, 0x66, 0x66, 0x40, 0x0, 0x0, 0x9, 0xff,
    0xff, 0xff, 0xff, 0xff, 0xa0, 0x0, 0x0, 0x9,
    0xf9, 0x0, 0x0, 0x0, 0xaf, 0xa0, 0x0, 0x0,
    0x9, 0xff, 0xee, 0xee, 0xee, 0xff, 0xa0, 0x0,
    0x0, 0x5, 0x88, 0x88, 0x88, 0x88, 0x88, 0x60,
    0x0, 0xa, 0xaa, 0xaa, 0xaa, 0xaa, 0xaa, 0xaa,
    0xaa, 0x90, 0xe, 0xff, 0xff, 0xff, 0xff, 0xff,
    0xff, 0xff, 0xe0, 0xe, 0xf1, 0x2, 0x22, 0x22,
    0x22, 0x20, 0x3f, 0xe0, 0xc, 0xd1, 0xf, 0xff,
    0xff, 0xff, 0xf0, 0x2c, 0xb0, 0x0, 0x0, 0x2f,
    0xfa, 0xaa, 0xcf, 0xf0, 0x0, 0x0, 0x0, 0x0,
    0x8f, 0xd0, 0x0, 0x5f, 0xf0, 0xa, 0x60, 0x0,
    0x8, 0xff, 0x70, 0x0, 0x5f, 0xf0, 0xd, 0xf1,
    0xa, 0xff, 0xfb, 0x0, 0x0, 0x3f, 0xfe, 0xef,
    0xe0, 0x7, 0xfd, 0x60, 0x0, 0x0, 0x9, 0xef,
    0xfe, 0x50, 0x0, 0x20, 0x0, 0x0, 0x0, 0x0,
    0x0, 0x0, 0x0,

    /* U+4EBA "人" */
    0x0, 0x0, 0x0, 0x6, 0xff, 0x0, 0x0, 0x0,
    0x0, 0x0, 0x0, 0x0, 0x7, 0xff, 0x0, 0x0,
    0x0, 0x0, 0x0, 0x0, 0x0, 0x8, 0xff, 0x0,
    0x0, 0x0, 0x0, 0x0, 0x0, 0x0, 0x9, 0xff,
    0x0, 0x0, 0x0, 0x0, 0x0, 0x0, 0x0, 0xb,
    0xff, 0x20, 0x0, 0x0, 0x0, 0x0, 0x0, 0x0,
    0xd, 0xff, 0x60, 0x0, 0x0, 0x0, 0x0, 0x0,
    0x0, 0x1f, 0xff, 0xa0, 0x0, 0x0, 0x0, 0x0,
    0x0, 0x0, 0x5f, 0xff, 0xf0, 0x0, 0x0, 0x0,
    0x0, 0x0, 0x0, 0xbf, 0xde, 0xf6, 0x0, 0x0,
    0x0, 0x0, 0x0, 0x2, 0xff, 0x77, 0xfe, 0x0,
    0x0, 0x0, 0x0, 0x0, 0xb, 0xff, 0x11, 0xff,
    0x80, 0x0, 0x0, 0x0, 0x0, 0x5f, 0xf7, 0x0,
    0x7f, 0xf4, 0x0, 0x0, 0x0, 0x4, 0xff, 0xd0,
    0x0, 0xd, 0xfe, 0x30, 0x0, 0x0, 0x4f, 0xff,
    0x20, 0x0, 0x2, 0xef, 0xf6, 0x0, 0x9, 0xff,
    0xf4, 0x0, 0x0, 0x0, 0x3f, 0xff, 0xc2, 0x2d,
    0xfe, 0x30, 0x0, 0x0, 0x0, 0x2, 0xbf, 0xd1,
    0x1, 0x91, 0x0, 0x0, 0x0, 0x0, 0x0, 0x6,
    0x30,

    /* U+4EE5 "以" */
    0x0, 0x0, 0x0, 0x0, 0x0, 0x0, 0x0, 0x0,
    0x0, 0x49, 0x90, 0x0, 0x0, 0x0, 0xb, 0xf9,
    0x0, 0x6, 0xff, 0x0, 0x89, 0x0, 0x0, 0xcf,
    0x80, 0x0, 0x6f, 0xf0, 0x3f, 0xf5, 0x0, 0xc,
    0xf7, 0x0, 0x6, 0xff, 0x0, 0x8f, 0xf1, 0x0,
    0xef, 0x50, 0x0, 0x6f, 0xf0, 0x0, 0xef, 0xa0,
    0xf, 0xf3, 0x0, 0x6, 0xff, 0x0, 0x6, 0xf6,
    0x3, 0xff, 0x10, 0x0, 0x6f, 0xf0, 0x0, 0x1,
    0x0, 0x6f, 0xe0, 0x0, 0x6, 0xff, 0x0, 0x0,
    0x0, 0xa, 0xfa, 0x0, 0x0, 0x6f, 0xf0, 0x0,
    0x0, 0x0, 0xff, 0x60, 0x0, 0x6, 0xff, 0x4,
    0xc8, 0x0, 0x6f, 0xf1, 0x0, 0x0, 0x6f, 0xfc,
    0xff, 0xc0, 0xe, 0xff, 0x20, 0x0, 0xb, 0xff,
    0xff, 0x91, 0xb, 0xff, 0xfe, 0x10, 0x5, 0xff,
    0xfa, 0x20, 0xa, 0xff, 0x8e, 0xfd, 0x10, 0x4f,
    0xc3, 0x0, 0x4d, 0xff, 0x80, 0x3f, 0xfc, 0x0,
    0x40, 0x0, 0x4f, 0xff, 0x80, 0x0, 0x5f, 0xf6,
    0x0, 0x0, 0x0, 0x7d, 0x30, 0x0, 0x0, 0x97,
    0x0, 0x0, 0x0, 0x0, 0x0, 0x0, 0x0, 0x0,
    0x0,

    /* U+4EF6 "件" */
    0x0, 0x0, 0x0, 0x0, 0x0, 0x0, 0x0, 0x0,
    0x0, 0x0, 0x0, 0xce, 0x51, 0x20, 0x3f, 0xf0,
    0x0, 0x0, 0x0, 0x3, 0xff, 0x27, 0xfa, 0x3f,
    0xf0, 0x0, 0x0, 0x0, 0xb, 0xfa, 0xc, 0xf7,
    0x3f, 0xf0, 0x0, 0x0, 0x0, 0x3f, 0xf2, 0xf,
    0xff, 0xff, 0xff, 0xff, 0xb0, 0x0, 0xdf, 0xd0,
    0x6f, 0xff, 0xff, 0xff, 0xff, 0xb0, 0xa, 0xff,
    0xd0, 0xdf, 0x72, 0x5f, 0xf2, 0x22, 0x20, 0x4f,
    0xff, 0xd2, 0xee, 0x0, 0x3f, 0xf0, 0x0, 0x0,
    0xc, 0xcf, 0xd0, 0x3, 0x0, 0x3f, 0xf0, 0x0,
    0x0, 0x3, 0x3f, 0xd1, 0xcc, 0xcc, 0xdf, 0xfc,
    0xcc, 0xc7, 0x0, 0x3f, 0xd1, 0xff, 0xff, 0xff,
    0xff, 0xff, 0xf9, 0x0, 0x3f, 0xd0, 0x44, 0x44,
    0x7f, 0xf4, 0x44, 0x43, 0x0, 0x3f, 0xd0, 0x0,
    0x0, 0x3f, 0xf0, 0x0, 0x0, 0x0, 0x3f, 0xd0,
    0x0, 0x0, 0x3f, 0xf0, 0x0, 0x0, 0x0, 0x3f,
    0xd0, 0x0, 0x0, 0x3f, 0xf0, 0x0, 0x0, 0x0,
    0x3f, 0xd0, 0x0, 0x0, 0x3f, 0xf0, 0x0, 0x0,
    0x0, 0x3f, 0xd0, 0x0, 0x0, 0x3f, 0xf0, 0x0,
    0x0, 0x0, 0x3f, 0xd0, 0x0, 0x0, 0x3f, 0xf0,
    0x0, 0x0,

    /* U+4F1A "会" */
    0x0, 0x0, 0x0, 0x0, 0x4, 0x0, 0x0, 0x0,
    0x0, 0x0, 0x0, 0x0, 0x0, 0xbf, 0xb0, 0x0,
    0x0, 0x0, 0x0, 0x0, 0x0, 0xb, 0xff, 0xd1,
    0x0, 0x0, 0x0, 0x0, 0x0, 0x2, 0xdf, 0xfd,
    0xfe, 0x50, 0x0, 0x0, 0x0, 0x0, 0x8f, 0xfe,
    0x40, 0xaf, 0xfb, 0x30, 0x0, 0x0, 0x7e, 0xff,
    0xd2, 0x0, 0x6, 0xff, 0xfc, 0x50, 0x1e, 0xff,
    0xff, 0xfe, 0xee, 0xee, 0xfe, 0xff, 0xf7, 0x5,
    0xfa, 0x2f, 0xff, 0xff, 0xff, 0xf7, 0x3b, 0xb0,
    0x0, 0x20, 0x0, 0x0, 0x0, 0x0, 0x0, 0x0,
    0x0, 0x0, 0x22, 0x22, 0x22, 0x22, 0x22, 0x22,
    0x22, 0x10, 0x3, 0xff, 0xff, 0xff, 0xff, 0xff,
    0xff, 0xff, 0xc0, 0x3, 0xff, 0xff, 0xff, 0xff,
    0xff, 0xff, 0xff, 0xb0, 0x0, 0x0, 0x5, 0xff,
    0xa0, 0x3, 0xc6, 0x0, 0x0, 0x0, 0x0, 0x4f,
    0xfa, 0x0, 0x6, 0xff, 0x60, 0x0, 0x0, 0x5,
    0xff, 0xc2, 0x34, 0x55, 0xcf, 0xf5, 0x0, 0x0,
    0x7f, 0xff, 0xff, 0xff, 0xff, 0xff, 0xff, 0x30,
    0x0, 0x3f, 0xff, 0xff, 0xec, 0xba, 0x98, 0xdf,
    0xb0, 0x0, 0x6, 0x31, 0x0, 0x0, 0x0, 0x0,
    0x38, 0x0,

    /* U+4F5C "作" */
    0x0, 0x0, 0x0, 0x0, 0x0, 0x0, 0x0, 0x0,
    0x0, 0x0, 0x0, 0xab, 0x30, 0xc, 0x91, 0x0,
    0x0, 0x0, 0x0, 0x2, 0xff, 0x30, 0x5f, 0xe0,
    0x0, 0x0, 0x0, 0x0, 0xa, 0xfc, 0x0, 0xcf,
    0xa1, 0x11, 0x11, 0x10, 0x0, 0x2f, 0xf5, 0x3,
    0xff, 0xff, 0xff, 0xff, 0xf6, 0x0, 0xcf, 0xf0,
    0xb, 0xff, 0xff, 0xfe, 0xee, 0xe6, 0x7, 0xff,
    0xe0, 0x6f, 0xf1, 0xef, 0x40, 0x0, 0x0, 0x4f,
    0xff, 0xe3, 0xff, 0x70, 0xef, 0x62, 0x22, 0x20,
    0x2f, 0xff, 0xe1, 0xcc, 0x0, 0xef, 0xff, 0xff,
    0xf0, 0x9, 0x6f, 0xe0, 0x1, 0x0, 0xef, 0xdc,
    0xcc, 0xc0, 0x0, 0x3f, 0xe0, 0x0, 0x0, 0xef,
    0x40, 0x0, 0x0, 0x0, 0x3f, 0xe0, 0x0, 0x0,
    0xef, 0x62, 0x22, 0x20, 0x0, 0x3f, 0xe0, 0x0,
    0x0, 0xef, 0xff, 0xff, 0xf3, 0x0, 0x3f, 0xe0,
    0x0, 0x0, 0xef, 0xed, 0xdd, 0xd2, 0x0, 0x3f,
    0xe0, 0x0, 0x0, 0xef, 0x40, 0x0, 0x0, 0x0,
    0x3f, 0xe0, 0x0, 0x0, 0xef, 0x40, 0x0, 0x0,
    0x0, 0x3f, 0xe0, 0x0, 0x0, 0xef, 0x40, 0x0,
    0x0, 0x0, 0x3f, 0xe0, 0x0, 0x0, 0xef, 0x40,
    0x0, 0x0,

    /* U+4F60 "你" */
    0x0, 0x0, 0x10, 0x0, 0x10, 0x0, 0x0, 0x0,
    0x0, 0x0, 0x0, 0xde, 0x40, 0xee, 0x40, 0x0,
    0x0, 0x0, 0x0, 0x5, 0xff, 0x14, 0xff, 0x10,
    0x0, 0x0, 0x0, 0x0, 0xc, 0xf9, 0x9, 0xfc,
    0x0, 0x0, 0x0, 0x0, 0x0, 0x4f, 0xf1, 0xe,
    0xff, 0xff, 0xff, 0xff, 0xf9, 0x0, 0xef, 0xd0,
    0x7f, 0xff, 0xff, 0xff, 0xff, 0xf7, 0xa, 0xff,
    0xc2, 0xff, 0x60, 0x3f, 0xe0, 0xb, 0xf4, 0x6f,
    0xff, 0xc6, 0xfd, 0x0, 0x3f, 0xe0, 0xd, 0xf1,
    0x2f, 0xdf, 0xc0, 0x64, 0x0, 0x3f, 0xe0, 0x5,
    0x60, 0x8, 0x4f, 0xc0, 0x5, 0xfa, 0x3f, 0xe3,
    0xed, 0x0, 0x0, 0x3f, 0xc0, 0xa, 0xf9, 0x3f,
    0xe0, 0xff, 0x30, 0x0, 0x3f, 0xc0, 0xe, 0xf4,
    0x3f, 0xe0, 0xaf, 0x90, 0x0, 0x3f, 0xc0, 0x5f,
    0xf0, 0x3f, 0xe0, 0x4f, 0xe0, 0x0, 0x3f, 0xc0,
    0xdf, 0x90, 0x3f, 0xe0, 0xf, 0xf2, 0x0, 0x3f,
    0xc2, 0xef, 0x20, 0x3f, 0xe0, 0xc, 0xf5, 0x0,
    0x3f, 0xc0, 0x15, 0x2, 0x5f, 0xe0, 0x4, 0x30,
    0x0, 0x3f, 0xc0, 0x0, 0x1f, 0xff, 0xc0, 0x0,
    0x0, 0x0, 0x3f, 0xc0, 0x0, 0xb, 0xfc, 0x30,
    0x0, 0x0, 0x0, 0x0, 0x0, 0x0, 0x0, 0x0,
    0x0, 0x0, 0x0,

    /* U+4FE1 "信" */
    0x0, 0x0, 0x10, 0x0, 0x0, 0x2, 0x0, 0x0,
    0x0, 0x0, 0x0, 0xfd, 0x20, 0x0, 0xcf, 0x10,
    0x0, 0x0, 0x0, 0x7, 0xfd, 0x0, 0x0, 0x8f,
    0x80, 0x0, 0x0, 0x0, 0xd, 0xf7, 0x66, 0x66,
    0x8f, 0xa6, 0x66, 0x61, 0x0, 0x5f, 0xf3, 0xff,
    0xff, 0xff, 0xff, 0xff, 0xf2, 0x0, 0xef, 0xe0,
    0x44, 0x44, 0x44, 0x44, 0x44, 0x40, 0xa, 0xff,
    0xe0, 0x9, 0xbb, 0xbb, 0xbb, 0xba, 0x0, 0x4f,
    0xff, 0xe0, 0xc, 0xff, 0xff, 0xff, 0xfc, 0x0,
    0xe, 0x9f, 0xe0, 0x2, 0x22, 0x22, 0x22, 0x22,
    0x0, 0x3, 0x1f, 0xe0, 0xc, 0xff, 0xff, 0xff,
    0xfd, 0x0, 0x0, 0x1f, 0xe0, 0x4, 0x55, 0x55,
    0x55, 0x55, 0x0, 0x0, 0x1f, 0xe0, 0xa, 0xaa,
    0xaa, 0xaa, 0xaa, 0x0, 0x0, 0x1f, 0xe0, 0x1f,
    0xff, 0xff, 0xff, 0xff, 0x10, 0x0, 0x1f, 0xe0,
    0x1f, 0xc0, 0x0, 0x0, 0xdf, 0x10, 0x0, 0x1f,
    0xe0, 0x1f, 0xb0, 0x0, 0x0, 0xdf, 0x10, 0x0,
    0x1f, 0xe0, 0x1f, 0xeb, 0xbb, 0xbb, 0xff, 0x10,
    0x0, 0x1f, 0xe0, 0x1f, 0xff, 0xff, 0xff, 0xff,
    0x10, 0x0, 0x1f, 0xe0, 0x1f, 0xc0, 0x0, 0x0,
    0xcf, 0x10, 0x0, 0x1, 0x10, 0x0, 0x0, 0x0,
    0x0, 0x0, 0x0,

    /* U+4FEE "修" */
    0x0, 0x2, 0x20, 0x0, 0x2, 0x51, 0x0, 0x0,
    0x0, 0x0, 0xb, 0xf6, 0x0, 0xb, 0xf7, 0x0,
    0x0, 0x0, 0x0, 0x2f, 0xf1, 0x0, 0x3f, 0xfb,
    0xaa, 0xaa, 0x30, 0x0, 0x8f, 0xb0, 0x0, 0xcf,
    0xff, 0xff, 0xff, 0x50, 0x0, 0xef, 0x50, 0xa,
    0xff, 0xc1, 0x8, 0xfc, 0x0, 0x6, 0xff, 0x20,
    0x3f, 0xfd, 0xfa, 0x5f, 0xf3, 0x0, 0x1e, 0xff,
    0x2c, 0xf3, 0x51, 0xdf, 0xff, 0x50, 0x0, 0xbf,
    0xff, 0x2c, 0xf0, 0x28, 0xef, 0xff, 0x93, 0x0,
    0xaf, 0xff, 0x2c, 0xfc, 0xff, 0xf9, 0x7e, 0xff,
    0xf2, 0x29, 0xdf, 0x2c, 0xfb, 0xc7, 0x15, 0xb5,
    0x6b, 0x90, 0x0, 0xdf, 0x2c, 0xf0, 0x16, 0xcf,
    0xb1, 0x0, 0x0, 0x0, 0xdf, 0x2c, 0xf0, 0x8f,
    0xc5, 0x1b, 0xe3, 0x0, 0x0, 0xdf, 0x2c, 0xf0,
    0x2, 0x39, 0xff, 0x60, 0x0, 0x0, 0xdf, 0x2c,
    0xf0, 0x6e, 0xff, 0x91, 0x5d, 0x70, 0x0, 0xdf,
    0x28, 0xa0, 0x1a, 0x50, 0x3a, 0xff, 0x50, 0x0,
    0xdf, 0x20, 0x0, 0x14, 0x8d, 0xff, 0xd3, 0x0,
    0x0, 0xdf, 0x20, 0x7, 0xff, 0xff, 0xc6, 0x0,
    0x0, 0x0, 0xdf, 0x20, 0x0, 0xdb, 0x72, 0x0,
    0x0, 0x0,

    /* U+5148 "先" */
    0x0, 0x2, 0xa8, 0x1, 0xff, 0x10, 0x0, 0x0,
    0x0, 0x0, 0x7, 0xfc, 0x1, 0xff, 0x10, 0x0,
    0x0, 0x0, 0x0, 0xd, 0xff, 0xff, 0xff, 0xff,
    0xff, 0xf9, 0x0, 0x0, 0x4f, 0xff, 0xff, 0xff,
    0xff, 0xff, 0xfa, 0x0, 0x0, 0xdf, 0xa1, 0x13,
    0xff, 0x31, 0x11, 0x11, 0x0, 0x4, 0xff, 0x10,
    0x1, 0xff, 0x10, 0x0, 0x0, 0x0, 0x0, 0x24,
    0x0, 0x1, 0xff, 0x10, 0x0, 0x0, 0x0, 0xf,
    0xff, 0xff, 0xff, 0xff, 0xff, 0xff, 0xff, 0xf0,
    0xf, 0xff, 0xff, 0xff, 0xff, 0xff, 0xff, 0xff,
    0xf0, 0x1, 0x11, 0x1d, 0xf8, 0x11, 0xdf, 0x61,
    0x11, 0x10, 0x0, 0x0, 0xf, 0xf4, 0x0, 0xdf,
    0x50, 0x0, 0x0, 0x0, 0x0, 0x3f, 0xf1, 0x0,
    0xdf, 0x50, 0x0, 0x0, 0x0, 0x0, 0xaf, 0xc0,
    0x0, 0xdf, 0x50, 0x7, 0x20, 0x0, 0x6, 0xff,
    0x50, 0x0, 0xdf, 0x50, 0xd, 0xf2, 0x0, 0x7f,
    0xfb, 0x0, 0x0, 0xcf, 0x70, 0x1f, 0xf0, 0x1d,
    0xff, 0xd0, 0x0, 0x0, 0xaf, 0xff, 0xff, 0xc0,
    0x7, 0xf9, 0x0, 0x0, 0x0, 0x3d, 0xff, 0xfd,
    0x40, 0x0, 0x20, 0x0, 0x0, 0x0, 0x0, 0x0,
    0x0, 0x0,

    /* U+5149 "光" */
    0x0, 0x1, 0x10, 0x2, 0xff, 0x0, 0x1, 0x30,
    0x0, 0x0, 0x8f, 0x90, 0x2, 0xff, 0x0, 0x8,
    0xfd, 0x0, 0x0, 0x3f, 0xf3, 0x2, 0xff, 0x0,
    0xe, 0xf7, 0x0, 0x0, 0xb, 0xfa, 0x2, 0xff,
    0x0, 0x8f, 0xd0, 0x0, 0x0, 0x5, 0xfe, 0x2,
    0xff, 0x0, 0xef, 0x30, 0x0, 0x0, 0x0, 0x50,
    0x2, 0xff, 0x0, 0x4, 0x0, 0x0, 0x1e, 0xee,
    0xee, 0xee, 0xff, 0xee, 0xee, 0xee, 0xe2, 0x1f,
    0xff, 0xff, 0xff, 0xff, 0xff, 0xff, 0xff, 0xf2,
    0x1, 0x11, 0x1c, 0xf9, 0x11, 0xdf, 0x61, 0x11,
    0x10, 0x0, 0x0, 0xe, 0xf6, 0x0, 0xdf, 0x50,
    0x0, 0x0, 0x0, 0x0, 0xf, 0xf4, 0x0, 0xdf,
    0x50, 0x0, 0x0, 0x0, 0x0, 0x6f, 0xf1, 0x0,
    0xdf, 0x50, 0x0, 0x0, 0x0, 0x0, 0xcf, 0xb0,
    0x0, 0xdf, 0x50, 0x8, 0x91, 0x0, 0xa, 0xff,
    0x40, 0x0, 0xdf, 0x50, 0x9, 0xf5, 0x3, 0xcf,
    0xf9, 0x0, 0x0, 0xcf, 0x70, 0xc, 0xf3, 0x4f,
    0xff, 0x90, 0x0, 0x0, 0xaf, 0xff, 0xff, 0xf0,
    0x9, 0xb4, 0x0, 0x0, 0x0, 0x2c, 0xff, 0xfe,
    0x50, 0x0, 0x0, 0x0, 0x0, 0x0, 0x0, 0x0,
    0x0, 0x0,

    /* U+514D "免" */
    0x0, 0x0, 0x1, 0x20, 0x0, 0x0, 0x0, 0x0,
    0x0, 0x0, 0x0, 0xc, 0xfc, 0x0, 0x0, 0x0,
    0x0, 0x0, 0x0, 0x0, 0x8f, 0xff, 0xff, 0xff,
    0x70, 0x0, 0x0, 0x0, 0x6, 0xff, 0xcb, 0xbc,
    0xff, 0x80, 0x0, 0x0, 0x0, 0x6f, 0xf9, 0x0,
    0xb, 0xfc, 0x0, 0x0, 0x0, 0x9, 0xff, 0xfd,
    0xdd, 0xef, 0xfe, 0xdd, 0xdd, 0x20, 0x1d, 0xff,
    0xff, 0xff, 0xff, 0xff, 0xff, 0xff, 0x20, 0x1,
    0xaf, 0xd0, 0x0, 0xef, 0x60, 0x2, 0xff, 0x20,
    0x0, 0x4f, 0xd0, 0x0, 0xff, 0x30, 0x1, 0xff,
    0x20, 0x0, 0x4f, 0xfc, 0xcc, 0xff, 0xcc, 0xcc,
    0xff, 0x20, 0x0, 0x4f, 0xff, 0xff, 0xff, 0xff,
    0xff, 0xff, 0x20, 0x0, 0x2, 0x22, 0x2f, 0xf9,
    0xff, 0x42, 0x22, 0x0, 0x0, 0x0, 0x0, 0x7f,
    0xf2, 0xff, 0x20, 0x0, 0x0, 0x0, 0x0, 0x4,
    0xff, 0x81, 0xff, 0x20, 0x3, 0x40, 0x0, 0x0,
    0x6f, 0xfc, 0x1, 0xff, 0x20, 0x6, 0xf8, 0x0,
    0x4b, 0xff, 0xc1, 0x0, 0xff, 0x30, 0x8, 0xf7,
    0xc, 0xff, 0xf9, 0x0, 0x0, 0xef, 0xfe, 0xef,
    0xf3, 0x4, 0xf9, 0x20, 0x0, 0x0, 0x5d, 0xff,
    0xfe, 0x80, 0x0, 0x0, 0x0, 0x0, 0x0, 0x0,
    0x0, 0x0, 0x0,

    /* U+5165 "入" */
    0x0, 0x0, 0x0, 0x0, 0x0, 0x0, 0x0, 0x0,
    0x0, 0x0, 0x0, 0x4, 0xd2, 0x0, 0x0, 0x0,
    0x0, 0x0, 0x0, 0x0, 0xe, 0xfe, 0x30, 0x0,
    0x0, 0x0, 0x0, 0x0, 0x0, 0x3, 0xef, 0xe1,
    0x0, 0x0, 0x0, 0x0, 0x0, 0x0, 0x0, 0x2f,
    0xfb, 0x0, 0x0, 0x0, 0x0, 0x0, 0x0, 0x0,
    0x6, 0xff, 0x50, 0x0, 0x0, 0x0, 0x0, 0x0,
    0x0, 0x9, 0xff, 0xe0, 0x0, 0x0, 0x0, 0x0,
    0x0, 0x0, 0xe, 0xff, 0xf8, 0x0, 0x0, 0x0,
    0x0, 0x0, 0x0, 0x3f, 0xfc, 0xff, 0x20, 0x0,
    0x0, 0x0, 0x0, 0x0, 0xaf, 0xe0, 0xdf, 0xc0,
    0x0, 0x0, 0x0, 0x0, 0x3, 0xff, 0x80, 0x4f,
    0xf6, 0x0, 0x0, 0x0, 0x0, 0xc, 0xff, 0x10,
    0xb, 0xfe, 0x10, 0x0, 0x0, 0x0, 0x9f, 0xf6,
    0x0, 0x2, 0xff, 0xc0, 0x0, 0x0, 0x7, 0xff,
    0xc0, 0x0, 0x0, 0x8f, 0xfb, 0x0, 0x1, 0xaf,
    0xfd, 0x10, 0x0, 0x0, 0xb, 0xff, 0xd2, 0x2e,
    0xff, 0xe2, 0x0, 0x0, 0x0, 0x1, 0xdf, 0xf5,
    0x6, 0xfb, 0x10, 0x0, 0x0, 0x0, 0x0, 0xa,
    0xe0, 0x0, 0x30, 0x0, 0x0, 0x0, 0x0, 0x0,
    0x0, 0x20,

    /* U+5168 "全" */
    0x0, 0x0, 0x0, 0x0, 0x33, 0x0, 0x0, 0x0,
    0x0, 0x0, 0x0, 0x0, 0x1, 0xef, 0x70, 0x0,
    0x0, 0x0, 0x0, 0x0, 0x0, 0x1c, 0xff, 0xe3,
    0x0, 0x0, 0x0, 0x0, 0x0, 0x2, 0xdf, 0xeb,
    0xff, 0x50, 0x0, 0x0, 0x0, 0x0, 0x4e, 0xfd,
    0x20, 0xaf, 0xf8, 0x0, 0x0, 0x0, 0x1a, 0xff,
    0xc1, 0x0, 0x9, 0xff, 0xd4, 0x0, 0x19, 0xff,
    0xf9, 0x0, 0x0, 0x0, 0x5f, 0xff, 0xc3, 0x2e,
    0xff, 0xfd, 0xdd, 0xdd, 0xdd, 0xde, 0xff, 0xf7,
    0x4, 0x75, 0xff, 0xff, 0xff, 0xff, 0xff, 0xc4,
    0x90, 0x0, 0x0, 0x0, 0x0, 0xff, 0x50, 0x0,
    0x0, 0x0, 0x0, 0x0, 0x0, 0x0, 0xff, 0x40,
    0x0, 0x0, 0x0, 0x0, 0x1, 0xcc, 0xcc, 0xff,
    0xdc, 0xcc, 0x70, 0x0, 0x0, 0x1, 0xff, 0xff,
    0xff, 0xff, 0xff, 0x90, 0x0, 0x0, 0x0, 0x0,
    0x0, 0xff, 0x50, 0x0, 0x0, 0x0, 0x0, 0x0,
    0x0, 0x0, 0xff, 0x40, 0x0, 0x0, 0x0, 0x0,
    0x0, 0x0, 0x0, 0xff, 0x40, 0x0, 0x0, 0x0,
    0x6, 0xee, 0xee, 0xee, 0xff, 0xfe, 0xee, 0xee,
    0xd0, 0x7, 0xff, 0xff, 0xff, 0xff, 0xff, 0xff,
    0xff, 0xe0,

    /* U+5173 "关" */
    0x0, 0x0, 0x3, 0x0, 0x0, 0x0, 0x42, 0x0,
    0x0, 0x0, 0x1, 0xef, 0x30, 0x0, 0x0, 0xff,
    0x80, 0x0, 0x0, 0x0, 0xbf, 0xd0, 0x0, 0x7,
    0xfe, 0x10, 0x0, 0x0, 0x0, 0x2f, 0xf2, 0x0,
    0x1f, 0xf6, 0x0, 0x0, 0x0, 0x9d, 0xdf, 0xed,
    0xdd, 0xef, 0xfd, 0xdd, 0x0, 0x0, 0xbf, 0xff,
    0xff, 0xff, 0xff, 0xff, 0xff, 0x0, 0x0, 0x34,
    0x44, 0x45, 0xff, 0x94, 0x44, 0x44, 0x0, 0x0,
    0x0, 0x0, 0x1, 0xff, 0x60, 0x0, 0x0, 0x0,
    0x0, 0x0, 0x0, 0x2, 0xff, 0x70, 0x0, 0x0,
    0x0, 0xe, 0xff, 0xff, 0xff, 0xff, 0xff, 0xff,
    0xff, 0xf0, 0xe, 0xff, 0xff, 0xff, 0xff, 0xff,
    0xff, 0xff, 0xf0, 0x1, 0x11, 0x11, 0x1d, 0xff,
    0xf5, 0x11, 0x11, 0x10, 0x0, 0x0, 0x0, 0x8f,
    0xff, 0xfe, 0x20, 0x0, 0x0, 0x0, 0x0, 0x19,
    0xff, 0xd2, 0xef, 0xf5, 0x0, 0x0, 0x0, 0x17,
    0xef, 0xfd, 0x20, 0x3e, 0xff, 0xc4, 0x0, 0x2a,
    0xff, 0xff, 0xa1, 0x0, 0x2, 0xdf, 0xff, 0xf4,
    0xa, 0xff, 0xb3, 0x0, 0x0, 0x0, 0x7, 0xef,
    0xb0, 0x0, 0x71, 0x0, 0x0, 0x0, 0x0, 0x0,
    0x4, 0x10,

    /* U+5185 "内" */
    0x0, 0x0, 0x0, 0xe, 0xf4, 0x0, 0x0, 0x0,
    0x0, 0x0, 0x0, 0xe, 0xf4, 0x0, 0x0, 0x0,
    0x2, 0x22, 0x22, 0x2f, 0xf6, 0x22, 0x22, 0x22,
    0x3f, 0xff, 0xff, 0xff, 0xff, 0xff, 0xff, 0xfd,
    0x3f, 0xff, 0xff, 0xff, 0xff, 0xff, 0xff, 0xfd,
    0x3f, 0xe0, 0x0, 0xf, 0xf3, 0x0, 0x4, 0xfd,
    0x3f, 0xe0, 0x0, 0x2f, 0xf1, 0x0, 0x4, 0xfd,
    0x3f, 0xe0, 0x0, 0x6f, 0xf8, 0x0, 0x4, 0xfd,
    0x3f, 0xe0, 0x0, 0xcf, 0xff, 0x90, 0x4, 0xfd,
    0x3f, 0xe0, 0x7, 0xff, 0x8f, 0xfa, 0x4, 0xfd,
    0x3f, 0xe0, 0x6f, 0xf7, 0x7, 0xff, 0xa4, 0xfd,
    0x3f, 0xea, 0xff, 0xc0, 0x0, 0x8f, 0xfb, 0xfd,
    0x3f, 0xe6, 0xfb, 0x0, 0x0, 0xa, 0x95, 0xfd,
    0x3f, 0xe0, 0x30, 0x0, 0x0, 0x0, 0x4, 0xfd,
    0x3f, 0xe0, 0x0, 0x0, 0x0, 0x12, 0x16, 0xfd,
    0x3f, 0xe0, 0x0, 0x0, 0x0, 0x4f, 0xff, 0xfa,
    0x3f, 0xe0, 0x0, 0x0, 0x0, 0xe, 0xfe, 0xa1,

    /* U+518D "再" */
    0x7, 0xff, 0xff, 0xff, 0xff, 0xff, 0xff, 0xff,
    0xf0, 0x7, 0xff, 0xff, 0xff, 0xff, 0xff, 0xff,
    0xff, 0xf0, 0x0, 0x0, 0x0, 0x0, 0xef, 0x30,
    0x0, 0x0, 0x0, 0x0, 0x0, 0x0, 0x0, 0xff,
    0x40, 0x0, 0x0, 0x0, 0x0, 0x2f, 0xff, 0xff,
    0xff, 0xff, 0xff, 0xf9, 0x0, 0x0, 0x2f, 0xfe,
    0xee, 0xff, 0xee, 0xef, 0xf9, 0x0, 0x0, 0x2f,
    0xf0, 0x0, 0xef, 0x30, 0x8, 0xf9, 0x0, 0x0,
    0x2f, 0xfc, 0xcc, 0xff, 0xdc, 0xce, 0xf9, 0x0,
    0x0, 0x2f, 0xff, 0xff, 0xff, 0xff, 0xff, 0xf9,
    0x0, 0x0, 0x2f, 0xf0, 0x0, 0xff, 0x30, 0x8,
    0xf9, 0x0, 0x2b, 0xcf, 0xfb, 0xbb, 0xff, 0xcb,
    0xbe, 0xfe, 0xb7, 0x3f, 0xff, 0xff, 0xff, 0xff,
    0xff, 0xff, 0xff, 0xfa, 0x4, 0x6f, 0xf4, 0x44,
    0x44, 0x44, 0x4a, 0xfb, 0x42, 0x0, 0x2f, 0xf0,
    0x0, 0x0, 0x0, 0x8, 0xf9, 0x0, 0x0, 0x2f,
    0xf0, 0x0, 0x0, 0x0, 0x9, 0xf9, 0x0, 0x0,
    0x2f, 0xf0, 0x0, 0x0, 0x4f, 0xff, 0xf6, 0x0,
    0x0, 0x2f, 0xf0, 0x0, 0x0, 0xd, 0xfe, 0x90,
    0x0,

    /* U+5199 "写" */
    0xef, 0xff, 0xff, 0xff, 0xff, 0xff, 0xff, 0xfe,
    0xef, 0xff, 0xff, 0xff, 0xff, 0xff, 0xff, 0xfe,
    0xef, 0x30, 0xb9, 0x0, 0x0, 0x0, 0x5, 0xfe,
    0xef, 0x33, 0xff, 0x0, 0x0, 0x0, 0x5, 0xfe,
    0x0, 0x6, 0xff, 0xcc, 0xcc, 0xcc, 0xc4, 0x0,
    0x0, 0x8, 0xff, 0xff, 0xff, 0xff, 0xf5, 0x0,
    0x0, 0xb, 0xf7, 0x0, 0x0, 0x0, 0x0, 0x0,
    0x0, 0xe, 0xf5, 0x0, 0x0, 0x0, 0x0, 0x0,
    0x0, 0x2f, 0xff, 0xff, 0xff, 0xff, 0xff, 0x40,
    0x0, 0x4d, 0xdd, 0xdd, 0xdd, 0xdd, 0xff, 0x20,
    0x0, 0x0, 0x0, 0x0, 0x0, 0x3, 0xff, 0x10,
    0x8f, 0xff, 0xff, 0xff, 0xff, 0x75, 0xff, 0x0,
    0x8e, 0xee, 0xee, 0xee, 0xee, 0x67, 0xfd, 0x0,
    0x0, 0x0, 0x0, 0x0, 0x0, 0xa, 0xfa, 0x0,
    0x0, 0x0, 0x0, 0x0, 0x0, 0x2f, 0xf6, 0x0,
    0x0, 0x0, 0x0, 0xb, 0xff, 0xff, 0xf1, 0x0,
    0x0, 0x0, 0x0, 0x5, 0xff, 0xfc, 0x30, 0x0,
    0x0, 0x0, 0x0, 0x0, 0x0, 0x0, 0x0, 0x0,

    /* U+51B3 "决" */
    0x0, 0x60, 0x0, 0x0, 0x3, 0xff, 0x10, 0x0,
    0x0, 0xd, 0xf9, 0x0, 0x0, 0x3, 0xff, 0x10,
    0x0, 0x0, 0x4, 0xff, 0x60, 0x7d, 0xde, 0xff,
    0xdd, 0xdd, 0x20, 0x0, 0x8f, 0xf2, 0x9f, 0xff,
    0xff, 0xff, 0xff, 0x20, 0x0, 0xd, 0xc2, 0x13,
    0x36, 0xff, 0x43, 0xff, 0x20, 0x0, 0x1, 0x0,
    0x0, 0x3, 0xff, 0x10, 0xff, 0x20, 0x0, 0x0,
    0x0, 0x0, 0x4, 0xff, 0x10, 0xff, 0x20, 0x0,
    0x0, 0x0, 0x11, 0x16, 0xff, 0x21, 0xff, 0x41,
    0x0, 0x1, 0x2, 0xff, 0xff, 0xff, 0xff, 0xff,
    0xfa, 0x0, 0xa, 0xc3, 0xff, 0xff, 0xff, 0xff,
    0xff, 0xfa, 0x0, 0x2f, 0xf2, 0x0, 0xe, 0xff,
    0xf6, 0x0, 0x0, 0x0, 0xaf, 0xa0, 0x0, 0x5f,
    0xf9, 0xfd, 0x0, 0x0, 0x2, 0xff, 0x20, 0x1,
    0xef, 0xa0, 0xef, 0xa0, 0x0, 0xb, 0xfa, 0x0,
    0x2d, 0xfe, 0x10, 0x5f, 0xfa, 0x0, 0x2f, 0xf3,
    0x7, 0xff, 0xe3, 0x0, 0x9, 0xff, 0xe6, 0x3,
    0x80, 0xc, 0xfd, 0x20, 0x0, 0x0, 0x7f, 0xf4,
    0x0, 0x0, 0x1, 0x80, 0x0, 0x0, 0x0, 0x2,
    0x60,

    /* U+51FA "出" */
    0x0, 0x0, 0x0, 0x4f, 0xf2, 0x0, 0x0, 0x0,
    0x5, 0x97, 0x0, 0x4f, 0xf2, 0x0, 0x89, 0x40,
    0x8, 0xfb, 0x0, 0x4f, 0xf2, 0x0, 0xef, 0x70,
    0x8, 0xfb, 0x0, 0x4f, 0xf2, 0x0, 0xef, 0x70,
    0x8, 0xfb, 0x0, 0x4f, 0xf2, 0x0, 0xef, 0x70,
    0x8, 0xfc, 0x11, 0x5f, 0xf3, 0x11, 0xef, 0x70,
    0x8, 0xff, 0xff, 0xff, 0xff, 0xff, 0xff, 0x70,
    0x8, 0xff, 0xff, 0xff, 0xff, 0xff, 0xff, 0x70,
    0x0, 0x0, 0x0, 0x4f, 0xf2, 0x0, 0x0, 0x0,
    0x6d, 0xd0, 0x0, 0x4f, 0xf2, 0x0, 0x2d, 0xd2,
    0x7f, 0xf0, 0x0, 0x4f, 0xf2, 0x0, 0x3f, 0xf3,
    0x7f, 0xf0, 0x0, 0x4f, 0xf2, 0x0, 0x3f, 0xf3,
    0x7f, 0xf0, 0x0, 0x4f, 0xf2, 0x0, 0x3f, 0xf3,
    0x7f, 0xf2, 0x22, 0x5f, 0xf4, 0x22, 0x5f, 0xf3,
    0x7f, 0xff, 0xff, 0xff, 0xff, 0xff, 0xff, 0xf3,
    0x7f, 0xff, 0xff, 0xff, 0xff, 0xff, 0xff, 0xf3,
    0x0, 0x0, 0x0, 0x0, 0x0, 0x0, 0x3f, 0xf3,

    /* U+5200 "刀" */
    0x2, 0x44, 0x44, 0x44, 0x44, 0x44, 0x44, 0x44,
    0x10, 0x7f, 0xff, 0xff, 0xff, 0xff, 0xff, 0xff,
    0xf6, 0x7, 0xee, 0xee, 0xff, 0xfe, 0xee, 0xee,
    0xff, 0x60, 0x0, 0x0, 0x9, 0xfd, 0x0, 0x0,
    0xe, 0xf6, 0x0, 0x0, 0x0, 0xaf, 0xb0, 0x0,
    0x0, 0xff, 0x50, 0x0, 0x0, 0xc, 0xfa, 0x0,
    0x0, 0xf, 0xf4, 0x0, 0x0, 0x0, 0xef, 0x80,
    0x0, 0x0, 0xff, 0x40, 0x0, 0x0, 0x2f, 0xf4,
    0x0, 0x0, 0x1f, 0xf3, 0x0, 0x0, 0x7, 0xff,
    0x0, 0x0, 0x2, 0xff, 0x20, 0x0, 0x0, 0xcf,
    0xc0, 0x0, 0x0, 0x3f, 0xf1, 0x0, 0x0, 0x4f,
    0xf7, 0x0, 0x0, 0x4, 0xff, 0x0, 0x0, 0x1e,
    0xfe, 0x0, 0x0, 0x0, 0x6f, 0xf0, 0x0, 0x1c,
    0xff, 0x50, 0x0, 0x0, 0x9, 0xfd, 0x0, 0x4d,
    0xff, 0x90, 0x0, 0x35, 0x46, 0xff, 0x90, 0x3f,
    0xff, 0x90, 0x0, 0x4, 0xff, 0xff, 0xf3, 0x0,
    0x6e, 0x50, 0x0, 0x0, 0xf, 0xff, 0xd5, 0x0,
    0x0, 0x0, 0x0, 0x0, 0x0, 0x0, 0x0, 0x0,
    0x0,

    /* U+522B "别" */
    0xc, 0xff, 0xff, 0xff, 0xe0, 0x0, 0x0, 0xdf,
    0x40, 0xcf, 0xee, 0xee, 0xfe, 0x0, 0x11, 0xd,
    0xf4, 0xc, 0xf2, 0x0, 0x2f, 0xe0, 0x3f, 0xe0,
    0xdf, 0x40, 0xcf, 0x20, 0x2, 0xfe, 0x3, 0xfe,
    0xd, 0xf4, 0xc, 0xf7, 0x55, 0x7f, 0xe0, 0x3f,
    0xe0, 0xdf, 0x40, 0xcf, 0xff, 0xff, 0xfe, 0x3,
    0xfe, 0xd, 0xf4, 0x9, 0xbb, 0xbb, 0xbb, 0xa0,
    0x3f, 0xe0, 0xdf, 0x40, 0x0, 0x7d, 0x70, 0x0,
    0x3, 0xfe, 0xd, 0xf4, 0xb, 0xbe, 0xfe, 0xbb,
    0xb4, 0x3f, 0xe0, 0xdf, 0x40, 0xff, 0xff, 0xff,
    0xff, 0x43, 0xfe, 0xd, 0xf4, 0x3, 0x3d, 0xf7,
    0x3d, 0xf4, 0x3f, 0xe0, 0xdf, 0x40, 0x0, 0xff,
    0x20, 0xdf, 0x33, 0xfe, 0xd, 0xf4, 0x0, 0x4f,
    0xe0, 0xe, 0xf2, 0x1, 0x10, 0xdf, 0x40, 0xb,
    0xf8, 0x0, 0xff, 0x10, 0x0, 0xd, 0xf4, 0x7,
    0xfe, 0x32, 0x6f, 0xf0, 0x0, 0x22, 0xef, 0x36,
    0xff, 0x53, 0xff, 0xfb, 0x0, 0x1f, 0xff, 0xf1,
    0xc, 0x40, 0xc, 0xca, 0x10, 0x0, 0xbf, 0xd6,
    0x0, 0x0, 0x0, 0x0, 0x0, 0x0, 0x0, 0x0,
    0x0,

    /* U+5230 "到" */
    0xe, 0xff, 0xff, 0xff, 0xff, 0x70, 0x0, 0x2f,
    0xe0, 0xcd, 0xff, 0xfd, 0xee, 0xd6, 0xad, 0x32,
    0xfe, 0x0, 0xe, 0xf6, 0x2c, 0x50, 0xc, 0xf4,
    0x2f, 0xe0, 0x4, 0xfe, 0x6, 0xfe, 0x0, 0xcf,
    0x42, 0xfe, 0x0, 0xcf, 0x70, 0xd, 0xf8, 0xc,
    0xf4, 0x2f, 0xe0, 0x6f, 0xfd, 0xef, 0xff, 0xf1,
    0xcf, 0x42, 0xfe, 0x2, 0xff, 0xed, 0xca, 0xdf,
    0x3c, 0xf4, 0x2f, 0xe0, 0x2, 0x1, 0xa9, 0x2,
    0x10, 0xcf, 0x42, 0xfe, 0x0, 0x11, 0x4f, 0xd1,
    0x11, 0xc, 0xf4, 0x2f, 0xe0, 0x7f, 0xff, 0xff,
    0xff, 0xf1, 0xcf, 0x42, 0xfe, 0x5, 0xbb, 0xcf,
    0xfb, 0xbb, 0x1c, 0xf4, 0x2f, 0xe0, 0x0, 0x2,
    0xfd, 0x0, 0x0, 0xcf, 0x42, 0xfe, 0x0, 0x0,
    0x2f, 0xd1, 0x48, 0x31, 0x10, 0x2f, 0xe0, 0x0,
    0x27, 0xff, 0xff, 0xf5, 0x0, 0x2, 0xfe, 0xd,
    0xff, 0xff, 0xff, 0xff, 0x60, 0x0, 0x3f, 0xe0,
    0xdf, 0xff, 0xda, 0x74, 0x10, 0xb, 0xff, 0xfc,
    0x6, 0x63, 0x0, 0x0, 0x0, 0x0, 0x5f, 0xeb,
    0x20,

    /* U+5269 "剩" */
    0x0, 0x0, 0x0, 0x11, 0x10, 0x0, 0x0, 0x0,
    0x0, 0x9f, 0xff, 0xff, 0xff, 0xd2, 0x0, 0x2,
    0xfe, 0x4, 0xbc, 0xcf, 0xfc, 0x97, 0x30, 0x11,
    0x2f, 0xe1, 0x77, 0x77, 0xff, 0x87, 0x77, 0x4f,
    0xd2, 0xfe, 0x2f, 0xff, 0xff, 0xff, 0xff, 0xf6,
    0xfd, 0x2f, 0xe1, 0x67, 0x97, 0xff, 0x88, 0x76,
    0x4f, 0xd2, 0xfe, 0x0, 0x3f, 0x5e, 0xf5, 0xf4,
    0x21, 0xfd, 0x2f, 0xe0, 0xef, 0xf5, 0xef, 0x5f,
    0xee, 0x3f, 0xd2, 0xfe, 0x7, 0x9f, 0x5e, 0xf5,
    0xfc, 0x41, 0xfd, 0x2f, 0xe0, 0x49, 0xf5, 0xef,
    0x5f, 0x48, 0x4f, 0xd2, 0xfe, 0xf, 0xff, 0x6e,
    0xf5, 0xfc, 0xf7, 0xfd, 0x2f, 0xe0, 0x43, 0xdb,
    0xff, 0x48, 0xb8, 0x2f, 0xd2, 0xfe, 0x0, 0x2,
    0xff, 0xff, 0x80, 0x1, 0xfd, 0x2f, 0xe0, 0x0,
    0xcf, 0xff, 0xef, 0xd2, 0x1, 0x12, 0xfe, 0x0,
    0xbf, 0xce, 0xf3, 0xdf, 0xf1, 0x0, 0x2f, 0xe2,
    0xdf, 0xe1, 0xef, 0x11, 0xc9, 0x0, 0x4, 0xfe,
    0xb, 0xd2, 0xe, 0xf1, 0x0, 0x10, 0x8f, 0xff,
    0xc0, 0x11, 0x0, 0xcd, 0x10, 0x0, 0x3, 0xfe,
    0xb3,

    /* U+526A "剪" */
    0x0, 0x0, 0x14, 0x0, 0x0, 0x1, 0x31, 0x0,
    0x0, 0x0, 0xa, 0xf8, 0x0, 0x0, 0xaf, 0xa0,
    0x0, 0x9, 0xaa, 0xcf, 0xea, 0xaa, 0xaf, 0xfb,
    0xaa, 0xa0, 0xef, 0xff, 0xff, 0xff, 0xff, 0xff,
    0xff, 0xfe, 0x0, 0x34, 0x44, 0x44, 0x40, 0x0,
    0x2, 0x73, 0x0, 0xc, 0xff, 0xff, 0xfc, 0xb,
    0xf0, 0x5f, 0x80, 0x0, 0xcf, 0x44, 0x4f, 0xc0,
    0xbf, 0x5, 0xf8, 0x0, 0xc, 0xfe, 0xee, 0xfc,
    0xb, 0xf0, 0x5f, 0x80, 0x0, 0xcf, 0x55, 0x5f,
    0xc0, 0xbf, 0x5, 0xf8, 0x0, 0xc, 0xfc, 0xcc,
    0xfc, 0x8, 0xb0, 0x5f, 0x80, 0x0, 0xcf, 0x1,
    0xaf, 0xb0, 0x0, 0xad, 0xf6, 0x0, 0x6, 0x80,
    0x7, 0x62, 0x0, 0x6, 0x97, 0x10, 0x8, 0xff,
    0xff, 0xff, 0xff, 0xff, 0xff, 0xff, 0x0, 0x5a,
    0xaa, 0xac, 0xff, 0xaa, 0xaa, 0xcf, 0xd0, 0x0,
    0x0, 0x1, 0xdf, 0x80, 0x0, 0x7, 0xfb, 0x0,
    0x0, 0x17, 0xef, 0xd1, 0x0, 0x0, 0xbf, 0x80,
    0xb, 0xef, 0xff, 0xb1, 0x0, 0xac, 0xdf, 0xf3,
    0x0, 0x8f, 0xd9, 0x30, 0x0, 0x7, 0xff, 0xe8,
    0x0, 0x0, 0x0, 0x0, 0x0, 0x0, 0x0, 0x0,
    0x0, 0x0,

    /* U+529F "功" */
    0x0, 0x0, 0x0, 0x0, 0x0, 0xbf, 0x80, 0x0,
    0x1, 0x33, 0x33, 0x33, 0x20, 0xb, 0xf7, 0x0,
    0x0, 0x4f, 0xff, 0xff, 0xf8, 0x0, 0xbf, 0x70,
    0x0, 0x4, 0xee, 0xff, 0xee, 0x83, 0x3c, 0xf9,
    0x33, 0x33, 0x0, 0xe, 0xf3, 0x3, 0xff, 0xff,
    0xff, 0xff, 0xf0, 0x0, 0xef, 0x30, 0x2d, 0xdf,
    0xfe, 0xdd, 0xfe, 0x0, 0xe, 0xf3, 0x0, 0x0,
    0xdf, 0x40, 0x3f, 0xe0, 0x0, 0xef, 0x30, 0x0,
    0xf, 0xf3, 0x4, 0xfd, 0x0, 0xe, 0xf3, 0x0,
    0x1, 0xff, 0x10, 0x4f, 0xd0, 0x0, 0xef, 0x30,
    0x0, 0x5f, 0xe0, 0x5, 0xfc, 0x0, 0xe, 0xf9,
    0xcc, 0x9, 0xfa, 0x0, 0x6f, 0xb2, 0x7b, 0xff,
    0xff, 0xe0, 0xef, 0x50, 0x7, 0xfa, 0x5f, 0xff,
    0xfc, 0x72, 0x8f, 0xf1, 0x0, 0x8f, 0x92, 0xea,
    0x51, 0x0, 0x3f, 0xf7, 0x0, 0xa, 0xf8, 0x0,
    0x0, 0x0, 0x4f, 0xfd, 0x2, 0x13, 0xef, 0x50,
    0x0, 0x0, 0x2f, 0xff, 0x30, 0xaf, 0xff, 0xf1,
    0x0, 0x0, 0x0, 0x7d, 0x30, 0x6, 0xff, 0xd5,
    0x0, 0x0, 0x0, 0x0, 0x0, 0x0, 0x0, 0x0,
    0x0,

    /* U+52A0 "加" */
    0x0, 0xf, 0xf2, 0x0, 0x0, 0x0, 0x0, 0x0,
    0x0, 0x0, 0xff, 0x20, 0x0, 0x3, 0x33, 0x33,
    0x32, 0x0, 0xf, 0xf3, 0x0, 0x0, 0xef, 0xff,
    0xff, 0xd1, 0xff, 0xff, 0xff, 0xff, 0xe, 0xfe,
    0xde, 0xfd, 0x1f, 0xff, 0xff, 0xff, 0xf0, 0xef,
    0x10, 0x4f, 0xd0, 0x1, 0xff, 0x11, 0xff, 0xe,
    0xf1, 0x4, 0xfd, 0x0, 0x1f, 0xf0, 0x1f, 0xf0,
    0xef, 0x10, 0x4f, 0xd0, 0x2, 0xfe, 0x1, 0xff,
    0xe, 0xf1, 0x4, 0xfd, 0x0, 0x3f, 0xd0, 0x2f,
    0xe0, 0xef, 0x10, 0x4f, 0xd0, 0x6, 0xfb, 0x2,
    0xfe, 0xe, 0xf1, 0x4, 0xfd, 0x0, 0x9f, 0x90,
    0x3f, 0xd0, 0xef, 0x10, 0x4f, 0xd0, 0xd, 0xf6,
    0x4, 0xfd, 0xe, 0xf1, 0x4, 0xfd, 0x2, 0xff,
    0x30, 0x5f, 0xc0, 0xef, 0x31, 0x6f, 0xd0, 0xaf,
    0xe0, 0x7, 0xfb, 0xe, 0xff, 0xff, 0xfd, 0x4f,
    0xf8, 0x21, 0xcf, 0x90, 0xef, 0xff, 0xff, 0xd4,
    0xff, 0x2b, 0xff, 0xf5, 0xe, 0xf1, 0x4, 0xfd,
    0x8, 0x70, 0x7f, 0xf9, 0x0, 0xef, 0x10, 0x4d,
    0xb0, 0x0, 0x0, 0x0, 0x0, 0x0, 0x0, 0x0,
    0x0,

    /* U+52A1 "务" */
    0x0, 0x0, 0x0, 0x54, 0x10, 0x0, 0x0, 0x0,
    0x0, 0x0, 0x0, 0x4, 0xff, 0x40, 0x0, 0x0,
    0x0, 0x0, 0x0, 0x0, 0x3f, 0xff, 0xcc, 0xcc,
    0xcc, 0xc7, 0x0, 0x0, 0x6, 0xff, 0xff, 0xff,
    0xff, 0xff, 0xfc, 0x0, 0x3, 0xcf, 0xff, 0x80,
    0x0, 0x3, 0xdf, 0xd1, 0x0, 0x3, 0xff, 0x8e,
    0xfa, 0x22, 0x9f, 0xfc, 0x10, 0x0, 0x0, 0x51,
    0x2, 0xdf, 0xff, 0xff, 0x70, 0x0, 0x0, 0x3,
    0x68, 0xbe, 0xff, 0xff, 0xff, 0xeb, 0x97, 0x62,
    0xe, 0xff, 0xff, 0xea, 0x55, 0x9e, 0xff, 0xff,
    0xe0, 0x8, 0xb9, 0x63, 0x5, 0x95, 0x0, 0x25,
    0x79, 0x50, 0x0, 0x0, 0x0, 0xb, 0xf9, 0x0,
    0x0, 0x0, 0x0, 0x0, 0xef, 0xff, 0xff, 0xff,
    0xff, 0xff, 0xff, 0x0, 0x0, 0xbc, 0xcc, 0xef,
    0xfc, 0xcc, 0xce, 0xfc, 0x0, 0x0, 0x0, 0x2,
    0xff, 0x60, 0x0, 0x7, 0xfa, 0x0, 0x0, 0x0,
    0x2d, 0xfc, 0x0, 0x0, 0xb, 0xf7, 0x0, 0x0,
    0x18, 0xff, 0xd1, 0x0, 0x0, 0x1f, 0xf3, 0x0,
    0xa, 0xff, 0xfa, 0x10, 0xc, 0xcc, 0xff, 0xd0,
    0x0, 0x3, 0xfa, 0x40, 0x0, 0xa, 0xff, 0xfc,
    0x20, 0x0, 0x0, 0x0, 0x0, 0x0, 0x0, 0x0,
    0x0, 0x0, 0x0,

    /* U+52A8 "动" */
    0x0, 0x0, 0x0, 0x0, 0x0, 0xd, 0xf4, 0x0,
    0x0, 0x6, 0xee, 0xee, 0xee, 0x80, 0xd, 0xf4,
    0x0, 0x0, 0x7, 0xff, 0xff, 0xff, 0x90, 0xd,
    0xf4, 0x0, 0x0, 0x0, 0x0, 0x0, 0x0, 0x5,
    0x6e, 0xf9, 0x66, 0x61, 0x0, 0x0, 0x0, 0x0,
    0xd, 0xff, 0xff, 0xff, 0xf2, 0x1e, 0xee, 0xee,
    0xee, 0xd6, 0x7f, 0xf9, 0x7f, 0xf2, 0x1f, 0xff,
    0xff, 0xff, 0xe0, 0xf, 0xf1, 0xf, 0xf2, 0x0,
    0xf, 0xf4, 0x0, 0x0, 0x1f, 0xf0, 0xf, 0xf1,
    0x0, 0x2f, 0xe0, 0x37, 0x0, 0x3f, 0xf0, 0xf,
    0xf1, 0x0, 0x6f, 0xa0, 0xbf, 0x30, 0x5f, 0xc0,
    0x1f, 0xf0, 0x0, 0xaf, 0x50, 0x5f, 0x90, 0x8f,
    0x90, 0x1f, 0xf0, 0x0, 0xff, 0x14, 0x9f, 0xe0,
    0xdf, 0x60, 0x2f, 0xf0, 0x7, 0xff, 0xff, 0xff,
    0xf6, 0xff, 0x20, 0x4f, 0xe0, 0xd, 0xff, 0xfe,
    0x9a, 0xfd, 0xfc, 0x0, 0x6f, 0xc0, 0x8, 0xd8,
    0x30, 0x1, 0x4f, 0xf6, 0x11, 0xbf, 0xa0, 0x0,
    0x0, 0x0, 0x0, 0xbf, 0xc1, 0xff, 0xff, 0x50,
    0x0, 0x0, 0x0, 0x0, 0x1d, 0x20, 0xcf, 0xe9,
    0x0, 0x0, 0x0, 0x0, 0x0, 0x0, 0x0, 0x0,
    0x0, 0x0,

    /* U+5355 "单" */
    0x0, 0x0, 0x0, 0x0, 0x0, 0x0, 0x0, 0x0,
    0x0, 0x0, 0x0, 0x7e, 0x30, 0x0, 0x0, 0xda,
    0x30, 0x0, 0x0, 0x0, 0xaf, 0xe0, 0x0, 0x8,
    0xff, 0x20, 0x0, 0x0, 0x0, 0x1e, 0xf6, 0x0,
    0x1f, 0xf8, 0x0, 0x0, 0x0, 0x8f, 0xff, 0xff,
    0xff, 0xff, 0xff, 0xfb, 0x0, 0x0, 0x8f, 0xeb,
    0xbc, 0xff, 0xcb, 0xbd, 0xfb, 0x0, 0x0, 0x8f,
    0x90, 0x3, 0xff, 0x10, 0x8, 0xfb, 0x0, 0x0,
    0x8f, 0xff, 0xff, 0xff, 0xff, 0xff, 0xfb, 0x0,
    0x0, 0x8f, 0xd9, 0x9a, 0xff, 0xa9, 0x9c, 0xfb,
    0x0, 0x0, 0x8f, 0x92, 0x24, 0xff, 0x32, 0x29,
    0xfb, 0x0, 0x0, 0x8f, 0xff, 0xff, 0xff, 0xff,
    0xff, 0xfb, 0x0, 0x0, 0x59, 0x99, 0x9a, 0xff,
    0xa9, 0x99, 0x97, 0x0, 0x2, 0x22, 0x22, 0x25,
    0xff, 0x42, 0x22, 0x22, 0x20, 0x2f, 0xff, 0xff,
    0xff, 0xff, 0xff, 0xff, 0xff, 0xf2, 0x1c, 0xcc,
    0xcc, 0xcd, 0xff, 0xdc, 0xcc, 0xcc, 0xc2, 0x0,
    0x0, 0x0, 0x2, 0xff, 0x10, 0x0, 0x0, 0x0,
    0x0, 0x0, 0x0, 0x2, 0xff, 0x10, 0x0, 0x0,
    0x0, 0x0, 0x0, 0x0, 0x2, 0xff, 0x10, 0x0,
    0x0, 0x0,

    /* U+53CD "反" */
    0x0, 0x0, 0x0, 0x0, 0x0, 0x0, 0x0, 0x10,
    0x0, 0x0, 0x0, 0x0, 0x12, 0x34, 0x68, 0xbe,
    0xf5, 0x0, 0x0, 0x3d, 0xef, 0xff, 0xff, 0xff,
    0xff, 0xfb, 0x10, 0x0, 0x3f, 0xff, 0xfd, 0xcb,
    0xa8, 0x53, 0x0, 0x0, 0x0, 0x3f, 0xf0, 0x0,
    0x0, 0x0, 0x0, 0x0, 0x0, 0x0, 0x3f, 0xf1,
    0x11, 0x11, 0x11, 0x11, 0x10, 0x0, 0x0, 0x3f,
    0xff, 0xff, 0xff, 0xff, 0xff, 0xfd, 0x0, 0x0,
    0x4f, 0xff, 0xff, 0xff, 0xff, 0xff, 0xfc, 0x0,
    0x0, 0x4f, 0xe0, 0xef, 0x30, 0x0, 0xe, 0xf7,
    0x0, 0x0, 0x5f, 0xd0, 0x7f, 0xb0, 0x0, 0x7f,
    0xf1, 0x0, 0x0, 0x6f, 0xc0, 0x1f, 0xf5, 0x2,
    0xff, 0x80, 0x0, 0x0, 0x8f, 0xa0, 0x7, 0xff,
    0x3d, 0xfd, 0x0, 0x0, 0x0, 0xbf, 0x80, 0x0,
    0xbf, 0xff, 0xf2, 0x0, 0x0, 0x0, 0xff, 0x50,
    0x0, 0x5f, 0xff, 0xa0, 0x0, 0x0, 0x4, 0xff,
    0x10, 0x3b, 0xff, 0xff, 0xfd, 0x50, 0x0, 0xc,
    0xfc, 0x6e, 0xff, 0xfa, 0x27, 0xff, 0xff, 0xb0,
    0xc, 0xf4, 0x2f, 0xfb, 0x40, 0x0, 0x29, 0xef,
    0x80, 0x0, 0x50, 0x4, 0x10, 0x0, 0x0, 0x0,
    0x4, 0x0,

    /* U+53D1 "发" */
    0x0, 0x0, 0x0, 0x0, 0x10, 0x0, 0x0, 0x0,
    0x0, 0x0, 0x4, 0x96, 0x3, 0xff, 0x30, 0x4d,
    0x30, 0x0, 0x0, 0xa, 0xfa, 0x5, 0xff, 0x10,
    0x8f, 0xe2, 0x0, 0x0, 0x1f, 0xf3, 0x8, 0xff,
    0x0, 0xb, 0xf8, 0x0, 0x0, 0x8f, 0xe4, 0x4c,
    0xfd, 0x44, 0x45, 0x94, 0x40, 0x2, 0xff, 0xff,
    0xff, 0xff, 0xff, 0xff, 0xff, 0xf0, 0x0, 0xdd,
    0xdc, 0xef, 0xfd, 0xcc, 0xcc, 0xcc, 0xc0, 0x0,
    0x0, 0x0, 0xaf, 0xe0, 0x0, 0x0, 0x0, 0x0,
    0x0, 0x0, 0x1, 0xff, 0xff, 0xff, 0xff, 0xe7,
    0x0, 0x0, 0x0, 0x9, 0xff, 0xff, 0xff, 0xff,
    0xf8, 0x0, 0x0, 0x0, 0x3f, 0xff, 0xc2, 0x22,
    0x8f, 0xf1, 0x0, 0x0, 0x1, 0xdf, 0xee, 0xf9,
    0x2, 0xff, 0x90, 0x0, 0x0, 0x1d, 0xff, 0x34,
    0xff, 0x8e, 0xfc, 0x0, 0x0, 0x4, 0xef, 0xf5,
    0x0, 0x7f, 0xff, 0xe1, 0x0, 0x0, 0x5f, 0xff,
    0x50, 0x5, 0xdf, 0xff, 0xf9, 0x20, 0x0, 0xa,
    0xc2, 0x4a, 0xef, 0xff, 0x9d, 0xff, 0xfd, 0x93,
    0x0, 0x0, 0x4f, 0xfe, 0x81, 0x0, 0x5c, 0xff,
    0xe1, 0x0, 0x0, 0x6, 0x40, 0x0, 0x0, 0x0,
    0x16, 0x40,

    /* U+53D6 "取" */
    0x2f, 0xff, 0xff, 0xff, 0xf0, 0x0, 0x0, 0x0,
    0x0, 0x2f, 0xff, 0xee, 0xff, 0xeb, 0xdd, 0xdd,
    0xdd, 0xa0, 0x3, 0xfd, 0x1, 0xff, 0xd, 0xff,
    0xff, 0xff, 0xe0, 0x3, 0xfd, 0x1, 0xff, 0x7,
    0xfe, 0x77, 0xaf, 0xc0, 0x3, 0xff, 0xcd, 0xff,
    0x0, 0xfe, 0x0, 0x6f, 0x90, 0x3, 0xff, 0xff,
    0xff, 0x0, 0xcf, 0x20, 0xaf, 0x60, 0x3, 0xfe,
    0x2, 0xff, 0x0, 0x9f, 0x50, 0xdf, 0x30, 0x3,
    0xfd, 0x1, 0xff, 0x0, 0x5f, 0xa3, 0xff, 0x0,
    0x3, 0xff, 0xff, 0xff, 0x0, 0x1f, 0xf9, 0xfa,
    0x0, 0x3, 0xff, 0xdd, 0xff, 0x0, 0xa, 0xff,
    0xf5, 0x0, 0x3, 0xfd, 0x1, 0xff, 0x0, 0x5,
    0xff, 0xe0, 0x0, 0x3, 0xfd, 0x14, 0xff, 0xa5,
    0x1, 0xff, 0x80, 0x0, 0x3b, 0xff, 0xff, 0xff,
    0xf7, 0x9, 0xff, 0xe1, 0x0, 0x2f, 0xff, 0xfe,
    0xff, 0x41, 0x5f, 0xff, 0xfc, 0x0, 0x9, 0x63,
    0x1, 0xff, 0x6, 0xff, 0x93, 0xff, 0xc1, 0x0,
    0x0, 0x1, 0xff, 0x2f, 0xfb, 0x0, 0x6f, 0xf4,
    0x0, 0x0, 0x1, 0xff, 0x7, 0x90, 0x0, 0x5,
    0x60, 0x0, 0x0, 0x0, 0x0, 0x0, 0x0, 0x0,
    0x0, 0x0,

    /* U+53D8 "变" */
    0x0, 0x0, 0x0, 0x1, 0x78, 0x0, 0x0, 0x0,
    0x0, 0x0, 0x0, 0x0, 0x2, 0xff, 0x40, 0x0,
    0x0, 0x0, 0x8, 0xcc, 0xcc, 0xcc, 0xff, 0xec,
    0xcc, 0xcc, 0xb0, 0xb, 0xff, 0xff, 0xff, 0xff,
    0xff, 0xff, 0xff, 0xe0, 0x1, 0x15, 0x44, 0xff,
    0x11, 0xef, 0x65, 0x21, 0x10, 0x0, 0x1f, 0xf5,
    0xff, 0x0, 0xdf, 0xbf, 0xc1, 0x0, 0x0, 0xbf,
    0x92, 0xff, 0x0, 0xdf, 0x5b, 0xfd, 0x10, 0x8,
    0xfd, 0x12, 0xff, 0x0, 0xdf, 0x40, 0xbf, 0xa0,
    0x0, 0x72, 0x2, 0xff, 0x0, 0xdf, 0x40, 0x17,
    0x0, 0x0, 0x0, 0x1, 0x22, 0x0, 0x22, 0x10,
    0x0, 0x0, 0x0, 0xaf, 0xff, 0xff, 0xff, 0xff,
    0xff, 0xc1, 0x0, 0x0, 0x9e, 0xff, 0xed, 0xdd,
    0xdd, 0xff, 0xd0, 0x0, 0x0, 0x0, 0xbf, 0xd1,
    0x0, 0xa, 0xff, 0x20, 0x0, 0x0, 0x0, 0xb,
    0xfe, 0x64, 0xdf, 0xe3, 0x0, 0x0, 0x0, 0x0,
    0x0, 0xaf, 0xff, 0xfc, 0x10, 0x0, 0x0, 0x2,
    0x46, 0x9d, 0xff, 0xff, 0xff, 0xea, 0x64, 0x20,
    0xd, 0xff, 0xff, 0xd8, 0x33, 0x8d, 0xff, 0xff,
    0xe2, 0x5, 0xb8, 0x52, 0x0, 0x0, 0x0, 0x36,
    0x9b, 0x60,

    /* U+53EF "可" */
    0x1, 0x11, 0x11, 0x11, 0x11, 0x11, 0x11, 0x11,
    0x10, 0x2f, 0xff, 0xff, 0xff, 0xff, 0xff, 0xff,
    0xff, 0xf2, 0x2f, 0xff, 0xff, 0xff, 0xff, 0xff,
    0xff, 0xff, 0xf2, 0x1, 0x11, 0x11, 0x11, 0x11,
    0x11, 0x4f, 0xf2, 0x10, 0x0, 0x0, 0x0, 0x0,
    0x0, 0x0, 0x2f, 0xf1, 0x0, 0x0, 0x7f, 0xff,
    0xff, 0xff, 0x30, 0x2f, 0xf1, 0x0, 0x0, 0x7f,
    0xff, 0xff, 0xff, 0x30, 0x2f, 0xf1, 0x0, 0x0,
    0x7f, 0xa1, 0x11, 0xef, 0x30, 0x2f, 0xf1, 0x0,
    0x0, 0x7f, 0x90, 0x0, 0xef, 0x30, 0x2f, 0xf1,
    0x0, 0x0, 0x7f, 0x90, 0x0, 0xef, 0x30, 0x2f,
    0xf1, 0x0, 0x0, 0x7f, 0xff, 0xff, 0xff, 0x30,
    0x2f, 0xf1, 0x0, 0x0, 0x7f, 0xff, 0xff, 0xff,
    0x30, 0x2f, 0xf1, 0x0, 0x0, 0x7f, 0xa1, 0x11,
    0x11, 0x0, 0x2f, 0xf1, 0x0, 0x0, 0x36, 0x40,
    0x0, 0x0, 0x0, 0x2f, 0xf1, 0x0, 0x0, 0x0,
    0x0, 0x0, 0x3, 0x33, 0x6f, 0xf0, 0x0, 0x0,
    0x0, 0x0, 0x0, 0xb, 0xff, 0xff, 0xd0, 0x0,
    0x0, 0x0, 0x0, 0x0, 0x5, 0xff, 0xeb, 0x20,
    0x0, 0x0, 0x0, 0x0, 0x0, 0x0, 0x0, 0x0,
    0x0, 0x0,

    /* U+53F7 "号" */
    0x0, 0xe, 0xff, 0xff, 0xff, 0xff, 0xff, 0xe0,
    0x0, 0x0, 0xef, 0xee, 0xee, 0xee, 0xee, 0xfe,
    0x0, 0x0, 0xe, 0xf3, 0x0, 0x0, 0x0, 0x6f,
    0xe0, 0x0, 0x0, 0xef, 0x40, 0x0, 0x0, 0x6,
    0xfe, 0x0, 0x0, 0xe, 0xff, 0xff, 0xff, 0xff,
    0xff, 0xe0, 0x0, 0x0, 0xcd, 0xdd, 0xdd, 0xdd,
    0xdd, 0xdc, 0x0, 0x0, 0x0, 0x0, 0x0, 0x0,
    0x0, 0x0, 0x0, 0x0, 0xff, 0xff, 0xff, 0xff,
    0xff, 0xff, 0xff, 0xff, 0xe, 0xee, 0xff, 0xfe,
    0xee, 0xee, 0xee, 0xee, 0xd0, 0x0, 0xe, 0xf8,
    0x0, 0x0, 0x0, 0x0, 0x0, 0x0, 0x3, 0xff,
    0xfe, 0xee, 0xee, 0xee, 0xe0, 0x0, 0x0, 0x9f,
    0xff, 0xff, 0xff, 0xff, 0xfd, 0x0, 0x0, 0x0,
    0x0, 0x0, 0x0, 0x0, 0xbf, 0xa0, 0x0, 0x0,
    0x0, 0x0, 0x0, 0x0, 0xe, 0xf8, 0x0, 0x0,
    0x0, 0x0, 0x0, 0x0, 0x5, 0xff, 0x40, 0x0,
    0x0, 0x0, 0x0, 0x2f, 0xff, 0xff, 0xe0, 0x0,
    0x0, 0x0, 0x0, 0x0, 0xbf, 0xff, 0xc3, 0x0,
    0x0, 0x0, 0x0, 0x0, 0x0, 0x0, 0x0, 0x0,
    0x0,

    /* U+540C "同" */
    0xdf, 0xff, 0xff, 0xff, 0xff, 0xff, 0xff, 0xf3,
    0xdf, 0xff, 0xff, 0xff, 0xff, 0xff, 0xff, 0xf3,
    0xdf, 0x40, 0x0, 0x0, 0x0, 0x0, 0xe, 0xf3,
    0xdf, 0x30, 0x0, 0x0, 0x0, 0x0, 0xd, 0xf3,
    0xdf, 0x3e, 0xff, 0xff, 0xff, 0xff, 0x1d, 0xf3,
    0xdf, 0x3b, 0xcc, 0xcc, 0xcc, 0xcc, 0x1d, 0xf3,
    0xdf, 0x30, 0x0, 0x0, 0x0, 0x0, 0xd, 0xf3,
    0xdf, 0x31, 0xff, 0xff, 0xff, 0xf4, 0xd, 0xf3,
    0xdf, 0x31, 0xff, 0xdd, 0xdf, 0xf4, 0xd, 0xf3,
    0xdf, 0x31, 0xfe, 0x0, 0xb, 0xf4, 0xd, 0xf3,
    0xdf, 0x31, 0xfe, 0x0, 0xb, 0xf4, 0xd, 0xf3,
    0xdf, 0x31, 0xff, 0xbb, 0xbe, 0xf4, 0xd, 0xf3,
    0xdf, 0x31, 0xff, 0xff, 0xff, 0xf4, 0xd, 0xf3,
    0xdf, 0x31, 0xfe, 0x0, 0x0, 0x0, 0xd, 0xf3,
    0xdf, 0x30, 0x44, 0x0, 0x0, 0x11, 0x1e, 0xf3,
    0xdf, 0x30, 0x0, 0x0, 0x0, 0x5f, 0xff, 0xf1,
    0xdf, 0x30, 0x0, 0x0, 0x0, 0xf, 0xfc, 0x50,
    0x0, 0x0, 0x0, 0x0, 0x0, 0x0, 0x0, 0x0,

    /* U+540D "名" */
    0x0, 0x0, 0x0, 0x56, 0x30, 0x0, 0x0, 0x0,
    0x0, 0x0, 0x3, 0xff, 0xa0, 0x0, 0x0, 0x0,
    0x0, 0x0, 0x3f, 0xff, 0xcb, 0xbb, 0xbc, 0x60,
    0x0, 0x7, 0xff, 0xff, 0xff, 0xff, 0xff, 0xe0,
    0x4, 0xcf, 0xfb, 0x33, 0x33, 0x38, 0xff, 0x60,
    0x1e, 0xff, 0x74, 0x0, 0x0, 0x4f, 0xfa, 0x0,
    0x2, 0xa2, 0x8f, 0xd2, 0x6, 0xff, 0xb0, 0x0,
    0x0, 0x0, 0x2d, 0xff, 0xbf, 0xf9, 0x0, 0x0,
    0x0, 0x0, 0x3, 0xff, 0xff, 0x60, 0x0, 0x0,
    0x0, 0x4, 0xbf, 0xff, 0xfe, 0xbb, 0xbb, 0xb3,
    0x4b, 0xff, 0xff, 0xff, 0xff, 0xff, 0xff, 0xf4,
    0x2f, 0xff, 0xff, 0x63, 0x33, 0x33, 0x3f, 0xf4,
    0x6, 0x50, 0xef, 0x30, 0x0, 0x0, 0xf, 0xf4,
    0x0, 0x0, 0xef, 0x30, 0x0, 0x0, 0xf, 0xf4,
    0x0, 0x0, 0xef, 0x40, 0x0, 0x0, 0xf, 0xf4,
    0x0, 0x0, 0xef, 0xff, 0xff, 0xff, 0xff, 0xf4,
    0x0, 0x0, 0xef, 0xfe, 0xee, 0xee, 0xef, 0xf4,
    0x0, 0x0, 0xef, 0x30, 0x0, 0x0, 0xf, 0xf4,

    /* U+540E "后" */
    0x0, 0x0, 0x0, 0x0, 0x0, 0x0, 0x0, 0x20,
    0x0, 0x0, 0x0, 0x0, 0x12, 0x35, 0x79, 0xcf,
    0xf6, 0x0, 0x0, 0x3d, 0xef, 0xff, 0xff, 0xff,
    0xff, 0xeb, 0x20, 0x0, 0x4f, 0xff, 0xec, 0xba,
    0x86, 0x42, 0x0, 0x0, 0x0, 0x4f, 0xf0, 0x0,
    0x0, 0x0, 0x0, 0x0, 0x0, 0x0, 0x4f, 0xf1,
    0x11, 0x11, 0x11, 0x11, 0x11, 0x11, 0x0, 0x4f,
    0xff, 0xff, 0xff, 0xff, 0xff, 0xff, 0xfa, 0x0,
    0x4f, 0xfe, 0xee, 0xee, 0xee, 0xee, 0xee, 0xe9,
    0x0, 0x5f, 0xe0, 0x0, 0x0, 0x0, 0x0, 0x0,
    0x0, 0x0, 0x5f, 0xd0, 0x0, 0x0, 0x0, 0x0,
    0x0, 0x0, 0x0, 0x7f, 0xc1, 0xff, 0xff, 0xff,
    0xff, 0xff, 0x60, 0x0, 0x9f, 0xa1, 0xff, 0xfe,
    0xee, 0xee, 0xff, 0x60, 0x0, 0xcf, 0x81, 0xff,
    0x0, 0x0, 0x0, 0xef, 0x60, 0x1, 0xff, 0x51,
    0xff, 0x0, 0x0, 0x0, 0xef, 0x60, 0x6, 0xff,
    0x1, 0xff, 0x10, 0x0, 0x0, 0xef, 0x60, 0xe,
    0xfb, 0x1, 0xff, 0xff, 0xff, 0xff, 0xff, 0x60,
    0x2e, 0xf4, 0x1, 0xff, 0xff, 0xff, 0xff, 0xff,
    0x60, 0x2, 0xa0, 0x1, 0xff, 0x0, 0x0, 0x0,
    0xde, 0x50, 0x0, 0x0, 0x0, 0x0, 0x0, 0x0,
    0x0, 0x0, 0x0,

    /* U+5411 "向" */
    0x0, 0x0, 0x0, 0x1, 0x0, 0x0, 0x0, 0x0,
    0x0, 0x0, 0x0, 0x4f, 0xf6, 0x0, 0x0, 0x0,
    0x0, 0x0, 0x0, 0x9f, 0xf1, 0x0, 0x0, 0x0,
    0x2, 0x22, 0x22, 0xef, 0xa2, 0x22, 0x22, 0x22,
    0x3f, 0xff, 0xff, 0xff, 0xff, 0xff, 0xff, 0xfe,
    0x3f, 0xff, 0xff, 0xff, 0xff, 0xff, 0xff, 0xfe,
    0x3f, 0xe0, 0x0, 0x0, 0x0, 0x0, 0x3, 0xfe,
    0x3f, 0xe0, 0x2, 0x22, 0x22, 0x22, 0x3, 0xfe,
    0x3f, 0xe0, 0x1f, 0xff, 0xff, 0xfe, 0x3, 0xfe,
    0x3f, 0xe0, 0x1f, 0xfa, 0xab, 0xfe, 0x3, 0xfe,
    0x3f, 0xe0, 0x1f, 0xd0, 0x1, 0xfe, 0x3, 0xfe,
    0x3f, 0xe0, 0x1f, 0xd0, 0x1, 0xfe, 0x3, 0xfe,
    0x3f, 0xe0, 0x1f, 0xff, 0xff, 0xfe, 0x3, 0xfe,
    0x3f, 0xe0, 0x1f, 0xfd, 0xdd, 0xdc, 0x3, 0xfe,
    0x3f, 0xe0, 0x1f, 0xd0, 0x0, 0x0, 0x3, 0xfe,
    0x3f, 0xe0, 0x3, 0x30, 0x0, 0x2, 0x15, 0xfe,
    0x3f, 0xe0, 0x0, 0x0, 0x0, 0x2f, 0xff, 0xfb,
    0x3f, 0xe0, 0x0, 0x0, 0x0, 0xd, 0xfe, 0xb2,
    0x0, 0x0, 0x0, 0x0, 0x0, 0x0, 0x0, 0x0,

    /* U+5427 "吧" */
    0x0, 0x0, 0x0, 0x3f, 0xff, 0xff, 0xff, 0xfe,
    0xd, 0xee, 0xee, 0xa3, 0xff, 0xff, 0xff, 0xff,
    0xe0, 0xef, 0xff, 0xfb, 0x3f, 0xe0, 0xdf, 0x12,
    0xfe, 0xe, 0xf1, 0x4f, 0xb3, 0xfe, 0xd, 0xf1,
    0x2f, 0xe0, 0xef, 0x14, 0xfb, 0x3f, 0xe0, 0xdf,
    0x12, 0xfe, 0xe, 0xf1, 0x4f, 0xb3, 0xfe, 0xd,
    0xf1, 0x2f, 0xe0, 0xef, 0x14, 0xfb, 0x3f, 0xe0,
    0xdf, 0x12, 0xfe, 0xe, 0xf1, 0x4f, 0xb3, 0xff,
    0x4e, 0xf5, 0x6f, 0xe0, 0xef, 0x14, 0xfb, 0x3f,
    0xff, 0xff, 0xff, 0xfe, 0xe, 0xf1, 0x4f, 0xb3,
    0xff, 0xbb, 0xbb, 0xcf, 0xe0, 0xef, 0xff, 0xfb,
    0x3f, 0xe0, 0x0, 0x0, 0x0, 0xe, 0xff, 0xff,
    0xa3, 0xfe, 0x0, 0x0, 0x0, 0x0, 0xef, 0x10,
    0x0, 0x3f, 0xe0, 0x0, 0x0, 0x4a, 0x34, 0x40,
    0x0, 0x3, 0xfe, 0x0, 0x0, 0x6, 0xf9, 0x0,
    0x0, 0x0, 0x1f, 0xf1, 0x0, 0x0, 0xbf, 0x60,
    0x0, 0x0, 0x0, 0xef, 0xff, 0xff, 0xff, 0xf1,
    0x0, 0x0, 0x0, 0x4, 0xdf, 0xff, 0xff, 0xd5,
    0x0,

    /* U+542F "启" */
    0x0, 0x0, 0x0, 0x0, 0x15, 0x0, 0x0, 0x0,
    0x0, 0x0, 0x0, 0x0, 0x2f, 0xf3, 0x0, 0x0,
    0x0, 0x0, 0x0, 0x0, 0x0, 0xbf, 0xa0, 0x0,
    0x0, 0x0, 0x3, 0xff, 0xff, 0xff, 0xff, 0xff,
    0xff, 0xf2, 0x0, 0x3f, 0xff, 0xff, 0xff, 0xff,
    0xff, 0xff, 0x20, 0x3, 0xff, 0x0, 0x0, 0x0,
    0x0, 0xf, 0xf2, 0x0, 0x3f, 0xf0, 0x0, 0x0,
    0x0, 0x0, 0xff, 0x20, 0x3, 0xff, 0xff, 0xff,
    0xff, 0xff, 0xff, 0xf2, 0x0, 0x3f, 0xff, 0xff,
    0xff, 0xff, 0xff, 0xff, 0x20, 0x4, 0xff, 0x0,
    0x0, 0x0, 0x0, 0x0, 0x0, 0x0, 0x5f, 0xd9,
    0xee, 0xee, 0xee, 0xee, 0xee, 0x80, 0x7, 0xfc,
    0xaf, 0xff, 0xff, 0xff, 0xff, 0xf9, 0x0, 0xaf,
    0x9a, 0xf7, 0x0, 0x0, 0x0, 0xaf, 0x90, 0xe,
    0xf7, 0xaf, 0x70, 0x0, 0x0, 0x9, 0xf9, 0x4,
    0xff, 0x2a, 0xf8, 0x22, 0x22, 0x22, 0xaf, 0x90,
    0xcf, 0xd0, 0xaf, 0xff, 0xff, 0xff, 0xff, 0xf9,
    0x2f, 0xf7, 0xa, 0xfe, 0xcc, 0xcc, 0xcc, 0xef,
    0x90, 0x3c, 0x0, 0xaf, 0x70, 0x0, 0x0, 0x9,
    0xf9, 0x0, 0x0, 0x0, 0x0, 0x0, 0x0, 0x0,
    0x0, 0x0,

    /* U+56DE "回" */
    0xef, 0xff, 0xff, 0xff, 0xff, 0xff, 0xff, 0xf6,
    0xef, 0xff, 0xff, 0xff, 0xff, 0xff, 0xff, 0xf6,
    0xef, 0x73, 0x33, 0x33, 0x33, 0x33, 0x3f, 0xf6,
    0xef, 0x50, 0x0, 0x0, 0x0, 0x0, 0xe, 0xf6,
    0xef, 0x50, 0x22, 0x22, 0x22, 0x20, 0xe, 0xf6,
    0xef, 0x50, 0xff, 0xff, 0xff, 0xf4, 0xe, 0xf6,
    0xef, 0x50, 0xff, 0xcb, 0xbf, 0xf4, 0xe, 0xf6,
    0xef, 0x50, 0xff, 0x10, 0xe, 0xf4, 0xe, 0xf6,
    0xef, 0x50, 0xff, 0x10, 0xe, 0xf4, 0xe, 0xf6,
    0xef, 0x50, 0xff, 0x31, 0x1e, 0xf4, 0xe, 0xf6,
    0xef, 0x50, 0xff, 0xff, 0xff, 0xf4, 0xe, 0xf6,
    0xef, 0x50, 0xbb, 0xbb, 0xbb, 0xb3, 0xe, 0xf6,
    0xef, 0x50, 0x0, 0x0, 0x0, 0x0, 0xe, 0xf6,
    0xef, 0x72, 0x22, 0x22, 0x22, 0x22, 0x2e, 0xf6,
    0xef, 0xff, 0xff, 0xff, 0xff, 0xff, 0xff, 0xf6,
    0xef, 0xed, 0xdd, 0xdd, 0xdd, 0xdd, 0xdf, 0xf6,
    0xef, 0x50, 0x0, 0x0, 0x0, 0x0, 0xe, 0xf6,

    /* U+56FA "固" */
    0xdf, 0xff, 0xff, 0xff, 0xff, 0xff, 0xff, 0xf7,
    0xdf, 0xff, 0xff, 0xff, 0xff, 0xff, 0xff, 0xf7,
    0xdf, 0x40, 0x0, 0x0, 0x0, 0x0, 0xb, 0xf7,
    0xdf, 0x40, 0x0, 0x4f, 0xb0, 0x0, 0xb, 0xf7,
    0xdf, 0x40, 0x0, 0x4f, 0xc0, 0x0, 0xb, 0xf7,
    0xdf, 0x4e, 0xff, 0xff, 0xff, 0xff, 0x8b, 0xf7,
    0xdf, 0x4a, 0xaa, 0xcf, 0xea, 0xaa, 0x5b, 0xf7,
    0xdf, 0x40, 0x0, 0x4f, 0xc0, 0x0, 0xb, 0xf7,
    0xdf, 0x41, 0xff, 0xff, 0xff, 0xfc, 0xb, 0xf7,
    0xdf, 0x41, 0xfe, 0x88, 0x8a, 0xfc, 0xb, 0xf7,
    0xdf, 0x41, 0xfc, 0x0, 0x3, 0xfc, 0xb, 0xf7,
    0xdf, 0x41, 0xff, 0xff, 0xff, 0xfc, 0xb, 0xf7,
    0xdf, 0x40, 0xaa, 0xaa, 0xaa, 0xa8, 0xb, 0xf7,
    0xdf, 0x50, 0x0, 0x0, 0x0, 0x0, 0xc, 0xf7,
    0xdf, 0xff, 0xff, 0xff, 0xff, 0xff, 0xff, 0xf7,
    0xdf, 0xff, 0xff, 0xff, 0xff, 0xff, 0xff, 0xf7,
    0xdf, 0x40, 0x0, 0x0, 0x0, 0x0, 0xb, 0xf7,

    /* U+5728 "在" */
    0x0, 0x0, 0x0, 0x24, 0x0, 0x0, 0x0, 0x0,
    0x0, 0x0, 0x0, 0x0, 0xaf, 0xc0, 0x0, 0x0,
    0x0, 0x0, 0x0, 0x0, 0x0, 0xff, 0x60, 0x0,
    0x0, 0x0, 0x0, 0xf, 0xff, 0xff, 0xff, 0xff,
    0xff, 0xff, 0xff, 0xf0, 0xf, 0xff, 0xff, 0xff,
    0xff, 0xff, 0xff, 0xff, 0xf0, 0x1, 0x11, 0x7f,
    0xf3, 0x11, 0x22, 0x21, 0x11, 0x10, 0x0, 0x1,
    0xef, 0x90, 0x0, 0x7f, 0xb0, 0x0, 0x0, 0x0,
    0xa, 0xfe, 0x10, 0x0, 0x7f, 0xb0, 0x0, 0x0,
    0x0, 0x6f, 0xf7, 0x0, 0x0, 0x7f, 0xb0, 0x0,
    0x0, 0x7, 0xff, 0xf3, 0x2f, 0xff, 0xff, 0xff,
    0xff, 0x40, 0x5f, 0xff, 0xf3, 0x2f, 0xff, 0xff,
    0xff, 0xff, 0x40, 0x1f, 0xbf, 0xf3, 0x0, 0x0,
    0x7f, 0xb0, 0x0, 0x0, 0x3, 0xe, 0xf3, 0x0,
    0x0, 0x7f, 0xb0, 0x0, 0x0, 0x0, 0xe, 0xf3,
    0x0, 0x0, 0x7f, 0xb0, 0x0, 0x0, 0x0, 0xe,
    0xf3, 0x0, 0x0, 0x7f, 0xb0, 0x0, 0x0, 0x0,
    0xe, 0xf3, 0xcf, 0xff, 0xff, 0xff, 0xff, 0xf0,
    0x0, 0xe, 0xf3, 0xdf, 0xff, 0xff, 0xff, 0xff,
    0xf0, 0x0, 0xe, 0xf3, 0x0, 0x0, 0x0, 0x0,
    0x0, 0x0,

    /* U+573A "场" */
    0x0, 0x0, 0x0, 0x0, 0x0, 0x0, 0x0, 0x10,
    0x0, 0x0, 0x1f, 0xe0, 0xf, 0xff, 0xff, 0xff,
    0xf5, 0x0, 0x0, 0x1f, 0xe0, 0xf, 0xff, 0xff,
    0xff, 0xf8, 0x0, 0x0, 0x1f, 0xe0, 0x0, 0x0,
    0x1c, 0xff, 0x60, 0x0, 0x5, 0x6f, 0xf5, 0x30,
    0x2, 0xdf, 0xf5, 0x0, 0x0, 0x1f, 0xff, 0xff,
    0xa0, 0x6f, 0xfd, 0x20, 0x0, 0x0, 0x1d, 0xdf,
    0xfd, 0x9c, 0xff, 0xfe, 0xdd, 0xdd, 0xd6, 0x0,
    0x1f, 0xe0, 0x9, 0xff, 0xff, 0xff, 0xff, 0xf6,
    0x0, 0x1f, 0xe0, 0x2, 0x3b, 0xf7, 0x9f, 0x8d,
    0xf5, 0x0, 0x1f, 0xe0, 0x0, 0x1f, 0xe0, 0xdf,
    0x2e, 0xf4, 0x0, 0x1f, 0xe0, 0x0, 0x9f, 0x82,
    0xfd, 0xf, 0xf2, 0x0, 0x1f, 0xe4, 0x56, 0xfe,
    0x19, 0xf7, 0xf, 0xf1, 0x0, 0x3f, 0xff, 0xef,
    0xf3, 0x1f, 0xe0, 0x2f, 0xf0, 0x2c, 0xff, 0xff,
    0xb9, 0x50, 0xaf, 0x70, 0x4f, 0xe0, 0x1f, 0xff,
    0x92, 0x0, 0x6, 0xfd, 0x0, 0x6f, 0xc0, 0xa,
    0x71, 0x0, 0x0, 0x5f, 0xf3, 0x0, 0xcf, 0x90,
    0x0, 0x0, 0x0, 0x5, 0xff, 0x50, 0xef, 0xff,
    0x40, 0x0, 0x0, 0x0, 0x0, 0x95, 0x0, 0x9f,
    0xe7, 0x0,

    /* U+586B "填" */
    0x0, 0x0, 0x0, 0x0, 0x0, 0x0, 0x0, 0x0,
    0x0, 0x0, 0xad, 0x30, 0x0, 0x0, 0x9f, 0xb0,
    0x0, 0x0, 0x0, 0xcf, 0x30, 0x7f, 0xff, 0xff,
    0xff, 0xff, 0xd0, 0x0, 0xcf, 0x30, 0x5b, 0xbb,
    0xff, 0xcb, 0xbb, 0xa0, 0x1, 0xdf, 0x51, 0x3,
    0x44, 0xff, 0x44, 0x43, 0x0, 0x9f, 0xff, 0xff,
    0x1b, 0xff, 0xff, 0xff, 0xfe, 0x0, 0x8f, 0xff,
    0xff, 0x1b, 0xf5, 0x33, 0x34, 0xfe, 0x0, 0x0,
    0xcf, 0x30, 0xb, 0xff, 0xff, 0xff, 0xfe, 0x0,
    0x0, 0xcf, 0x30, 0xb, 0xf5, 0x33, 0x34, 0xfe,
    0x0, 0x0, 0xcf, 0x30, 0xb, 0xff, 0xff, 0xff,
    0xfe, 0x0, 0x0, 0xcf, 0x30, 0xb, 0xf7, 0x66,
    0x67, 0xfe, 0x0, 0x0, 0xcf, 0x78, 0xb, 0xfa,
    0x99, 0x9a, 0xfe, 0x0, 0x15, 0xef, 0xff, 0xbe,
    0xfb, 0xbb, 0xbb, 0xff, 0xb3, 0xaf, 0xff, 0xc6,
    0xff, 0xff, 0xff, 0xff, 0xff, 0xf4, 0x4f, 0x93,
    0x0, 0x13, 0xcf, 0x81, 0x6f, 0xc4, 0x10, 0x0,
    0x0, 0x2, 0x9f, 0xfe, 0x60, 0x5d, 0xff, 0x80,
    0x0, 0x0, 0x2, 0xee, 0x81, 0x0, 0x0, 0x7f,
    0xb0, 0x0, 0x0, 0x0, 0x20, 0x0, 0x0, 0x0,
    0x2, 0x0,

    /* U+5907 "备" */
    0x0, 0x0, 0x0, 0x32, 0x0, 0x0, 0x0, 0x0,
    0x0, 0x0, 0x0, 0x3, 0xff, 0x70, 0x0, 0x0,
    0x0, 0x0, 0x0, 0x0, 0x3e, 0xff, 0xdd, 0xdd,
    0xdd, 0x60, 0x0, 0x0, 0x7, 0xff, 0xff, 0xff,
    0xff, 0xff, 0x90, 0x0, 0x5, 0xdf, 0xff, 0xb1,
    0x0, 0x5e, 0xfc, 0x0, 0x0, 0x4, 0xfd, 0x7e,
    0xfe, 0x8a, 0xff, 0xa0, 0x0, 0x0, 0x0, 0x40,
    0x2, 0xdf, 0xff, 0xfc, 0x20, 0x0, 0x0, 0x14,
    0x69, 0xdf, 0xff, 0xff, 0xff, 0xff, 0xb9, 0x73,
    0x5f, 0xff, 0xff, 0xb6, 0x0, 0x5a, 0xff, 0xff,
    0xf2, 0xc, 0xce, 0xa7, 0x66, 0x66, 0x66, 0x69,
    0xc9, 0x60, 0x0, 0x5f, 0xff, 0xff, 0xff, 0xff,
    0xff, 0xf2, 0x0, 0x0, 0x5f, 0xf6, 0x68, 0xff,
    0x76, 0x8f, 0xf2, 0x0, 0x0, 0x5f, 0xf9, 0x9b,
    0xff, 0xa9, 0xbf, 0xf2, 0x0, 0x0, 0x5f, 0xff,
    0xff, 0xff, 0xff, 0xff, 0xf2, 0x0, 0x0, 0x5f,
    0xe0, 0x3, 0xff, 0x10, 0x4f, 0xf2, 0x0, 0x0,
    0x5f, 0xfc, 0xcd, 0xff, 0xcc, 0xdf, 0xf2, 0x0,
    0x0, 0x5f, 0xff, 0xff, 0xff, 0xff, 0xff, 0xf2,
    0x0, 0x0, 0x5f, 0xe0, 0x0, 0x0, 0x0, 0x4f,
    0xf2, 0x0,

    /* U+590D "复" */
    0x0, 0x0, 0x10, 0x0, 0x0, 0x0, 0x0, 0x0,
    0x0, 0x0, 0x0, 0xdf, 0x40, 0x0, 0x0, 0x0,
    0x0, 0x0, 0x0, 0x9, 0xff, 0xcb, 0xbb, 0xbb,
    0xbb, 0xbb, 0x60, 0x0, 0x6f, 0xff, 0xff, 0xff,
    0xff, 0xff, 0xff, 0x90, 0x8, 0xff, 0xa3, 0x33,
    0x33, 0x33, 0x33, 0x31, 0x0, 0xa, 0xfb, 0xff,
    0xff, 0xff, 0xff, 0xff, 0xf5, 0x0, 0x0, 0x53,
    0xff, 0x44, 0x44, 0x44, 0x4e, 0xf5, 0x0, 0x0,
    0x3, 0xff, 0xff, 0xff, 0xff, 0xff, 0xf5, 0x0,
    0x0, 0x3, 0xff, 0x44, 0x44, 0x44, 0x4e, 0xf5,
    0x0, 0x0, 0x3, 0xff, 0xff, 0xff, 0xff, 0xff,
    0xf5, 0x0, 0x0, 0x1, 0x5c, 0xfc, 0x55, 0x55,
    0x55, 0x52, 0x0, 0x0, 0x0, 0x9f, 0xff, 0xff,
    0xff, 0xff, 0xa0, 0x0, 0x0, 0x3c, 0xff, 0xfa,
    0x99, 0x9c, 0xff, 0xb0, 0x0, 0x1, 0xff, 0xdd,
    0xfb, 0x10, 0x7f, 0xfd, 0x10, 0x0, 0x0, 0x4b,
    0x11, 0xdf, 0xec, 0xff, 0xc1, 0x0, 0x0, 0x0,
    0x0, 0x15, 0xaf, 0xff, 0xff, 0x73, 0x0, 0x0,
    0x2b, 0xde, 0xff, 0xff, 0xec, 0xff, 0xff, 0xfe,
    0xd3, 0xe, 0xff, 0xdb, 0x73, 0x0, 0x15, 0x9b,
    0xdf, 0xa0, 0x2, 0x20, 0x0, 0x0, 0x0, 0x0,
    0x0, 0x0, 0x0,

    /* U+591A "多" */
    0x0, 0x0, 0x0, 0x1, 0x30, 0x0, 0x0, 0x0,
    0x0, 0x0, 0x0, 0x0, 0x2e, 0xfc, 0x0, 0x0,
    0x0, 0x0, 0x0, 0x0, 0x5, 0xff, 0xfe, 0xdd,
    0xdc, 0x40, 0x0, 0x0, 0x2, 0xbf, 0xff, 0xff,
    0xff, 0xff, 0x50, 0x0, 0x1, 0xbf, 0xfe, 0x50,
    0x0, 0x4e, 0xf8, 0x0, 0x0, 0x0, 0x8f, 0x77,
    0xf7, 0x7, 0xff, 0xb0, 0x0, 0x0, 0x0, 0x1,
    0x4, 0xff, 0xef, 0xf7, 0x0, 0x0, 0x0, 0x0,
    0x0, 0x39, 0xef, 0xfd, 0xaa, 0x60, 0x0, 0x0,
    0x6, 0xcf, 0xff, 0xfc, 0x57, 0xff, 0x80, 0x1,
    0x0, 0x5, 0xff, 0xc8, 0x31, 0xaf, 0xff, 0xff,
    0xff, 0xb0, 0x0, 0x41, 0x0, 0x7e, 0xff, 0xdd,
    0xde, 0xff, 0xb0, 0x0, 0x2, 0x9e, 0xff, 0xa1,
    0x0, 0xb, 0xff, 0x20, 0x0, 0x3, 0xff, 0xb6,
    0xbc, 0x12, 0xcf, 0xf4, 0x0, 0x0, 0x0, 0x42,
    0x2, 0xdf, 0xef, 0xff, 0x50, 0x0, 0x0, 0x0,
    0x0, 0x26, 0xbf, 0xff, 0xc2, 0x0, 0x0, 0x6,
    0x8a, 0xbe, 0xff, 0xff, 0xb5, 0x0, 0x0, 0x0,
    0xb, 0xff, 0xff, 0xfb, 0x61, 0x0, 0x0, 0x0,
    0x0, 0x4, 0xa7, 0x52, 0x0, 0x0, 0x0, 0x0,
    0x0, 0x0,

    /* U+592A "太" */
    0x0, 0x0, 0x0, 0x3, 0xff, 0x20, 0x0, 0x0,
    0x0, 0x0, 0x0, 0x0, 0x4, 0xff, 0x10, 0x0,
    0x0, 0x0, 0x0, 0x0, 0x0, 0x4, 0xff, 0x0,
    0x0, 0x0, 0x0, 0x0, 0x0, 0x0, 0x5, 0xff,
    0x0, 0x0, 0x0, 0x0, 0xf, 0xff, 0xff, 0xff,
    0xff, 0xff, 0xff, 0xff, 0xf2, 0xf, 0xff, 0xff,
    0xff, 0xff, 0xff, 0xff, 0xff, 0xf2, 0x4, 0x44,
    0x44, 0x4d, 0xff, 0xf4, 0x44, 0x44, 0x40, 0x0,
    0x0, 0x0, 0x1f, 0xff, 0xf5, 0x0, 0x0, 0x0,
    0x0, 0x0, 0x0, 0x5f, 0xfb, 0xfc, 0x0, 0x0,
    0x0, 0x0, 0x0, 0x0, 0xdf, 0xb2, 0xff, 0x50,
    0x0, 0x0, 0x0, 0x0, 0x7, 0xff, 0x50, 0xbf,
    0xe1, 0x0, 0x0, 0x0, 0x0, 0x4f, 0xfd, 0x0,
    0x2f, 0xfb, 0x0, 0x0, 0x0, 0x4, 0xff, 0xff,
    0xb0, 0x7, 0xff, 0xb0, 0x0, 0x1, 0x9f, 0xff,
    0x8f, 0xfb, 0x0, 0xaf, 0xfd, 0x30, 0x3e, 0xff,
    0xe3, 0x6, 0xff, 0xa0, 0xb, 0xff, 0xf5, 0xa,
    0xfa, 0x10, 0x0, 0x8f, 0x60, 0x0, 0x7f, 0xa0,
    0x0, 0x30, 0x0, 0x0, 0x2, 0x0, 0x0, 0x2,
    0x10,

    /* U+5931 "失" */
    0x0, 0x5, 0x96, 0x3, 0xff, 0x0, 0x0, 0x0,
    0x0, 0x0, 0xc, 0xfa, 0x3, 0xff, 0x0, 0x0,
    0x0, 0x0, 0x0, 0x2f, 0xf8, 0x36, 0xff, 0x43,
    0x33, 0x32, 0x0, 0x0, 0x8f, 0xff, 0xff, 0xff,
    0xff, 0xff, 0xf9, 0x0, 0x1, 0xff, 0xff, 0xff,
    0xff, 0xff, 0xff, 0xf9, 0x0, 0xc, 0xfe, 0x0,
    0x3, 0xff, 0x0, 0x0, 0x0, 0x0, 0x8, 0xf5,
    0x0, 0x4, 0xff, 0x0, 0x0, 0x0, 0x0, 0x3,
    0x53, 0x33, 0x37, 0xff, 0x33, 0x33, 0x33, 0x30,
    0x2f, 0xff, 0xff, 0xff, 0xff, 0xff, 0xff, 0xff,
    0xf2, 0x2f, 0xff, 0xff, 0xff, 0xff, 0xff, 0xff,
    0xff, 0xf2, 0x0, 0x0, 0x0, 0x4f, 0xff, 0xf3,
    0x0, 0x0, 0x0, 0x0, 0x0, 0x1, 0xdf, 0xdb,
    0xfd, 0x10, 0x0, 0x0, 0x0, 0x0, 0x1d, 0xff,
    0x41, 0xff, 0xd1, 0x0, 0x0, 0x0, 0x6, 0xff,
    0xf7, 0x0, 0x4f, 0xfe, 0x70, 0x0, 0x18, 0xef,
    0xff, 0x60, 0x0, 0x5, 0xff, 0xfe, 0xa3, 0x1d,
    0xff, 0xb2, 0x0, 0x0, 0x0, 0x1b, 0xff, 0xe2,
    0x3, 0x82, 0x0, 0x0, 0x0, 0x0, 0x0, 0x28,
    0x50,

    /* U+5934 "头" */
    0x0, 0x0, 0x61, 0x0, 0xc, 0xf7, 0x0, 0x0,
    0x0, 0x0, 0xa, 0xff, 0xa2, 0xc, 0xf7, 0x0,
    0x0, 0x0, 0x0, 0x3, 0xaf, 0xff, 0x3d, 0xf6,
    0x0, 0x0, 0x0, 0x0, 0x0, 0x2, 0xbb, 0xd,
    0xf6, 0x0, 0x0, 0x0, 0x0, 0xdb, 0x50, 0x0,
    0xd, 0xf5, 0x0, 0x0, 0x0, 0x4, 0xef, 0xfd,
    0x30, 0xf, 0xf4, 0x0, 0x0, 0x0, 0x0, 0x6,
    0xef, 0x90, 0x1f, 0xf2, 0x0, 0x0, 0x0, 0x0,
    0x0, 0x18, 0x10, 0x3f, 0xf1, 0x0, 0x0, 0x0,
    0x1f, 0xff, 0xff, 0xff, 0xff, 0xff, 0xff, 0xff,
    0xf2, 0x1f, 0xff, 0xff, 0xff, 0xff, 0xff, 0xff,
    0xff, 0xf2, 0x0, 0x0, 0x0, 0x3, 0xff, 0x30,
    0x0, 0x0, 0x0, 0x0, 0x0, 0x0, 0xc, 0xfc,
    0x56, 0x0, 0x0, 0x0, 0x0, 0x0, 0x1, 0xcf,
    0xf4, 0xef, 0xe6, 0x0, 0x0, 0x0, 0x0, 0x7e,
    0xff, 0x40, 0x3c, 0xff, 0xe5, 0x0, 0x4, 0x9e,
    0xff, 0xd3, 0x0, 0x0, 0x4d, 0xff, 0xa0, 0xd,
    0xff, 0xe7, 0x0, 0x0, 0x0, 0x0, 0x8f, 0xc0,
    0x3, 0x94, 0x0, 0x0, 0x0, 0x0, 0x0, 0x4,
    0x10,

    /* U+597D "好" */
    0x0, 0x16, 0x50, 0x0, 0x0, 0x0, 0x0, 0x0,
    0x0, 0x0, 0x4f, 0xe0, 0x0, 0x26, 0x66, 0x66,
    0x67, 0x10, 0x0, 0x6f, 0xb0, 0x0, 0x5f, 0xff,
    0xff, 0xff, 0xe1, 0x0, 0x8f, 0x90, 0x0, 0x38,
    0x88, 0x8a, 0xff, 0x90, 0x3e, 0xff, 0xfe, 0xfd,
    0x10, 0x0, 0xc, 0xfd, 0x0, 0x4f, 0xff, 0xff,
    0xff, 0x0, 0x0, 0x9f, 0xd1, 0x0, 0x2, 0xff,
    0x13, 0xfd, 0x0, 0x3, 0xff, 0x20, 0x0, 0x4,
    0xfc, 0x5, 0xfb, 0x0, 0x4, 0xff, 0x0, 0x0,
    0x8, 0xf8, 0x8, 0xfa, 0xff, 0xff, 0xff, 0xff,
    0xf9, 0xc, 0xf6, 0xd, 0xf6, 0xff, 0xff, 0xff,
    0xff, 0xf9, 0xe, 0xff, 0x7f, 0xf0, 0x11, 0x15,
    0xff, 0x11, 0x10, 0x1, 0xdf, 0xff, 0xb0, 0x0,
    0x4, 0xff, 0x0, 0x0, 0x0, 0x1c, 0xff, 0x90,
    0x0, 0x4, 0xff, 0x0, 0x0, 0x0, 0xa, 0xff,
    0xf6, 0x0, 0x4, 0xff, 0x0, 0x0, 0x0, 0x6f,
    0xfd, 0xff, 0x20, 0x4, 0xff, 0x0, 0x0, 0x8,
    0xff, 0x91, 0xdc, 0x0, 0x4, 0xff, 0x0, 0x0,
    0x4f, 0xfa, 0x0, 0x22, 0xb, 0xff, 0xfd, 0x0,
    0x0, 0x8, 0x70, 0x0, 0x0, 0x5, 0xff, 0xc3,
    0x0, 0x0, 0x0, 0x0, 0x0, 0x0, 0x0, 0x0,
    0x0, 0x0, 0x0,

    /* U+59CB "始" */
    0x0, 0x0, 0x0, 0x0, 0x0, 0x0, 0x0, 0x0,
    0x0, 0x0, 0x7f, 0x80, 0x0, 0x0, 0x9e, 0x70,
    0x0, 0x0, 0x0, 0x9f, 0x60, 0x0, 0x1, 0xff,
    0x40, 0x0, 0x0, 0x0, 0xbf, 0x30, 0x0, 0x7,
    0xfd, 0x6, 0xb0, 0x0, 0x4e, 0xff, 0xff, 0xe0,
    0xe, 0xf5, 0xc, 0xf7, 0x0, 0x5f, 0xff, 0xff,
    0xe0, 0x8f, 0xc0, 0x3, 0xff, 0x20, 0x4, 0xfb,
    0x1f, 0xd4, 0xff, 0xa8, 0x9a, 0xff, 0xa0, 0x6,
    0xf8, 0x3f, 0xbb, 0xff, 0xff, 0xff, 0xff, 0xf1,
    0xa, 0xf4, 0x5f, 0xa6, 0xdb, 0x97, 0x64, 0x3b,
    0xe3, 0xe, 0xf1, 0x9f, 0x60, 0x0, 0x0, 0x0,
    0x1, 0x0, 0xf, 0xfb, 0xdf, 0x20, 0xef, 0xff,
    0xff, 0xff, 0x40, 0x2, 0xef, 0xff, 0x0, 0xef,
    0xff, 0xff, 0xff, 0x40, 0x0, 0x1e, 0xfe, 0x10,
    0xef, 0x0, 0x0, 0xcf, 0x40, 0x0, 0x2f, 0xff,
    0xc0, 0xef, 0x0, 0x0, 0xcf, 0x40, 0x0, 0xcf,
    0xbe, 0xe1, 0xef, 0x10, 0x0, 0xcf, 0x40, 0x2d,
    0xff, 0x13, 0x50, 0xef, 0xff, 0xff, 0xff, 0x40,
    0x1e, 0xf5, 0x0, 0x0, 0xef, 0xed, 0xdd, 0xff,
    0x40, 0x6, 0x40, 0x0, 0x0, 0xef, 0x0, 0x0,
    0xcf, 0x40,

    /* U+5B8C "完" */
    0x0, 0x0, 0x0, 0x0, 0x1, 0x0, 0x0, 0x0,
    0x0, 0x0, 0x0, 0x0, 0x7, 0xfd, 0x0, 0x0,
    0x0, 0x0, 0x2, 0x33, 0x33, 0x37, 0xff, 0x63,
    0x33, 0x33, 0x20, 0xb, 0xff, 0xff, 0xff, 0xff,
    0xff, 0xff, 0xff, 0xb0, 0xb, 0xfe, 0xdd, 0xdd,
    0xdd, 0xdd, 0xdd, 0xef, 0xb0, 0xb, 0xf6, 0x0,
    0x0, 0x0, 0x0, 0x0, 0x8f, 0xb0, 0xb, 0xf6,
    0xbf, 0xff, 0xff, 0xff, 0xf9, 0x8f, 0xb0, 0x2,
    0x31, 0xbe, 0xee, 0xee, 0xee, 0xe9, 0x23, 0x20,
    0x0, 0x0, 0x0, 0x0, 0x0, 0x0, 0x0, 0x0,
    0x0, 0xf, 0xff, 0xff, 0xff, 0xff, 0xff, 0xff,
    0xff, 0xf0, 0xf, 0xff, 0xff, 0xff, 0xff, 0xff,
    0xff, 0xff, 0xf0, 0x1, 0x11, 0x1a, 0xf9, 0x11,
    0xff, 0x41, 0x11, 0x10, 0x0, 0x0, 0xc, 0xf6,
    0x0, 0xff, 0x30, 0x0, 0x0, 0x0, 0x0, 0x1f,
    0xf4, 0x0, 0xff, 0x30, 0x4, 0x0, 0x0, 0x0,
    0x8f, 0xe0, 0x0, 0xff, 0x30, 0x9, 0xe4, 0x0,
    0x1a, 0xff, 0x70, 0x0, 0xef, 0x50, 0xc, 0xf3,
    0x1c, 0xff, 0xfa, 0x0, 0x0, 0xcf, 0xff, 0xff,
    0xf0, 0xa, 0xfb, 0x40, 0x0, 0x0, 0x3d, 0xff,
    0xfe, 0x60, 0x1, 0x0, 0x0, 0x0, 0x0, 0x0,
    0x0, 0x0, 0x0,

    /* U+5B9A "定" */
    0x0, 0x0, 0x0, 0x0, 0x1, 0x0, 0x0, 0x0,
    0x0, 0x0, 0x0, 0x0, 0x8f, 0xa0, 0x0, 0x0,
    0x0, 0x2, 0x22, 0x22, 0x27, 0xff, 0x32, 0x22,
    0x22, 0x0, 0xef, 0xff, 0xff, 0xff, 0xff, 0xff,
    0xff, 0xf5, 0xe, 0xfe, 0xdd, 0xdd, 0xdd, 0xdd,
    0xdd, 0xff, 0x50, 0xef, 0x30, 0x0, 0x0, 0x0,
    0x0, 0xe, 0xf5, 0xe, 0xf6, 0xff, 0xff, 0xff,
    0xff, 0xf8, 0xef, 0x50, 0x55, 0x4f, 0xff, 0xff,
    0xff, 0xff, 0x95, 0x51, 0x0, 0x0, 0x11, 0x16,
    0xfe, 0x11, 0x10, 0x0, 0x0, 0x0, 0xaf, 0x70,
    0x5f, 0xe0, 0x0, 0x0, 0x0, 0x0, 0xc, 0xf6,
    0x5, 0xff, 0xcc, 0xcc, 0xa0, 0x0, 0x0, 0xff,
    0x50, 0x5f, 0xff, 0xff, 0xfd, 0x0, 0x0, 0x3f,
    0xfb, 0x5, 0xff, 0x33, 0x33, 0x30, 0x0, 0x8,
    0xff, 0xf4, 0x5f, 0xe0, 0x0, 0x0, 0x0, 0x0,
    0xef, 0xdf, 0xfa, 0xfe, 0x0, 0x0, 0x0, 0x0,
    0x8f, 0xe0, 0xcf, 0xff, 0xf4, 0x32, 0x22, 0x22,
    0x6f, 0xf6, 0x1, 0xbf, 0xff, 0xff, 0xff, 0xff,
    0xb1, 0xca, 0x0, 0x0, 0x49, 0xde, 0xff, 0xff,
    0xf6, 0x0, 0x0, 0x0, 0x0, 0x0, 0x0, 0x0,
    0x0, 0x0,

    /* U+5BA3 "宣" */
    0x0, 0x0, 0x0, 0x2, 0x30, 0x0, 0x0, 0x0,
    0x0, 0x0, 0x0, 0x6f, 0xe0, 0x0, 0x0, 0x0,
    0x9d, 0xdd, 0xdd, 0xef, 0xfe, 0xdd, 0xdd, 0xd9,
    0xbf, 0xff, 0xff, 0xff, 0xff, 0xff, 0xff, 0xfb,
    0xbf, 0x60, 0x0, 0x0, 0x0, 0x0, 0x8, 0xfb,
    0xbf, 0x6e, 0xff, 0xff, 0xff, 0xff, 0xd7, 0xfb,
    0x12, 0x19, 0xaa, 0xaa, 0xaa, 0xaa, 0x91, 0x21,
    0x0, 0x18, 0x88, 0x88, 0x88, 0x88, 0x81, 0x0,
    0x0, 0x3f, 0xff, 0xff, 0xff, 0xff, 0xf1, 0x0,
    0x0, 0x3f, 0xe0, 0x0, 0x0, 0x1f, 0xf1, 0x0,
    0x0, 0x3f, 0xf8, 0x88, 0x88, 0x8f, 0xf1, 0x0,
    0x0, 0x3f, 0xff, 0xff, 0xff, 0xff, 0xf1, 0x0,
    0x0, 0x3f, 0xe1, 0x11, 0x11, 0x2f, 0xf1, 0x0,
    0x0, 0x3f, 0xff, 0xff, 0xff, 0xff, 0xf1, 0x0,
    0x0, 0x15, 0x55, 0x55, 0x55, 0x55, 0x50, 0x0,
    0xee, 0xee, 0xee, 0xee, 0xee, 0xee, 0xee, 0xed,
    0xff, 0xff, 0xff, 0xff, 0xff, 0xff, 0xff, 0xff,
    0x0, 0x0, 0x0, 0x0, 0x0, 0x0, 0x0, 0x0,

    /* U+5BA4 "室" */
    0x0, 0x0, 0x0, 0x4, 0x60, 0x0, 0x0, 0x0,
    0x0, 0x0, 0x0, 0x3, 0xff, 0x20, 0x0, 0x0,
    0x0, 0xde, 0xee, 0xee, 0xef, 0xff, 0xee, 0xee,
    0xed, 0xe, 0xff, 0xff, 0xff, 0xff, 0xff, 0xff,
    0xff, 0xe0, 0xef, 0x30, 0x0, 0x0, 0x0, 0x0,
    0x5, 0xfe, 0x8, 0x8c, 0xcc, 0xcc, 0xcc, 0xcc,
    0xcc, 0xd8, 0x80, 0x0, 0xef, 0xff, 0xff, 0xff,
    0xff, 0xff, 0x0, 0x0, 0x0, 0x1b, 0xfd, 0x20,
    0x1d, 0xf6, 0x0, 0x0, 0x0, 0x3d, 0xfd, 0x33,
    0x45, 0xcf, 0xf8, 0x0, 0x0, 0xf, 0xff, 0xff,
    0xff, 0xff, 0xff, 0xf7, 0x0, 0x0, 0x9a, 0x97,
    0x7e, 0xd3, 0x0, 0x4c, 0x20, 0x0, 0x0, 0x0,
    0x2, 0xff, 0x10, 0x0, 0x0, 0x0, 0x5, 0xff,
    0xff, 0xff, 0xff, 0xff, 0xff, 0x90, 0x0, 0x4c,
    0xcc, 0xcd, 0xff, 0xdc, 0xcc, 0xc7, 0x0, 0x0,
    0x0, 0x0, 0x2f, 0xf1, 0x0, 0x0, 0x0, 0xc,
    0xdd, 0xdd, 0xdd, 0xff, 0xdd, 0xdd, 0xdd, 0xd0,
    0xff, 0xff, 0xff, 0xff, 0xff, 0xff, 0xff, 0xff,
    0x0, 0x0, 0x0, 0x0, 0x0, 0x0, 0x0, 0x0,
    0x0,

    /* U+5BB6 "家" */
    0x0, 0x0, 0x0, 0x0, 0x35, 0x0, 0x0, 0x0,
    0x0, 0x0, 0x0, 0x0, 0x8, 0xff, 0x20, 0x0,
    0x0, 0x0, 0xd, 0xee, 0xee, 0xef, 0xff, 0xfe,
    0xee, 0xee, 0xd0, 0xe, 0xff, 0xff, 0xff, 0xff,
    0xff, 0xff, 0xff, 0xe0, 0xe, 0xf3, 0x0, 0x0,
    0x0, 0x0, 0x0, 0x5f, 0xe0, 0xe, 0xf6, 0xdd,
    0xdd, 0xdd, 0xdd, 0xdd, 0x6f, 0xe0, 0x2, 0x24,
    0xff, 0xff, 0xff, 0xff, 0xff, 0x22, 0x20, 0x0,
    0x0, 0x6, 0xdf, 0xf5, 0x0, 0x4, 0x50, 0x0,
    0x1, 0x5a, 0xef, 0xff, 0xf5, 0x0, 0x6f, 0xf6,
    0x0, 0xa, 0xff, 0xf9, 0x29, 0xff, 0x29, 0xff,
    0xb1, 0x0, 0x1, 0xa5, 0x15, 0xdf, 0xff, 0xff,
    0xfa, 0x0, 0x0, 0x0, 0x49, 0xef, 0xe7, 0x5f,
    0xfd, 0xfd, 0x0, 0x0, 0xd, 0xff, 0xe8, 0x17,
    0xff, 0xf3, 0xdf, 0x60, 0x0, 0x4, 0xb5, 0x5,
    0xdf, 0xff, 0xf5, 0x4f, 0xf2, 0x0, 0x0, 0x17,
    0xef, 0xfa, 0x1e, 0xf4, 0xc, 0xfe, 0x30, 0x1c,
    0xff, 0xfc, 0x40, 0x6f, 0xf2, 0x1, 0xdf, 0xf5,
    0xb, 0xe8, 0x20, 0xcf, 0xff, 0xb0, 0x0, 0x1b,
    0xb0, 0x1, 0x0, 0x0, 0x7f, 0xea, 0x10, 0x0,
    0x0, 0x0, 0x0, 0x0, 0x0, 0x0, 0x0, 0x0,
    0x0, 0x0, 0x0,

    /* U+5BC6 "密" */
    0x0, 0x0, 0x0, 0x2, 0x64, 0x0, 0x0, 0x0,
    0x0, 0x0, 0x0, 0x0, 0x6, 0xfc, 0x0, 0x0,
    0x0, 0x0, 0xe, 0xff, 0xff, 0xff, 0xff, 0xff,
    0xff, 0xff, 0x90, 0xe, 0xff, 0xff, 0xff, 0xff,
    0xff, 0xff, 0xff, 0x90, 0xe, 0xf3, 0x0, 0xbf,
    0x81, 0x4, 0x50, 0x9f, 0x90, 0xc, 0xd2, 0x3,
    0x8c, 0xfc, 0x5f, 0xf5, 0x8d, 0x80, 0x0, 0x8d,
    0x3f, 0xf0, 0x6a, 0xff, 0x67, 0xb0, 0x0, 0x3,
    0xff, 0x2f, 0xf3, 0xcf, 0xf5, 0x2c, 0xfc, 0x0,
    0x2e, 0xf7, 0xf, 0xff, 0xfb, 0x10, 0xfb, 0xcf,
    0xa0, 0x7, 0xc8, 0xdf, 0xff, 0xea, 0x9c, 0xfa,
    0x1e, 0xb0, 0x5e, 0xff, 0xfd, 0xef, 0xff, 0xff,
    0xd2, 0x1, 0x0, 0x1f, 0xfd, 0x50, 0x1, 0x55,
    0x0, 0x0, 0x0, 0x0, 0x7, 0x62, 0x10, 0x4,
    0xfe, 0x0, 0x6, 0x61, 0x0, 0x0, 0x7f, 0xa0,
    0x4, 0xfe, 0x0, 0xe, 0xf3, 0x0, 0x0, 0x7f,
    0xa0, 0x4, 0xfe, 0x0, 0xe, 0xf3, 0x0, 0x0,
    0x7f, 0xd9, 0x9b, 0xff, 0x99, 0x9f, 0xf3, 0x0,
    0x0, 0x7f, 0xff, 0xff, 0xff, 0xff, 0xff, 0xf3,
    0x0, 0x0, 0x36, 0x66, 0x66, 0x66, 0x66, 0x6f,
    0xf3, 0x0,

    /* U+5BF9 "对" */
    0x0, 0x0, 0x0, 0x0, 0x0, 0x0, 0x7, 0xfa,
    0x0, 0x0, 0x0, 0x0, 0x0, 0x0, 0x0, 0x7,
    0xfa, 0x0, 0xc, 0xee, 0xee, 0xee, 0x60, 0x0,
    0x7, 0xfa, 0x0, 0xd, 0xff, 0xff, 0xff, 0x81,
    0x11, 0x18, 0xfa, 0x10, 0x1, 0x11, 0x11, 0xdf,
    0x6f, 0xff, 0xff, 0xff, 0xf8, 0x0, 0x0, 0x1,
    0xff, 0x4f, 0xff, 0xff, 0xff, 0xf8, 0x2, 0xd6,
    0x5, 0xff, 0x0, 0x0, 0x7, 0xfa, 0x0, 0x8,
    0xff, 0x88, 0xfb, 0x1, 0x40, 0x7, 0xfa, 0x0,
    0x0, 0x8f, 0xff, 0xf7, 0xf, 0xf2, 0x7, 0xfa,
    0x0, 0x0, 0x8, 0xff, 0xf2, 0x8, 0xfb, 0x7,
    0xfa, 0x0, 0x0, 0x0, 0xcf, 0xf7, 0x1, 0xff,
    0x27, 0xfa, 0x0, 0x0, 0x4, 0xff, 0xff, 0x40,
    0xad, 0x37, 0xfa, 0x0, 0x0, 0xd, 0xfd, 0xcf,
    0xe1, 0x10, 0x7, 0xfa, 0x0, 0x0, 0x9f, 0xf3,
    0x2f, 0xd1, 0x0, 0x7, 0xfa, 0x0, 0xa, 0xff,
    0x80, 0x5, 0x10, 0x4, 0x4b, 0xf9, 0x0, 0x2e,
    0xfa, 0x0, 0x0, 0x0, 0xe, 0xff, 0xf6, 0x0,
    0x4, 0x90, 0x0, 0x0, 0x0, 0xa, 0xfd, 0x80,
    0x0,

    /* U+5BFB "寻" */
    0x2, 0xff, 0xff, 0xff, 0xff, 0xff, 0xfd, 0x0,
    0x0, 0x19, 0x99, 0x99, 0x99, 0x99, 0xcf, 0xd0,
    0x0, 0x0, 0x0, 0x0, 0x0, 0x0, 0x5, 0xfd,
    0x0, 0x0, 0x6, 0xbb, 0xbb, 0xbb, 0xbb, 0xdf,
    0xd0, 0x0, 0x0, 0x8f, 0xff, 0xff, 0xff, 0xff,
    0xfd, 0x0, 0x0, 0x0, 0x0, 0x0, 0x0, 0x0,
    0x5f, 0xd0, 0x0, 0x3, 0xff, 0xff, 0xff, 0xff,
    0xff, 0xfd, 0x0, 0x0, 0x29, 0x99, 0x99, 0x99,
    0x9e, 0xfc, 0x80, 0x0, 0x11, 0x11, 0x11, 0x11,
    0x11, 0xdf, 0x71, 0x11, 0xe, 0xff, 0xff, 0xff,
    0xff, 0xff, 0xff, 0xff, 0xf2, 0xef, 0xff, 0xff,
    0xff, 0xff, 0xff, 0xff, 0xff, 0x20, 0x0, 0x9f,
    0x80, 0x0, 0xc, 0xf6, 0x0, 0x0, 0x0, 0x5,
    0xff, 0x40, 0x0, 0xcf, 0x60, 0x0, 0x0, 0x0,
    0x9, 0xfe, 0x0, 0xc, 0xf6, 0x0, 0x0, 0x0,
    0x0, 0x1d, 0x52, 0x22, 0xdf, 0x50, 0x0, 0x0,
    0x0, 0x0, 0x0, 0x9f, 0xff, 0xf3, 0x0, 0x0,
    0x0, 0x0, 0x0, 0x4, 0xff, 0xd7, 0x0, 0x0,
    0x0, 0x0, 0x0, 0x0, 0x0, 0x0, 0x0, 0x0,
    0x0,

    /* U+5C11 "少" */
    0x0, 0x0, 0x0, 0x3, 0xfe, 0x0, 0x0, 0x0,
    0x0, 0x0, 0x0, 0x0, 0x3, 0xfe, 0x0, 0x0,
    0x0, 0x0, 0x0, 0x0, 0x30, 0x3, 0xfe, 0x0,
    0x2, 0x10, 0x0, 0x0, 0x6, 0xfc, 0x3, 0xfe,
    0x0, 0x6f, 0xa0, 0x0, 0x0, 0xd, 0xf6, 0x3,
    0xfe, 0x0, 0x1f, 0xf4, 0x0, 0x0, 0x4f, 0xe0,
    0x3, 0xfe, 0x0, 0x7, 0xfd, 0x0, 0x0, 0xdf,
    0x80, 0x3, 0xfe, 0x0, 0x0, 0xef, 0x60, 0x7,
    0xfe, 0x0, 0x3, 0xfe, 0x0, 0x0, 0x5f, 0xe0,
    0xc, 0xf6, 0x0, 0x3, 0xfe, 0x0, 0x0, 0xd,
    0xe2, 0x0, 0x50, 0x0, 0x3, 0xfe, 0x0, 0x8,
    0x33, 0x0, 0x0, 0x0, 0x0, 0x3, 0xfe, 0x0,
    0xbf, 0xe1, 0x0, 0x0, 0x0, 0x0, 0x0, 0x33,
    0xa, 0xff, 0x30, 0x0, 0x0, 0x0, 0x0, 0x0,
    0x6, 0xef, 0xf5, 0x0, 0x0, 0x0, 0x0, 0x0,
    0x38, 0xdf, 0xfd, 0x30, 0x0, 0x0, 0x15, 0x79,
    0xbf, 0xff, 0xfe, 0x70, 0x0, 0x0, 0x0, 0x2f,
    0xff, 0xff, 0xe9, 0x40, 0x0, 0x0, 0x0, 0x0,
    0x9, 0xa8, 0x52, 0x0, 0x0, 0x0, 0x0, 0x0,
    0x0,

    /* U+5C31 "就" */
    0x0, 0x0, 0x0, 0x0, 0x0, 0x0, 0x0, 0x0,
    0x0, 0x0, 0x3, 0xdc, 0x0, 0x0, 0x2, 0xfd,
    0x13, 0x0, 0x2, 0x22, 0xff, 0x52, 0x20, 0x2,
    0xfd, 0xce, 0x20, 0x2f, 0xff, 0xff, 0xff, 0xf1,
    0x3, 0xfc, 0x3f, 0xb0, 0x18, 0x88, 0x88, 0x88,
    0x80, 0x3, 0xfc, 0x8, 0x50, 0x4, 0xaa, 0xaa,
    0xaa, 0x49, 0xde, 0xff, 0xdd, 0xd4, 0x6, 0xff,
    0xff, 0xff, 0x7a, 0xff, 0xff, 0xff, 0xf5, 0x6,
    0xf7, 0x0, 0x8f, 0x70, 0x7, 0xf9, 0x0, 0x0,
    0x6, 0xf7, 0x0, 0x8f, 0x70, 0x8, 0xfb, 0x40,
    0x0, 0x6, 0xff, 0xff, 0xff, 0x70, 0xb, 0xff,
    0xd0, 0x0, 0x3, 0x99, 0xef, 0xa9, 0x40, 0xe,
    0xff, 0xd0, 0x0, 0x1, 0xc6, 0xcf, 0x6d, 0x20,
    0x2f, 0xef, 0xd0, 0x0, 0x4, 0xf8, 0xcf, 0x5f,
    0x90, 0x7f, 0x8e, 0xd0, 0x0, 0x9, 0xf3, 0xcf,
    0x2d, 0xf0, 0xef, 0x3e, 0xd0, 0x30, 0xf, 0xe0,
    0xcf, 0x18, 0xa7, 0xfd, 0xe, 0xd0, 0xf8, 0x4f,
    0x80, 0xcf, 0x10, 0x2f, 0xf5, 0xe, 0xd0, 0xfa,
    0x5, 0x4c, 0xff, 0x0, 0xdf, 0xb0, 0xd, 0xfd,
    0xf7, 0x0, 0xe, 0xe8, 0x0, 0x5d, 0x10, 0x3,
    0xac, 0x90, 0x0, 0x0, 0x0, 0x0, 0x0, 0x0,
    0x0, 0x0, 0x0,

    /* U+5C40 "局" */
    0x0, 0x4f, 0xff, 0xff, 0xff, 0xff, 0xff, 0xf9,
    0x0, 0x4, 0xff, 0xcc, 0xcc, 0xcc, 0xcc, 0xef,
    0x90, 0x0, 0x4f, 0xd0, 0x0, 0x0, 0x0, 0x7,
    0xf9, 0x0, 0x4, 0xfe, 0x0, 0x0, 0x0, 0x0,
    0x7f, 0x90, 0x0, 0x4f, 0xff, 0xff, 0xff, 0xff,
    0xff, 0xf9, 0x0, 0x4, 0xff, 0xcc, 0xcc, 0xcc,
    0xcc, 0xcc, 0x70, 0x0, 0x4f, 0xd0, 0x0, 0x0,
    0x0, 0x0, 0x0, 0x0, 0x5, 0xff, 0xff, 0xff,
    0xff, 0xff, 0xff, 0xfe, 0x0, 0x7f, 0xfd, 0xdd,
    0xdd, 0xdd, 0xdd, 0xef, 0xe0, 0x9, 0xf8, 0x0,
    0x0, 0x0, 0x0, 0x5, 0xfd, 0x0, 0xcf, 0x55,
    0xff, 0xff, 0xff, 0xe0, 0x5f, 0xc0, 0xf, 0xf2,
    0x5f, 0xea, 0xaa, 0xfe, 0x6, 0xfb, 0x5, 0xff,
    0x5, 0xfb, 0x0, 0x1f, 0xe0, 0x7f, 0xa0, 0xcf,
    0xb0, 0x5f, 0xff, 0xff, 0xfe, 0x9, 0xf9, 0x3f,
    0xf5, 0x5, 0xfe, 0xbb, 0xbb, 0xe0, 0xcf, 0x70,
    0x8d, 0x0, 0x5f, 0xb0, 0x0, 0xc, 0xff, 0xf3,
    0x0, 0x10, 0x0, 0x0, 0x0, 0x0, 0x9f, 0xe8,
    0x0, 0x0, 0x0, 0x0, 0x0, 0x0, 0x0, 0x0,
    0x0,

    /* U+5DF1 "己" */
    0x8f, 0xff, 0xff, 0xff, 0xff, 0xff, 0xf4, 0x0,
    0x8f, 0xff, 0xff, 0xff, 0xff, 0xff, 0xf4, 0x0,
    0x13, 0x33, 0x33, 0x33, 0x33, 0x3f, 0xf4, 0x0,
    0x0, 0x0, 0x0, 0x0, 0x0, 0xf, 0xf4, 0x0,
    0x0, 0x0, 0x0, 0x0, 0x0, 0xf, 0xf4, 0x0,
    0x0, 0x0, 0x0, 0x0, 0x0, 0xf, 0xf4, 0x0,
    0x14, 0x44, 0x44, 0x44, 0x44, 0x4f, 0xf4, 0x0,
    0x4f, 0xff, 0xff, 0xff, 0xff, 0xff, 0xf4, 0x0,
    0x4f, 0xfd, 0xdd, 0xdd, 0xdd, 0xde, 0xe4, 0x0,
    0x4f, 0xe0, 0x0, 0x0, 0x0, 0x0, 0x0, 0x0,
    0x4f, 0xe0, 0x0, 0x0, 0x0, 0x0, 0x0, 0x0,
    0x4f, 0xe0, 0x0, 0x0, 0x0, 0x0, 0xc, 0x81,
    0x4f, 0xe0, 0x0, 0x0, 0x0, 0x0, 0xe, 0xf5,
    0x4f, 0xe0, 0x0, 0x0, 0x0, 0x0, 0x1f, 0xf3,
    0x3f, 0xf6, 0x22, 0x22, 0x22, 0x23, 0xbf, 0xe0,
    0xd, 0xff, 0xff, 0xff, 0xff, 0xff, 0xff, 0x80,
    0x2, 0xae, 0xff, 0xff, 0xff, 0xff, 0xd7, 0x0,

    /* U+5DF2 "已" */
    0x7f, 0xff, 0xff, 0xff, 0xff, 0xff, 0xfe, 0x0,
    0x7, 0xff, 0xff, 0xff, 0xff, 0xff, 0xff, 0xe0,
    0x0, 0x12, 0x22, 0x22, 0x22, 0x22, 0x26, 0xfe,
    0x0, 0x0, 0x0, 0x0, 0x0, 0x0, 0x0, 0x5f,
    0xe0, 0x0, 0xa, 0xb4, 0x0, 0x0, 0x0, 0x5,
    0xfe, 0x0, 0x0, 0xdf, 0x50, 0x0, 0x0, 0x0,
    0x5f, 0xe0, 0x0, 0xd, 0xf7, 0x22, 0x22, 0x22,
    0x27, 0xfe, 0x0, 0x0, 0xdf, 0xff, 0xff, 0xff,
    0xff, 0xff, 0xe0, 0x0, 0xd, 0xff, 0xff, 0xff,
    0xff, 0xff, 0xfe, 0x0, 0x0, 0xdf, 0x50, 0x0,
    0x0, 0x0, 0x0, 0x0, 0x0, 0xd, 0xf5, 0x0,
    0x0, 0x0, 0x0, 0x0, 0x60, 0x0, 0xdf, 0x50,
    0x0, 0x0, 0x0, 0x0, 0xf, 0xe2, 0xd, 0xf6,
    0x0, 0x0, 0x0, 0x0, 0x3, 0xff, 0x10, 0xcf,
    0xa1, 0x0, 0x0, 0x0, 0x2, 0xcf, 0xd0, 0x8,
    0xff, 0xff, 0xff, 0xff, 0xff, 0xff, 0xf6, 0x0,
    0x9, 0xef, 0xff, 0xff, 0xff, 0xff, 0xe7, 0x0,
    0x0, 0x0, 0x1, 0x11, 0x11, 0x11, 0x0, 0x0,
    0x0,

    /* U+5E03 "布" */
    0x0, 0x0, 0x0, 0x25, 0x20, 0x0, 0x0, 0x0,
    0x0, 0x0, 0x0, 0x0, 0x9f, 0xc0, 0x0, 0x0,
    0x0, 0x0, 0x0, 0x0, 0x0, 0xef, 0x70, 0x0,
    0x0, 0x0, 0x0, 0xe, 0xee, 0xef, 0xff, 0xfe,
    0xee, 0xee, 0xee, 0xe1, 0xf, 0xff, 0xff, 0xff,
    0xff, 0xff, 0xff, 0xff, 0xf1, 0x1, 0x11, 0x5f,
    0xf4, 0x11, 0x11, 0x11, 0x11, 0x10, 0x0, 0x0,
    0xdf, 0xb0, 0x19, 0x90, 0x0, 0x0, 0x0, 0x0,
    0x7, 0xff, 0x30, 0x2f, 0xf0, 0x0, 0x0, 0x0,
    0x0, 0x3f, 0xff, 0xff, 0xff, 0xff, 0xff, 0xff,
    0x30, 0x4, 0xff, 0xff, 0xff, 0xff, 0xff, 0xff,
    0xff, 0x30, 0x4f, 0xff, 0xff, 0x11, 0x3f, 0xf1,
    0x11, 0xff, 0x30, 0x4f, 0xd4, 0xff, 0x0, 0x2f,
    0xf0, 0x0, 0xff, 0x30, 0x6, 0x12, 0xff, 0x0,
    0x2f, 0xf0, 0x0, 0xff, 0x30, 0x0, 0x2, 0xff,
    0x0, 0x2f, 0xf0, 0x1, 0xff, 0x30, 0x0, 0x2,
    0xff, 0x0, 0x2f, 0xf3, 0xff, 0xff, 0x10, 0x0,
    0x2, 0xff, 0x0, 0x2f, 0xf0, 0xcd, 0xb5, 0x0,
    0x0, 0x0, 0x0, 0x0, 0x2f, 0xf0, 0x0, 0x0,
    0x0, 0x0, 0x0, 0x0, 0x0, 0x2f, 0xf0, 0x0,
    0x0, 0x0,

    /* U+5E73 "平" */
    0x0, 0x22, 0x22, 0x22, 0x22, 0x22, 0x22, 0x22,
    0x0, 0x3, 0xff, 0xff, 0xff, 0xff, 0xff, 0xff,
    0xff, 0x20, 0x3, 0xff, 0xff, 0xff, 0xff, 0xff,
    0xff, 0xff, 0x20, 0x0, 0x0, 0x40, 0x2, 0xff,
    0x10, 0x6, 0x20, 0x0, 0x0, 0xe, 0xf3, 0x2,
    0xff, 0x10, 0x3f, 0xf3, 0x0, 0x0, 0x9, 0xfa,
    0x2, 0xff, 0x10, 0x9f, 0xc0, 0x0, 0x0, 0x3,
    0xff, 0x2, 0xff, 0x10, 0xff, 0x40, 0x0, 0x0,
    0x0, 0xea, 0x12, 0xff, 0x12, 0xcb, 0x0, 0x0,
    0x5, 0x55, 0x55, 0x56, 0xff, 0x65, 0x55, 0x55,
    0x51, 0x2f, 0xff, 0xff, 0xff, 0xff, 0xff, 0xff,
    0xff, 0xf3, 0x2d, 0xdd, 0xdd, 0xdd, 0xff, 0xdd,
    0xdd, 0xdd, 0xd2, 0x0, 0x0, 0x0, 0x2, 0xff,
    0x10, 0x0, 0x0, 0x0, 0x0, 0x0, 0x0, 0x2,
    0xff, 0x10, 0x0, 0x0, 0x0, 0x0, 0x0, 0x0,
    0x2, 0xff, 0x10, 0x0, 0x0, 0x0, 0x0, 0x0,
    0x0, 0x2, 0xff, 0x10, 0x0, 0x0, 0x0, 0x0,
    0x0, 0x0, 0x2, 0xff, 0x10, 0x0, 0x0, 0x0,
    0x0, 0x0, 0x0, 0x2, 0xff, 0x10, 0x0, 0x0,
    0x0,

    /* U+5E76 "并" */
    0x0, 0x0, 0x27, 0x0, 0x0, 0x0, 0x74, 0x0,
    0x0, 0x0, 0x1, 0xff, 0x70, 0x0, 0x4, 0xff,
    0x70, 0x0, 0x0, 0x0, 0x8f, 0xf1, 0x0, 0xa,
    0xfe, 0x0, 0x0, 0x0, 0x0, 0x1f, 0xd3, 0x0,
    0x1f, 0xf6, 0x0, 0x0, 0x8, 0xee, 0xef, 0xee,
    0xee, 0xef, 0xfe, 0xee, 0xa0, 0x9, 0xff, 0xff,
    0xff, 0xff, 0xff, 0xff, 0xff, 0xb0, 0x1, 0x22,
    0x5f, 0xf3, 0x22, 0x2f, 0xf6, 0x22, 0x10, 0x0,
    0x0, 0x3f, 0xf0, 0x0, 0xf, 0xf4, 0x0, 0x0,
    0x0, 0x0, 0x3f, 0xf0, 0x0, 0xf, 0xf4, 0x0,
    0x0, 0x3, 0x33, 0x6f, 0xf4, 0x33, 0x3f, 0xf7,
    0x33, 0x30, 0x2f, 0xff, 0xff, 0xff, 0xff, 0xff,
    0xff, 0xff, 0xf3, 0x2d, 0xdd, 0xef, 0xfd, 0xdd,
    0xdf, 0xfe, 0xdd, 0xd2, 0x0, 0x0, 0xaf, 0xc0,
    0x0, 0xf, 0xf4, 0x0, 0x0, 0x0, 0x2, 0xff,
    0x80, 0x0, 0xf, 0xf4, 0x0, 0x0, 0x0, 0xc,
    0xff, 0x10, 0x0, 0xf, 0xf4, 0x0, 0x0, 0x1,
    0xcf, 0xf8, 0x0, 0x0, 0xf, 0xf4, 0x0, 0x0,
    0xc, 0xff, 0xa0, 0x0, 0x0, 0xf, 0xf4, 0x0,
    0x0, 0x1, 0xe7, 0x0, 0x0, 0x0, 0xf, 0xf4,
    0x0, 0x0, 0x0, 0x0, 0x0, 0x0, 0x0, 0x0,
    0x0, 0x0, 0x0,

    /* U+5E84 "庄" */
    0x0, 0x0, 0x0, 0x0, 0x15, 0x10, 0x0, 0x0,
    0x0, 0x0, 0x0, 0x0, 0x0, 0xef, 0x80, 0x0,
    0x0, 0x0, 0x0, 0x0, 0x0, 0x0, 0x8f, 0xb0,
    0x0, 0x0, 0x0, 0x0, 0xff, 0xff, 0xff, 0xff,
    0xff, 0xff, 0xff, 0xf0, 0x0, 0xff, 0xff, 0xff,
    0xff, 0xff, 0xff, 0xff, 0xf0, 0x0, 0xff, 0x20,
    0x0, 0x4, 0x73, 0x0, 0x0, 0x0, 0x0, 0xff,
    0x20, 0x0, 0xa, 0xf8, 0x0, 0x0, 0x0, 0x0,
    0xff, 0x20, 0x0, 0xa, 0xf8, 0x0, 0x0, 0x0,
    0x0, 0xff, 0x23, 0x33, 0x3c, 0xf9, 0x33, 0x33,
    0x0, 0x0, 0xff, 0x1e, 0xff, 0xff, 0xff, 0xff,
    0xff, 0x10, 0x1, 0xff, 0xc, 0xdd, 0xdf, 0xfe,
    0xdd, 0xdd, 0x10, 0x2, 0xff, 0x0, 0x0, 0xa,
    0xf8, 0x0, 0x0, 0x0, 0x4, 0xfd, 0x0, 0x0,
    0xa, 0xf8, 0x0, 0x0, 0x0, 0x7, 0xfb, 0x0,
    0x0, 0xa, 0xf8, 0x0, 0x0, 0x0, 0xb, 0xf7,
    0x0, 0x0, 0xa, 0xf8, 0x0, 0x0, 0x0, 0x1f,
    0xf4, 0xef, 0xff, 0xff, 0xff, 0xff, 0xff, 0xf0,
    0x5f, 0xe0, 0xef, 0xff, 0xff, 0xff, 0xff, 0xff,
    0xf0, 0x2, 0x50, 0x0, 0x0, 0x0, 0x0, 0x0,
    0x0, 0x0,

    /* U+5E94 "应" */
    0x0, 0x0, 0x0, 0x0, 0x3, 0x20, 0x0, 0x0,
    0x0, 0x0, 0x0, 0x0, 0x0, 0xaf, 0xb0, 0x0,
    0x0, 0x0, 0x0, 0x11, 0x11, 0x11, 0x5f, 0xf2,
    0x11, 0x11, 0x10, 0x1, 0xff, 0xff, 0xff, 0xff,
    0xff, 0xff, 0xff, 0xf1, 0x1, 0xff, 0xff, 0xff,
    0xff, 0xff, 0xff, 0xff, 0xf1, 0x1, 0xff, 0x10,
    0x0, 0x2, 0x10, 0x0, 0x30, 0x0, 0x1, 0xff,
    0x11, 0x30, 0xaf, 0x60, 0x0, 0xff, 0x50, 0x1,
    0xff, 0x5f, 0xd0, 0x6f, 0xb0, 0x4, 0xff, 0x20,
    0x1, 0xff, 0x2e, 0xf3, 0x2f, 0xf0, 0x9, 0xfd,
    0x0, 0x1, 0xff, 0x19, 0xf9, 0xe, 0xf4, 0xe,
    0xf7, 0x0, 0x2, 0xff, 0x4, 0xfe, 0xb, 0xf7,
    0x3f, 0xf1, 0x0, 0x3, 0xfe, 0x0, 0xff, 0x37,
    0xf9, 0xaf, 0x90, 0x0, 0x5, 0xfd, 0x0, 0xbf,
    0x51, 0x11, 0xff, 0x10, 0x0, 0x8, 0xfa, 0x0,
    0x31, 0x0, 0x9, 0xf9, 0x0, 0x0, 0xc, 0xf7,
    0x11, 0x11, 0x11, 0x3f, 0xf3, 0x11, 0x10, 0x1f,
    0xf6, 0xff, 0xff, 0xff, 0xff, 0xff, 0xff, 0xf4,
    0x5f, 0xe2, 0xff, 0xff, 0xff, 0xff, 0xff, 0xff,
    0xf4, 0x3, 0x60, 0x0, 0x0, 0x0, 0x0, 0x0,
    0x0, 0x0,

    /* U+5E9F "废" */
    0x0, 0x0, 0x0, 0x0, 0x25, 0x60, 0x0, 0x0,
    0x0, 0x0, 0x0, 0x0, 0x0, 0x7f, 0xf1, 0x0,
    0x0, 0x0, 0x1, 0xff, 0xff, 0xff, 0xff, 0xff,
    0xff, 0xff, 0xf4, 0x1, 0xff, 0xff, 0xff, 0xff,
    0xff, 0xff, 0xff, 0xf4, 0x1, 0xff, 0x22, 0x97,
    0x17, 0xb5, 0x16, 0x31, 0x10, 0x1, 0xff, 0x15,
    0xfd, 0xb, 0xf6, 0x5f, 0xd1, 0x0, 0x1, 0xff,
    0x1b, 0xf8, 0xf, 0xf2, 0xa, 0xf6, 0x0, 0x2,
    0xff, 0x6f, 0xfe, 0xdf, 0xfd, 0xde, 0xfd, 0xc0,
    0x2, 0xff, 0x1f, 0xff, 0xff, 0xff, 0xff, 0xff,
    0xe0, 0x2, 0xff, 0x2, 0x13, 0xff, 0x30, 0x0,
    0x0, 0x0, 0x4, 0xff, 0x0, 0xc, 0xff, 0xcc,
    0xcc, 0xc5, 0x0, 0x5, 0xfd, 0x0, 0x6f, 0xff,
    0xff, 0xff, 0xf8, 0x0, 0x7, 0xfb, 0x6, 0xff,
    0xfc, 0x21, 0xcf, 0xe0, 0x0, 0xa, 0xf9, 0x9f,
    0xfb, 0xcf, 0xed, 0xfe, 0x20, 0x0, 0xe, 0xfc,
    0xff, 0xb0, 0x3e, 0xff, 0xf7, 0x0, 0x0, 0x4f,
    0xf1, 0xb9, 0x7c, 0xff, 0xff, 0xff, 0xea, 0x71,
    0x4e, 0xb0, 0x1, 0xff, 0xf9, 0x20, 0x6d, 0xff,
    0xd0, 0x1, 0x30, 0x0, 0x55, 0x0, 0x0, 0x0,
    0x16, 0x30,

    /* U+5EA7 "座" */
    0x0, 0x0, 0x0, 0x0, 0x16, 0x70, 0x0, 0x0,
    0x0, 0x0, 0x0, 0x0, 0x0, 0x4f, 0xf3, 0x0,
    0x0, 0x0, 0x0, 0xdd, 0xdd, 0xdd, 0xdf, 0xfe,
    0xdd, 0xdd, 0xd4, 0x0, 0xff, 0xff, 0xff, 0xff,
    0xff, 0xff, 0xff, 0xf5, 0x0, 0xff, 0x32, 0x22,
    0x22, 0x22, 0x22, 0x22, 0x20, 0x0, 0xff, 0x10,
    0x0, 0x1, 0x32, 0x0, 0x0, 0x0, 0x0, 0xff,
    0x10, 0xde, 0x25, 0xfb, 0x7, 0xf7, 0x0, 0x0,
    0xff, 0x12, 0xfe, 0x5, 0xfb, 0xc, 0xf4, 0x0,
    0x0, 0xff, 0x8, 0xff, 0x75, 0xfb, 0x4f, 0xf8,
    0x0, 0x0, 0xff, 0x6f, 0xfe, 0xfc, 0xfd, 0xef,
    0xdf, 0xb1, 0x1, 0xff, 0xaf, 0x41, 0xc8, 0xfe,
    0xe8, 0xa, 0xf3, 0x3, 0xfd, 0x3, 0x11, 0x16,
    0xfc, 0x21, 0x11, 0x20, 0x4, 0xfb, 0xe, 0xff,
    0xff, 0xff, 0xff, 0xff, 0x70, 0x7, 0xfa, 0xb,
    0xcc, 0xcd, 0xff, 0xcc, 0xcc, 0x60, 0xa, 0xf7,
    0x0, 0x0, 0x5, 0xfb, 0x0, 0x0, 0x0, 0xe,
    0xf4, 0x0, 0x0, 0x5, 0xfb, 0x0, 0x0, 0x0,
    0x5f, 0xf1, 0xdd, 0xdd, 0xde, 0xff, 0xdd, 0xdd,
    0xd6, 0x2b, 0x90, 0xff, 0xff, 0xff, 0xff, 0xff,
    0xff, 0xf7, 0x0, 0x10, 0x0, 0x0, 0x0, 0x0,
    0x0, 0x0, 0x0,

    /* U+5F00 "开" */
    0x9, 0xff, 0xff, 0xff, 0xff, 0xff, 0xff, 0xff,
    0xb0, 0x9, 0xff, 0xff, 0xff, 0xff, 0xff, 0xff,
    0xff, 0xb0, 0x0, 0x0, 0x2f, 0xf2, 0x0, 0xc,
    0xf8, 0x0, 0x0, 0x0, 0x0, 0x1f, 0xf1, 0x0,
    0xb, 0xf8, 0x0, 0x0, 0x0, 0x0, 0x1f, 0xf1,
    0x0, 0xb, 0xf8, 0x0, 0x0, 0x0, 0x0, 0x1f,
    0xf1, 0x0, 0xb, 0xf8, 0x0, 0x0, 0x0, 0x0,
    0x1f, 0xf1, 0x0, 0xb, 0xf8, 0x0, 0x0, 0x2f,
    0xff, 0xff, 0xff, 0xff, 0xff, 0xff, 0xff, 0xf3,
    0x2f, 0xff, 0xff, 0xff, 0xff, 0xff, 0xff, 0xff,
    0xf3, 0x1, 0x11, 0x7f, 0xe1, 0x11, 0x1c, 0xf9,
    0x11, 0x10, 0x0, 0x0, 0x9f, 0xb0, 0x0, 0xb,
    0xf8, 0x0, 0x0, 0x0, 0x0, 0xff, 0x80, 0x0,
    0xb, 0xf8, 0x0, 0x0, 0x0, 0x7, 0xff, 0x20,
    0x0, 0xb, 0xf8, 0x0, 0x0, 0x0, 0x3f, 0xfb,
    0x0, 0x0, 0xb, 0xf8, 0x0, 0x0, 0x4, 0xef,
    0xf1, 0x0, 0x0, 0xb, 0xf8, 0x0, 0x0, 0xd,
    0xff, 0x50, 0x0, 0x0, 0xb, 0xf8, 0x0, 0x0,
    0x1, 0xc3, 0x0, 0x0, 0x0, 0xb, 0xf8, 0x0,
    0x0, 0x0, 0x0, 0x0, 0x0, 0x0, 0x0, 0x0,
    0x0, 0x0,

    /* U+5F03 "弃" */
    0x0, 0x0, 0x0, 0x2, 0x76, 0x0, 0x0, 0x0,
    0x0, 0x0, 0x0, 0x0, 0x5, 0xff, 0x20, 0x0,
    0x0, 0x0, 0xc, 0xcc, 0xcc, 0xcc, 0xff, 0xec,
    0xcc, 0xcc, 0xc0, 0xf, 0xff, 0xff, 0xff, 0xff,
    0xff, 0xff, 0xff, 0xf0, 0x1, 0x11, 0x3d, 0xff,
    0x51, 0x4c, 0xe3, 0x11, 0x10, 0x0, 0x3, 0xdf,
    0xd2, 0x0, 0x1c, 0xfe, 0x30, 0x0, 0x0, 0x8f,
    0xff, 0xcc, 0xcd, 0xde, 0xff, 0xf3, 0x0, 0x0,
    0x8f, 0xff, 0xff, 0xff, 0xff, 0xee, 0xff, 0x30,
    0x0, 0x4a, 0x64, 0x32, 0x10, 0x0, 0x1, 0xfd,
    0x20, 0x0, 0x0, 0x16, 0x60, 0x0, 0x8, 0x82,
    0x51, 0x0, 0x0, 0x0, 0x4f, 0xf0, 0x0, 0xf,
    0xf4, 0x0, 0x0, 0x2f, 0xff, 0xff, 0xff, 0xff,
    0xff, 0xff, 0xff, 0xf3, 0x2e, 0xee, 0xff, 0xfe,
    0xee, 0xef, 0xff, 0xee, 0xe2, 0x0, 0x0, 0xcf,
    0xa0, 0x0, 0xf, 0xf3, 0x0, 0x0, 0x0, 0x7,
    0xff, 0x40, 0x0, 0xf, 0xf3, 0x0, 0x0, 0x2,
    0xbf, 0xfa, 0x0, 0x0, 0xf, 0xf3, 0x0, 0x0,
    0x2f, 0xff, 0xa0, 0x0, 0x0, 0xf, 0xf3, 0x0,
    0x0, 0x6, 0xd5, 0x0, 0x0, 0x0, 0xf, 0xf3,
    0x0, 0x0, 0x0, 0x0, 0x0, 0x0, 0x0, 0x0,
    0x0, 0x0, 0x0,

    /* U+5F0F "式" */
    0x0, 0x0, 0x0, 0x0, 0x0, 0x0, 0x0, 0x0,
    0x0, 0x0, 0x0, 0x0, 0x0, 0x3, 0xff, 0x17,
    0xd3, 0x0, 0x0, 0x0, 0x0, 0x0, 0x3, 0xff,
    0x28, 0xff, 0x40, 0x2, 0x22, 0x22, 0x22, 0x24,
    0xff, 0x42, 0x8d, 0x30, 0x1f, 0xff, 0xff, 0xff,
    0xff, 0xff, 0xff, 0xff, 0xf1, 0x1f, 0xff, 0xff,
    0xff, 0xff, 0xff, 0xff, 0xff, 0xf1, 0x0, 0x0,
    0x0, 0x0, 0x0, 0xff, 0x40, 0x0, 0x0, 0x0,
    0x0, 0x0, 0x0, 0x0, 0xef, 0x60, 0x0, 0x0,
    0x6, 0xff, 0xff, 0xff, 0xf6, 0xcf, 0x70, 0x0,
    0x0, 0x6, 0xff, 0xff, 0xff, 0xf6, 0xaf, 0x90,
    0x0, 0x0, 0x0, 0x0, 0xaf, 0x80, 0x0, 0x8f,
    0xc0, 0x0, 0x0, 0x0, 0x0, 0xaf, 0x70, 0x0,
    0x6f, 0xf0, 0x0, 0x0, 0x0, 0x0, 0xaf, 0x70,
    0x0, 0x2f, 0xf3, 0x3, 0x20, 0x0, 0x0, 0xaf,
    0x70, 0x14, 0xe, 0xf7, 0x5, 0xe4, 0x0, 0x2,
    0xcf, 0xee, 0xfe, 0x9, 0xfd, 0x7, 0xf7, 0xc,
    0xff, 0xff, 0xff, 0xfc, 0x2, 0xff, 0x9c, 0xf4,
    0xc, 0xff, 0xea, 0x73, 0x0, 0x0, 0x9f, 0xff,
    0xe0, 0x4, 0x41, 0x0, 0x0, 0x0, 0x0, 0x8,
    0xee, 0x50,

    /* U+5F20 "张" */
    0x0, 0x0, 0x0, 0x0, 0x22, 0x0, 0x0, 0x0,
    0x0, 0x7f, 0xff, 0xfc, 0x3, 0xfe, 0x0, 0x1,
    0xa5, 0x0, 0x7f, 0xff, 0xfc, 0x3, 0xfe, 0x0,
    0xc, 0xfc, 0x0, 0x0, 0x4, 0xfc, 0x3, 0xfe,
    0x0, 0x8f, 0xf2, 0x0, 0x0, 0x3, 0xfc, 0x3,
    0xfe, 0x9, 0xff, 0x60, 0x0, 0x1f, 0xff, 0xfc,
    0x3, 0xfe, 0x6f, 0xf6, 0x0, 0x0, 0x2f, 0xff,
    0xfc, 0x3, 0xfe, 0x7, 0x50, 0x0, 0x0, 0x3f,
    0xc0, 0x0, 0xde, 0xff, 0xdd, 0xdd, 0xdd, 0x80,
    0x4f, 0xa0, 0x0, 0xff, 0xff, 0xff, 0xff, 0xff,
    0x90, 0x6f, 0xa1, 0x11, 0x8a, 0xff, 0x8e, 0xfa,
    0x88, 0x50, 0x8f, 0xff, 0xfe, 0x3, 0xfe, 0x9,
    0xf8, 0x0, 0x0, 0x8d, 0xde, 0xfd, 0x3, 0xfe,
    0x5, 0xfe, 0x0, 0x0, 0x0, 0x5, 0xfc, 0x3,
    0xfe, 0x0, 0xff, 0x40, 0x0, 0x0, 0x7, 0xfa,
    0x3, 0xfe, 0x0, 0x9f, 0xb0, 0x0, 0x0, 0x8,
    0xf9, 0x3, 0xff, 0x7d, 0x2f, 0xf6, 0x0, 0x0,
    0xc, 0xf7, 0x7, 0xff, 0xff, 0x8, 0xff, 0x60,
    0x4d, 0xef, 0xf3, 0x1f, 0xff, 0xc5, 0x0, 0xcf,
    0xa0, 0xf, 0xfe, 0x70, 0x9, 0xb3, 0x0, 0x0,
    0x8, 0x0, 0x0, 0x0, 0x0, 0x0, 0x0, 0x0,
    0x0, 0x0, 0x0,

    /* U+5F39 "弹" */
    0x0, 0x0, 0x0, 0x0, 0x48, 0x0, 0x0, 0xa6,
    0x0, 0xf, 0xff, 0xff, 0x41, 0xef, 0x60, 0x6,
    0xfe, 0x0, 0xe, 0xee, 0xff, 0x40, 0x6f, 0xf1,
    0xd, 0xf7, 0x0, 0x0, 0x0, 0xbf, 0x40, 0xe,
    0x80, 0x5f, 0xe0, 0x0, 0x0, 0x0, 0xbf, 0x48,
    0xaa, 0xaa, 0xef, 0xda, 0x90, 0x9, 0xcc, 0xff,
    0x4d, 0xff, 0xff, 0xff, 0xff, 0xe0, 0xc, 0xff,
    0xff, 0x4d, 0xf1, 0x2f, 0xf2, 0x2f, 0xe0, 0xc,
    0xf7, 0x66, 0x2d, 0xfa, 0xaf, 0xfa, 0xaf, 0xe0,
    0xc, 0xf0, 0x0, 0xd, 0xff, 0xff, 0xff, 0xff,
    0xe0, 0xd, 0xf7, 0x77, 0x2d, 0xf1, 0x2f, 0xf2,
    0x2f, 0xe0, 0xe, 0xff, 0xff, 0x4d, 0xff, 0xff,
    0xff, 0xff, 0xe0, 0x5, 0x55, 0xdf, 0x38, 0x99,
    0xaf, 0xfa, 0x99, 0x80, 0x0, 0x0, 0xcf, 0x31,
    0x11, 0x3f, 0xf3, 0x11, 0x10, 0x0, 0x0, 0xef,
    0xcf, 0xff, 0xff, 0xff, 0xff, 0xf8, 0x0, 0x0,
    0xff, 0x8c, 0xcc, 0xdf, 0xfd, 0xcc, 0xc6, 0x1,
    0x5, 0xfd, 0x0, 0x0, 0x1f, 0xf1, 0x0, 0x0,
    0x8, 0xff, 0xfa, 0x0, 0x0, 0x1f, 0xf1, 0x0,
    0x0, 0x4, 0xff, 0xc1, 0x0, 0x0, 0x1f, 0xf1,
    0x0, 0x0, 0x0, 0x0, 0x0, 0x0, 0x0, 0x1,
    0x10, 0x0, 0x0,

    /* U+5F80 "往" */
    0x0, 0x0, 0x20, 0x0, 0x0, 0x3, 0x0, 0x0,
    0x0, 0x0, 0x8, 0xfb, 0x0, 0x0, 0xdf, 0x50,
    0x0, 0x0, 0x0, 0x5f, 0xf5, 0x0, 0x0, 0x8f,
    0xd0, 0x0, 0x0, 0x7, 0xff, 0x80, 0x0, 0x0,
    0x1f, 0xb1, 0x0, 0x0, 0x2f, 0xf8, 0x20, 0x7f,
    0xff, 0xff, 0xff, 0xff, 0xe0, 0x9, 0x62, 0xee,
    0xbf, 0xff, 0xff, 0xff, 0xff, 0xe0, 0x0, 0xc,
    0xfc, 0x11, 0x11, 0x5f, 0xf1, 0x11, 0x10, 0x0,
    0xbf, 0xf2, 0x0, 0x0, 0x4f, 0xf0, 0x0, 0x0,
    0x1c, 0xff, 0xf0, 0x0, 0x0, 0x4f, 0xf0, 0x0,
    0x0, 0x6f, 0xff, 0xf0, 0xd, 0xee, 0xff, 0xfe,
    0xee, 0x50, 0xe, 0x9f, 0xf0, 0xe, 0xff, 0xff,
    0xff, 0xff, 0x50, 0x1, 0x3f, 0xf0, 0x2, 0x22,
    0x5f, 0xf2, 0x22, 0x0, 0x0, 0x3f, 0xf0, 0x0,
    0x0, 0x4f, 0xf0, 0x0, 0x0, 0x0, 0x3f, 0xf0,
    0x0, 0x0, 0x4f, 0xf0, 0x0, 0x0, 0x0, 0x3f,
    0xf0, 0x0, 0x0, 0x4f, 0xf0, 0x0, 0x0, 0x0,
    0x3f, 0xf1, 0xff, 0xff, 0xff, 0xff, 0xff, 0xf6,
    0x0, 0x3f, 0xf1, 0xff, 0xff, 0xff, 0xff, 0xff,
    0xf6, 0x0, 0x3f, 0xf0, 0x0, 0x0, 0x0, 0x0,
    0x0, 0x0,

    /* U+5F85 "待" */
    0x0, 0x0, 0x0, 0x0, 0x0, 0x0, 0x0, 0x0,
    0x0, 0x0, 0x4, 0xe9, 0x0, 0x0, 0x6f, 0xc0,
    0x0, 0x0, 0x0, 0x2f, 0xf8, 0x0, 0x0, 0x6f,
    0xc0, 0x0, 0x0, 0x5, 0xff, 0x90, 0x1f, 0xff,
    0xff, 0xff, 0xff, 0xa0, 0x4f, 0xf7, 0x0, 0x1e,
    0xee, 0xff, 0xfe, 0xee, 0x90, 0xa, 0x40, 0xcd,
    0x30, 0x0, 0x6f, 0xc0, 0x0, 0x0, 0x0, 0x9,
    0xfd, 0xee, 0xee, 0xff, 0xfe, 0xee, 0xe7, 0x0,
    0x6f, 0xf4, 0xff, 0xff, 0xff, 0xff, 0xff, 0xf8,
    0x8, 0xff, 0xf1, 0x0, 0x0, 0x0, 0xe, 0xf4,
    0x0, 0x7f, 0xff, 0xf0, 0x11, 0x11, 0x11, 0x1e,
    0xf4, 0x10, 0x2f, 0xbf, 0xf0, 0xef, 0xff, 0xff,
    0xff, 0xff, 0xf5, 0x6, 0xf, 0xf0, 0xcd, 0xdd,
    0xdd, 0xdf, 0xfe, 0xd4, 0x0, 0xf, 0xf0, 0x4,
    0xc3, 0x0, 0xe, 0xf3, 0x0, 0x0, 0xf, 0xf0,
    0x8, 0xfe, 0x10, 0xe, 0xf3, 0x0, 0x0, 0xf,
    0xf0, 0x0, 0xdf, 0x90, 0xe, 0xf3, 0x0, 0x0,
    0xf, 0xf0, 0x0, 0x5e, 0x60, 0xf, 0xf3, 0x0,
    0x0, 0xf, 0xf0, 0x0, 0x1, 0x4f, 0xff, 0xf1,
    0x0, 0x0, 0xf, 0xf0, 0x0, 0x0, 0xf, 0xfd,
    0x70, 0x0, 0x0, 0x0, 0x0, 0x0, 0x0, 0x0,
    0x0, 0x0, 0x0,

    /* U+5FAE "微" */
    0x0, 0x4, 0xd7, 0x0, 0xbd, 0x0, 0x9, 0xd4,
    0x0, 0x0, 0x2, 0xff, 0x5b, 0x6b, 0xd4, 0xc0,
    0xcf, 0x30, 0x0, 0x4, 0xff, 0x90, 0xd8, 0xbd,
    0x5f, 0x1f, 0xf0, 0x0, 0x0, 0xaf, 0x95, 0x2d,
    0x8b, 0xd5, 0xf4, 0xff, 0xcc, 0xc2, 0x1, 0x73,
    0xff, 0xef, 0xff, 0xff, 0x9f, 0xff, 0xff, 0x30,
    0x0, 0xcf, 0x8a, 0xbb, 0xbb, 0xcf, 0xf5, 0x5f,
    0x80, 0x0, 0x8f, 0xf2, 0x55, 0x55, 0x58, 0xff,
    0x68, 0xf5, 0x0, 0x6f, 0xff, 0x2f, 0xff, 0xff,
    0xff, 0xf9, 0xbf, 0x30, 0xc, 0xff, 0xf2, 0x66,
    0x66, 0x66, 0x6d, 0xdd, 0xf0, 0x0, 0x3b, 0xdf,
    0x15, 0xff, 0xff, 0x70, 0x9f, 0xfc, 0x0, 0x0,
    0xd, 0xf1, 0x5f, 0xcb, 0xf8, 0x5, 0xff, 0x70,
    0x0, 0x0, 0xdf, 0x16, 0xf6, 0x2f, 0x97, 0x1f,
    0xf2, 0x0, 0x0, 0xd, 0xf1, 0x7f, 0x44, 0xff,
    0xf7, 0xff, 0x50, 0x0, 0x0, 0xdf, 0x1a, 0xf2,
    0x9f, 0xe7, 0xff, 0xfe, 0x10, 0x0, 0xd, 0xf3,
    0xff, 0x4, 0xc4, 0xef, 0x9c, 0xfd, 0x10, 0x0,
    0xdf, 0x6f, 0x90, 0x0, 0xcf, 0xc0, 0x3f, 0xf2,
    0x0, 0xd, 0xf1, 0x61, 0x0, 0x3, 0xb0, 0x0,
    0x45, 0x0, 0x0, 0x0, 0x0, 0x0, 0x0, 0x0,
    0x0, 0x0, 0x0,

    /* U+5FD9 "忙" */
    0x0, 0x0, 0x0, 0x0, 0x0, 0x1, 0x0, 0x0,
    0x0, 0x0, 0x1f, 0xc0, 0x0, 0x0, 0x7f, 0x70,
    0x0, 0x0, 0x0, 0x1f, 0xc0, 0x0, 0x0, 0x3f,
    0xf4, 0x0, 0x0, 0x0, 0x1f, 0xd3, 0x0, 0x0,
    0x7, 0xd5, 0x0, 0x0, 0xa, 0xbf, 0xff, 0x6c,
    0xcc, 0xcc, 0xcc, 0xcc, 0xc8, 0xe, 0xcf, 0xef,
    0xdf, 0xff, 0xff, 0xff, 0xff, 0xfa, 0xf, 0xaf,
    0xcb, 0xf6, 0xaf, 0xb4, 0x44, 0x44, 0x43, 0x3f,
    0x8f, 0xc6, 0x70, 0x7f, 0x90, 0x0, 0x0, 0x0,
    0x7f, 0x4f, 0xc0, 0x0, 0x7f, 0x90, 0x0, 0x0,
    0x0, 0x4, 0x1f, 0xc0, 0x0, 0x7f, 0x90, 0x0,
    0x0, 0x0, 0x0, 0x1f, 0xc0, 0x0, 0x7f, 0x90,
    0x0, 0x0, 0x0, 0x0, 0x1f, 0xc0, 0x0, 0x7f,
    0x90, 0x0, 0x0, 0x0, 0x0, 0x1f, 0xc0, 0x0,
    0x7f, 0x90, 0x0, 0x0, 0x0, 0x0, 0x1f, 0xc0,
    0x0, 0x7f, 0x90, 0x0, 0x0, 0x0, 0x0, 0x1f,
    0xc0, 0x0, 0x7f, 0xa0, 0x0, 0x0, 0x0, 0x0,
    0x1f, 0xc0, 0x0, 0x7f, 0xff, 0xff, 0xff, 0xf0,
    0x0, 0x1f, 0xc0, 0x0, 0x6d, 0xdd, 0xdd, 0xdd,
    0xd0, 0x0, 0x1f, 0xc0, 0x0, 0x0, 0x0, 0x0,
    0x0, 0x0,

    /* U+601D "思" */
    0x0, 0xcf, 0xff, 0xff, 0xff, 0xff, 0xff, 0xf2,
    0x0, 0x0, 0xcf, 0xed, 0xde, 0xff, 0xdd, 0xdf,
    0xf2, 0x0, 0x0, 0xcf, 0x40, 0x2, 0xfe, 0x0,
    0xe, 0xf2, 0x0, 0x0, 0xcf, 0x40, 0x3, 0xfe,
    0x0, 0xf, 0xf2, 0x0, 0x0, 0xcf, 0xff, 0xff,
    0xff, 0xff, 0xff, 0xf2, 0x0, 0x0, 0xcf, 0xcb,
    0xbb, 0xff, 0xbb, 0xbf, 0xf2, 0x0, 0x0, 0xcf,
    0x40, 0x2, 0xfe, 0x0, 0xe, 0xf2, 0x0, 0x0,
    0xcf, 0xdd, 0xdd, 0xff, 0xdd, 0xdf, 0xf2, 0x0,
    0x0, 0xcf, 0xff, 0xff, 0xff, 0xff, 0xff, 0xf2,
    0x0, 0x0, 0x0, 0x0, 0x5, 0xe4, 0x0, 0x0,
    0x0, 0x0, 0x0, 0x0, 0x0, 0xe, 0xff, 0x50,
    0x0, 0x0, 0x0, 0x0, 0xdb, 0x28, 0x85, 0xdf,
    0xf4, 0x8, 0xe3, 0x0, 0x3, 0xff, 0x2f, 0xf2,
    0xb, 0xf5, 0xa, 0xfd, 0x0, 0xa, 0xfa, 0x1f,
    0xf2, 0x0, 0x44, 0xa4, 0xff, 0x60, 0x3f, 0xf4,
    0x1f, 0xf4, 0x0, 0x8, 0xf7, 0x9f, 0xd0, 0x3c,
    0xc0, 0xf, 0xff, 0xff, 0xff, 0xf3, 0x2f, 0x90,
    0x0, 0x10, 0x5, 0xdf, 0xff, 0xfe, 0x80, 0x0,
    0x0,

    /* U+6062 "恢" */
    0x0, 0x0, 0x0, 0x0, 0x0, 0x0, 0x0, 0x0,
    0x0, 0x0, 0x1f, 0xe0, 0x0, 0x7f, 0x70, 0x0,
    0x0, 0x0, 0x0, 0x1f, 0xe0, 0x0, 0x9f, 0x60,
    0x0, 0x0, 0x0, 0x0, 0x1f, 0xe3, 0x9d, 0xff,
    0xed, 0xdd, 0xdd, 0xd1, 0x7, 0xbf, 0xff, 0xdf,
    0xff, 0xff, 0xff, 0xff, 0xf1, 0xb, 0xff, 0xff,
    0x81, 0xff, 0x10, 0x36, 0x20, 0x0, 0xd, 0xdf,
    0xeb, 0xb2, 0xfc, 0x0, 0x9f, 0x30, 0x0, 0xf,
    0xcf, 0xe7, 0x75, 0xf9, 0x98, 0xaf, 0x2a, 0xa0,
    0x4f, 0x8f, 0xe0, 0x9, 0xf6, 0xea, 0xbf, 0x1f,
    0xb0, 0x6, 0x3f, 0xe0, 0xe, 0xf3, 0xf7, 0xdf,
    0x3f, 0x70, 0x0, 0x1f, 0xe0, 0x3f, 0xc7, 0xf4,
    0xfc, 0x8f, 0x30, 0x0, 0x1f, 0xe0, 0xaf, 0x67,
    0xd5, 0xfb, 0xae, 0x0, 0x0, 0x1f, 0xe2, 0xff,
    0x10, 0x1a, 0xff, 0x31, 0x0, 0x0, 0x1f, 0xeb,
    0xf8, 0x0, 0x3f, 0xff, 0xb0, 0x0, 0x0, 0x1f,
    0xe3, 0xd0, 0x0, 0xdf, 0x8c, 0xf5, 0x0, 0x0,
    0x1f, 0xe0, 0x10, 0x3d, 0xfd, 0x3, 0xff, 0x50,
    0x0, 0x1f, 0xe0, 0x4, 0xff, 0xe2, 0x0, 0x7f,
    0xf3, 0x0, 0x1f, 0xe0, 0x0, 0xa9, 0x10, 0x0,
    0x5, 0x60, 0x0, 0x0, 0x0, 0x0, 0x0, 0x0,
    0x0, 0x0, 0x0,

    /* U+6094 "悔" */
    0x0, 0x0, 0x0, 0x0, 0x0, 0x0, 0x0, 0x0,
    0x0, 0x0, 0x4f, 0xc0, 0x0, 0x6f, 0x80, 0x0,
    0x0, 0x0, 0x0, 0x4f, 0xc0, 0x0, 0xdf, 0xa6,
    0x66, 0x66, 0x61, 0x0, 0x4f, 0xd5, 0x8, 0xff,
    0xff, 0xff, 0xff, 0xf4, 0xb, 0xcf, 0xff, 0x8f,
    0xf5, 0x44, 0x44, 0x44, 0x41, 0xf, 0xef, 0xef,
    0xef, 0xea, 0xaa, 0xaa, 0xaa, 0x40, 0x2f, 0xdf,
    0xcb, 0xe5, 0xff, 0xff, 0xff, 0xff, 0x50, 0x5f,
    0xbf, 0xc4, 0x25, 0xfa, 0x6f, 0x81, 0xaf, 0x50,
    0x9f, 0x8f, 0xc0, 0x7, 0xf8, 0x1c, 0xf1, 0xbf,
    0x40, 0x5, 0x5f, 0xc1, 0xde, 0xfe, 0xdd, 0xfd,
    0xff, 0xd8, 0x0, 0x4f, 0xc1, 0xff, 0xff, 0xff,
    0xff, 0xff, 0xfa, 0x0, 0x4f, 0xc0, 0xd, 0xf3,
    0xcf, 0x60, 0xef, 0x20, 0x0, 0x4f, 0xc0, 0xf,
    0xf0, 0x2c, 0xe0, 0xff, 0x0, 0x0, 0x4f, 0xc0,
    0x2f, 0xfb, 0xbc, 0xdb, 0xff, 0xb2, 0x0, 0x4f,
    0xc0, 0x5f, 0xff, 0xff, 0xff, 0xff, 0xf3, 0x0,
    0x4f, 0xc0, 0x0, 0x0, 0x0, 0x8, 0xf9, 0x0,
    0x0, 0x4f, 0xc0, 0x0, 0x0, 0x9, 0xbf, 0xf5,
    0x0, 0x0, 0x4f, 0xc0, 0x0, 0x0, 0x7, 0xfe,
    0x80, 0x0, 0x0, 0x0, 0x0, 0x0, 0x0, 0x0,
    0x0, 0x0, 0x0,

    /* U+620F "戏" */
    0x0, 0x0, 0x0, 0x0, 0x0, 0x0, 0x0, 0x0,
    0x0, 0x0, 0x0, 0x0, 0x0, 0x5, 0xfd, 0x6,
    0xc0, 0x0, 0x2, 0x22, 0x22, 0x20, 0x5, 0xfe,
    0xc, 0xfc, 0x0, 0xf, 0xff, 0xff, 0xfe, 0x4,
    0xfe, 0x1, 0xdf, 0x60, 0xb, 0xbb, 0xbd, 0xfc,
    0x4, 0xff, 0x0, 0x26, 0x10, 0x0, 0x30, 0x8,
    0xf9, 0x26, 0xff, 0x9b, 0xdf, 0xf3, 0xb, 0xf2,
    0xc, 0xf7, 0xff, 0xff, 0xff, 0xff, 0xe4, 0x9,
    0xfd, 0x1f, 0xf2, 0xdc, 0xff, 0x74, 0x36, 0x0,
    0x0, 0xcf, 0xdf, 0xd0, 0x0, 0xff, 0x40, 0x7f,
    0x90, 0x0, 0x2f, 0xff, 0x80, 0x0, 0xdf, 0x61,
    0xef, 0x40, 0x0, 0x6, 0xff, 0x50, 0x0, 0xbf,
    0x9a, 0xfb, 0x0, 0x0, 0xb, 0xff, 0xd0, 0x0,
    0x7f, 0xff, 0xf2, 0x0, 0x0, 0x5f, 0xff, 0xf9,
    0x0, 0x3f, 0xff, 0x62, 0x10, 0x3, 0xef, 0xa6,
    0xff, 0x20, 0x6f, 0xfb, 0x5, 0xe4, 0x2e, 0xfe,
    0x10, 0xc8, 0x9, 0xff, 0xff, 0x28, 0xf6, 0xc,
    0xf3, 0x0, 0x12, 0xef, 0xfa, 0xff, 0xff, 0xf3,
    0x1, 0x30, 0x0, 0x0, 0x7e, 0x40, 0x4f, 0xff,
    0xc0, 0x0, 0x0, 0x0, 0x0, 0x0, 0x0, 0x3,
    0x9b, 0x20,

    /* U+6210 "成" */
    0x0, 0x0, 0x0, 0x0, 0x0, 0x0, 0x1, 0x0,
    0x0, 0x0, 0x0, 0x0, 0x0, 0x9, 0xfa, 0x6f,
    0xa1, 0x0, 0x0, 0x0, 0x0, 0x0, 0x8, 0xfa,
    0x2b, 0xfe, 0x10, 0x0, 0xcc, 0xcc, 0xcc, 0xce,
    0xff, 0xcc, 0xfe, 0xc3, 0x0, 0xff, 0xff, 0xff,
    0xff, 0xff, 0xff, 0xff, 0xf4, 0x0, 0xff, 0x74,
    0x44, 0x49, 0xfe, 0x44, 0x44, 0x41, 0x0, 0xff,
    0x30, 0x0, 0x4, 0xfe, 0x0, 0x96, 0x10, 0x0,
    0xff, 0xcb, 0xbb, 0x92, 0xff, 0x4, 0xff, 0x10,
    0x1, 0xff, 0xff, 0xff, 0xd0, 0xff, 0x2b, 0xfa,
    0x0, 0x1, 0xff, 0x53, 0x7f, 0xc0, 0xef, 0x7f,
    0xf4, 0x0, 0x2, 0xff, 0x10, 0x4f, 0xc0, 0xaf,
    0xff, 0xd0, 0x0, 0x3, 0xff, 0x0, 0x5f, 0xb0,
    0x7f, 0xff, 0x40, 0x0, 0x4, 0xfe, 0x0, 0x8f,
    0xa0, 0x4f, 0xfb, 0x4, 0x30, 0x6, 0xfd, 0x9f,
    0xff, 0x80, 0xbf, 0xf6, 0x7, 0xf5, 0xa, 0xfa,
    0x5f, 0xfb, 0x1a, 0xff, 0xfc, 0x8, 0xf4, 0xe,
    0xf6, 0x0, 0x1, 0xcf, 0xf8, 0xff, 0x7d, 0xf1,
    0x5f, 0xf1, 0x0, 0x8, 0xff, 0x60, 0x8f, 0xff,
    0xc0, 0xa, 0xa0, 0x0, 0x0, 0xa5, 0x0, 0x8,
    0xed, 0x30, 0x0, 0x10, 0x0, 0x0, 0x0, 0x0,
    0x0, 0x0, 0x0,

    /* U+6211 "我" */
    0x0, 0x0, 0x0, 0x0, 0x0, 0x0, 0x0, 0x0,
    0x0, 0x0, 0x0, 0x25, 0x9d, 0x63, 0xff, 0x2,
    0x60, 0x0, 0xa, 0xdf, 0xff, 0xff, 0xf5, 0xff,
    0x2e, 0xf8, 0x0, 0xd, 0xff, 0xff, 0xb4, 0x1,
    0xff, 0x14, 0xff, 0x60, 0x2, 0x10, 0xaf, 0x70,
    0x1, 0xff, 0x20, 0x6f, 0x80, 0x1, 0x11, 0xbf,
    0x81, 0x11, 0xff, 0x41, 0x14, 0x10, 0x1f, 0xff,
    0xff, 0xff, 0xff, 0xff, 0xff, 0xff, 0xf2, 0x1f,
    0xff, 0xff, 0xff, 0xff, 0xff, 0xff, 0xff, 0xf2,
    0x0, 0x0, 0xaf, 0x70, 0x0, 0xbf, 0x80, 0x21,
    0x0, 0x0, 0x0, 0xaf, 0x71, 0x42, 0x9f, 0xa0,
    0xef, 0x40, 0x0, 0x25, 0xdf, 0xff, 0xf5, 0x6f,
    0xd9, 0xfd, 0x0, 0x4f, 0xff, 0xff, 0xff, 0xd4,
    0x3f, 0xff, 0xf4, 0x0, 0x1f, 0xfe, 0xef, 0x91,
    0x0, 0xf, 0xff, 0x70, 0x0, 0x4, 0x10, 0xaf,
    0x70, 0x0, 0x8f, 0xfc, 0x3, 0xa1, 0x0, 0x0,
    0xaf, 0x70, 0x2b, 0xff, 0xfe, 0x4, 0xf8, 0x1,
    0x11, 0xcf, 0x77, 0xff, 0xf7, 0xff, 0x88, 0xf6,
    0x4, 0xff, 0xff, 0x53, 0xfc, 0x20, 0x7f, 0xff,
    0xf1, 0x0, 0xef, 0xe8, 0x0, 0x30, 0x0, 0x8,
    0xff, 0x80, 0x0, 0x0, 0x0, 0x0, 0x0, 0x0,
    0x0, 0x0, 0x0,

    /* U+6216 "或" */
    0x0, 0x0, 0x0, 0x0, 0x0, 0x0, 0x0, 0x0,
    0x0, 0x0, 0x0, 0x0, 0x0, 0x7, 0xfd, 0x1b,
    0xd5, 0x0, 0x0, 0x0, 0x0, 0x0, 0x7, 0xfd,
    0x7, 0xff, 0x40, 0xd, 0xdd, 0xdd, 0xdd, 0xde,
    0xff, 0xdd, 0xef, 0xd1, 0xf, 0xff, 0xff, 0xff,
    0xff, 0xff, 0xff, 0xff, 0xf1, 0x4, 0x44, 0x44,
    0x44, 0x47, 0xff, 0x44, 0x44, 0x40, 0x0, 0x22,
    0x22, 0x22, 0x12, 0xff, 0x10, 0x52, 0x0, 0x2,
    0xff, 0xff, 0xff, 0x90, 0xff, 0x31, 0xff, 0x50,
    0x2, 0xfe, 0xaa, 0xdf, 0x90, 0xef, 0x68, 0xfe,
    0x0, 0x2, 0xfc, 0x0, 0x8f, 0x90, 0xcf, 0x9e,
    0xf8, 0x0, 0x2, 0xff, 0xbb, 0xdf, 0x90, 0x8f,
    0xff, 0xf2, 0x0, 0x2, 0xff, 0xff, 0xff, 0x90,
    0x5f, 0xff, 0x80, 0x0, 0x0, 0x11, 0x11, 0x11,
    0x30, 0x1f, 0xfe, 0x5, 0x30, 0x0, 0x0, 0x37,
    0xbe, 0xf0, 0x8f, 0xf9, 0x7, 0xf5, 0x9, 0xdf,
    0xff, 0xff, 0xf7, 0xff, 0xfe, 0x9, 0xf5, 0xf,
    0xff, 0xff, 0xc9, 0xcf, 0xfe, 0xff, 0x9d, 0xf2,
    0xb, 0xb8, 0x40, 0x5, 0xff, 0xc1, 0x8f, 0xff,
    0xd0, 0x0, 0x0, 0x0, 0x0, 0x8b, 0x0, 0x9,
    0xfd, 0x30, 0x0, 0x0, 0x0, 0x0, 0x0, 0x0,
    0x0, 0x0, 0x0,

    /* U+6218 "战" */
    0x0, 0x5f, 0xb0, 0x0, 0x0, 0xff, 0x3, 0x20,
    0x0, 0x5, 0xfb, 0x0, 0x0, 0xf, 0xf3, 0xfd,
    0x0, 0x0, 0x5f, 0xb0, 0x0, 0x0, 0xef, 0x18,
    0xf8, 0x0, 0x5, 0xff, 0xff, 0xf2, 0xd, 0xf1,
    0xb, 0x30, 0x0, 0x5f, 0xfd, 0xdd, 0x20, 0xcf,
    0x55, 0x7a, 0x0, 0x5, 0xfb, 0x0, 0x9, 0xcf,
    0xff, 0xff, 0xf2, 0x0, 0x5f, 0xb0, 0x0, 0xcf,
    0xff, 0xc8, 0x74, 0x1, 0x16, 0xfc, 0x11, 0x13,
    0x29, 0xf6, 0xe, 0x90, 0xdf, 0xff, 0xff, 0xff,
    0x0, 0x7f, 0x87, 0xf9, 0xd, 0xfd, 0xdd, 0xdf,
    0xf0, 0x5, 0xfb, 0xef, 0x20, 0xdf, 0x10, 0x0,
    0xff, 0x0, 0x2f, 0xff, 0xa0, 0xd, 0xf1, 0x0,
    0xf, 0xf0, 0x0, 0xef, 0xe1, 0x0, 0xdf, 0x10,
    0x0, 0xff, 0x0, 0x3f, 0xf7, 0xd, 0x3d, 0xfe,
    0xee, 0xef, 0xf0, 0x4f, 0xff, 0xb2, 0xf6, 0xdf,
    0xff, 0xff, 0xff, 0x9f, 0xfe, 0xff, 0xcf, 0x3d,
    0xf1, 0x0, 0x1f, 0xfa, 0xfe, 0x2a, 0xff, 0xe0,
    0xdf, 0x10, 0x0, 0xed, 0x1b, 0x10, 0xa, 0xe5,
    0x0, 0x0, 0x0, 0x0, 0x0, 0x0, 0x0, 0x0,
    0x0,

    /* U+6240 "所" */
    0x0, 0x0, 0x0, 0x0, 0x0, 0x0, 0x0, 0x0,
    0x0, 0x0, 0x1, 0x36, 0xae, 0x20, 0x0, 0x37,
    0xbf, 0x80, 0x3, 0xef, 0xff, 0xff, 0xb2, 0xdf,
    0xff, 0xff, 0xe2, 0x3, 0xff, 0xb9, 0x62, 0x3,
    0xff, 0xc9, 0x73, 0x0, 0x3, 0xfe, 0x0, 0x0,
    0x3, 0xff, 0x0, 0x0, 0x0, 0x3, 0xff, 0xdd,
    0xdd, 0x43, 0xff, 0x0, 0x0, 0x0, 0x3, 0xff,
    0xff, 0xff, 0x43, 0xff, 0x66, 0x66, 0x64, 0x3,
    0xfe, 0x0, 0xcf, 0x43, 0xff, 0xff, 0xff, 0xfa,
    0x4, 0xfe, 0x0, 0xcf, 0x43, 0xff, 0x9a, 0xff,
    0x96, 0x4, 0xff, 0xdd, 0xff, 0x44, 0xfe, 0x2,
    0xff, 0x0, 0x5, 0xff, 0xff, 0xff, 0x45, 0xfd,
    0x2, 0xff, 0x0, 0x5, 0xfc, 0x0, 0x0, 0x7,
    0xfb, 0x2, 0xff, 0x0, 0x6, 0xfa, 0x0, 0x0,
    0xb, 0xf8, 0x2, 0xff, 0x0, 0x8, 0xf8, 0x0,
    0x0, 0x1f, 0xf4, 0x2, 0xff, 0x0, 0xb, 0xf6,
    0x0, 0x0, 0x8f, 0xe0, 0x2, 0xff, 0x0, 0xf,
    0xf3, 0x0, 0x4, 0xff, 0x70, 0x2, 0xff, 0x0,
    0x5f, 0xf0, 0x0, 0xd, 0xfd, 0x10, 0x2, 0xff,
    0x0, 0x7, 0x90, 0x0, 0x2, 0xd2, 0x0, 0x2,
    0xff, 0x0, 0x0, 0x0, 0x0, 0x0, 0x0, 0x0,
    0x0, 0x0, 0x0,

    /* U+624B "手" */
    0x0, 0x0, 0x0, 0x0, 0x0, 0x0, 0x2, 0x20,
    0x0, 0x0, 0x0, 0x12, 0x34, 0x68, 0xac, 0xff,
    0xe1, 0x0, 0x0, 0xdf, 0xff, 0xff, 0xff, 0xff,
    0xff, 0xb5, 0x0, 0x0, 0x9e, 0xdc, 0xbb, 0xff,
    0x94, 0x10, 0x0, 0x0, 0x0, 0x0, 0x0, 0x0,
    0xef, 0x50, 0x0, 0x0, 0x0, 0x0, 0x11, 0x11,
    0x11, 0xff, 0x61, 0x11, 0x11, 0x0, 0x0, 0xdf,
    0xff, 0xff, 0xff, 0xff, 0xff, 0xff, 0x60, 0x0,
    0xcf, 0xff, 0xff, 0xff, 0xff, 0xff, 0xff, 0x50,
    0x0, 0x0, 0x0, 0x0, 0xef, 0x50, 0x0, 0x0,
    0x0, 0x0, 0x0, 0x0, 0x0, 0xff, 0x50, 0x0,
    0x0, 0x0, 0x1f, 0xff, 0xff, 0xff, 0xff, 0xff,
    0xff, 0xff, 0xf7, 0x1f, 0xff, 0xff, 0xff, 0xff,
    0xff, 0xff, 0xff, 0xf7, 0x1, 0x11, 0x11, 0x11,
    0xff, 0x61, 0x11, 0x11, 0x10, 0x0, 0x0, 0x0,
    0x0, 0xef, 0x50, 0x0, 0x0, 0x0, 0x0, 0x0,
    0x0, 0x0, 0xef, 0x50, 0x0, 0x0, 0x0, 0x0,
    0x0, 0x11, 0x12, 0xff, 0x40, 0x0, 0x0, 0x0,
    0x0, 0x0, 0x8f, 0xff, 0xff, 0x20, 0x0, 0x0,
    0x0, 0x0, 0x0, 0x1f, 0xfe, 0xb4, 0x0, 0x0,
    0x0, 0x0, 0x0, 0x0, 0x0, 0x0, 0x0, 0x0,
    0x0, 0x0, 0x0,

    /* U+624D "才" */
    0x0, 0x0, 0x0, 0x0, 0x0, 0x7f, 0xe0, 0x0,
    0x0, 0x0, 0x0, 0x0, 0x0, 0x7, 0xfe, 0x0,
    0x0, 0x0, 0x0, 0x0, 0x0, 0x0, 0x7f, 0xe0,
    0x0, 0x0, 0xdf, 0xff, 0xff, 0xff, 0xff, 0xff,
    0xff, 0xff, 0xd, 0xff, 0xff, 0xff, 0xff, 0xff,
    0xff, 0xff, 0xf0, 0x34, 0x44, 0x44, 0x4f, 0xff,
    0xfe, 0x44, 0x44, 0x0, 0x0, 0x0, 0x8, 0xff,
    0xbf, 0xe0, 0x0, 0x0, 0x0, 0x0, 0x3, 0xff,
    0x97, 0xfe, 0x0, 0x0, 0x0, 0x0, 0x2, 0xef,
    0xe0, 0x7f, 0xe0, 0x0, 0x0, 0x0, 0x1, 0xdf,
    0xf3, 0x7, 0xfe, 0x0, 0x0, 0x0, 0x1, 0xdf,
    0xf6, 0x0, 0x7f, 0xe0, 0x0, 0x0, 0x2, 0xdf,
    0xf9, 0x0, 0x7, 0xfe, 0x0, 0x0, 0x7, 0xff,
    0xf9, 0x0, 0x0, 0x7f, 0xe0, 0x0, 0x3, 0xff,
    0xf8, 0x0, 0x0, 0x7, 0xfe, 0x0, 0x0, 0x5,
    0xf5, 0x0, 0x3, 0x43, 0xaf, 0xe0, 0x0, 0x0,
    0x1, 0x0, 0x0, 0x7f, 0xff, 0xfb, 0x0, 0x0,
    0x0, 0x0, 0x0, 0x2, 0xff, 0xea, 0x10, 0x0,
    0x0, 0x0, 0x0, 0x0, 0x0, 0x0, 0x0, 0x0,
    0x0,

    /* U+6253 "打" */
    0x0, 0xc, 0xf6, 0x0, 0x0, 0x0, 0x0, 0x0,
    0x0, 0x0, 0xc, 0xf6, 0x2, 0xcc, 0xcc, 0xcc,
    0xcc, 0xc9, 0x0, 0xc, 0xf6, 0x3, 0xff, 0xff,
    0xff, 0xff, 0xfc, 0x1f, 0xff, 0xff, 0xf7, 0x22,
    0x22, 0x8f, 0xe2, 0x21, 0x1f, 0xff, 0xff, 0xf7,
    0x0, 0x0, 0x6f, 0xe0, 0x0, 0x1, 0x1c, 0xf7,
    0x10, 0x0, 0x0, 0x6f, 0xe0, 0x0, 0x0, 0xc,
    0xf6, 0x0, 0x0, 0x0, 0x6f, 0xe0, 0x0, 0x0,
    0xc, 0xf9, 0x75, 0x0, 0x0, 0x6f, 0xe0, 0x0,
    0x2, 0x6e, 0xff, 0xfa, 0x0, 0x0, 0x6f, 0xe0,
    0x0, 0x2f, 0xff, 0xff, 0xd7, 0x0, 0x0, 0x6f,
    0xe0, 0x0, 0xe, 0xff, 0xf7, 0x0, 0x0, 0x0,
    0x6f, 0xe0, 0x0, 0x2, 0xc, 0xf6, 0x0, 0x0,
    0x0, 0x6f, 0xe0, 0x0, 0x0, 0xc, 0xf6, 0x0,
    0x0, 0x0, 0x6f, 0xe0, 0x0, 0x0, 0xc, 0xf6,
    0x0, 0x0, 0x0, 0x6f, 0xe0, 0x0, 0x0, 0xd,
    0xf6, 0x0, 0x4, 0x44, 0xaf, 0xd0, 0x0, 0xa,
    0xff, 0xf4, 0x0, 0x8, 0xff, 0xff, 0xa0, 0x0,
    0x5, 0xfe, 0x80, 0x0, 0x3, 0xff, 0xea, 0x10,
    0x0, 0x0, 0x0, 0x0, 0x0, 0x0, 0x0, 0x0,
    0x0, 0x0,

    /* U+6263 "扣" */
    0x0, 0xf, 0xf2, 0x0, 0x0, 0x0, 0x0, 0x0,
    0x0, 0x0, 0xff, 0x20, 0x28, 0x88, 0x88, 0x88,
    0x82, 0x0, 0x1f, 0xf3, 0x4, 0xff, 0xff, 0xff,
    0xff, 0x55, 0xff, 0xff, 0xfe, 0x4f, 0xe6, 0x66,
    0x6f, 0xf5, 0x5f, 0xff, 0xff, 0xe4, 0xfd, 0x0,
    0x0, 0xef, 0x50, 0x0, 0xff, 0x20, 0x4f, 0xd0,
    0x0, 0xe, 0xf5, 0x0, 0xf, 0xf2, 0x4, 0xfd,
    0x0, 0x0, 0xef, 0x50, 0x0, 0xff, 0x20, 0x4f,
    0xd0, 0x0, 0xe, 0xf5, 0x0, 0x1f, 0xfd, 0xf5,
    0xfd, 0x0, 0x0, 0xef, 0x55, 0xcf, 0xff, 0xff,
    0x6f, 0xd0, 0x0, 0xe, 0xf5, 0x5f, 0xff, 0xf6,
    0x4, 0xfd, 0x0, 0x0, 0xef, 0x51, 0x62, 0xff,
    0x20, 0x4f, 0xd0, 0x0, 0xe, 0xf5, 0x0, 0xf,
    0xf2, 0x4, 0xfd, 0x44, 0x44, 0xff, 0x50, 0x0,
    0xff, 0x20, 0x4f, 0xff, 0xff, 0xff, 0xf5, 0x0,
    0x2f, 0xf2, 0x4, 0xff, 0xcc, 0xcc, 0xff, 0x50,
    0xef, 0xff, 0x0, 0x4f, 0xd0, 0x0, 0xd, 0xe4,
    0x9, 0xfd, 0x50, 0x0, 0x11, 0x0, 0x0, 0x0,
    0x0,

    /* U+6267 "执" */
    0x0, 0x0, 0x0, 0x0, 0x0, 0x0, 0x0, 0x0,
    0x0, 0x0, 0x2f, 0xe0, 0x0, 0xc, 0xf4, 0x0,
    0x0, 0x0, 0x0, 0x2f, 0xe0, 0x0, 0xc, 0xf4,
    0x0, 0x0, 0x0, 0x0, 0x2f, 0xe0, 0x0, 0xc,
    0xf4, 0x0, 0x0, 0x0, 0x1f, 0xff, 0xff, 0xae,
    0xef, 0xfe, 0xee, 0xe4, 0x0, 0x1f, 0xff, 0xff,
    0xaf, 0xff, 0xff, 0xff, 0xf4, 0x0, 0x0, 0x2f,
    0xe0, 0x0, 0xd, 0xf3, 0xe, 0xf3, 0x0, 0x0,
    0x2f, 0xe0, 0x0, 0xf, 0xf1, 0xe, 0xf2, 0x0,
    0x0, 0x2f, 0xf8, 0x7c, 0xbf, 0xf0, 0xf, 0xf2,
    0x0, 0x4, 0x9f, 0xff, 0xef, 0xff, 0xe0, 0xf,
    0xf1, 0x0, 0x3f, 0xff, 0xfa, 0x41, 0xbf, 0xfc,
    0x2f, 0xf1, 0x0, 0xf, 0xcf, 0xe0, 0x0, 0xaf,
    0xff, 0xff, 0xf1, 0x0, 0x0, 0x2f, 0xe0, 0x1,
    0xff, 0x6d, 0xbe, 0xf1, 0x0, 0x0, 0x2f, 0xe0,
    0x7, 0xfd, 0x0, 0x1d, 0xf1, 0x20, 0x0, 0x2f,
    0xe0, 0x1e, 0xf6, 0x0, 0xc, 0xf2, 0xf6, 0x0,
    0x3f, 0xe1, 0xcf, 0xe0, 0x0, 0x9, 0xf7, 0xfa,
    0xc, 0xff, 0xc9, 0xff, 0x40, 0x0, 0x5, 0xff,
    0xf6, 0x7, 0xfc, 0x30, 0xc6, 0x0, 0x0, 0x0,
    0xaf, 0xc1, 0x0, 0x0, 0x0, 0x0, 0x0, 0x0,
    0x0, 0x0, 0x0,

    /* U+626B "扫" */
    0x0, 0xa, 0xf6, 0x0, 0x0, 0x0, 0x0, 0x0,
    0x0, 0x0, 0xaf, 0x60, 0x8, 0x88, 0x88, 0x88,
    0x88, 0x0, 0xa, 0xf6, 0x0, 0xff, 0xff, 0xff,
    0xff, 0xe1, 0xff, 0xff, 0xff, 0x75, 0x55, 0x55,
    0x56, 0xfe, 0x1f, 0xff, 0xff, 0xf7, 0x0, 0x0,
    0x0, 0x2f, 0xe0, 0x0, 0xbf, 0x60, 0x0, 0x0,
    0x0, 0x2, 0xfe, 0x0, 0xa, 0xf6, 0x0, 0x0,
    0x0, 0x0, 0x2f, 0xe0, 0x0, 0xaf, 0x98, 0x59,
    0xff, 0xff, 0xff, 0xfe, 0x16, 0x9e, 0xff, 0xfa,
    0x9f, 0xff, 0xff, 0xff, 0xe1, 0xff, 0xff, 0xd8,
    0x41, 0x11, 0x11, 0x13, 0xfe, 0x9, 0x7c, 0xf6,
    0x0, 0x0, 0x0, 0x0, 0x2f, 0xe0, 0x0, 0xaf,
    0x60, 0x0, 0x0, 0x0, 0x2, 0xfe, 0x0, 0xa,
    0xf6, 0x0, 0x0, 0x0, 0x0, 0x2f, 0xe0, 0x0,
    0xaf, 0x60, 0x2c, 0xcc, 0xcc, 0xcc, 0xfe, 0x0,
    0xb, 0xf6, 0x2, 0xff, 0xff, 0xff, 0xff, 0xe0,
    0x8e, 0xff, 0x40, 0x3, 0x33, 0x33, 0x35, 0xfe,
    0x4, 0xfe, 0x90, 0x0, 0x0, 0x0, 0x0, 0x2e,
    0xd0, 0x0, 0x0, 0x0, 0x0, 0x0, 0x0, 0x0,
    0x0,

    /* U+627E "找" */
    0x0, 0xf, 0xf0, 0x0, 0xd, 0xe3, 0x4c, 0x20,
    0x0, 0x0, 0xf, 0xf0, 0x0, 0xe, 0xf4, 0xaf,
    0xe2, 0x0, 0x0, 0xf, 0xf0, 0x0, 0xd, 0xf5,
    0xb, 0xfa, 0x0, 0x4f, 0xff, 0xff, 0xf0, 0xc,
    0xf6, 0x14, 0xb6, 0x60, 0x4f, 0xff, 0xff, 0xf8,
    0xbf, 0xff, 0xff, 0xff, 0xe0, 0x0, 0x1f, 0xf1,
    0xb, 0xff, 0xff, 0xfd, 0xca, 0x80, 0x0, 0xf,
    0xf0, 0x5, 0x6b, 0xfa, 0x0, 0x72, 0x0, 0x0,
    0xf, 0xf4, 0x70, 0x6, 0xfc, 0x2, 0xff, 0x10,
    0x3, 0x7f, 0xff, 0xf0, 0x4, 0xff, 0xb, 0xfa,
    0x0, 0x6f, 0xff, 0xff, 0xa1, 0x2, 0xff, 0x8f,
    0xf2, 0x0, 0x2f, 0xdf, 0xf1, 0x0, 0x0, 0xef,
    0xff, 0x80, 0x0, 0x1, 0xf, 0xf0, 0x0, 0x0,
    0xbf, 0xfc, 0x2, 0x0, 0x0, 0xf, 0xf0, 0x0,
    0x3, 0xef, 0xf3, 0x8, 0xc1, 0x0, 0xf, 0xf0,
    0x0, 0x5f, 0xff, 0xfa, 0xb, 0xf2, 0x0, 0x1f,
    0xf0, 0x2b, 0xff, 0xdb, 0xff, 0xef, 0xf0, 0xd,
    0xff, 0xf0, 0x2e, 0xfa, 0x10, 0xdf, 0xff, 0x90,
    0xa, 0xfd, 0x50, 0x2, 0x40, 0x0, 0x8, 0xec,
    0x10, 0x0, 0x0, 0x0, 0x0, 0x0, 0x0, 0x0,
    0x0, 0x0,

    /* U+62D2 "拒" */
    0x0, 0xe, 0xf2, 0x8, 0xff, 0xff, 0xff, 0xff,
    0xd0, 0x0, 0xe, 0xf2, 0x8, 0xff, 0xff, 0xff,
    0xff, 0xd0, 0x2, 0x2e, 0xf5, 0x28, 0xfb, 0x11,
    0x11, 0x11, 0x10, 0x1f, 0xff, 0xff, 0xe8, 0xfb,
    0x0, 0x0, 0x0, 0x0, 0x1f, 0xff, 0xff, 0xe8,
    0xfb, 0x11, 0x11, 0x11, 0x0, 0x5, 0x5f, 0xf7,
    0x58, 0xff, 0xff, 0xff, 0xff, 0x10, 0x0, 0xe,
    0xf2, 0x8, 0xff, 0xee, 0xee, 0xff, 0x10, 0x0,
    0xe, 0xf6, 0x68, 0xfb, 0x0, 0x0, 0xef, 0x10,
    0x17, 0xaf, 0xff, 0xf9, 0xfb, 0x0, 0x0, 0xef,
    0x10, 0x1f, 0xff, 0xf9, 0x48, 0xff, 0xee, 0xee,
    0xff, 0x10, 0x8, 0x5e, 0xf2, 0x8, 0xff, 0xff,
    0xff, 0xff, 0x10, 0x0, 0xe, 0xf2, 0x8, 0xfb,
    0x11, 0x11, 0x11, 0x0, 0x0, 0xe, 0xf2, 0x8,
    0xfb, 0x0, 0x0, 0x0, 0x0, 0x0, 0xe, 0xf2,
    0x8, 0xfb, 0x22, 0x22, 0x22, 0x20, 0x0, 0xe,
    0xf2, 0x8, 0xff, 0xff, 0xff, 0xff, 0xf6, 0xb,
    0xff, 0xf1, 0x8, 0xff, 0xff, 0xff, 0xff, 0xf5,
    0x8, 0xfd, 0x60, 0x0, 0x0, 0x0, 0x0, 0x0,
    0x0, 0x0, 0x0, 0x0, 0x0, 0x0, 0x0, 0x0,
    0x0, 0x0,

    /* U+62E9 "择" */
    0x0, 0x0, 0x0, 0x0, 0x0, 0x0, 0x0, 0x0,
    0x0, 0x0, 0x1f, 0xf0, 0x9, 0xff, 0xff, 0xff,
    0xff, 0x70, 0x0, 0x1f, 0xf0, 0x8, 0xff, 0xfe,
    0xee, 0xff, 0x40, 0x0, 0x1f, 0xf0, 0x0, 0x2f,
    0xe1, 0xb, 0xfc, 0x0, 0x1e, 0xef, 0xfe, 0xd0,
    0x7, 0xfc, 0x8f, 0xe2, 0x0, 0x1f, 0xff, 0xff,
    0xe0, 0x0, 0xcf, 0xff, 0x30, 0x0, 0x0, 0x1f,
    0xf0, 0x0, 0x7, 0xff, 0xff, 0x91, 0x0, 0x0,
    0x1f, 0xf0, 0x18, 0xef, 0xfb, 0xbf, 0xff, 0xa4,
    0x0, 0x1f, 0xf1, 0x6f, 0xfc, 0x41, 0x14, 0xcf,
    0xf6, 0x4, 0x8f, 0xff, 0xc5, 0x30, 0x1f, 0xf2,
    0x3, 0x60, 0x3f, 0xff, 0xfa, 0x46, 0xff, 0xff,
    0xff, 0xff, 0x50, 0xc, 0x8f, 0xf0, 0x5, 0xdd,
    0xdf, 0xfd, 0xdd, 0x40, 0x0, 0x1f, 0xf0, 0x0,
    0x0, 0xf, 0xf1, 0x0, 0x0, 0x0, 0x1f, 0xf0,
    0x4e, 0xee, 0xff, 0xff, 0xee, 0xe7, 0x0, 0x1f,
    0xf0, 0x4f, 0xff, 0xff, 0xff, 0xff, 0xf7, 0x0,
    0x2f, 0xf0, 0x0, 0x0, 0xf, 0xf1, 0x0, 0x0,
    0xb, 0xff, 0xe0, 0x0, 0x0, 0xf, 0xf1, 0x0,
    0x0, 0x6, 0xfd, 0x40, 0x0, 0x0, 0xf, 0xf1,
    0x0, 0x0,

    /* U+62F3 "拳" */
    0x0, 0x0, 0x0, 0x0, 0x45, 0x10, 0x0, 0x0,
    0x0, 0x0, 0x2, 0xc9, 0x0, 0xef, 0x40, 0x7b,
    0x50, 0x0, 0x0, 0x0, 0xef, 0x32, 0xff, 0x11,
    0xff, 0x30, 0x0, 0x0, 0x9a, 0xdf, 0xbc, 0xff,
    0xac, 0xfe, 0xa9, 0x0, 0x0, 0xef, 0xff, 0xff,
    0xff, 0xff, 0xff, 0xfe, 0x0, 0x0, 0x22, 0x22,
    0x9f, 0xe2, 0x22, 0x22, 0x22, 0x0, 0xf, 0xff,
    0xff, 0xff, 0xff, 0xff, 0xff, 0xff, 0xf0, 0xd,
    0xdd, 0xef, 0xfe, 0xdd, 0xdf, 0xfd, 0xdd, 0xd0,
    0x0, 0x7, 0xff, 0xb0, 0x3, 0x6b, 0xfd, 0x30,
    0x0, 0x4, 0xcf, 0xff, 0xef, 0xff, 0xfb, 0xbf,
    0xf9, 0x30, 0x4f, 0xff, 0x73, 0x77, 0xff, 0x30,
    0x9, 0xff, 0xf7, 0xa, 0xa6, 0xee, 0xee, 0xff,
    0xee, 0xee, 0x7b, 0xc0, 0x0, 0x2, 0xaa, 0xaa,
    0xff, 0xaa, 0xaa, 0x20, 0x0, 0x0, 0x99, 0x99,
    0x99, 0xff, 0x99, 0x99, 0x98, 0x0, 0x0, 0xff,
    0xff, 0xff, 0xff, 0xff, 0xff, 0xfe, 0x0, 0x0,
    0x0, 0x0, 0x1, 0xff, 0x10, 0x0, 0x0, 0x0,
    0x0, 0x0, 0x8, 0xbc, 0xff, 0x0, 0x0, 0x0,
    0x0, 0x0, 0x0, 0x5, 0xff, 0xc5, 0x0, 0x0,
    0x0, 0x0,

    /* U+6309 "按" */
    0x0, 0x0, 0x0, 0x0, 0x0, 0x0, 0x0, 0x0,
    0x0, 0x0, 0xf, 0xf1, 0x0, 0x0, 0x5f, 0xd0,
    0x0, 0x0, 0x0, 0xf, 0xf1, 0x1, 0x11, 0x4f,
    0xf3, 0x11, 0x10, 0x0, 0xf, 0xf1, 0xe, 0xff,
    0xff, 0xff, 0xff, 0xf2, 0x2e, 0xef, 0xff, 0xbe,
    0xfa, 0xaa, 0xaa, 0xaf, 0xf2, 0x2f, 0xff, 0xff,
    0xce, 0xf1, 0xaa, 0x30, 0xe, 0xf2, 0x0, 0xf,
    0xf2, 0x8, 0x92, 0xff, 0x20, 0x9, 0x91, 0x0,
    0xf, 0xf1, 0x1, 0x16, 0xfe, 0x11, 0x11, 0x10,
    0x0, 0xf, 0xf1, 0x7f, 0xff, 0xff, 0xff, 0xff,
    0xf6, 0x0, 0xf, 0xf8, 0xdd, 0xdf, 0xfd, 0xde,
    0xff, 0xd5, 0x17, 0xbf, 0xff, 0xf0, 0x7f, 0xd0,
    0xa, 0xf9, 0x0, 0x4f, 0xff, 0xf9, 0x40, 0xef,
    0x60, 0xe, 0xf5, 0x0, 0xc, 0x7f, 0xf1, 0x5,
    0xff, 0xd4, 0x6f, 0xe0, 0x0, 0x0, 0xf, 0xf1,
    0x0, 0x5d, 0xff, 0xff, 0x70, 0x0, 0x0, 0xf,
    0xf1, 0x0, 0x0, 0xaf, 0xff, 0x90, 0x0, 0x0,
    0xf, 0xf1, 0x1, 0x5b, 0xff, 0xef, 0xfe, 0x40,
    0xd, 0xff, 0xf0, 0x3f, 0xff, 0xf7, 0x5, 0xef,
    0xf2, 0x9, 0xfd, 0x50, 0xc, 0xb6, 0x10, 0x0,
    0x1b, 0x60, 0x0, 0x0, 0x0, 0x0, 0x0, 0x0,
    0x0, 0x0, 0x0,

    /* U+6311 "挑" */
    0x0, 0x12, 0x10, 0x0, 0x0, 0x0, 0x0, 0x0,
    0x0, 0x0, 0x6f, 0x80, 0x0, 0x1f, 0xe0, 0xff,
    0x10, 0x0, 0x0, 0x6f, 0x80, 0x0, 0x1f, 0xe0,
    0xff, 0x11, 0x0, 0x0, 0x6f, 0x80, 0x7c, 0x1f,
    0xe0, 0xff, 0x1b, 0xb2, 0x5e, 0xff, 0xfe, 0xcf,
    0x9f, 0xe0, 0xff, 0x3f, 0xf1, 0x6f, 0xff, 0xff,
    0x3f, 0xff, 0xe0, 0xff, 0xbf, 0x70, 0x0, 0x7f,
    0x80, 0xb, 0xff, 0xe0, 0xff, 0xfd, 0x0, 0x0,
    0x6f, 0x80, 0x3, 0x3f, 0xe0, 0xff, 0x33, 0x0,
    0x0, 0x6f, 0xdd, 0x0, 0x1f, 0xe0, 0xff, 0x50,
    0x0, 0x16, 0xdf, 0xff, 0x30, 0x7f, 0xd0, 0xff,
    0xfa, 0x0, 0x7f, 0xff, 0xc4, 0x2c, 0xff, 0xd0,
    0xff, 0xef, 0xa0, 0x3e, 0xcf, 0x85, 0xff, 0xff,
    0xc0, 0xff, 0x3e, 0xf8, 0x0, 0x6f, 0x83, 0xfa,
    0x9f, 0x80, 0xff, 0x14, 0xf4, 0x0, 0x6f, 0x80,
    0x30, 0xef, 0x50, 0xff, 0x10, 0x70, 0x0, 0x6f,
    0x80, 0x8, 0xfe, 0x0, 0xff, 0x10, 0xfa, 0x0,
    0x7f, 0x80, 0x8f, 0xf5, 0x0, 0xef, 0x34, 0xfa,
    0x1f, 0xff, 0x69, 0xff, 0x90, 0x0, 0xcf, 0xff,
    0xf6, 0xd, 0xea, 0x0, 0xa6, 0x0, 0x0, 0x3b,
    0xcc, 0x90,

    /* U+6362 "换" */
    0x0, 0x4f, 0xd0, 0x0, 0xa, 0xd5, 0x0, 0x0,
    0x0, 0x0, 0x4f, 0xd0, 0x0, 0x4f, 0xfc, 0xbb,
    0xc4, 0x0, 0x0, 0x4f, 0xd0, 0x2, 0xef, 0xff,
    0xff, 0xfc, 0x0, 0x1d, 0xef, 0xfd, 0x6e, 0xfb,
    0x0, 0x4f, 0xf2, 0x0, 0x1f, 0xff, 0xff, 0xdf,
    0xfb, 0xaa, 0xef, 0xea, 0x30, 0x1, 0x5f, 0xd1,
    0xc, 0xff, 0xff, 0xff, 0xff, 0x50, 0x0, 0x4f,
    0xd0, 0x9, 0xf6, 0x1f, 0xf0, 0xcf, 0x50, 0x0,
    0x4f, 0xd4, 0x29, 0xf6, 0x1f, 0xf0, 0xcf, 0x50,
    0x3, 0x9f, 0xff, 0x79, 0xf6, 0x2f, 0xe0, 0xcf,
    0x50, 0x3f, 0xff, 0xfd, 0x8a, 0xf8, 0x5f, 0xd2,
    0xcf, 0x70, 0xf, 0xdf, 0xd0, 0xef, 0xff, 0xff,
    0xff, 0xff, 0xf5, 0x0, 0x4f, 0xd0, 0x9a, 0xaa,
    0xff, 0xfb, 0xaa, 0xa3, 0x0, 0x4f, 0xd0, 0x0,
    0x7, 0xff, 0xfb, 0x0, 0x0, 0x0, 0x4f, 0xd0,
    0x0, 0x6f, 0xf5, 0xcf, 0xa0, 0x0, 0x1, 0x6f,
    0xc0, 0x19, 0xff, 0x70, 0x1e, 0xfd, 0x50, 0xc,
    0xff, 0xa5, 0xff, 0xf5, 0x0, 0x3, 0xdf, 0xf7,
    0x7, 0xeb, 0x20, 0xcb, 0x20, 0x0, 0x0, 0x7,
    0xb0, 0x0, 0x0, 0x0, 0x0, 0x0, 0x0, 0x0,
    0x0, 0x0,

    /* U+63A5 "接" */
    0x0, 0x7f, 0x70, 0x0, 0x0, 0x8d, 0x70, 0x0,
    0x0, 0x0, 0x7f, 0x70, 0x1c, 0xcc, 0xdf, 0xfc,
    0xcc, 0xa0, 0x0, 0x7f, 0x70, 0x1f, 0xff, 0xff,
    0xff, 0xff, 0xd0, 0x5f, 0xff, 0xfe, 0x0, 0x9f,
    0x20, 0xd, 0xd3, 0x0, 0x4e, 0xff, 0xfd, 0x0,
    0x6f, 0x90, 0x5f, 0xc0, 0x0, 0x0, 0x7f, 0x70,
    0x7c, 0xcf, 0xcc, 0xef, 0xdc, 0xc3, 0x0, 0x7f,
    0x70, 0xaf, 0xff, 0xff, 0xff, 0xff, 0xf3, 0x0,
    0x7f, 0xb8, 0x1, 0x12, 0xfd, 0x21, 0x11, 0x10,
    0x16, 0xdf, 0xff, 0x0, 0x7, 0xfc, 0x0, 0x0,
    0x0, 0x7f, 0xff, 0xea, 0xff, 0xff, 0xff, 0xff,
    0xff, 0xf7, 0x4d, 0xcf, 0x70, 0xbc, 0xff, 0xec,
    0xcf, 0xfe, 0xc6, 0x0, 0x7f, 0x70, 0x2, 0xff,
    0x20, 0x1f, 0xf3, 0x0, 0x0, 0x7f, 0x70, 0xb,
    0xff, 0xb4, 0xaf, 0xd0, 0x0, 0x0, 0x7f, 0x70,
    0x3, 0x9f, 0xff, 0xff, 0x50, 0x0, 0x0, 0x8f,
    0x70, 0x0, 0x27, 0xff, 0xff, 0xe6, 0x0, 0x1f,
    0xff, 0x50, 0xcf, 0xff, 0xfc, 0x7d, 0xff, 0xb0,
    0xc, 0xe9, 0x0, 0xae, 0xb7, 0x20, 0x0, 0x6e,
    0x40, 0x0, 0x0, 0x0, 0x0, 0x0, 0x0, 0x0,
    0x0, 0x0,

    /* U+641C "搜" */
    0x0, 0x8f, 0x80, 0x0, 0x6, 0x3f, 0xb0, 0x0,
    0x0, 0x0, 0x8f, 0x80, 0x18, 0xef, 0xef, 0xb9,
    0xcc, 0xa0, 0x0, 0x8f, 0x80, 0x3f, 0xe5, 0x3f,
    0xb8, 0xbf, 0xc0, 0x6e, 0xff, 0xfe, 0x4f, 0xc2,
    0x3f, 0xb2, 0x4f, 0xc0, 0x7f, 0xff, 0xff, 0x4f,
    0xff, 0x5f, 0xba, 0xff, 0xc0, 0x0, 0x8f, 0x80,
    0x3f, 0xc4, 0x3f, 0xb3, 0x6f, 0xc0, 0x0, 0x8f,
    0x80, 0x3f, 0xea, 0xbf, 0xea, 0xbf, 0xc0, 0x0,
    0x8f, 0xcd, 0x3f, 0xff, 0xff, 0xff, 0xff, 0xc0,
    0x39, 0xef, 0xff, 0x30, 0x0, 0x3f, 0xc0, 0x0,
    0x0, 0x7f, 0xff, 0xb2, 0x2a, 0xaa, 0xbf, 0xea,
    0xab, 0x40, 0x28, 0xaf, 0x80, 0x4f, 0xff, 0xff,
    0xff, 0xff, 0x70, 0x0, 0x8f, 0x80, 0x7, 0xfe,
    0x31, 0x19, 0xfe, 0x0, 0x0, 0x8f, 0x80, 0x0,
    0xaf, 0xe3, 0x8f, 0xf5, 0x0, 0x0, 0x8f, 0x80,
    0x0, 0xc, 0xff, 0xff, 0x70, 0x0, 0x1, 0x9f,
    0x70, 0x1, 0x6c, 0xff, 0xff, 0xa5, 0x10, 0x1f,
    0xff, 0x65, 0xef, 0xff, 0xe9, 0xbf, 0xff, 0xf5,
    0xc, 0xe9, 0x0, 0xec, 0x94, 0x0, 0x2, 0x7b,
    0xa0, 0x0, 0x0, 0x0, 0x0, 0x0, 0x0, 0x0,
    0x0, 0x0,

    /* U+643A "携" */
    0x0, 0x0, 0x0, 0x0, 0x0, 0x0, 0x0, 0x0,
    0x0, 0xc, 0xf3, 0x0, 0x6d, 0x60, 0xae, 0x20,
    0x0, 0x0, 0xcf, 0x30, 0xd, 0xf9, 0x5d, 0xfc,
    0x55, 0x30, 0xc, 0xf3, 0x7, 0xff, 0xff, 0xff,
    0xff, 0xf8, 0x7e, 0xff, 0xfb, 0xff, 0xf5, 0x5b,
    0xf9, 0x55, 0x8, 0xff, 0xff, 0xff, 0xff, 0xee,
    0xff, 0xfe, 0xe1, 0x0, 0xcf, 0x31, 0x8d, 0xf6,
    0x5b, 0xfa, 0x55, 0x0, 0xc, 0xf3, 0x0, 0xdf,
    0xcc, 0xef, 0xec, 0xc1, 0x0, 0xcf, 0xa7, 0xd,
    0xf7, 0x7c, 0xfa, 0x77, 0x44, 0x9f, 0xff, 0xb0,
    0xdf, 0xff, 0xff, 0xff, 0xfa, 0x9f, 0xff, 0x92,
    0x28, 0x94, 0x33, 0x33, 0x20, 0x5, 0xbe, 0xf3,
    0xe, 0xff, 0xff, 0xff, 0xf5, 0x0, 0x0, 0xcf,
    0x30, 0x9a, 0xef, 0xca, 0xff, 0xa9, 0x70, 0xc,
    0xf3, 0x0, 0xe, 0xf3, 0x3f, 0xff, 0xfc, 0x0,
    0xcf, 0x30, 0x5, 0xfe, 0x0, 0x0, 0x1f, 0xa0,
    0xd, 0xf3, 0x3, 0xef, 0x60, 0x0, 0x4, 0xf8,
    0x6f, 0xff, 0x18, 0xff, 0xa0, 0x1, 0xcb, 0xef,
    0x51, 0xfe, 0x70, 0x2e, 0x80, 0x0, 0xc, 0xff,
    0xa0, 0x0, 0x0, 0x0, 0x0, 0x0, 0x0, 0x0,
    0x0, 0x0,

    /* U+64A4 "撤" */
    0x0, 0x0, 0x0, 0x0, 0x0, 0x0, 0x0, 0x0,
    0x0, 0x0, 0x8f, 0x50, 0x4, 0xe5, 0x0, 0x2f,
    0xa0, 0x0, 0x0, 0x8f, 0x51, 0x79, 0xfd, 0x77,
    0x4f, 0x80, 0x0, 0x0, 0x8f, 0x53, 0xff, 0xff,
    0xff, 0x6f, 0x95, 0x52, 0x1e, 0xff, 0xfa, 0x2f,
    0xc4, 0x60, 0x9f, 0xff, 0xf8, 0x1f, 0xff, 0xfa,
    0xaf, 0x5b, 0xf0, 0xdf, 0x7f, 0xe3, 0x0, 0x8f,
    0x53, 0xff, 0xff, 0xf9, 0xfd, 0xf, 0xb0, 0x0,
    0x8f, 0x50, 0xa7, 0x52, 0x8b, 0xff, 0x3f, 0x90,
    0x0, 0x8f, 0x74, 0xef, 0xff, 0xfd, 0xff, 0x7f,
    0x60, 0x16, 0xcf, 0xfc, 0xee, 0x8c, 0xf5, 0xaf,
    0xcf, 0x40, 0x3f, 0xff, 0xe8, 0xee, 0x6a, 0xf3,
    0xf, 0xff, 0x0, 0xc, 0xcf, 0x50, 0xef, 0xff,
    0xf3, 0xc, 0xfb, 0x0, 0x0, 0x8f, 0x50, 0xed,
    0x18, 0xf3, 0x9, 0xf7, 0x0, 0x0, 0x8f, 0x50,
    0xef, 0xff, 0xf3, 0xd, 0xf9, 0x0, 0x0, 0x8f,
    0x50, 0xee, 0x5a, 0xf3, 0x5f, 0xff, 0x10, 0x0,
    0x8f, 0x50, 0xed, 0x7, 0xf5, 0xef, 0x9f, 0xb0,
    0xa, 0xff, 0x30, 0xed, 0x6e, 0xfe, 0xf6, 0xe,
    0xf4, 0x9, 0xf9, 0x0, 0xed, 0x4e, 0x94, 0xa0,
    0x3, 0xa0, 0x0, 0x0, 0x0, 0x0, 0x0, 0x0,
    0x0, 0x0, 0x0,

    /* U+64CD "操" */
    0x0, 0x8f, 0x60, 0x0, 0xdf, 0xff, 0xff, 0xf3,
    0x0, 0x0, 0x8f, 0x60, 0x0, 0xdf, 0x77, 0x7d,
    0xf3, 0x0, 0x2, 0xaf, 0x82, 0x0, 0xdf, 0x33,
    0x3c, 0xf3, 0x0, 0x4f, 0xff, 0xff, 0x0, 0xdf,
    0xff, 0xff, 0xf3, 0x0, 0x4f, 0xff, 0xfe, 0x0,
    0x56, 0x66, 0x66, 0x61, 0x0, 0x0, 0x8f, 0x60,
    0x7f, 0xff, 0xf5, 0xef, 0xff, 0xe0, 0x0, 0x8f,
    0x60, 0x7f, 0x9b, 0xf5, 0xfd, 0x8e, 0xf0, 0x0,
    0x8f, 0x96, 0x7f, 0x25, 0xf5, 0xfa, 0xc, 0xf0,
    0x0, 0xaf, 0xfe, 0x7f, 0xdd, 0xf5, 0xfe, 0xcf,
    0xf0, 0x5f, 0xff, 0xfd, 0x7f, 0xff, 0xf5, 0xff,
    0xff, 0xf0, 0x29, 0xbf, 0x70, 0x7a, 0xaa, 0xcf,
    0xea, 0xaa, 0xa2, 0x0, 0x8f, 0x60, 0xbf, 0xff,
    0xff, 0xff, 0xff, 0xf4, 0x0, 0x8f, 0x60, 0x1,
    0x3d, 0xff, 0xff, 0x41, 0x10, 0x0, 0x8f, 0x60,
    0x4, 0xef, 0xff, 0xff, 0xf5, 0x0, 0x4, 0xbf,
    0x65, 0xcf, 0xfc, 0x6f, 0xb8, 0xff, 0xc3, 0xc,
    0xff, 0x5a, 0xff, 0xa0, 0x5f, 0xb0, 0x8f, 0xe1,
    0x8, 0xfa, 0x1, 0xb3, 0x0, 0x5f, 0xb0, 0x3,
    0x50, 0x0, 0x0, 0x0, 0x0, 0x0, 0x13, 0x20,
    0x0, 0x0,

    /* U+6539 "改" */
    0x0, 0x0, 0x0, 0x0, 0x0, 0x11, 0x0, 0x0,
    0x0, 0x2, 0x22, 0x22, 0x22, 0x0, 0x9f, 0x90,
    0x0, 0x0, 0xe, 0xff, 0xff, 0xff, 0x0, 0xdf,
    0x60, 0x0, 0x0, 0xe, 0xff, 0xff, 0xff, 0x1,
    0xff, 0x30, 0x0, 0x0, 0x0, 0x0, 0x3, 0xff,
    0x5, 0xff, 0xff, 0xff, 0xf5, 0x0, 0x0, 0x3,
    0xff, 0xb, 0xff, 0xff, 0xff, 0xf5, 0x0, 0x0,
    0x3, 0xff, 0x2f, 0xf7, 0x0, 0xdf, 0x60, 0xb,
    0xff, 0xff, 0xff, 0xbf, 0xfb, 0x0, 0xff, 0x20,
    0xb, 0xff, 0xff, 0xff, 0xff, 0xff, 0x4, 0xfe,
    0x0, 0xb, 0xf8, 0x11, 0x11, 0x79, 0xaf, 0x69,
    0xfb, 0x0, 0xb, 0xf6, 0x0, 0x0, 0x0, 0x4f,
    0xde, 0xf5, 0x0, 0xb, 0xf6, 0x0, 0x0, 0x0,
    0xd, 0xff, 0xd0, 0x0, 0xb, 0xf6, 0x0, 0x49,
    0x0, 0x7, 0xff, 0x70, 0x0, 0xb, 0xfa, 0x9e,
    0xff, 0x0, 0x2e, 0xff, 0xc0, 0x0, 0x1f, 0xff,
    0xff, 0xe8, 0x4, 0xef, 0xff, 0xfc, 0x20, 0x2f,
    0xff, 0xa4, 0x1, 0xbf, 0xfe, 0x35, 0xff, 0xf5,
    0xb, 0x71, 0x0, 0x0, 0xbf, 0xc2, 0x0, 0x5e,
    0xe1, 0x0, 0x0, 0x0, 0x0, 0x26, 0x0, 0x0,
    0x1, 0x30,

    /* U+653E "放" */
    0x0, 0x0, 0x13, 0x0, 0x0, 0x3, 0x0, 0x0,
    0x0, 0x0, 0x3, 0xfe, 0x0, 0x0, 0x5f, 0xf0,
    0x0, 0x0, 0x0, 0x0, 0xef, 0x30, 0x0, 0x8f,
    0xc0, 0x0, 0x0, 0x8, 0x88, 0xdd, 0x98, 0x70,
    0xcf, 0x80, 0x0, 0x0, 0x1f, 0xff, 0xff, 0xff,
    0xe0, 0xff, 0xff, 0xff, 0xfb, 0x7, 0x9f, 0xd7,
    0x77, 0x66, 0xff, 0xff, 0xff, 0xfb, 0x0, 0x4f,
    0xb0, 0x0, 0xc, 0xff, 0x0, 0xef, 0x40, 0x0,
    0x4f, 0xfe, 0xee, 0x9f, 0xff, 0x41, 0xff, 0x10,
    0x0, 0x4f, 0xff, 0xff, 0xff, 0xff, 0x84, 0xfd,
    0x0, 0x0, 0x5f, 0xb0, 0xcf, 0x7f, 0x6f, 0xd9,
    0xfa, 0x0, 0x0, 0x5f, 0xa0, 0xcf, 0x32, 0xe,
    0xff, 0xf4, 0x0, 0x0, 0x7f, 0x90, 0xcf, 0x30,
    0x9, 0xff, 0xe0, 0x0, 0x0, 0xaf, 0x60, 0xdf,
    0x20, 0x4, 0xff, 0x80, 0x0, 0x0, 0xef, 0x40,
    0xef, 0x20, 0xa, 0xff, 0xd1, 0x0, 0x4, 0xfe,
    0x0, 0xff, 0x10, 0x8f, 0xff, 0xfb, 0x0, 0xc,
    0xf9, 0x2, 0xff, 0x2b, 0xff, 0x97, 0xff, 0xd2,
    0x4f, 0xf1, 0xdf, 0xfd, 0xbf, 0xf9, 0x0, 0x8f,
    0xf8, 0x6, 0x60, 0xaf, 0xd4, 0x2d, 0x40, 0x0,
    0x5, 0xb0, 0x0, 0x0, 0x0, 0x0, 0x0, 0x0,
    0x0, 0x0, 0x0,

    /* U+65AD "断" */
    0x0, 0x0, 0x0, 0x0, 0x0, 0x0, 0x0, 0x0,
    0xc, 0xf1, 0x6, 0xf5, 0x10, 0x0, 0x15, 0xaf,
    0x80, 0xcf, 0x7e, 0x6f, 0x6f, 0xa8, 0xdf, 0xff,
    0xfa, 0x2c, 0xf5, 0xf9, 0xf9, 0xf5, 0xdf, 0xe9,
    0x51, 0x0, 0xcf, 0x2f, 0xcf, 0xdf, 0xd, 0xf2,
    0x0, 0x0, 0xc, 0xf1, 0x77, 0xf9, 0x60, 0xdf,
    0x20, 0x0, 0x0, 0xcf, 0x9e, 0xff, 0xfe, 0xad,
    0xf4, 0x11, 0x11, 0xc, 0xf9, 0xef, 0xff, 0xe9,
    0xdf, 0xff, 0xff, 0xf6, 0xcf, 0x10, 0xdf, 0xc0,
    0xe, 0xfe, 0xef, 0xfd, 0x5c, 0xf1, 0x7f, 0xff,
    0xb0, 0xef, 0x21, 0xfe, 0x0, 0xcf, 0x4f, 0xff,
    0xbf, 0x8f, 0xf1, 0x1f, 0xe0, 0xc, 0xfe, 0xf9,
    0xf6, 0x91, 0xff, 0x1, 0xfe, 0x0, 0xcf, 0x97,
    0x6f, 0x50, 0x2f, 0xe0, 0x1f, 0xe0, 0xc, 0xf1,
    0x6, 0xf5, 0x5, 0xfd, 0x1, 0xfe, 0x0, 0xcf,
    0xee, 0xee, 0xee, 0xbf, 0xa0, 0x1f, 0xe0, 0xc,
    0xff, 0xff, 0xff, 0xfe, 0xf6, 0x1, 0xfe, 0x0,
    0x0, 0x0, 0x0, 0x0, 0xff, 0x10, 0x1f, 0xe0,
    0x0, 0x0, 0x0, 0x0, 0x3, 0xa0, 0x1, 0xfe,
    0x0, 0x0, 0x0, 0x0, 0x0, 0x0, 0x0, 0x0,
    0x0, 0x0,

    /* U+65B0 "新" */
    0x0, 0x0, 0x56, 0x0, 0x0, 0x0, 0x0, 0x2,
    0x0, 0x0, 0x1, 0xff, 0x10, 0x0, 0x1, 0x59,
    0xef, 0x50, 0x9, 0xbb, 0xff, 0xcb, 0xb3, 0xdf,
    0xff, 0xfc, 0x70, 0xd, 0xff, 0xff, 0xff, 0xf4,
    0xef, 0x95, 0x10, 0x0, 0x0, 0x9e, 0x10, 0xae,
    0x50, 0xef, 0x10, 0x0, 0x0, 0x0, 0x9f, 0x30,
    0xef, 0x10, 0xef, 0x10, 0x0, 0x0, 0x4, 0x9f,
    0x86, 0xfd, 0x42, 0xef, 0x31, 0x11, 0x10, 0x1f,
    0xff, 0xff, 0xff, 0xf9, 0xef, 0xff, 0xff, 0xf6,
    0x7, 0x77, 0xdf, 0xa7, 0x74, 0xef, 0xee, 0xff,
    0xd5, 0x1, 0x11, 0xbf, 0x51, 0x10, 0xff, 0x2,
    0xff, 0x0, 0xf, 0xff, 0xff, 0xff, 0xf4, 0xff,
    0x2, 0xff, 0x0, 0xb, 0xbb, 0xef, 0xcb, 0xb3,
    0xfe, 0x2, 0xff, 0x0, 0x0, 0xa6, 0xaf, 0x6a,
    0x42, 0xfd, 0x2, 0xff, 0x0, 0x4, 0xf8, 0xaf,
    0x6f, 0xd5, 0xfc, 0x2, 0xff, 0x0, 0xd, 0xf2,
    0xaf, 0x48, 0xfc, 0xf8, 0x2, 0xff, 0x0, 0xa,
    0x80, 0xaf, 0x42, 0x6d, 0xf5, 0x2, 0xff, 0x0,
    0x0, 0x1f, 0xff, 0x20, 0x2f, 0xe0, 0x2, 0xff,
    0x0, 0x0, 0x9, 0xb6, 0x0, 0x3, 0x60, 0x2,
    0xff, 0x0,

    /* U+65B9 "方" */
    0x0, 0x0, 0x0, 0x0, 0x2, 0x0, 0x0, 0x0,
    0x0, 0x0, 0x0, 0x0, 0x3, 0xef, 0x10, 0x0,
    0x0, 0x0, 0x0, 0x0, 0x0, 0x1, 0xff, 0x80,
    0x0, 0x0, 0x0, 0x2, 0x22, 0x22, 0x22, 0xbf,
    0x92, 0x22, 0x22, 0x20, 0xf, 0xff, 0xff, 0xff,
    0xff, 0xff, 0xff, 0xff, 0xf1, 0xe, 0xee, 0xef,
    0xff, 0xee, 0xee, 0xee, 0xee, 0xe1, 0x0, 0x0,
    0x8, 0xfd, 0x0, 0x0, 0x0, 0x0, 0x0, 0x0,
    0x0, 0x9, 0xfc, 0x11, 0x11, 0x11, 0x10, 0x0,
    0x0, 0x0, 0xa, 0xff, 0xff, 0xff, 0xff, 0xf7,
    0x0, 0x0, 0x0, 0xd, 0xff, 0xff, 0xff, 0xff,
    0xf5, 0x0, 0x0, 0x0, 0x1f, 0xf4, 0x0, 0x0,
    0xe, 0xf4, 0x0, 0x0, 0x0, 0x4f, 0xf0, 0x0,
    0x0, 0xf, 0xf3, 0x0, 0x0, 0x0, 0xaf, 0xb0,
    0x0, 0x0, 0x1f, 0xf2, 0x0, 0x0, 0x3, 0xff,
    0x40, 0x0, 0x0, 0x3f, 0xf0, 0x0, 0x0, 0x1d,
    0xfd, 0x0, 0x0, 0x0, 0x7f, 0xd0, 0x0, 0x2,
    0xdf, 0xf2, 0x0, 0x11, 0x2, 0xdf, 0xa0, 0x0,
    0x1f, 0xff, 0x50, 0x0, 0x8f, 0xff, 0xff, 0x40,
    0x0, 0x5, 0xe3, 0x0, 0x0, 0x3f, 0xff, 0xd6,
    0x0, 0x0, 0x0, 0x0, 0x0, 0x0, 0x0, 0x0,
    0x0, 0x0, 0x0,

    /* U+65E0 "无" */
    0x0, 0x22, 0x22, 0x22, 0x22, 0x22, 0x22, 0x22,
    0x0, 0x1, 0xff, 0xff, 0xff, 0xff, 0xff, 0xff,
    0xff, 0x40, 0x1, 0xff, 0xff, 0xff, 0xff, 0xff,
    0xff, 0xff, 0x40, 0x0, 0x0, 0x0, 0x7, 0xfb,
    0x0, 0x0, 0x0, 0x0, 0x0, 0x0, 0x0, 0x8,
    0xfa, 0x0, 0x0, 0x0, 0x0, 0x0, 0x0, 0x0,
    0xa, 0xf9, 0x0, 0x0, 0x0, 0x0, 0x2f, 0xff,
    0xff, 0xff, 0xff, 0xff, 0xff, 0xff, 0xf4, 0x2f,
    0xff, 0xff, 0xff, 0xff, 0xff, 0xff, 0xff, 0xf4,
    0x1, 0x11, 0x11, 0x4f, 0xff, 0xf6, 0x11, 0x11,
    0x10, 0x0, 0x0, 0x0, 0x8f, 0xce, 0xf5, 0x0,
    0x0, 0x0, 0x0, 0x0, 0x0, 0xef, 0x7e, 0xf5,
    0x0, 0x0, 0x0, 0x0, 0x0, 0x8, 0xff, 0x1e,
    0xf5, 0x0, 0x0, 0x0, 0x0, 0x0, 0x4f, 0xf8,
    0xe, 0xf5, 0x0, 0x9, 0x81, 0x0, 0x4, 0xff,
    0xd0, 0xe, 0xf5, 0x0, 0xb, 0xf5, 0x0, 0x8f,
    0xfe, 0x20, 0xe, 0xf8, 0x21, 0x2e, 0xf3, 0x2e,
    0xff, 0xd2, 0x0, 0xb, 0xff, 0xff, 0xff, 0xe0,
    0xa, 0xf8, 0x0, 0x0, 0x2, 0xcf, 0xff, 0xfd,
    0x40, 0x1, 0x20, 0x0, 0x0, 0x0, 0x0, 0x0,
    0x0, 0x0,

    /* U+65F6 "时" */
    0x0, 0x0, 0x0, 0x0, 0x0, 0x0, 0xdf, 0x40,
    0xb, 0xcc, 0xcc, 0xc1, 0x0, 0x0, 0xd, 0xf4,
    0x0, 0xef, 0xff, 0xff, 0x10, 0x0, 0x0, 0xdf,
    0x40, 0xe, 0xf2, 0xe, 0xf5, 0xff, 0xff, 0xff,
    0xff, 0xf2, 0xef, 0x10, 0xef, 0x5f, 0xff, 0xff,
    0xff, 0xff, 0x2e, 0xf1, 0xe, 0xf2, 0x22, 0x22,
    0x2e, 0xf6, 0x20, 0xef, 0xdd, 0xff, 0x11, 0x70,
    0x0, 0xdf, 0x40, 0xe, 0xff, 0xff, 0xf1, 0xcf,
    0x90, 0xd, 0xf4, 0x0, 0xef, 0x20, 0xef, 0x13,
    0xff, 0x40, 0xdf, 0x40, 0xe, 0xf1, 0xe, 0xf1,
    0x8, 0xfe, 0x1d, 0xf4, 0x0, 0xef, 0x10, 0xef,
    0x10, 0xe, 0xa1, 0xdf, 0x40, 0xe, 0xfe, 0xdf,
    0xf1, 0x0, 0x0, 0xd, 0xf4, 0x0, 0xef, 0xff,
    0xff, 0x10, 0x0, 0x0, 0xdf, 0x40, 0xe, 0xf2,
    0x0, 0x0, 0x0, 0x0, 0xd, 0xf4, 0x0, 0xab,
    0x10, 0x0, 0x0, 0x2, 0x22, 0xef, 0x40, 0x0,
    0x0, 0x0, 0x0, 0x2, 0xff, 0xff, 0xf2, 0x0,
    0x0, 0x0, 0x0, 0x0, 0xc, 0xff, 0xc5, 0x0,
    0x0, 0x0, 0x0, 0x0, 0x0, 0x0, 0x0, 0x0,
    0x0,

    /* U+661F "星" */
    0x0, 0x2f, 0xff, 0xff, 0xff, 0xff, 0xff, 0xf2,
    0x0, 0x2, 0xff, 0xaa, 0xaa, 0xaa, 0xaa, 0xff,
    0x20, 0x0, 0x2f, 0xf5, 0x55, 0x55, 0x55, 0x6f,
    0xf2, 0x0, 0x2, 0xff, 0xff, 0xff, 0xff, 0xff,
    0xff, 0x20, 0x0, 0x2f, 0xf5, 0x55, 0x55, 0x55,
    0x6f, 0xf2, 0x0, 0x2, 0xff, 0x99, 0x99, 0x99,
    0x9a, 0xff, 0x20, 0x0, 0x2f, 0xff, 0xff, 0xff,
    0xff, 0xff, 0xf2, 0x0, 0x0, 0xaf, 0x80, 0x1c,
    0xc2, 0x0, 0x0, 0x0, 0x0, 0x4f, 0xfd, 0xbb,
    0xff, 0xcb, 0xbb, 0xb9, 0x0, 0x3e, 0xff, 0xff,
    0xff, 0xff, 0xff, 0xff, 0xd0, 0x1f, 0xfb, 0x10,
    0x1, 0xff, 0x30, 0x0, 0x0, 0x0, 0x3c, 0x8a,
    0xaa, 0xaf, 0xfb, 0xaa, 0xaa, 0x0, 0x0, 0xb,
    0xff, 0xff, 0xff, 0xff, 0xff, 0xf0, 0x0, 0x0,
    0x0, 0x0, 0x1f, 0xf3, 0x0, 0x0, 0x0, 0xc,
    0xcc, 0xcc, 0xcd, 0xff, 0xdc, 0xcc, 0xcc, 0xc0,
    0xef, 0xff, 0xff, 0xff, 0xff, 0xff, 0xff, 0xff,
    0x0, 0x0, 0x0, 0x0, 0x0, 0x0, 0x0, 0x0,
    0x0,

    /* U+662F "是" */
    0x0, 0x4f, 0xff, 0xff, 0xff, 0xff, 0xff, 0xf4,
    0x0, 0x0, 0x4f, 0xe8, 0x88, 0x88, 0x88, 0x8f,
    0xf4, 0x0, 0x0, 0x4f, 0xd4, 0x44, 0x44, 0x44,
    0x4f, 0xf4, 0x0, 0x0, 0x4f, 0xff, 0xff, 0xff,
    0xff, 0xff, 0xf4, 0x0, 0x0, 0x4f, 0xd2, 0x22,
    0x22, 0x22, 0x2e, 0xf4, 0x0, 0x0, 0x4f, 0xff,
    0xff, 0xff, 0xff, 0xff, 0xf4, 0x0, 0x0, 0x16,
    0x66, 0x66, 0x66, 0x66, 0x66, 0x61, 0x0, 0xc,
    0xcc, 0xcc, 0xcc, 0xcc, 0xcc, 0xcc, 0xcc, 0xc0,
    0xf, 0xff, 0xff, 0xff, 0xff, 0xff, 0xff, 0xff,
    0xf0, 0x1, 0x13, 0x53, 0x11, 0xef, 0x51, 0x11,
    0x11, 0x10, 0x0, 0x7, 0xfc, 0x0, 0xef, 0x62,
    0x22, 0x21, 0x0, 0x0, 0xb, 0xf9, 0x0, 0xef,
    0xff, 0xff, 0xfd, 0x0, 0x0, 0x1f, 0xfe, 0x0,
    0xef, 0xdb, 0xbb, 0xb9, 0x0, 0x0, 0x9f, 0xff,
    0xa0, 0xef, 0x40, 0x0, 0x0, 0x0, 0x4, 0xff,
    0xaf, 0xfd, 0xff, 0x50, 0x0, 0x0, 0x0, 0x4f,
    0xfc, 0x5, 0xef, 0xff, 0xff, 0xff, 0xff, 0xf3,
    0xb, 0xc1, 0x0, 0x17, 0xbe, 0xff, 0xff, 0xff,
    0xe0, 0x0, 0x0, 0x0, 0x0, 0x0, 0x0, 0x0,
    0x0, 0x0,

    /* U+6635 "昵" */
    0x0, 0x0, 0x0, 0x4f, 0xff, 0xff, 0xff, 0xfe,
    0xd, 0xff, 0xff, 0xa4, 0xff, 0xee, 0xee, 0xef,
    0xe0, 0xdf, 0xee, 0xfa, 0x4f, 0x70, 0x0, 0x1,
    0xfe, 0xd, 0xf0, 0x3f, 0xa4, 0xf7, 0x0, 0x0,
    0x1f, 0xe0, 0xdf, 0x3, 0xfa, 0x4f, 0xff, 0xff,
    0xff, 0xfe, 0xd, 0xf0, 0x3f, 0xa4, 0xff, 0xee,
    0xee, 0xee, 0xd0, 0xdf, 0xdd, 0xfa, 0x4f, 0x70,
    0x0, 0x0, 0x0, 0xd, 0xff, 0xff, 0xa5, 0xf6,
    0xcf, 0x30, 0x1, 0x0, 0xdf, 0x4, 0xfa, 0x5f,
    0x6c, 0xf3, 0x18, 0xf9, 0xd, 0xf0, 0x3f, 0xa7,
    0xf5, 0xcf, 0xbf, 0xfe, 0x70, 0xdf, 0x3, 0xfa,
    0x8f, 0x3c, 0xff, 0xd7, 0x0, 0xd, 0xfd, 0xef,
    0xab, 0xf2, 0xcf, 0x50, 0x0, 0x0, 0xdf, 0xff,
    0xfb, 0xff, 0xc, 0xf3, 0x0, 0x3d, 0x4d, 0xf1,
    0x0, 0x5f, 0xb0, 0xcf, 0x30, 0x4, 0xf8, 0x9b,
    0x0, 0xd, 0xf7, 0xc, 0xf4, 0x0, 0x7f, 0x60,
    0x0, 0x3, 0xfe, 0x0, 0xaf, 0xfe, 0xef, 0xf2,
    0x0, 0x0, 0x3, 0x70, 0x3, 0xdf, 0xff, 0xe8,
    0x0,

    /* U+6682 "暂" */
    0x0, 0x0, 0x0, 0x0, 0x0, 0x0, 0x0, 0x0,
    0x0, 0x0, 0x6, 0xe9, 0x0, 0x0, 0x1, 0x35,
    0x9c, 0x40, 0x1f, 0xff, 0xff, 0xff, 0xf6, 0xdf,
    0xff, 0xff, 0xa0, 0x9, 0xef, 0xc9, 0x99, 0x94,
    0xdf, 0x75, 0x30, 0x0, 0x4, 0xfd, 0xf, 0xe0,
    0x0, 0xdf, 0x0, 0x0, 0x0, 0xf, 0xfe, 0xdf,
    0xfd, 0xd6, 0xef, 0xff, 0xff, 0xf3, 0xa, 0xff,
    0xef, 0xfe, 0xe7, 0xff, 0xce, 0xfe, 0xc2, 0x1,
    0x0, 0xf, 0xf3, 0x42, 0xfd, 0x7, 0xf7, 0x0,
    0xb, 0xce, 0xff, 0xff, 0xf9, 0xf9, 0x7, 0xf7,
    0x0, 0xf, 0xfe, 0xcf, 0xf7, 0x5e, 0xf5, 0x7,
    0xf7, 0x0, 0x1, 0x0, 0xf, 0xf0, 0x7, 0xc0,
    0x7, 0xf7, 0x0, 0x0, 0x8, 0x89, 0x98, 0x88,
    0x98, 0x89, 0x92, 0x0, 0x0, 0x1f, 0xff, 0xff,
    0xff, 0xff, 0xff, 0xf3, 0x0, 0x0, 0x1f, 0xf1,
    0x11, 0x11, 0x11, 0x1e, 0xf3, 0x0, 0x0, 0x1f,
    0xff, 0xff, 0xff, 0xff, 0xff, 0xf3, 0x0, 0x0,
    0x1f, 0xf7, 0x77, 0x77, 0x77, 0x7f, 0xf3, 0x0,
    0x0, 0x1f, 0xf9, 0x99, 0x99, 0x99, 0x9f, 0xf3,
    0x0, 0x0, 0x1f, 0xff, 0xff, 0xff, 0xff, 0xff,
    0xf3, 0x0, 0x0, 0x1f, 0xf0, 0x0, 0x0, 0x0,
    0xe, 0xf3, 0x0,

    /* U+6697 "暗" */
    0x0, 0x0, 0x0, 0x0, 0x0, 0x44, 0x0, 0x0,
    0x2, 0x22, 0x22, 0x10, 0x0, 0x3f, 0xd0, 0x0,
    0x0, 0xcf, 0xff, 0xfa, 0x5a, 0xaa, 0xff, 0xba,
    0xa6, 0xc, 0xfc, 0xcf, 0xa8, 0xff, 0xff, 0xff,
    0xff, 0xa0, 0xcf, 0x2, 0xfa, 0x15, 0xd9, 0x22,
    0x9e, 0x91, 0xc, 0xf0, 0x2f, 0xa0, 0x2f, 0xc0,
    0xb, 0xf5, 0x0, 0xcf, 0x2, 0xfa, 0x88, 0xff,
    0x88, 0xff, 0x98, 0x1c, 0xfe, 0xef, 0xaf, 0xff,
    0xff, 0xff, 0xff, 0xf2, 0xcf, 0xff, 0xfa, 0x66,
    0x66, 0x66, 0x66, 0x66, 0x1c, 0xf2, 0x4f, 0xa0,
    0xaa, 0xaa, 0xaa, 0xaa, 0x10, 0xcf, 0x2, 0xfa,
    0x1f, 0xff, 0xff, 0xff, 0xf2, 0xc, 0xf0, 0x2f,
    0xa1, 0xfe, 0x0, 0x0, 0xef, 0x20, 0xcf, 0x89,
    0xfa, 0x1f, 0xfa, 0xaa, 0xaf, 0xf2, 0xc, 0xff,
    0xff, 0xa1, 0xff, 0xff, 0xff, 0xff, 0x20, 0xcf,
    0x87, 0x74, 0x1f, 0xe0, 0x0, 0xe, 0xf2, 0xa,
    0xc0, 0x0, 0x1, 0xff, 0xdd, 0xdd, 0xff, 0x20,
    0x0, 0x0, 0x0, 0x1f, 0xff, 0xff, 0xff, 0xf2,
    0x0, 0x0, 0x0, 0x1, 0xfe, 0x0, 0x0, 0xef,
    0x20,

    /* U+66F4 "更" */
    0xe, 0xff, 0xff, 0xff, 0xff, 0xff, 0xff, 0xff,
    0xe0, 0xd, 0xee, 0xee, 0xee, 0xff, 0xfe, 0xee,
    0xee, 0xd0, 0x0, 0x0, 0x0, 0x0, 0xff, 0x40,
    0x0, 0x0, 0x0, 0x0, 0x4b, 0xbb, 0xbb, 0xff,
    0xcb, 0xbb, 0xb8, 0x0, 0x0, 0x5f, 0xff, 0xff,
    0xff, 0xff, 0xff, 0xfc, 0x0, 0x0, 0x5f, 0xb0,
    0x0, 0xff, 0x50, 0x5, 0xfc, 0x0, 0x0, 0x5f,
    0xe9, 0x99, 0xff, 0xb9, 0x9b, 0xfc, 0x0, 0x0,
    0x5f, 0xff, 0xff, 0xff, 0xff, 0xff, 0xfc, 0x0,
    0x0, 0x5f, 0xb0, 0x0, 0xff, 0x40, 0x5, 0xfc,
    0x0, 0x0, 0x5f, 0xfc, 0xcc, 0xff, 0xdc, 0xcd,
    0xfc, 0x0, 0x0, 0x5f, 0xff, 0xff, 0xff, 0xff,
    0xff, 0xfc, 0x0, 0x0, 0x8, 0xf5, 0xa, 0xfd,
    0x0, 0x0, 0x0, 0x0, 0x0, 0x7, 0xff, 0x8f,
    0xf7, 0x0, 0x0, 0x0, 0x0, 0x0, 0x0, 0xbf,
    0xff, 0xe0, 0x0, 0x0, 0x0, 0x0, 0x0, 0x16,
    0xcf, 0xff, 0xfd, 0x86, 0x42, 0x21, 0x11, 0x1d,
    0xff, 0xff, 0xbb, 0xff, 0xff, 0xff, 0xff, 0xf5,
    0x7, 0xfd, 0x92, 0x0, 0x15, 0x8b, 0xcd, 0xef,
    0xe0, 0x0, 0x10, 0x0, 0x0, 0x0, 0x0, 0x0,
    0x0, 0x0,

    /* U+6709 "有" */
    0x0, 0x0, 0x0, 0x10, 0x0, 0x0, 0x0, 0x0,
    0x0, 0x0, 0x0, 0x0, 0xaf, 0x90, 0x0, 0x0,
    0x0, 0x0, 0x1, 0x11, 0x11, 0xff, 0x71, 0x11,
    0x11, 0x11, 0x10, 0xf, 0xff, 0xff, 0xff, 0xff,
    0xff, 0xff, 0xff, 0xf0, 0xf, 0xff, 0xff, 0xff,
    0xff, 0xff, 0xff, 0xff, 0xf0, 0x0, 0x0, 0x6f,
    0xf1, 0x0, 0x0, 0x0, 0x0, 0x0, 0x0, 0x2,
    0xff, 0xfd, 0xdd, 0xdd, 0xdd, 0xd0, 0x0, 0x0,
    0xc, 0xff, 0xff, 0xff, 0xff, 0xff, 0xf0, 0x0,
    0x0, 0xbf, 0xff, 0x60, 0x0, 0x0, 0x2f, 0xf0,
    0x0, 0x1c, 0xff, 0xef, 0xdb, 0xbb, 0xbb, 0xcf,
    0xf0, 0x0, 0x3f, 0xf4, 0xbf, 0xff, 0xff, 0xff,
    0xff, 0xf0, 0x0, 0x5, 0x30, 0xbf, 0x60, 0x0,
    0x0, 0x2f, 0xf0, 0x0, 0x0, 0x0, 0xbf, 0xdb,
    0xbb, 0xbb, 0xcf, 0xf0, 0x0, 0x0, 0x0, 0xbf,
    0xff, 0xff, 0xff, 0xff, 0xf0, 0x0, 0x0, 0x0,
    0xbf, 0x60, 0x0, 0x0, 0x2f, 0xf0, 0x0, 0x0,
    0x0, 0xbf, 0x50, 0x0, 0x0, 0x3f, 0xf0, 0x0,
    0x0, 0x0, 0xbf, 0x50, 0x0, 0x9f, 0xff, 0xe0,
    0x0, 0x0, 0x0, 0xbf, 0x50, 0x0, 0x4f, 0xfc,
    0x40, 0x0, 0x0, 0x0, 0x0, 0x0, 0x0, 0x0,
    0x0, 0x0, 0x0,

    /* U+670D "服" */
    0x2, 0xff, 0xff, 0xfc, 0x3f, 0xff, 0xff, 0xff,
    0xe0, 0x2, 0xff, 0xff, 0xfc, 0x3f, 0xff, 0xff,
    0xff, 0xe0, 0x2, 0xfc, 0x3, 0xfc, 0x3f, 0xb0,
    0x0, 0x2f, 0xe0, 0x2, 0xfc, 0x3, 0xfc, 0x3f,
    0xb0, 0x12, 0x5f, 0xe0, 0x2, 0xff, 0xcd, 0xfc,
    0x3f, 0xb0, 0x7f, 0xff, 0xb0, 0x2, 0xff, 0xff,
    0xfc, 0x3f, 0xb0, 0x2a, 0x97, 0x10, 0x2, 0xfd,
    0x26, 0xfc, 0x3f, 0xe8, 0x88, 0x88, 0x71, 0x2,
    0xfc, 0x3, 0xfc, 0x3f, 0xff, 0xff, 0xff, 0xf5,
    0x3, 0xfd, 0x25, 0xfc, 0x3f, 0xff, 0xfc, 0xcf,
    0xf1, 0x3, 0xff, 0xff, 0xfc, 0x3f, 0xbe, 0xe0,
    0x2f, 0xd0, 0x4, 0xff, 0xde, 0xfc, 0x3f, 0xb8,
    0xf7, 0x8f, 0x90, 0x5, 0xf9, 0x3, 0xfc, 0x3f,
    0xb2, 0xfe, 0xef, 0x20, 0x7, 0xf7, 0x3, 0xfc,
    0x3f, 0xb0, 0x9f, 0xfb, 0x0, 0x9, 0xf5, 0x3,
    0xfc, 0x3f, 0xb0, 0x5f, 0xf9, 0x0, 0xd, 0xf2,
    0x5, 0xfc, 0x3f, 0xb6, 0xff, 0xff, 0x90, 0x2f,
    0xd1, 0xff, 0xfa, 0x3f, 0xdf, 0xf8, 0x5f, 0xfb,
    0x7, 0x80, 0xcf, 0xb2, 0x3f, 0xb8, 0x60, 0x2,
    0xc1, 0x0, 0x0, 0x0, 0x0, 0x0, 0x0, 0x0,
    0x0, 0x0,

    /* U+672A "未" */
    0x0, 0x0, 0x0, 0x2, 0xff, 0x10, 0x0, 0x0,
    0x0, 0x0, 0x0, 0x0, 0x2, 0xff, 0x10, 0x0,
    0x0, 0x0, 0x0, 0x8c, 0xcc, 0xcd, 0xff, 0xdc,
    0xcc, 0xc9, 0x0, 0x0, 0xaf, 0xff, 0xff, 0xff,
    0xff, 0xff, 0xfc, 0x0, 0x0, 0x35, 0x55, 0x57,
    0xff, 0x65, 0x55, 0x54, 0x0, 0x0, 0x0, 0x0,
    0x2, 0xff, 0x10, 0x0, 0x0, 0x0, 0x2, 0x22,
    0x22, 0x24, 0xff, 0x32, 0x22, 0x22, 0x20, 0xf,
    0xff, 0xff, 0xff, 0xff, 0xff, 0xff, 0xff, 0xf1,
    0xf, 0xff, 0xff, 0xff, 0xff, 0xff, 0xff, 0xff,
    0xf1, 0x0, 0x0, 0x0, 0x9f, 0xff, 0xf9, 0x0,
    0x0, 0x0, 0x0, 0x0, 0x7, 0xff, 0xff, 0xff,
    0x70, 0x0, 0x0, 0x0, 0x0, 0x8f, 0xf9, 0xff,
    0x8f, 0xf7, 0x0, 0x0, 0x0, 0x1b, 0xff, 0x72,
    0xff, 0x17, 0xff, 0xa1, 0x0, 0x6, 0xef, 0xf8,
    0x2, 0xff, 0x10, 0x8f, 0xfe, 0x50, 0x5f, 0xff,
    0x60, 0x2, 0xff, 0x10, 0x6, 0xff, 0xf4, 0x8,
    0xc2, 0x0, 0x2, 0xff, 0x10, 0x0, 0x2c, 0x70,
    0x0, 0x0, 0x0, 0x2, 0xff, 0x10, 0x0, 0x0,
    0x0,

    /* U+672C "本" */
    0x0, 0x0, 0x0, 0x2, 0xff, 0x10, 0x0, 0x0,
    0x0, 0x0, 0x0, 0x0, 0x2, 0xff, 0x10, 0x0,
    0x0, 0x0, 0x0, 0x0, 0x0, 0x2, 0xff, 0x10,
    0x0, 0x0, 0x0, 0xe, 0xff, 0xff, 0xff, 0xff,
    0xff, 0xff, 0xff, 0xe0, 0xe, 0xff, 0xff, 0xff,
    0xff, 0xff, 0xff, 0xff, 0xf0, 0x3, 0x33, 0x3c,
    0xfc, 0xff, 0xdf, 0xb3, 0x33, 0x30, 0x0, 0x0,
    0x3f, 0xf5, 0xff, 0x6f, 0xf2, 0x0, 0x0, 0x0,
    0x0, 0xcf, 0xb2, 0xff, 0x2c, 0xfb, 0x0, 0x0,
    0x0, 0x5, 0xff, 0x32, 0xff, 0x15, 0xff, 0x50,
    0x0, 0x0, 0x2e, 0xf9, 0x2, 0xff, 0x10, 0xaf,
    0xe2, 0x0, 0x1, 0xdf, 0xe0, 0x2, 0xff, 0x10,
    0x1f, 0xfe, 0x20, 0x2d, 0xff, 0xed, 0xde, 0xff,
    0xed, 0xde, 0xff, 0xf3, 0x2e, 0xf4, 0xff, 0xff,
    0xff, 0xff, 0xfd, 0x6f, 0xb0, 0x3, 0x40, 0x55,
    0x57, 0xff, 0x65, 0x54, 0x5, 0x0, 0x0, 0x0,
    0x0, 0x2, 0xff, 0x10, 0x0, 0x0, 0x0, 0x0,
    0x0, 0x0, 0x2, 0xff, 0x10, 0x0, 0x0, 0x0,
    0x0, 0x0, 0x0, 0x2, 0xff, 0x10, 0x0, 0x0,
    0x0,

    /* U+673A "机" */
    0x0, 0x4, 0xfc, 0x0, 0xf, 0xff, 0xff, 0xf4,
    0x0, 0x0, 0x4, 0xfc, 0x0, 0xf, 0xff, 0xff,
    0xf4, 0x0, 0x0, 0x4, 0xfc, 0x0, 0xf, 0xf1,
    0xe, 0xf4, 0x0, 0xc, 0xcd, 0xff, 0xcc, 0x1f,
    0xf1, 0xd, 0xf4, 0x0, 0xf, 0xff, 0xff, 0xff,
    0x1f, 0xf1, 0xd, 0xf4, 0x0, 0x3, 0x3c, 0xfd,
    0x33, 0xf, 0xf1, 0xd, 0xf4, 0x0, 0x0, 0xf,
    0xfd, 0x0, 0xf, 0xf1, 0xd, 0xf4, 0x0, 0x0,
    0x5f, 0xff, 0xa0, 0xf, 0xf0, 0xd, 0xf4, 0x0,
    0x0, 0xaf, 0xff, 0xf6, 0x1f, 0xf0, 0xd, 0xf4,
    0x0, 0x1, 0xff, 0xfd, 0xff, 0x5f, 0xe0, 0xd,
    0xf4, 0x0, 0x9, 0xf9, 0xfc, 0x7c, 0x5f, 0xb0,
    0xd, 0xf4, 0x0, 0x3f, 0xe5, 0xfc, 0x2, 0x8f,
    0x90, 0xd, 0xf4, 0x10, 0x1f, 0x74, 0xfc, 0x0,
    0xdf, 0x50, 0xd, 0xf4, 0xc8, 0x7, 0x4, 0xfc,
    0x2, 0xff, 0x0, 0xd, 0xf4, 0xcb, 0x0, 0x4,
    0xfc, 0xc, 0xfa, 0x0, 0xd, 0xf4, 0xda, 0x0,
    0x4, 0xfc, 0x5f, 0xf1, 0x0, 0xc, 0xff, 0xf8,
    0x0, 0x4, 0xfc, 0x8, 0x60, 0x0, 0x4, 0xef,
    0xc1,

    /* U+675F "束" */
    0x0, 0x0, 0x0, 0x0, 0xff, 0x40, 0x0, 0x0,
    0x0, 0x7, 0xdd, 0xdd, 0xdd, 0xff, 0xdd, 0xdd,
    0xdd, 0xc0, 0x8, 0xff, 0xff, 0xff, 0xff, 0xff,
    0xff, 0xff, 0xe0, 0x1, 0x22, 0x22, 0x22, 0xff,
    0x62, 0x22, 0x22, 0x20, 0x0, 0x0, 0x0, 0x0,
    0xff, 0x40, 0x0, 0x0, 0x0, 0x0, 0x5f, 0xff,
    0xff, 0xff, 0xff, 0xff, 0xfd, 0x0, 0x0, 0x5f,
    0xfd, 0xdd, 0xff, 0xed, 0xde, 0xfd, 0x0, 0x0,
    0x5f, 0xb0, 0x0, 0xff, 0x40, 0x5, 0xfd, 0x0,
    0x0, 0x5f, 0xb1, 0x11, 0xff, 0x51, 0x16, 0xfd,
    0x0, 0x0, 0x5f, 0xff, 0xff, 0xff, 0xff, 0xff,
    0xfd, 0x0, 0x0, 0x4d, 0xdd, 0xdf, 0xff, 0xfe,
    0xdd, 0xdb, 0x0, 0x0, 0x0, 0x2, 0xdf, 0xff,
    0xff, 0x60, 0x0, 0x0, 0x0, 0x0, 0x5f, 0xfd,
    0xff, 0xcf, 0xf9, 0x0, 0x0, 0x0, 0x3a, 0xff,
    0xb1, 0xff, 0x47, 0xff, 0xd6, 0x0, 0x1b, 0xff,
    0xf9, 0x0, 0xff, 0x40, 0x5f, 0xff, 0xe4, 0x9,
    0xfc, 0x40, 0x0, 0xff, 0x40, 0x1, 0xaf, 0xd1,
    0x0, 0x50, 0x0, 0x0, 0xff, 0x40, 0x0, 0x3,
    0x30,

    /* U+6765 "来" */
    0x0, 0x0, 0x0, 0x2, 0xff, 0x20, 0x0, 0x0,
    0x0, 0x0, 0x11, 0x11, 0x13, 0xff, 0x41, 0x11,
    0x11, 0x0, 0x3, 0xff, 0xff, 0xff, 0xff, 0xff,
    0xff, 0xff, 0x60, 0x3, 0xff, 0xff, 0xff, 0xff,
    0xff, 0xff, 0xff, 0x50, 0x0, 0x8, 0xe3, 0x2,
    0xff, 0x20, 0x1e, 0xb3, 0x0, 0x0, 0x9, 0xfc,
    0x2, 0xff, 0x20, 0x7f, 0xe0, 0x0, 0x0, 0x2,
    0xff, 0x32, 0xff, 0x20, 0xef, 0x60, 0x0, 0x3,
    0x33, 0xdb, 0x45, 0xff, 0x54, 0xbd, 0x33, 0x30,
    0x1f, 0xff, 0xff, 0xff, 0xff, 0xff, 0xff, 0xff,
    0xf1, 0x1d, 0xdd, 0xdd, 0xef, 0xff, 0xfe, 0xdd,
    0xdd, 0xd1, 0x0, 0x0, 0x3, 0xef, 0xff, 0xfe,
    0x30, 0x0, 0x0, 0x0, 0x0, 0x3e, 0xfc, 0xff,
    0xcf, 0xf3, 0x0, 0x0, 0x0, 0x5, 0xff, 0xb2,
    0xff, 0x2b, 0xff, 0x40, 0x0, 0x1, 0xaf, 0xfc,
    0x2, 0xff, 0x20, 0xbf, 0xf9, 0x10, 0x4f, 0xff,
    0xa0, 0x2, 0xff, 0x20, 0xa, 0xff, 0xf3, 0xa,
    0xe4, 0x0, 0x2, 0xff, 0x20, 0x0, 0x5e, 0xb0,
    0x1, 0x10, 0x0, 0x2, 0xff, 0x20, 0x0, 0x1,
    0x10,

    /* U+677F "板" */
    0x0, 0xf, 0xf0, 0x0, 0x0, 0x12, 0x46, 0x9c,
    0x40, 0x0, 0xf, 0xf0, 0x2, 0xff, 0xff, 0xff,
    0xff, 0xd1, 0x0, 0xf, 0xf0, 0x3, 0xff, 0xcb,
    0x97, 0x51, 0x0, 0x2e, 0xef, 0xfe, 0xd3, 0xfe,
    0x0, 0x0, 0x0, 0x0, 0x2f, 0xff, 0xff, 0xf3,
    0xfe, 0x11, 0x11, 0x11, 0x0, 0x4, 0x6f, 0xf5,
    0x43, 0xff, 0xff, 0xff, 0xff, 0xc0, 0x0, 0x7f,
    0xfa, 0x3, 0xff, 0xff, 0xdd, 0xef, 0xa0, 0x0,
    0xcf, 0xff, 0x54, 0xfd, 0xef, 0x10, 0xaf, 0x70,
    0x1, 0xff, 0xfe, 0xe6, 0xfb, 0xaf, 0x61, 0xff,
    0x30, 0x7, 0xff, 0xf8, 0xb7, 0xfa, 0x6f, 0xc6,
    0xfe, 0x0, 0x1e, 0xbf, 0xf2, 0x18, 0xf8, 0x1f,
    0xfd, 0xf7, 0x0, 0x7f, 0x5f, 0xf0, 0xc, 0xf5,
    0x9, 0xff, 0xf1, 0x0, 0x2e, 0xf, 0xf0, 0x1f,
    0xf1, 0x4, 0xff, 0xa0, 0x0, 0x3, 0xf, 0xf0,
    0x5f, 0xd0, 0x2e, 0xff, 0xf5, 0x0, 0x0, 0xf,
    0xf1, 0xdf, 0x97, 0xff, 0xec, 0xff, 0x91, 0x0,
    0xf, 0xf7, 0xff, 0x8f, 0xfd, 0x10, 0xcf, 0xf8,
    0x0, 0xf, 0xf1, 0x89, 0xa, 0x80, 0x0, 0x7,
    0xb0, 0x0, 0x0, 0x0, 0x0, 0x0, 0x0, 0x0,
    0x0, 0x0,

    /* U+6837 "样" */
    0x0, 0x0, 0x0, 0x0, 0x0, 0x0, 0x0, 0x0,
    0x0, 0x0, 0x2f, 0xe0, 0x0, 0x7d, 0x30, 0x0,
    0xbc, 0x50, 0x0, 0x2f, 0xe0, 0x0, 0x9f, 0xd0,
    0x2, 0xff, 0x30, 0x0, 0x2f, 0xe0, 0x0, 0x1f,
    0xe2, 0x9, 0xfb, 0x0, 0x2e, 0xff, 0xfe, 0x98,
    0xef, 0xfe, 0xef, 0xff, 0xe3, 0x2f, 0xff, 0xff,
    0xa9, 0xff, 0xff, 0xff, 0xff, 0xf3, 0x0, 0x3f,
    0xf1, 0x0, 0x0, 0xc, 0xf7, 0x0, 0x0, 0x0,
    0x7f, 0xf7, 0x0, 0x0, 0xc, 0xf7, 0x0, 0x0,
    0x0, 0xcf, 0xff, 0x30, 0xff, 0xff, 0xff, 0xff,
    0xa0, 0x1, 0xff, 0xff, 0xd1, 0xee, 0xef, 0xff,
    0xee, 0x90, 0x8, 0xff, 0xea, 0xe1, 0x0, 0xc,
    0xf6, 0x0, 0x0, 0x1e, 0xff, 0xe3, 0x24, 0x44,
    0x4d, 0xf9, 0x44, 0x42, 0x7f, 0xaf, 0xe0, 0x1f,
    0xff, 0xff, 0xff, 0xff, 0xf7, 0x1e, 0x3f, 0xe0,
    0xb, 0xbb, 0xbf, 0xfd, 0xbb, 0xb5, 0x3, 0x2f,
    0xe0, 0x0, 0x0, 0xc, 0xf6, 0x0, 0x0, 0x0,
    0x2f, 0xe0, 0x0, 0x0, 0xc, 0xf6, 0x0, 0x0,
    0x0, 0x2f, 0xe0, 0x0, 0x0, 0xc, 0xf6, 0x0,
    0x0, 0x0, 0x2f, 0xe0, 0x0, 0x0, 0xc, 0xf6,
    0x0, 0x0,

    /* U+6B21 "次" */
    0x0, 0x0, 0x0, 0x0, 0x0, 0x0, 0x0, 0x0,
    0x0, 0x0, 0x0, 0x0, 0x4, 0xfc, 0x10, 0x0,
    0x0, 0x0, 0x4, 0x91, 0x0, 0x9, 0xfe, 0x0,
    0x0, 0x0, 0x0, 0x1e, 0xfe, 0x50, 0xd, 0xfc,
    0x44, 0x44, 0x44, 0x0, 0x3, 0xdf, 0xf6, 0x2f,
    0xff, 0xff, 0xff, 0xff, 0xc0, 0x0, 0x9, 0xe1,
    0x8f, 0xfe, 0xee, 0xee, 0xff, 0xd0, 0x0, 0x0,
    0x10, 0xef, 0x91, 0x99, 0x10, 0xbf, 0x80, 0x0,
    0x0, 0x9, 0xff, 0x22, 0xff, 0x31, 0xff, 0x30,
    0x0, 0x0, 0x1d, 0xf9, 0x3, 0xff, 0x26, 0xfc,
    0x0, 0x0, 0x2, 0x80, 0x60, 0x4, 0xff, 0x50,
    0x64, 0x0, 0x0, 0xb, 0xf9, 0x0, 0x9, 0xff,
    0xb0, 0x0, 0x0, 0x0, 0x5f, 0xf4, 0x0, 0xd,
    0xff, 0xf1, 0x0, 0x0, 0x1, 0xef, 0xa0, 0x0,
    0x5f, 0xfe, 0xfa, 0x0, 0x0, 0xa, 0xff, 0x10,
    0x2, 0xef, 0xd2, 0xff, 0x60, 0x0, 0x4f, 0xf8,
    0x0, 0x2d, 0xff, 0x30, 0x7f, 0xf6, 0x0, 0x7,
    0xd0, 0x6, 0xff, 0xf6, 0x0, 0xc, 0xff, 0xc3,
    0x0, 0x0, 0x4f, 0xff, 0x50, 0x0, 0x0, 0xbf,
    0xd1, 0x0, 0x0, 0x6, 0xb1, 0x0, 0x0, 0x0,
    0x5, 0x30,

    /* U+6B22 "欢" */
    0x0, 0x0, 0x0, 0x0, 0x3, 0x41, 0x0, 0x0,
    0x0, 0x0, 0x0, 0x0, 0x0, 0xc, 0xf4, 0x0,
    0x0, 0x0, 0x27, 0x77, 0x77, 0x83, 0xf, 0xf2,
    0x0, 0x0, 0x0, 0x4f, 0xff, 0xff, 0xfb, 0x2f,
    0xfe, 0xee, 0xee, 0xc2, 0x16, 0x66, 0x6a, 0xf8,
    0x5f, 0xff, 0xff, 0xff, 0xf0, 0x4, 0x50, 0xb,
    0xf5, 0xaf, 0x72, 0x20, 0x4f, 0xc0, 0x2f, 0xf2,
    0xf, 0xf5, 0xff, 0x1f, 0xf0, 0x8f, 0x70, 0x9,
    0xfd, 0x4f, 0xe6, 0xfa, 0xf, 0xf0, 0x7e, 0x10,
    0x0, 0xdf, 0xef, 0x90, 0x42, 0x1f, 0xf0, 0x0,
    0x0, 0x0, 0x3f, 0xff, 0x30, 0x0, 0x3f, 0xf4,
    0x0, 0x0, 0x0, 0xa, 0xff, 0x10, 0x0, 0x7f,
    0xf9, 0x0, 0x0, 0x0, 0x1f, 0xff, 0x90, 0x0,
    0xbf, 0xfe, 0x0, 0x0, 0x0, 0xbf, 0xef, 0xf3,
    0x3, 0xff, 0xdf, 0x70, 0x0, 0x9, 0xff, 0x2b,
    0xf6, 0xd, 0xfa, 0x3f, 0xf2, 0x0, 0x7f, 0xf6,
    0x3, 0x50, 0xbf, 0xe1, 0xa, 0xfd, 0x20, 0xc,
    0x60, 0x0, 0x2d, 0xff, 0x40, 0x1, 0xdf, 0xf5,
    0x0, 0x0, 0x0, 0x2e, 0xe4, 0x0, 0x0, 0x1c,
    0xe1, 0x0, 0x0, 0x0, 0x2, 0x10, 0x0, 0x0,
    0x0, 0x20,

    /* U+6B63 "正" */
    0x1, 0x11, 0x11, 0x11, 0x11, 0x11, 0x11, 0x11,
    0x10, 0x9, 0xff, 0xff, 0xff, 0xff, 0xff, 0xff,
    0xff, 0xb0, 0x9, 0xff, 0xff, 0xff, 0xff, 0xff,
    0xff, 0xff, 0xb0, 0x0, 0x0, 0x0, 0x0, 0x9f,
    0xb0, 0x0, 0x0, 0x0, 0x0, 0x0, 0x0, 0x0,
    0x9f, 0xb0, 0x0, 0x0, 0x0, 0x0, 0x3, 0x30,
    0x0, 0x9f, 0xb0, 0x0, 0x0, 0x0, 0x0, 0xf,
    0xf4, 0x0, 0x9f, 0xb0, 0x0, 0x0, 0x0, 0x0,
    0xf, 0xf4, 0x0, 0x9f, 0xff, 0xff, 0xfd, 0x0,
    0x0, 0xf, 0xf4, 0x0, 0x9f, 0xff, 0xff, 0xfd,
    0x0, 0x0, 0xf, 0xf4, 0x0, 0x9f, 0xb0, 0x0,
    0x0, 0x0, 0x0, 0xf, 0xf4, 0x0, 0x9f, 0xb0,
    0x0, 0x0, 0x0, 0x0, 0xf, 0xf4, 0x0, 0x9f,
    0xb0, 0x0, 0x0, 0x0, 0x0, 0xf, 0xf4, 0x0,
    0x9f, 0xb0, 0x0, 0x0, 0x0, 0x2, 0x2f, 0xf6,
    0x22, 0xaf, 0xb2, 0x22, 0x22, 0x20, 0x3f, 0xff,
    0xff, 0xff, 0xff, 0xff, 0xff, 0xff, 0xf3, 0x3f,
    0xff, 0xff, 0xff, 0xff, 0xff, 0xff, 0xff, 0xf3,

    /* U+6CA1 "没" */
    0x0, 0x20, 0x0, 0x0, 0x0, 0x0, 0x0, 0x0,
    0x0, 0x2, 0xed, 0x50, 0x2, 0xff, 0xff, 0xff,
    0xd0, 0x0, 0x4, 0xef, 0xf9, 0x2, 0xff, 0xff,
    0xff, 0xd0, 0x0, 0x0, 0x1b, 0xf4, 0x2, 0xfe,
    0x0, 0x4f, 0xd0, 0x0, 0x0, 0x0, 0x40, 0x5,
    0xfc, 0x0, 0x4f, 0xd0, 0x0, 0x0, 0x0, 0x0,
    0xc, 0xf8, 0x0, 0x3f, 0xe3, 0x33, 0xb, 0x81,
    0x2, 0xcf, 0xe1, 0x0, 0x1f, 0xff, 0xf9, 0x5f,
    0xfe, 0x64, 0xfe, 0x40, 0x0, 0x5, 0xcd, 0xd8,
    0x3, 0xcf, 0x80, 0x75, 0x33, 0x33, 0x33, 0x43,
    0x0, 0x0, 0x6, 0x0, 0xbf, 0xff, 0xff, 0xff,
    0xff, 0x60, 0x0, 0x0, 0x30, 0x8d, 0xfc, 0xbb,
    0xbd, 0xff, 0x10, 0x0, 0x3, 0xf7, 0xe, 0xf7,
    0x0, 0xd, 0xf9, 0x0, 0x0, 0xc, 0xf8, 0x5,
    0xff, 0x70, 0xbf, 0xe2, 0x0, 0x0, 0x4f, 0xf1,
    0x0, 0x8f, 0xfe, 0xff, 0x30, 0x0, 0x0, 0xdf,
    0x80, 0x0, 0x2e, 0xff, 0xfc, 0x20, 0x0, 0x8,
    0xfe, 0x14, 0x7c, 0xff, 0xff, 0xff, 0xfc, 0x83,
    0x8, 0xf6, 0x9, 0xff, 0xfb, 0x40, 0x6e, 0xff,
    0xf4, 0x0, 0x40, 0x1, 0xa6, 0x10, 0x0, 0x0,
    0x38, 0x70,

    /* U+6D88 "消" */
    0x0, 0x96, 0x0, 0x3, 0x10, 0x4f, 0xe0, 0x5,
    0x30, 0x5, 0xff, 0xc2, 0x8f, 0xb0, 0x4f, 0xe0,
    0xf, 0xf5, 0x0, 0x4e, 0xf9, 0x1f, 0xf5, 0x4f,
    0xe0, 0x7f, 0xd0, 0x0, 0x1, 0x90, 0x9, 0xfa,
    0x4f, 0xe0, 0xef, 0x50, 0x0, 0x0, 0x0, 0x3,
    0x60, 0x4f, 0xe0, 0x16, 0x0, 0xb, 0xc3, 0x0,
    0x2f, 0xff, 0xff, 0xff, 0xff, 0xc0, 0x2d, 0xff,
    0x80, 0x2f, 0xff, 0xff, 0xff, 0xff, 0xc0, 0x0,
    0x6f, 0x90, 0x2f, 0xe0, 0x0, 0x0, 0x5f, 0xc0,
    0x0, 0x2, 0x0, 0x2f, 0xff, 0xff, 0xff, 0xff,
    0xc0, 0x0, 0x0, 0x50, 0x2f, 0xfd, 0xdd, 0xdd,
    0xef, 0xc0, 0x0, 0x5, 0xf7, 0x2f, 0xe0, 0x0,
    0x0, 0x5f, 0xc0, 0x0, 0xd, 0xf6, 0x2f, 0xfc,
    0xcc, 0xcc, 0xdf, 0xc0, 0x0, 0x5f, 0xe0, 0x2f,
    0xff, 0xff, 0xff, 0xff, 0xc0, 0x0, 0xdf, 0x80,
    0x2f, 0xe0, 0x0, 0x0, 0x5f, 0xc0, 0x5, 0xff,
    0x10, 0x2f, 0xe0, 0x0, 0x0, 0x6f, 0xc0, 0xa,
    0xf9, 0x0, 0x2f, 0xe0, 0x0, 0xbf, 0xff, 0xa0,
    0x0, 0x92, 0x0, 0x2f, 0xe0, 0x0, 0x6f, 0xeb,
    0x10,

    /* U+6DFB "添" */
    0x0, 0x93, 0x0, 0x0, 0x0, 0x0, 0x0, 0x0,
    0x0, 0x8, 0xff, 0xa2, 0xff, 0xff, 0xff, 0xff,
    0xff, 0x90, 0x0, 0x9f, 0xf3, 0xff, 0xff, 0xff,
    0xff, 0xff, 0x90, 0x0, 0x5, 0x50, 0x0, 0xb,
    0xf9, 0x0, 0x0, 0x0, 0x0, 0x0, 0x0, 0x0,
    0xf, 0xf4, 0x0, 0x0, 0x0, 0x4, 0x10, 0xe,
    0xff, 0xff, 0xff, 0xff, 0xff, 0xf3, 0x3f, 0xf8,
    0xe, 0xff, 0xff, 0xff, 0xff, 0xff, 0xf3, 0x2d,
    0xff, 0x50, 0x9, 0xfe, 0x10, 0xcf, 0xa0, 0x0,
    0x0, 0xbd, 0x0, 0x4f, 0xf6, 0x0, 0x3f, 0xf7,
    0x0, 0x0, 0x2, 0x5, 0xff, 0xc7, 0x92, 0x7,
    0xff, 0xb1, 0x0, 0x0, 0x5f, 0xfc, 0xb, 0xf3,
    0x0, 0x8f, 0xf3, 0x0, 0xc, 0x3b, 0xc8, 0x1b,
    0xf4, 0x43, 0xdd, 0x50, 0x0, 0x5f, 0xd0, 0x8f,
    0x6b, 0xfd, 0xf4, 0xff, 0x20, 0x0, 0xcf, 0x71,
    0xef, 0x1b, 0xf8, 0xf9, 0x7f, 0xb0, 0x3, 0xff,
    0x1c, 0xf8, 0xb, 0xf4, 0xfd, 0xe, 0xf2, 0xa,
    0xfa, 0x7, 0xc0, 0xc, 0xf3, 0x98, 0x8, 0xc2,
    0x1f, 0xf3, 0x0, 0x7, 0xef, 0xf2, 0x0, 0x0,
    0x0, 0x2, 0x90, 0x0, 0x3, 0xfe, 0x90, 0x0,
    0x0, 0x0,

    /* U+6E05 "清" */
    0x0, 0xa4, 0x0, 0x0, 0x0, 0xff, 0x20, 0x0,
    0x0, 0x7, 0xff, 0xb5, 0xee, 0xee, 0xff, 0xee,
    0xee, 0x70, 0x0, 0x5e, 0xd2, 0x66, 0x66, 0xff,
    0x76, 0x66, 0x30, 0x0, 0x1, 0x10, 0xbf, 0xff,
    0xff, 0xff, 0xff, 0x0, 0x3, 0x10, 0x0, 0x67,
    0x77, 0xff, 0x97, 0x77, 0x0, 0x3f, 0xf7, 0xb,
    0xbb, 0xbb, 0xff, 0xcb, 0xbb, 0xb2, 0x1b, 0xff,
    0x8b, 0xcc, 0xcc, 0xcc, 0xcc, 0xcc, 0xc3, 0x0,
    0x5d, 0x10, 0x58, 0x88, 0x88, 0x88, 0x87, 0x0,
    0x0, 0x0, 0x0, 0x9f, 0xff, 0xff, 0xff, 0xfd,
    0x0, 0x0, 0x7, 0x40, 0x9f, 0x71, 0x11, 0x14,
    0xfd, 0x0, 0x0, 0xe, 0xf3, 0x9f, 0xff, 0xff,
    0xff, 0xfd, 0x0, 0x0, 0x5f, 0xf0, 0x9f, 0xb7,
    0x77, 0x79, 0xfd, 0x0, 0x0, 0xbf, 0x90, 0x9f,
    0xb8, 0x88, 0x8a, 0xfd, 0x0, 0x2, 0xff, 0x30,
    0x9f, 0xff, 0xff, 0xff, 0xfd, 0x0, 0xa, 0xfc,
    0x0, 0x9f, 0x60, 0x0, 0x3, 0xfd, 0x0, 0x9,
    0xf6, 0x0, 0x9f, 0x60, 0x3, 0xde, 0xfb, 0x0,
    0x0, 0x41, 0x0, 0x9f, 0x60, 0x0, 0xef, 0xc3,
    0x0,

    /* U+6E38 "游" */
    0x0, 0x20, 0x0, 0x16, 0x30, 0x0, 0x63, 0x0,
    0x0, 0x5, 0xfb, 0x20, 0x9f, 0xd0, 0x3, 0xff,
    0x0, 0x0, 0x6, 0xff, 0xe0, 0x1f, 0xe3, 0x7,
    0xfd, 0x55, 0x52, 0x0, 0x1c, 0xae, 0xef, 0xee,
    0xec, 0xff, 0xff, 0xf6, 0x0, 0x0, 0x5f, 0xff,
    0xff, 0xff, 0xfa, 0xaa, 0xa4, 0x3, 0x20, 0x2,
    0xfe, 0x11, 0xaf, 0xb0, 0x0, 0x0, 0x2f, 0xf9,
    0x11, 0xfd, 0x0, 0x3c, 0xff, 0xff, 0xd2, 0x19,
    0xff, 0x41, 0xff, 0xdd, 0xc2, 0xdd, 0xff, 0xd1,
    0x0, 0x36, 0x2, 0xff, 0xff, 0xd0, 0x5, 0xfe,
    0x20, 0x0, 0x0, 0x4, 0xfa, 0x3f, 0xc0, 0x9,
    0xf6, 0x0, 0x0, 0x26, 0x5, 0xf7, 0x2f, 0xca,
    0xae, 0xfc, 0xa5, 0x0, 0x8f, 0x77, 0xf5, 0x3f,
    0xbe, 0xff, 0xff, 0xf7, 0x0, 0xdf, 0x4b, 0xf2,
    0x4f, 0xa3, 0x3b, 0xf8, 0x31, 0x2, 0xff, 0xf,
    0xf0, 0x5f, 0x90, 0x9, 0xf6, 0x0, 0x7, 0xfb,
    0x4f, 0xc0, 0x6f, 0x80, 0x9, 0xf6, 0x0, 0xd,
    0xf6, 0xcf, 0x60, 0xaf, 0x60, 0x9, 0xf6, 0x0,
    0x2f, 0xf6, 0xfe, 0x5e, 0xff, 0x37, 0xcf, 0xf4,
    0x0, 0x4, 0xa0, 0x95, 0x1f, 0xf8, 0x5, 0xff,
    0xb0, 0x0, 0x0, 0x0, 0x0, 0x0, 0x0, 0x0,
    0x20, 0x0, 0x0,

    /* U+6EE1 "满" */
    0x0, 0x51, 0x0, 0x2, 0xfd, 0x0, 0x9f, 0x60,
    0x0, 0x6, 0xfe, 0x47, 0xab, 0xff, 0xaa, 0xdf,
    0xca, 0xa0, 0x1, 0xbf, 0xfd, 0xff, 0xff, 0xff,
    0xff, 0xff, 0xe0, 0x0, 0x9, 0x71, 0x24, 0xfe,
    0x22, 0xaf, 0x82, 0x20, 0x0, 0x0, 0xa, 0xbc,
    0xfe, 0xbb, 0xef, 0xdb, 0xb2, 0x1d, 0x91, 0xe,
    0xff, 0xff, 0xff, 0xff, 0xff, 0xf2, 0x5f, 0xfe,
    0x20, 0x0, 0x2f, 0x90, 0xeb, 0x0, 0x0, 0x2,
    0xdd, 0x7, 0xcc, 0xdf, 0xec, 0xff, 0xcc, 0xa0,
    0x0, 0x1, 0x9, 0xff, 0xff, 0xff, 0xff, 0xff,
    0xd0, 0x0, 0x5, 0x29, 0xf7, 0x5f, 0x62, 0xf9,
    0x3f, 0xd0, 0x0, 0xe, 0xeb, 0xf7, 0x7f, 0xa4,
    0xfc, 0x2f, 0xd0, 0x0, 0x6f, 0xea, 0xf7, 0xbf,
    0xfe, 0xff, 0x8f, 0xd0, 0x0, 0xdf, 0x89, 0xfa,
    0xfc, 0x9e, 0xff, 0xff, 0xd0, 0x5, 0xff, 0x19,
    0xfd, 0xf4, 0x6f, 0x88, 0x8f, 0xd0, 0xd, 0xfa,
    0x9, 0xf7, 0x40, 0x1b, 0x10, 0x2f, 0xd0, 0x1d,
    0xf2, 0x9, 0xf7, 0x0, 0x0, 0x4, 0x8f, 0xc0,
    0x0, 0x60, 0x9, 0xf7, 0x0, 0x0, 0x7, 0xfe,
    0x50,

    /* U+70B9 "点" */
    0x0, 0x0, 0x0, 0x1, 0xff, 0x0, 0x0, 0x0,
    0x0, 0x0, 0x0, 0x0, 0x1, 0xff, 0xee, 0xee,
    0xee, 0x70, 0x0, 0x0, 0x0, 0x1, 0xff, 0xff,
    0xff, 0xff, 0x70, 0x0, 0x0, 0x0, 0x1, 0xff,
    0x21, 0x11, 0x11, 0x0, 0x0, 0x0, 0x0, 0x1,
    0xff, 0x0, 0x0, 0x0, 0x0, 0x0, 0x2f, 0xff,
    0xff, 0xff, 0xff, 0xff, 0xf4, 0x0, 0x0, 0x2f,
    0xff, 0xff, 0xff, 0xff, 0xff, 0xf4, 0x0, 0x0,
    0x2f, 0xe0, 0x0, 0x0, 0x0, 0xe, 0xf4, 0x0,
    0x0, 0x2f, 0xe0, 0x0, 0x0, 0x0, 0xe, 0xf4,
    0x0, 0x0, 0x2f, 0xfe, 0xee, 0xee, 0xee, 0xef,
    0xf4, 0x0, 0x0, 0x2f, 0xff, 0xff, 0xff, 0xff,
    0xff, 0xf4, 0x0, 0x0, 0x2, 0x11, 0x11, 0x11,
    0x11, 0x11, 0x31, 0x0, 0x0, 0x7f, 0x91, 0x9a,
    0x3, 0xb9, 0x9, 0xf9, 0x0, 0x0, 0xef, 0x60,
    0xff, 0x11, 0xff, 0x13, 0xff, 0x40, 0xb, 0xfd,
    0x0, 0xef, 0x40, 0xbf, 0x60, 0x9f, 0xd0, 0x2c,
    0xf3, 0x0, 0xdf, 0x50, 0x7f, 0x80, 0x1f, 0xd2,
    0x0, 0x20, 0x0, 0x21, 0x0, 0x0, 0x0, 0x1,
    0x0,

    /* U+70ED "热" */
    0x0, 0x8, 0xe5, 0x0, 0x3, 0xfc, 0x0, 0x0,
    0x0, 0x0, 0x9, 0xf6, 0x0, 0x3, 0xfc, 0x0,
    0x0, 0x0, 0xd, 0xef, 0xfe, 0xe8, 0xcd, 0xff,
    0xcc, 0xc4, 0x0, 0xf, 0xff, 0xff, 0xfa, 0xff,
    0xff, 0xff, 0xf4, 0x0, 0x1, 0x19, 0xf7, 0x10,
    0x6, 0xf9, 0xb, 0xf3, 0x0, 0x0, 0x9, 0xfb,
    0xa2, 0x18, 0xf7, 0xb, 0xf3, 0x0, 0x28, 0xcf,
    0xff, 0xf9, 0xfe, 0xf5, 0xb, 0xf3, 0x0, 0x3f,
    0xff, 0xfb, 0x55, 0xef, 0xf8, 0xb, 0xf3, 0x0,
    0x9, 0x5a, 0xf6, 0x0, 0x7f, 0xff, 0xca, 0xf3,
    0x81, 0x0, 0x9, 0xf6, 0x3, 0xff, 0x8d, 0xd8,
    0xf7, 0xf8, 0x7, 0xef, 0xf4, 0x4f, 0xfb, 0x1,
    0x22, 0xff, 0xf5, 0x2, 0xfe, 0x90, 0xb, 0xa0,
    0x0, 0x0, 0x8e, 0xa0, 0x0, 0x48, 0x30, 0x3,
    0x0, 0x23, 0x2, 0x85, 0x0, 0x0, 0xdf, 0x80,
    0xff, 0x4, 0xfe, 0x6, 0xff, 0x10, 0x7, 0xff,
    0x10, 0xef, 0x30, 0xef, 0x40, 0xcf, 0xb0, 0x2f,
    0xf6, 0x0, 0xdf, 0x40, 0xbf, 0x80, 0x3f, 0xf3,
    0x3, 0x80, 0x0, 0x55, 0x10, 0x34, 0x0, 0x7,
    0x30,

    /* U+7248 "版" */
    0x0, 0x0, 0x0, 0x0, 0x0, 0x0, 0x0, 0x0,
    0x0, 0x2, 0xfc, 0xf, 0xf0, 0x1e, 0xff, 0xff,
    0xff, 0xd1, 0x2, 0xfc, 0xf, 0xf0, 0x1f, 0xfd,
    0xba, 0x97, 0x52, 0x2, 0xfc, 0xf, 0xf0, 0x1f,
    0xe0, 0x0, 0x0, 0x0, 0x2, 0xfc, 0xf, 0xf0,
    0x1f, 0xe0, 0x0, 0x0, 0x0, 0x2, 0xfe, 0x6f,
    0xf6, 0x3f, 0xe1, 0x11, 0x11, 0x10, 0x2, 0xff,
    0xff, 0xff, 0x5f, 0xff, 0xff, 0xff, 0xf3, 0x2,
    0xfe, 0x99, 0x99, 0x4f, 0xff, 0xed, 0xdf, 0xf1,
    0x2, 0xfc, 0x0, 0x0, 0x2f, 0xff, 0xa0, 0x2f,
    0xd0, 0x3, 0xff, 0xdd, 0xd4, 0x2f, 0xdd, 0xf1,
    0x8f, 0xa0, 0x4, 0xff, 0xff, 0xf5, 0x3f, 0xc8,
    0xf7, 0xdf, 0x60, 0x4, 0xfb, 0xa, 0xf5, 0x5f,
    0xc3, 0xfe, 0xff, 0x0, 0x5, 0xf8, 0x9, 0xf5,
    0x6f, 0xa0, 0xcf, 0xf9, 0x0, 0x8, 0xf6, 0x9,
    0xf5, 0x9f, 0x70, 0x7f, 0xf3, 0x0, 0xa, 0xf4,
    0x9, 0xf5, 0xcf, 0x42, 0xef, 0xfc, 0x0, 0xe,
    0xf1, 0x9, 0xf7, 0xff, 0x6e, 0xfd, 0xff, 0xb1,
    0x3f, 0xb0, 0x9, 0xfd, 0xfd, 0xef, 0xe1, 0x6f,
    0xf7, 0x7, 0x50, 0x9, 0xf6, 0xb6, 0x6b, 0x10,
    0x6, 0xb0, 0x0, 0x0, 0x0, 0x0, 0x0, 0x0,
    0x0, 0x0, 0x0,

    /* U+724C "牌" */
    0x0, 0x0, 0x0, 0x0, 0x0, 0x0, 0x0, 0x0,
    0x0, 0xa, 0xf2, 0xcf, 0x10, 0x0, 0x2f, 0xf3,
    0x0, 0x0, 0xa, 0xf2, 0xcf, 0x13, 0x99, 0xcf,
    0xe9, 0x99, 0x60, 0xa, 0xf2, 0xcf, 0x14, 0xff,
    0xff, 0xff, 0xff, 0xa0, 0xa, 0xf2, 0xcf, 0x14,
    0xf9, 0xc, 0xf0, 0x5f, 0xa0, 0xa, 0xfc, 0xff,
    0xc9, 0xff, 0xff, 0xff, 0xff, 0xa0, 0xa, 0xff,
    0xff, 0xfa, 0xfc, 0x8e, 0xf8, 0xaf, 0xa0, 0xa,
    0xf3, 0x0, 0x5, 0xfa, 0x3f, 0xf3, 0x7f, 0xa0,
    0xa, 0xf2, 0x0, 0x4, 0xff, 0xff, 0xff, 0xff,
    0xa0, 0xb, 0xfc, 0xcc, 0x63, 0xab, 0xff, 0xca,
    0xaa, 0x60, 0xb, 0xff, 0xff, 0x80, 0x3c, 0xfb,
    0x3a, 0x70, 0x0, 0xc, 0xf1, 0x7f, 0x82, 0xef,
    0x90, 0x4f, 0xb0, 0x0, 0xd, 0xf0, 0x7f, 0x8b,
    0xee, 0xcc, 0xdf, 0xfc, 0xc1, 0xf, 0xd0, 0x7f,
    0x8e, 0xff, 0xff, 0xff, 0xff, 0xf1, 0x2f, 0xc0,
    0x7f, 0x80, 0x0, 0x0, 0x5f, 0xb0, 0x0, 0x5f,
    0x90, 0x7f, 0x80, 0x0, 0x0, 0x4f, 0xb0, 0x0,
    0x9f, 0x50, 0x7f, 0x80, 0x0, 0x0, 0x4f, 0xb0,
    0x0, 0x6d, 0x10, 0x7f, 0x80, 0x0, 0x0, 0x4f,
    0xb0, 0x0, 0x0, 0x0, 0x0, 0x0, 0x0, 0x0,
    0x0, 0x0, 0x0,

    /* U+731C "猜" */
    0x1e, 0xc5, 0x9b, 0x4f, 0xff, 0xff, 0xff, 0xff,
    0x70, 0x6, 0xff, 0xff, 0x78, 0x88, 0xcf, 0xd8,
    0x88, 0x40, 0x0, 0xbf, 0xfb, 0x1, 0x11, 0x8f,
    0xb1, 0x11, 0x0, 0x0, 0xbf, 0xf3, 0xb, 0xff,
    0xff, 0xff, 0xff, 0x10, 0x1c, 0xff, 0xf7, 0x4,
    0x55, 0xaf, 0xd5, 0x55, 0x0, 0x5f, 0xe8, 0xfc,
    0x8e, 0xee, 0xff, 0xfe, 0xee, 0xe1, 0x5, 0x21,
    0xff, 0x6b, 0xbb, 0xbb, 0xbb, 0xbb, 0xb0, 0x0,
    0x8, 0xff, 0x4, 0x99, 0x99, 0x99, 0x99, 0x0,
    0x0, 0x4f, 0xff, 0x17, 0xff, 0xff, 0xff, 0xff,
    0x0, 0x4, 0xff, 0xff, 0x27, 0xfc, 0x55, 0x56,
    0xff, 0x0, 0x5f, 0xfa, 0xef, 0x27, 0xff, 0xff,
    0xff, 0xff, 0x0, 0x1d, 0xa0, 0xef, 0x17, 0xfb,
    0x33, 0x35, 0xff, 0x0, 0x1, 0x0, 0xff, 0x7,
    0xff, 0xff, 0xff, 0xff, 0x0, 0x0, 0x1, 0xfe,
    0x7, 0xfb, 0x44, 0x45, 0xff, 0x0, 0x2, 0x18,
    0xfb, 0x7, 0xf9, 0x0, 0xac, 0xfe, 0x0, 0xb,
    0xff, 0xf6, 0x7, 0xf9, 0x0, 0xaf, 0xe7, 0x0,
    0x7, 0xed, 0x70, 0x5, 0xc7, 0x0, 0x0, 0x0,
    0x0, 0x0, 0x0, 0x0, 0x0, 0x0, 0x0, 0x0,
    0x0, 0x0,

    /* U+73B0 "现" */
    0x3f, 0xff, 0xff, 0xf6, 0xff, 0xff, 0xff, 0xff,
    0x30, 0x3f, 0xff, 0xff, 0xf6, 0xff, 0xdd, 0xdd,
    0xff, 0x30, 0x0, 0xf, 0xf0, 0x4, 0xfb, 0x0,
    0x0, 0xef, 0x30, 0x0, 0xf, 0xf0, 0x4, 0xfb,
    0x0, 0x0, 0xef, 0x30, 0x0, 0xf, 0xf0, 0x4,
    0xfb, 0xc, 0xc0, 0xef, 0x30, 0x0, 0x1f, 0xf1,
    0x4, 0xfb, 0xf, 0xf0, 0xef, 0x30, 0xf, 0xff,
    0xff, 0xb4, 0xfb, 0xf, 0xf0, 0xef, 0x30, 0xe,
    0xff, 0xff, 0xb4, 0xfb, 0xf, 0xf0, 0xef, 0x30,
    0x0, 0xf, 0xf0, 0x4, 0xfb, 0x1f, 0xf0, 0xef,
    0x30, 0x0, 0xf, 0xf0, 0x2, 0x96, 0x3f, 0xc0,
    0x89, 0x20, 0x0, 0xf, 0xf0, 0x0, 0x0, 0x7f,
    0xb2, 0x0, 0x0, 0x0, 0xf, 0xfa, 0xe2, 0x0,
    0xcf, 0xf9, 0x0, 0x0, 0x15, 0xaf, 0xff, 0xf4,
    0x5, 0xfd, 0xf9, 0x6, 0x91, 0x8f, 0xff, 0xfe,
    0x91, 0x2e, 0xe5, 0xf9, 0x7, 0xf3, 0x5f, 0xfa,
    0x40, 0x3, 0xef, 0x53, 0xf9, 0x8, 0xf1, 0x15,
    0x0, 0x0, 0x8f, 0xf9, 0x2, 0xfe, 0x9e, 0xe0,
    0x0, 0x0, 0x0, 0x7f, 0x70, 0x0, 0xaf, 0xfe,
    0x50, 0x0, 0x0, 0x0, 0x2, 0x0, 0x0, 0x0,
    0x0, 0x0,

    /* U+7528 "用" */
    0x0, 0x1, 0x11, 0x11, 0x11, 0x11, 0x11, 0x11,
    0x0, 0x3, 0xff, 0xff, 0xff, 0xff, 0xff, 0xff,
    0xf3, 0x0, 0x3f, 0xff, 0xff, 0xff, 0xff, 0xff,
    0xff, 0x30, 0x3, 0xfe, 0x0, 0xe, 0xf4, 0x0,
    0xe, 0xf3, 0x0, 0x3f, 0xe0, 0x0, 0xef, 0x40,
    0x0, 0xef, 0x30, 0x3, 0xff, 0xff, 0xff, 0xff,
    0xff, 0xff, 0xf3, 0x0, 0x3f, 0xff, 0xff, 0xff,
    0xff, 0xff, 0xff, 0x30, 0x3, 0xfe, 0x0, 0xe,
    0xf5, 0x0, 0xe, 0xf3, 0x0, 0x3f, 0xd0, 0x0,
    0xef, 0x40, 0x0, 0xef, 0x30, 0x4, 0xff, 0xee,
    0xef, 0xfe, 0xee, 0xef, 0xf3, 0x0, 0x6f, 0xff,
    0xff, 0xff, 0xff, 0xff, 0xff, 0x30, 0x8, 0xf9,
    0x11, 0x1e, 0xf5, 0x11, 0x1e, 0xf3, 0x0, 0xbf,
    0x40, 0x0, 0xef, 0x40, 0x0, 0xef, 0x30, 0xf,
    0xf1, 0x0, 0xe, 0xf4, 0x0, 0xe, 0xf3, 0x7,
    0xfd, 0x0, 0x0, 0xef, 0x40, 0x0, 0xff, 0x32,
    0xff, 0x50, 0x0, 0xe, 0xf4, 0xae, 0xef, 0xf1,
    0x9, 0xc0, 0x0, 0x0, 0xef, 0x46, 0xff, 0xe7,
    0x0, 0x1, 0x0, 0x0, 0x0, 0x0, 0x1, 0x10,
    0x0,

    /* U+7535 "电" */
    0x0, 0x0, 0x4, 0xff, 0x0, 0x0, 0x0, 0x0,
    0x0, 0x0, 0x4, 0xff, 0x0, 0x0, 0x0, 0x0,
    0xee, 0xee, 0xee, 0xff, 0xee, 0xee, 0xed, 0x0,
    0xff, 0xff, 0xff, 0xff, 0xff, 0xff, 0xfe, 0x0,
    0xff, 0x63, 0x36, 0xff, 0x33, 0x36, 0xfe, 0x0,
    0xff, 0x30, 0x4, 0xff, 0x0, 0x4, 0xfe, 0x0,
    0xff, 0xfe, 0xef, 0xff, 0xfe, 0xef, 0xfe, 0x0,
    0xff, 0xff, 0xff, 0xff, 0xff, 0xff, 0xfe, 0x0,
    0xff, 0x40, 0x5, 0xff, 0x10, 0x4, 0xfe, 0x0,
    0xff, 0x52, 0x26, 0xff, 0x32, 0x26, 0xfe, 0x0,
    0xff, 0xff, 0xff, 0xff, 0xff, 0xff, 0xfe, 0x0,
    0xff, 0xff, 0xff, 0xff, 0xff, 0xff, 0xfe, 0x0,
    0xcc, 0x20, 0x4, 0xff, 0x0, 0x0, 0x8, 0xf7,
    0x0, 0x0, 0x3, 0xff, 0x0, 0x0, 0xa, 0xf8,
    0x0, 0x0, 0x2, 0xff, 0x63, 0x22, 0x4e, 0xf5,
    0x0, 0x0, 0x0, 0xef, 0xff, 0xff, 0xff, 0xe0,
    0x0, 0x0, 0x0, 0x3c, 0xff, 0xff, 0xfd, 0x30,

    /* U+767B "登" */
    0x0, 0x0, 0x0, 0x0, 0x3, 0x70, 0x4, 0x0,
    0x0, 0x4, 0xff, 0xff, 0xff, 0x7d, 0xf5, 0x8f,
    0xc0, 0x0, 0x3, 0xbb, 0xbc, 0xff, 0x75, 0xff,
    0xfe, 0x32, 0x0, 0x0, 0x93, 0x8, 0xff, 0x10,
    0xcf, 0xe1, 0x5f, 0xb0, 0x4, 0xff, 0x8f, 0xf6,
    0x0, 0x3f, 0xfa, 0xff, 0x50, 0x0, 0x4f, 0xff,
    0xfb, 0xaa, 0xaf, 0xff, 0xe2, 0x0, 0x0, 0x4f,
    0xfd, 0xff, 0xff, 0xff, 0xdf, 0xfa, 0x0, 0x19,
    0xff, 0xc0, 0x11, 0x11, 0x11, 0xb, 0xff, 0xe5,
    0x5f, 0xfe, 0xba, 0xaa, 0xaa, 0xaa, 0xab, 0xcf,
    0xe2, 0x7, 0x37, 0xff, 0xff, 0xff, 0xff, 0xff,
    0x52, 0x40, 0x0, 0x7, 0xfb, 0x0, 0x0, 0x0,
    0xff, 0x50, 0x0, 0x0, 0x7, 0xfe, 0x99, 0x99,
    0x99, 0xff, 0x50, 0x0, 0x0, 0x7, 0xff, 0xff,
    0xff, 0xff, 0xff, 0x50, 0x0, 0x0, 0x0, 0x2a,
    0xe2, 0x11, 0x2e, 0xb3, 0x0, 0x0, 0x0, 0x0,
    0xf, 0xf3, 0x0, 0x3f, 0xf0, 0x0, 0x0, 0x0,
    0x0, 0xb, 0xf7, 0x0, 0x8f, 0xa0, 0x0, 0x0,
    0xc, 0xdd, 0xde, 0xfd, 0xdd, 0xff, 0xed, 0xdd,
    0xd0, 0xe, 0xff, 0xff, 0xff, 0xff, 0xff, 0xff,
    0xff, 0xf0,

    /* U+7684 "的" */
    0x0, 0x0, 0x0, 0x0, 0x0, 0x0, 0x0, 0x0,
    0x0, 0x6f, 0xb0, 0x0, 0xd, 0xc4, 0x0, 0x0,
    0x0, 0x9f, 0x90, 0x0, 0x2f, 0xf2, 0x0, 0x0,
    0x22, 0xcf, 0x52, 0x20, 0x8f, 0xe4, 0x44, 0x44,
    0xef, 0xff, 0xff, 0xe0, 0xef, 0xff, 0xff, 0xfd,
    0xef, 0xbb, 0xbf, 0xe7, 0xff, 0xaa, 0xab, 0xfd,
    0xef, 0x10, 0xf, 0xff, 0xf6, 0x0, 0x2, 0xfc,
    0xef, 0x10, 0xf, 0xe9, 0xb2, 0x20, 0x3, 0xfc,
    0xef, 0xcc, 0xcf, 0xe0, 0x4f, 0xd0, 0x3, 0xfb,
    0xef, 0xff, 0xff, 0xe0, 0xd, 0xf8, 0x4, 0xfb,
    0xef, 0x21, 0x2f, 0xe0, 0x4, 0xff, 0x25, 0xfa,
    0xef, 0x10, 0xf, 0xe0, 0x0, 0xbf, 0xa6, 0xf9,
    0xef, 0x10, 0xf, 0xe0, 0x0, 0x38, 0x7, 0xf8,
    0xef, 0x10, 0x1f, 0xe0, 0x0, 0x0, 0x9, 0xf7,
    0xef, 0xff, 0xff, 0xe0, 0x0, 0x0, 0xb, 0xf5,
    0xef, 0xdd, 0xdd, 0xc0, 0x1, 0x10, 0x3f, 0xf2,
    0xef, 0x10, 0x0, 0x0, 0x5, 0xff, 0xff, 0xd0,
    0x77, 0x0, 0x0, 0x0, 0x0, 0xff, 0xfc, 0x20,
    0x0, 0x0, 0x0, 0x0, 0x0, 0x0, 0x0, 0x0,

    /* U+76F4 "直" */
    0x0, 0x0, 0x0, 0x0, 0x43, 0x0, 0x0, 0x0,
    0x0, 0x0, 0x0, 0x0, 0x1, 0xff, 0x40, 0x0,
    0x0, 0x0, 0x9, 0xff, 0xff, 0xff, 0xff, 0xff,
    0xff, 0xff, 0xf0, 0x9, 0xee, 0xee, 0xef, 0xff,
    0xee, 0xee, 0xee, 0xe0, 0x0, 0x0, 0x0, 0x7,
    0xfb, 0x0, 0x0, 0x0, 0x0, 0x0, 0xb, 0xff,
    0xff, 0xff, 0xff, 0xff, 0xf2, 0x0, 0x0, 0xb,
    0xfd, 0xbb, 0xbb, 0xbb, 0xbf, 0xf2, 0x0, 0x0,
    0xb, 0xf9, 0x55, 0x55, 0x55, 0x6f, 0xf2, 0x0,
    0x0, 0xb, 0xff, 0xff, 0xff, 0xff, 0xff, 0xf2,
    0x0, 0x0, 0xb, 0xf7, 0x22, 0x22, 0x22, 0x3f,
    0xf2, 0x0, 0x0, 0xb, 0xff, 0xff, 0xff, 0xff,
    0xff, 0xf2, 0x0, 0x0, 0xb, 0xfb, 0x99, 0x99,
    0x99, 0xaf, 0xf2, 0x0, 0x0, 0xb, 0xfa, 0x66,
    0x66, 0x66, 0x7f, 0xf2, 0x0, 0x0, 0xb, 0xff,
    0xff, 0xff, 0xff, 0xff, 0xf2, 0x0, 0x0, 0xb,
    0xf7, 0x11, 0x11, 0x11, 0x2f, 0xf2, 0x0, 0x1e,
    0xef, 0xfe, 0xee, 0xee, 0xee, 0xef, 0xfe, 0xe6,
    0x1f, 0xff, 0xff, 0xff, 0xff, 0xff, 0xff, 0xff,
    0xf7, 0x0, 0x0, 0x0, 0x0, 0x0, 0x0, 0x0,
    0x0, 0x0,

    /* U+76F8 "相" */
    0x0, 0xc, 0xf3, 0x0, 0xef, 0xff, 0xff, 0xff,
    0xd0, 0x0, 0xcf, 0x30, 0xe, 0xff, 0xff, 0xff,
    0xfd, 0x0, 0xd, 0xf4, 0x0, 0xef, 0x20, 0x0,
    0x5f, 0xd6, 0xff, 0xff, 0xff, 0x7e, 0xf2, 0x0,
    0x4, 0xfd, 0x6f, 0xff, 0xff, 0xf7, 0xef, 0x20,
    0x0, 0x5f, 0xd3, 0x79, 0xff, 0x97, 0x3e, 0xff,
    0xff, 0xff, 0xfd, 0x0, 0x7f, 0xf5, 0x0, 0xef,
    0xee, 0xee, 0xff, 0xd0, 0xc, 0xff, 0xe2, 0xe,
    0xf2, 0x0, 0x4, 0xfd, 0x2, 0xff, 0xff, 0xd1,
    0xef, 0x20, 0x0, 0x4f, 0xd0, 0xaf, 0xef, 0xbf,
    0x8e, 0xfe, 0xee, 0xee, 0xfd, 0x4f, 0xbc, 0xf4,
    0xc1, 0xef, 0xff, 0xff, 0xff, 0xdb, 0xf3, 0xcf,
    0x30, 0xe, 0xf2, 0x0, 0x5, 0xfd, 0x4a, 0xc,
    0xf3, 0x0, 0xef, 0x20, 0x0, 0x4f, 0xd0, 0x0,
    0xcf, 0x30, 0xe, 0xfc, 0xcc, 0xcd, 0xfd, 0x0,
    0xc, 0xf3, 0x0, 0xef, 0xff, 0xff, 0xff, 0xd0,
    0x0, 0xcf, 0x30, 0xe, 0xf4, 0x22, 0x27, 0xfd,
    0x0, 0xc, 0xf3, 0x0, 0xef, 0x20, 0x0, 0x4d,
    0xb0, 0x0, 0x12, 0x0, 0x0, 0x0, 0x0, 0x0,
    0x0,

    /* U+770B "看" */
    0x0, 0x0, 0x0, 0x0, 0x1, 0x24, 0x57, 0x90,
    0x0, 0x0, 0xce, 0xff, 0xff, 0xff, 0xff, 0xff,
    0xf9, 0x0, 0x0, 0x7b, 0xaa, 0xbf, 0xf9, 0x76,
    0x53, 0x10, 0x0, 0x0, 0x67, 0x77, 0xaf, 0xf8,
    0x77, 0x77, 0x77, 0x0, 0x0, 0xcf, 0xff, 0xff,
    0xff, 0xff, 0xff, 0xff, 0x0, 0x0, 0x45, 0x56,
    0xff, 0x85, 0x55, 0x55, 0x55, 0x0, 0xc, 0xcc,
    0xcd, 0xff, 0xcc, 0xcc, 0xcc, 0xcc, 0xc0, 0xf,
    0xff, 0xff, 0xff, 0xff, 0xff, 0xff, 0xff, 0xf0,
    0x0, 0x0, 0xaf, 0xf5, 0x44, 0x44, 0x44, 0x41,
    0x0, 0x0, 0x6, 0xff, 0xff, 0xff, 0xff, 0xff,
    0xf5, 0x0, 0x0, 0x6f, 0xff, 0xb4, 0x44, 0x44,
    0x4e, 0xf5, 0x0, 0xa, 0xff, 0xef, 0xff, 0xff,
    0xff, 0xff, 0xf5, 0x0, 0x4f, 0xf8, 0x7f, 0xc6,
    0x66, 0x66, 0x6e, 0xf5, 0x0, 0x7, 0x40, 0x6f,
    0xec, 0xcc, 0xcc, 0xcf, 0xf5, 0x0, 0x0, 0x0,
    0x6f, 0xd8, 0x88, 0x88, 0x8e, 0xf5, 0x0, 0x0,
    0x0, 0x6f, 0xda, 0xaa, 0xaa, 0xaf, 0xf5, 0x0,
    0x0, 0x0, 0x6f, 0xff, 0xff, 0xff, 0xff, 0xf5,
    0x0, 0x0, 0x0, 0x6f, 0x90, 0x0, 0x0, 0xd,
    0xf5, 0x0,

    /* U+77F3 "石" */
    0x0, 0x0, 0x0, 0x0, 0x0, 0x0, 0x0, 0x0,
    0x0, 0xef, 0xff, 0xff, 0xff, 0xff, 0xff, 0xff,
    0xff, 0xe, 0xff, 0xff, 0xff, 0xff, 0xff, 0xff,
    0xff, 0xf0, 0x0, 0x0, 0x7f, 0xf2, 0x0, 0x0,
    0x0, 0x0, 0x0, 0x0, 0xd, 0xf9, 0x0, 0x0,
    0x0, 0x0, 0x0, 0x0, 0x5, 0xff, 0x20, 0x0,
    0x0, 0x0, 0x0, 0x0, 0x0, 0xef, 0xa0, 0x0,
    0x0, 0x0, 0x0, 0x0, 0x0, 0x9f, 0xff, 0xff,
    0xff, 0xff, 0xff, 0xe0, 0x0, 0x6f, 0xff, 0xff,
    0xff, 0xff, 0xff, 0xfe, 0x0, 0x6f, 0xff, 0xf6,
    0x11, 0x11, 0x11, 0x6f, 0xe0, 0x7f, 0xfb, 0xdf,
    0x50, 0x0, 0x0, 0x5, 0xfe, 0x1, 0xd9, 0xc,
    0xf5, 0x0, 0x0, 0x0, 0x5f, 0xe0, 0x1, 0x0,
    0xcf, 0x50, 0x0, 0x0, 0x5, 0xfe, 0x0, 0x0,
    0xc, 0xfd, 0xcc, 0xcc, 0xcc, 0xdf, 0xe0, 0x0,
    0x0, 0xcf, 0xff, 0xff, 0xff, 0xff, 0xfe, 0x0,
    0x0, 0xc, 0xf8, 0x44, 0x44, 0x44, 0x8f, 0xe0,
    0x0, 0x0, 0xcf, 0x50, 0x0, 0x0, 0x5, 0xed,
    0x0,

    /* U+7801 "码" */
    0x1, 0x11, 0x11, 0x10, 0x0, 0x0, 0x0, 0x0,
    0x0, 0x3f, 0xff, 0xff, 0xf5, 0xff, 0xff, 0xff,
    0xfb, 0x0, 0x2c, 0xdf, 0xfc, 0xc4, 0xee, 0xee,
    0xef, 0xfa, 0x0, 0x0, 0x7f, 0x80, 0x0, 0x0,
    0x0, 0x7, 0xf9, 0x0, 0x0, 0xbf, 0x40, 0x0,
    0x4e, 0xa0, 0x9, 0xf7, 0x0, 0x0, 0xff, 0x10,
    0x0, 0x5f, 0xa0, 0xa, 0xf6, 0x0, 0x4, 0xfd,
    0x11, 0x10, 0x7f, 0x80, 0xc, 0xf4, 0x0, 0xc,
    0xff, 0xff, 0xd0, 0x8f, 0x70, 0xd, 0xf2, 0x0,
    0x4f, 0xfe, 0xcf, 0xd0, 0xaf, 0xdb, 0xbf, 0xfb,
    0xb0, 0x8f, 0xfa, 0xf, 0xd0, 0xcf, 0xff, 0xff,
    0xff, 0xf0, 0x3f, 0xfa, 0xf, 0xd0, 0x11, 0x11,
    0x11, 0x3f, 0xe0, 0x7, 0xfa, 0xf, 0xd1, 0x22,
    0x22, 0x22, 0x3f, 0xd0, 0x1, 0xfa, 0xf, 0xd7,
    0xff, 0xff, 0xff, 0x5f, 0xb0, 0x1, 0xfe, 0xaf,
    0xd5, 0xcc, 0xcc, 0xcb, 0x7f, 0x90, 0x1, 0xff,
    0xff, 0xd0, 0x0, 0x0, 0x0, 0x9f, 0x70, 0x1,
    0xfb, 0x22, 0x20, 0x0, 0x0, 0x0, 0xef, 0x40,
    0x0, 0x11, 0x0, 0x0, 0x0, 0x5, 0xef, 0xfe,
    0x0, 0x0, 0x0, 0x0, 0x0, 0x0, 0x1, 0xff,
    0xd4, 0x0, 0x0, 0x0, 0x0, 0x0, 0x0, 0x0,
    0x0, 0x0, 0x0,

    /* U+786E "确" */
    0x0, 0x0, 0x0, 0x0, 0x9, 0x80, 0x0, 0x0,
    0x2, 0xff, 0xff, 0xff, 0x22, 0xff, 0x0, 0x0,
    0x0, 0x2e, 0xff, 0xfe, 0xe2, 0xaf, 0xfc, 0xcc,
    0xb4, 0x0, 0x6, 0xf9, 0x0, 0x3f, 0xff, 0xff,
    0xff, 0x20, 0x0, 0xaf, 0x50, 0x1e, 0xf9, 0x0,
    0xcf, 0x70, 0x0, 0xe, 0xf2, 0xb, 0xff, 0xdc,
    0xdf, 0xfc, 0xcb, 0x2, 0xfe, 0x0, 0x4f, 0xff,
    0xff, 0xff, 0xff, 0xe0, 0xaf, 0xff, 0xfb, 0x3f,
    0xc0, 0xdf, 0x12, 0xfe, 0x2f, 0xff, 0xef, 0xb2,
    0xfe, 0x9e, 0xf9, 0xaf, 0xe7, 0xff, 0xb0, 0xfb,
    0x2f, 0xff, 0xff, 0xff, 0xfe, 0x3f, 0xfb, 0xf,
    0xb3, 0xfb, 0xd, 0xf1, 0x2f, 0xe0, 0x8f, 0xb0,
    0xfb, 0x4f, 0xe9, 0xef, 0xaa, 0xfe, 0x0, 0xfb,
    0xf, 0xb6, 0xff, 0xff, 0xff, 0xff, 0xe0, 0xf,
    0xeb, 0xfb, 0x8f, 0x72, 0xdf, 0x33, 0xfe, 0x0,
    0xff, 0xff, 0xbd, 0xf2, 0xc, 0xf1, 0x1f, 0xe0,
    0xf, 0xc2, 0x26, 0xff, 0x0, 0xcf, 0x12, 0xfe,
    0x0, 0x96, 0x0, 0xaf, 0x90, 0x8, 0xa9, 0xef,
    0xd0, 0x0, 0x0, 0x0, 0xc1, 0x0, 0x0, 0x5f,
    0xd5, 0x0, 0x0, 0x0, 0x0, 0x0, 0x0, 0x0,
    0x0, 0x0,

    /* U+78B0 "碰" */
    0x0, 0x0, 0x0, 0x0, 0x69, 0x0, 0x6, 0x83,
    0x0, 0x2f, 0xff, 0xff, 0xd0, 0xdf, 0x40, 0xc,
    0xf7, 0x0, 0x2e, 0xef, 0xfe, 0xc0, 0x7f, 0xb0,
    0x1f, 0xf1, 0x0, 0x0, 0x7f, 0x60, 0x0, 0x2e,
    0x40, 0x7f, 0x90, 0x0, 0x0, 0xaf, 0x30, 0x4e,
    0xef, 0xee, 0xff, 0xfe, 0xe0, 0x0, 0xdf, 0x10,
    0x4f, 0xff, 0xff, 0xff, 0xff, 0xf0, 0x0, 0xfe,
    0x0, 0x0, 0x9, 0xf2, 0xaf, 0x10, 0x0, 0x4,
    0xff, 0xff, 0x79, 0x49, 0xf2, 0xaf, 0x18, 0x70,
    0xa, 0xfe, 0xcf, 0x7f, 0x99, 0xf2, 0xaf, 0x1e,
    0xf0, 0x1f, 0xfb, 0x2f, 0x5d, 0xd9, 0xf2, 0xaf,
    0x3f, 0xb0, 0x6f, 0xfb, 0x2f, 0x5a, 0xfa, 0xf2,
    0xaf, 0x7f, 0x70, 0x1f, 0xfb, 0x2f, 0x57, 0xfd,
    0xf2, 0xaf, 0xbf, 0x20, 0x4, 0xfb, 0x2f, 0x54,
    0xff, 0xf2, 0xaf, 0xfd, 0x0, 0x0, 0xfc, 0x7f,
    0x51, 0x7b, 0xf2, 0xaf, 0x75, 0x0, 0x0, 0xff,
    0xff, 0x50, 0x9, 0xf2, 0xaf, 0x10, 0x0, 0x0,
    0xfc, 0x44, 0x7c, 0xce, 0xfd, 0xef, 0xdc, 0xc3,
    0x0, 0x32, 0x0, 0x6f, 0xff, 0xff, 0xff, 0xff,
    0xf4, 0x0, 0x0, 0x0, 0x0, 0x0, 0x0, 0x0,
    0x0, 0x0,

    /* U+79BB "离" */
    0x0, 0x0, 0x0, 0x4, 0x20, 0x0, 0x0, 0x0,
    0x0, 0x0, 0x0, 0x8, 0xfa, 0x0, 0x0, 0x0,
    0x0, 0xcd, 0xdd, 0xdd, 0xef, 0xfd, 0xdd, 0xdd,
    0xdd, 0xf, 0xff, 0xff, 0xff, 0xff, 0xff, 0xff,
    0xff, 0xf0, 0x0, 0x88, 0xb, 0x92, 0x19, 0xd2,
    0x78, 0x20, 0x0, 0x1f, 0xf0, 0x5d, 0xff, 0xe3,
    0xd, 0xf4, 0x0, 0x1, 0xff, 0x3b, 0xfd, 0xaf,
    0xd4, 0xdf, 0x40, 0x0, 0x1f, 0xf4, 0xd8, 0x33,
    0x5d, 0x5e, 0xf4, 0x0, 0x1, 0xff, 0xff, 0xff,
    0xff, 0xff, 0xff, 0x40, 0x0, 0x5, 0x55, 0x58,
    0xff, 0x65, 0x55, 0x51, 0x0, 0x3b, 0xbb, 0xbb,
    0xef, 0xfb, 0xbb, 0xbb, 0xb5, 0x4, 0xff, 0xff,
    0xff, 0xff, 0xff, 0xff, 0xff, 0x60, 0x4f, 0xd1,
    0x2e, 0xf5, 0x1a, 0xe2, 0x1b, 0xf6, 0x4, 0xfd,
    0xa, 0xfc, 0x35, 0xbf, 0xb0, 0xaf, 0x60, 0x4f,
    0xd2, 0xff, 0xff, 0xff, 0xff, 0x6a, 0xf6, 0x4,
    0xfd, 0xe, 0xfd, 0xb9, 0x65, 0xd2, 0xaf, 0x60,
    0x4f, 0xd0, 0x20, 0x0, 0x0, 0x39, 0x8e, 0xf5,
    0x4, 0xfd, 0x0, 0x0, 0x0, 0x1, 0xff, 0xfa,
    0x0, 0x0, 0x0, 0x0, 0x0, 0x0, 0x0, 0x0,
    0x0, 0x0,

    /* U+79CD "种" */
    0x0, 0x1, 0x5a, 0x80, 0x0, 0xe, 0xf3, 0x0,
    0x3, 0xad, 0xff, 0xff, 0x30, 0x0, 0xef, 0x30,
    0x0, 0x3f, 0xff, 0xf7, 0x10, 0x0, 0xe, 0xf3,
    0x0, 0x0, 0x20, 0xef, 0x20, 0x18, 0x88, 0xff,
    0xa8, 0x87, 0x0, 0xe, 0xf3, 0x3, 0xff, 0xff,
    0xff, 0xff, 0xe9, 0xff, 0xff, 0xff, 0x5f, 0xe8,
    0xff, 0xaa, 0xfe, 0x9f, 0xff, 0xff, 0xf5, 0xfc,
    0xe, 0xf3, 0x3f, 0xe0, 0x7, 0xff, 0x70, 0x3f,
    0xc0, 0xef, 0x33, 0xfe, 0x0, 0xef, 0xff, 0x73,
    0xfc, 0x1e, 0xf5, 0x4f, 0xe0, 0x7f, 0xff, 0xef,
    0x9f, 0xff, 0xff, 0xff, 0xfe, 0x2f, 0xef, 0xf6,
    0xd5, 0xff, 0xff, 0xff, 0xff, 0xeb, 0xf7, 0xef,
    0x21, 0x3e, 0xb0, 0xef, 0x32, 0xcb, 0x8e, 0xe,
    0xf2, 0x0, 0x0, 0xe, 0xf3, 0x0, 0x1, 0x40,
    0xef, 0x20, 0x0, 0x0, 0xef, 0x30, 0x0, 0x0,
    0xe, 0xf2, 0x0, 0x0, 0xe, 0xf3, 0x0, 0x0,
    0x0, 0xef, 0x20, 0x0, 0x0, 0xef, 0x30, 0x0,
    0x0, 0xe, 0xf2, 0x0, 0x0, 0xe, 0xf3, 0x0,
    0x0, 0x0, 0x0, 0x0, 0x0, 0x0, 0x0, 0x0,
    0x0,

    /* U+79D2 "秒" */
    0x0, 0x0, 0x49, 0x80, 0x0, 0xf, 0xf0, 0x0,
    0x0, 0x39, 0xcf, 0xff, 0xf3, 0x0, 0xf, 0xf0,
    0x0, 0x0, 0x2f, 0xff, 0xf8, 0x20, 0x0, 0xf,
    0xf0, 0x12, 0x0, 0x2, 0xe, 0xf3, 0x0, 0xac,
    0x2f, 0xf4, 0xfc, 0x0, 0x0, 0xe, 0xf3, 0x0,
    0xef, 0x1f, 0xf0, 0xef, 0x30, 0x9f, 0xff, 0xff,
    0xf7, 0xfe, 0xf, 0xf0, 0x8f, 0x90, 0x9f, 0xff,
    0xff, 0xfb, 0xfb, 0xf, 0xf0, 0x3f, 0xe0, 0x0,
    0x6f, 0xf7, 0x9, 0xf6, 0xf, 0xf0, 0xf, 0xc1,
    0x0, 0xdf, 0xff, 0x55, 0xd2, 0xf, 0xf0, 0x1,
    0x0, 0x5, 0xff, 0xff, 0xf3, 0x0, 0xf, 0xf0,
    0xad, 0x50, 0xe, 0xff, 0xf8, 0xe1, 0x0, 0xf,
    0xf3, 0xff, 0x20, 0x9f, 0x9e, 0xf3, 0x30, 0x0,
    0x2, 0x3c, 0xfa, 0x0, 0x9f, 0x2e, 0xf3, 0x0,
    0x0, 0x1, 0xcf, 0xe2, 0x0, 0x17, 0xe, 0xf3,
    0x0, 0x0, 0x7e, 0xfe, 0x30, 0x0, 0x0, 0xe,
    0xf3, 0x26, 0xae, 0xff, 0xd3, 0x0, 0x0, 0x0,
    0xe, 0xf3, 0x6f, 0xff, 0xe6, 0x0, 0x0, 0x0,
    0x0, 0xe, 0xf3, 0xb, 0x83, 0x0, 0x0, 0x0,
    0x0,

    /* U+79F0 "称" */
    0x0, 0x0, 0x0, 0x0, 0x1, 0x0, 0x0, 0x0,
    0x0, 0x0, 0x14, 0x9e, 0xc0, 0xf, 0xe0, 0x0,
    0x0, 0x0, 0x2d, 0xff, 0xff, 0xd3, 0x4f, 0xd0,
    0x0, 0x1, 0x0, 0xd, 0xcf, 0xf3, 0x0, 0x9f,
    0xff, 0xff, 0xff, 0xf1, 0x0, 0xe, 0xf1, 0x0,
    0xef, 0xff, 0xff, 0xff, 0xc0, 0x0, 0xe, 0xf2,
    0x7, 0xfc, 0xe, 0xf3, 0x8f, 0x60, 0x4f, 0xff,
    0xff, 0xff, 0xf5, 0xe, 0xf3, 0xdf, 0x10, 0x4f,
    0xff, 0xff, 0xf7, 0xb0, 0xe, 0xf3, 0x2, 0x0,
    0x0, 0x6f, 0xf4, 0x0, 0x8b, 0x4e, 0xf5, 0xcb,
    0x0, 0x0, 0xcf, 0xff, 0x30, 0xcf, 0x4e, 0xf3,
    0xff, 0x10, 0x3, 0xff, 0xff, 0xe2, 0xff, 0xe,
    0xf3, 0xbf, 0x50, 0xd, 0xfe, 0xf7, 0xd4, 0xfc,
    0xe, 0xf3, 0x6f, 0xa0, 0x7f, 0x8e, 0xf1, 0x39,
    0xf7, 0xe, 0xf3, 0x3f, 0xd0, 0x7f, 0x1e, 0xf1,
    0x1f, 0xf1, 0xe, 0xf3, 0xf, 0xf1, 0x6, 0xe,
    0xf1, 0x7, 0xa0, 0xe, 0xf3, 0xb, 0x81, 0x0,
    0xe, 0xf1, 0x0, 0x1, 0x1f, 0xf3, 0x0, 0x0,
    0x0, 0xe, 0xf1, 0x0, 0xb, 0xff, 0xf1, 0x0,
    0x0, 0x0, 0xe, 0xf1, 0x0, 0x5, 0xec, 0x50,
    0x0, 0x0,

    /* U+79FB "移" */
    0x0, 0x0, 0x1, 0x0, 0x0, 0x4, 0x10, 0x0,
    0x0, 0x0, 0x36, 0xcf, 0x70, 0x0, 0x8f, 0xe1,
    0x0, 0x0, 0x1f, 0xff, 0xff, 0xb0, 0x9, 0xff,
    0xdb, 0xba, 0x20, 0xa, 0xaf, 0xf2, 0x3, 0xdf,
    0xff, 0xff, 0xff, 0x30, 0x0, 0xe, 0xf1, 0x3f,
    0xfd, 0x40, 0x1c, 0xf9, 0x0, 0x0, 0xe, 0xf2,
    0x7, 0x99, 0xfa, 0xbf, 0xe1, 0x0, 0x7f, 0xff,
    0xff, 0xf1, 0x4, 0xff, 0xfd, 0x10, 0x0, 0x7f,
    0xff, 0xff, 0xf5, 0x9e, 0xff, 0xf4, 0x0, 0x0,
    0x0, 0xbf, 0xf5, 0xd, 0xff, 0xad, 0xfd, 0x10,
    0x0, 0x1, 0xff, 0xff, 0x43, 0x50, 0x9f, 0xff,
    0xff, 0xd2, 0x7, 0xff, 0xfe, 0xf1, 0x1a, 0xff,
    0xbb, 0xdf, 0xe0, 0x1e, 0xde, 0xf6, 0xb7, 0xff,
    0xe3, 0x1, 0xef, 0x70, 0x8f, 0x7e, 0xf1, 0x19,
    0xfb, 0x8e, 0x6a, 0xfe, 0x0, 0x6f, 0x1e, 0xf1,
    0x0, 0x50, 0x7f, 0xff, 0xf3, 0x0, 0x6, 0xe,
    0xf1, 0x0, 0x0, 0x4e, 0xff, 0x40, 0x0, 0x0,
    0xe, 0xf1, 0x1, 0x5b, 0xff, 0xd3, 0x0, 0x0,
    0x0, 0xe, 0xf1, 0x4f, 0xff, 0xf7, 0x0, 0x0,
    0x0, 0x0, 0xe, 0xf1, 0xb, 0xb6, 0x0, 0x0,
    0x0, 0x0, 0x0, 0x0, 0x0, 0x0, 0x0, 0x0,
    0x0, 0x0, 0x0,

    /* U+7A0D "稍" */
    0x0, 0x2, 0x7b, 0x0, 0x40, 0xe, 0xf1, 0x4,
    0x40, 0x1a, 0xef, 0xff, 0x87, 0xf8, 0xe, 0xf1,
    0xd, 0xf6, 0xe, 0xef, 0xf3, 0x0, 0xef, 0x1e,
    0xf1, 0x4f, 0xe0, 0x0, 0xe, 0xf0, 0x0, 0x7f,
    0x5e, 0xf1, 0xcf, 0x60, 0x0, 0xe, 0xf1, 0x0,
    0x25, 0x1e, 0xf3, 0x26, 0x20, 0x6f, 0xff, 0xff,
    0xe1, 0xff, 0xff, 0xff, 0xff, 0xe0, 0x5f, 0xff,
    0xff, 0xe1, 0xff, 0xdd, 0xdd, 0xef, 0xe0, 0x0,
    0xaf, 0xf4, 0x1, 0xfe, 0x0, 0x0, 0x1f, 0xe0,
    0x1, 0xff, 0xff, 0x41, 0xff, 0xff, 0xff, 0xff,
    0xe0, 0x7, 0xff, 0xfd, 0xc1, 0xff, 0xdd, 0xdd,
    0xef, 0xe0, 0x1e, 0xee, 0xf4, 0x41, 0xfe, 0x0,
    0x0, 0x1f, 0xe0, 0x7f, 0x8e, 0xf0, 0x1, 0xff,
    0xcc, 0xcc, 0xcf, 0xe0, 0x2f, 0x2e, 0xf0, 0x1,
    0xff, 0xff, 0xff, 0xff, 0xe0, 0x5, 0xe, 0xf0,
    0x1, 0xfe, 0x0, 0x0, 0x1f, 0xe0, 0x0, 0xe,
    0xf0, 0x1, 0xfe, 0x0, 0x0, 0x3f, 0xe0, 0x0,
    0xe, 0xf0, 0x1, 0xfe, 0x0, 0x8f, 0xff, 0xc0,
    0x0, 0xe, 0xf0, 0x1, 0xfd, 0x0, 0x3e, 0xeb,
    0x20,

    /* U+7A7A "空" */
    0x0, 0x0, 0x0, 0x0, 0x10, 0x0, 0x0, 0x0,
    0x0, 0x0, 0x0, 0x8f, 0xd0, 0x0, 0x0, 0x0,
    0x0, 0x0, 0x0, 0x6f, 0xf4, 0x0, 0x0, 0x0,
    0xef, 0xff, 0xff, 0xff, 0xff, 0xff, 0xff, 0xfe,
    0xef, 0xfe, 0xee, 0xee, 0xee, 0xee, 0xef, 0xfe,
    0xef, 0x30, 0x2, 0x0, 0x0, 0x30, 0x5, 0xfe,
    0xef, 0x31, 0x9f, 0xb0, 0xc, 0xfc, 0x45, 0xfe,
    0x58, 0x9e, 0xff, 0x80, 0x7, 0xef, 0xfd, 0x50,
    0x7f, 0xff, 0xc3, 0x0, 0x0, 0x8, 0xff, 0xf8,
    0x2f, 0xf8, 0x32, 0x22, 0x22, 0x22, 0x4b, 0xc0,
    0x2, 0x9f, 0xff, 0xff, 0xff, 0xff, 0xfa, 0x0,
    0x0, 0x6b, 0xbb, 0xcf, 0xfb, 0xbb, 0xb7, 0x0,
    0x0, 0x0, 0x0, 0x3f, 0xf0, 0x0, 0x0, 0x0,
    0x0, 0x0, 0x0, 0x3f, 0xf0, 0x0, 0x0, 0x0,
    0x0, 0x0, 0x0, 0x3f, 0xf0, 0x0, 0x0, 0x0,
    0xcf, 0xff, 0xff, 0xff, 0xff, 0xff, 0xff, 0xfc,
    0xcf, 0xff, 0xff, 0xff, 0xff, 0xff, 0xff, 0xfd,
    0x0, 0x0, 0x0, 0x0, 0x0, 0x0, 0x0, 0x0,

    /* U+7B49 "等" */
    0x0, 0x5, 0x10, 0x0, 0x0, 0x32, 0x0, 0x0,
    0x0, 0x0, 0x4f, 0xf1, 0x0, 0x0, 0xef, 0x50,
    0x0, 0x0, 0x0, 0xdf, 0xff, 0xff, 0xc8, 0xff,
    0xff, 0xff, 0xf2, 0xa, 0xfe, 0xff, 0xdc, 0xdf,
    0xfc, 0xff, 0xdc, 0xc1, 0x6f, 0xf3, 0xbf, 0x70,
    0xbf, 0x90, 0xaf, 0x90, 0x0, 0x6, 0x70, 0x47,
    0x12, 0xff, 0x20, 0x28, 0x20, 0x0, 0x0, 0x6f,
    0xff, 0xff, 0xff, 0xff, 0xff, 0xf9, 0x0, 0x0,
    0x4b, 0xbb, 0xbb, 0xff, 0xbb, 0xbb, 0xb6, 0x0,
    0x15, 0x55, 0x55, 0x56, 0xff, 0x65, 0x55, 0x55,
    0x51, 0x3f, 0xff, 0xff, 0xff, 0xff, 0xff, 0xff,
    0xff, 0xf3, 0x15, 0x55, 0x55, 0x55, 0x55, 0x5b,
    0xfc, 0x55, 0x51, 0x5, 0x99, 0x99, 0x99, 0x99,
    0x9d, 0xfd, 0x99, 0x70, 0x8, 0xff, 0xff, 0xff,
    0xff, 0xff, 0xff, 0xff, 0xb0, 0x1, 0x23, 0xaf,
    0x82, 0x22, 0x2a, 0xfb, 0x22, 0x20, 0x0, 0x0,
    0xbf, 0xf4, 0x0, 0x9, 0xfa, 0x0, 0x0, 0x0,
    0x0, 0xc, 0xfe, 0x0, 0x9, 0xfa, 0x0, 0x0,
    0x0, 0x0, 0x1, 0xe8, 0x1f, 0xff, 0xf7, 0x0,
    0x0, 0x0, 0x0, 0x0, 0x10, 0xa, 0xfe, 0xa0,
    0x0, 0x0,

    /* U+7D22 "索" */
    0x0, 0x0, 0x0, 0x1, 0xff, 0x20, 0x0, 0x0,
    0x0, 0x9, 0xee, 0xee, 0xee, 0xff, 0xee, 0xee,
    0xee, 0xa0, 0xa, 0xff, 0xff, 0xff, 0xff, 0xff,
    0xff, 0xff, 0xa0, 0x0, 0x0, 0x0, 0x1, 0xff,
    0x20, 0x0, 0x0, 0x0, 0x1f, 0xff, 0xff, 0xff,
    0xff, 0xff, 0xff, 0xff, 0xf1, 0x1f, 0xfd, 0xdd,
    0xdf, 0xfe, 0xdd, 0xdd, 0xdf, 0xf1, 0x1f, 0xf0,
    0x2, 0xcf, 0xd2, 0x5, 0x50, 0xf, 0xf1, 0xc,
    0xc2, 0x9f, 0xf7, 0x1, 0xbf, 0xf2, 0xc, 0xc1,
    0x0, 0xd, 0xff, 0xfe, 0xff, 0xfa, 0x33, 0x0,
    0x0, 0x0, 0x6, 0x9b, 0xff, 0xfb, 0x30, 0xdf,
    0x50, 0x0, 0x0, 0x16, 0xcf, 0xfd, 0x76, 0x78,
    0xcf, 0xf6, 0x0, 0x2, 0xff, 0xff, 0xff, 0xff,
    0xff, 0xed, 0xff, 0x60, 0x0, 0xb9, 0x97, 0x54,
    0xbf, 0x60, 0x10, 0x5f, 0x60, 0x0, 0x4, 0xee,
    0x50, 0xaf, 0x66, 0xfd, 0x41, 0x0, 0x1, 0x8f,
    0xfa, 0x0, 0xaf, 0x61, 0xaf, 0xfa, 0x10, 0xd,
    0xff, 0x73, 0xee, 0xff, 0x40, 0x4, 0xef, 0xd0,
    0x2, 0xa2, 0x0, 0xdf, 0xd8, 0x0, 0x0, 0x19,
    0x10, 0x0, 0x0, 0x0, 0x0, 0x0, 0x0, 0x0,
    0x0, 0x0,

    /* U+7EBF "线" */
    0x0, 0x5, 0x81, 0x0, 0x0, 0xef, 0x37, 0x40,
    0x0, 0x0, 0xc, 0xf9, 0x0, 0x0, 0xef, 0x6f,
    0xf9, 0x0, 0x0, 0x3f, 0xf1, 0x0, 0x0, 0xdf,
    0x32, 0xc5, 0x0, 0x0, 0xaf, 0x81, 0x0, 0x1,
    0xdf, 0xaa, 0xdf, 0x40, 0x3, 0xfd, 0xb, 0xc7,
    0xef, 0xff, 0xff, 0xff, 0x50, 0x2e, 0xf8, 0x7f,
    0xe4, 0xfe, 0xff, 0xa4, 0x10, 0x0, 0x5f, 0xff,
    0xff, 0x40, 0x10, 0xaf, 0x70, 0x36, 0x50, 0xc,
    0x9e, 0xf9, 0x0, 0x14, 0xbf, 0xff, 0xff, 0xd0,
    0x0, 0x5f, 0xd0, 0xb, 0xff, 0xff, 0xfe, 0xb8,
    0x50, 0x3, 0xff, 0x99, 0xa9, 0xda, 0x9f, 0xe0,
    0x2c, 0x60, 0x3f, 0xff, 0xff, 0xd0, 0x0, 0xf,
    0xf3, 0xdf, 0x90, 0x1f, 0xeb, 0x74, 0x10, 0x0,
    0xd, 0xfe, 0xfd, 0x0, 0x2, 0x0, 0x5, 0x80,
    0x0, 0xa, 0xff, 0xc1, 0x0, 0x2, 0x6b, 0xff,
    0xf0, 0x3, 0xbf, 0xff, 0x13, 0x70, 0x4f, 0xff,
    0xfa, 0x56, 0xcf, 0xff, 0xef, 0xa8, 0xf3, 0x1f,
    0xa5, 0x0, 0x2f, 0xfe, 0x70, 0x3f, 0xff, 0xf0,
    0x0, 0x0, 0x0, 0x5, 0x70, 0x0, 0x6, 0xee,
    0x60,

    /* U+7ECF "经" */
    0x0, 0x4, 0xb3, 0x0, 0x0, 0x0, 0x0, 0x0,
    0x0, 0x0, 0xa, 0xfb, 0x2, 0xff, 0xff, 0xff,
    0xfe, 0x60, 0x0, 0x1f, 0xf3, 0x2, 0xff, 0xff,
    0xff, 0xff, 0x60, 0x0, 0x7f, 0xb0, 0x0, 0x0,
    0x0, 0x1e, 0xfd, 0x0, 0x0, 0xef, 0x24, 0xd2,
    0x0, 0x1, 0xdf, 0xf2, 0x0, 0x9, 0xf9, 0x2d,
    0xfb, 0x0, 0x4e, 0xff, 0x60, 0x0, 0x4f, 0xff,
    0xff, 0xf2, 0x1a, 0xff, 0xff, 0xf8, 0x0, 0x1f,
    0xff, 0xff, 0x8a, 0xff, 0xfc, 0x6d, 0xff, 0xe5,
    0x4, 0x2c, 0xfb, 0xc, 0xfe, 0x70, 0x0, 0x6f,
    0xf7, 0x0, 0x9f, 0xe1, 0x23, 0x71, 0x0, 0x0,
    0x2, 0x90, 0x9, 0xff, 0xff, 0xf2, 0xff, 0xff,
    0xff, 0xff, 0xb0, 0x2f, 0xff, 0xfe, 0xb1, 0xee,
    0xef, 0xff, 0xee, 0xa0, 0xa, 0x95, 0x20, 0x0,
    0x0, 0xb, 0xf6, 0x0, 0x0, 0x0, 0x0, 0x1,
    0x50, 0x0, 0xb, 0xf6, 0x0, 0x0, 0x1, 0x48,
    0xdf, 0xf0, 0x0, 0xb, 0xf6, 0x0, 0x0, 0x2f,
    0xff, 0xff, 0xf1, 0x0, 0xb, 0xf6, 0x0, 0x0,
    0xf, 0xfe, 0xa5, 0x2f, 0xff, 0xff, 0xff, 0xff,
    0xfa, 0x6, 0x30, 0x0, 0x1f, 0xff, 0xff, 0xff,
    0xff, 0xfa,

    /* U+7ED3 "结" */
    0x0, 0x0, 0x0, 0x0, 0x0, 0x0, 0x0, 0x0,
    0x0, 0x0, 0xa, 0xa4, 0x0, 0x0, 0xe, 0xf4,
    0x0, 0x0, 0x0, 0x2f, 0xf6, 0x0, 0x11, 0x1f,
    0xf5, 0x11, 0x10, 0x0, 0x9f, 0xd0, 0xb, 0xff,
    0xff, 0xff, 0xff, 0xf1, 0x2, 0xff, 0x46, 0x4b,
    0xff, 0xff, 0xff, 0xff, 0xf1, 0xc, 0xf9, 0x1f,
    0xf5, 0x0, 0xe, 0xf4, 0x0, 0x0, 0xaf, 0xfd,
    0xef, 0xd0, 0x0, 0xf, 0xf5, 0x0, 0x0, 0x6f,
    0xff, 0xff, 0x23, 0xff, 0xff, 0xff, 0xff, 0xa0,
    0x14, 0x4f, 0xf5, 0x3, 0xff, 0xff, 0xff, 0xff,
    0xa0, 0x2, 0xef, 0x83, 0x51, 0x0, 0x0, 0x0,
    0x0, 0x0, 0x4e, 0xff, 0xff, 0xf3, 0xbd, 0xdd,
    0xdd, 0xdd, 0x40, 0x5f, 0xff, 0xeb, 0x81, 0xcf,
    0xff, 0xff, 0xff, 0x50, 0x8, 0x41, 0x0, 0x0,
    0xcf, 0x51, 0x11, 0xef, 0x50, 0x0, 0x0, 0x14,
    0x73, 0xcf, 0x40, 0x0, 0xef, 0x50, 0x48, 0xbe,
    0xff, 0xf6, 0xcf, 0x50, 0x0, 0xef, 0x50, 0x8f,
    0xff, 0xff, 0xc4, 0xcf, 0xff, 0xff, 0xff, 0x50,
    0x5c, 0x96, 0x20, 0x0, 0xcf, 0xee, 0xee, 0xff,
    0x50, 0x0, 0x0, 0x0, 0x0, 0xcf, 0x40, 0x0,
    0xde, 0x40,

    /* U+7ED9 "给" */
    0x0, 0x0, 0x0, 0x0, 0x0, 0x0, 0x0, 0x0,
    0x0, 0x0, 0x9, 0xb3, 0x0, 0x0, 0x1f, 0xb1,
    0x0, 0x0, 0x0, 0xf, 0xf7, 0x0, 0x0, 0x8f,
    0xf4, 0x0, 0x0, 0x0, 0x6f, 0xe0, 0x0, 0x2,
    0xff, 0xfe, 0x10, 0x0, 0x0, 0xdf, 0x63, 0x0,
    0xb, 0xfc, 0xaf, 0xc0, 0x0, 0x7, 0xfc, 0x1f,
    0xd1, 0x9f, 0xf2, 0xd, 0xfa, 0x0, 0x5f, 0xfa,
    0xbf, 0xb9, 0xff, 0x93, 0x37, 0xff, 0xc3, 0x6f,
    0xff, 0xfe, 0x8f, 0xff, 0xff, 0xff, 0xff, 0xf5,
    0x1a, 0x7f, 0xf4, 0x9, 0x6b, 0xbb, 0xbb, 0xb4,
    0x70, 0x0, 0xaf, 0x80, 0x10, 0x0, 0x0, 0x0,
    0x0, 0x0, 0xa, 0xff, 0xdf, 0xf0, 0xff, 0xff,
    0xff, 0xfe, 0x0, 0x5f, 0xff, 0xfe, 0xa0, 0xff,
    0xdd, 0xde, 0xfe, 0x0, 0xc, 0x84, 0x10, 0x0,
    0xff, 0x0, 0x4, 0xfe, 0x0, 0x0, 0x0, 0x3,
    0x60, 0xff, 0x0, 0x4, 0xfe, 0x0, 0x15, 0x8b,
    0xff, 0xf1, 0xff, 0x10, 0x5, 0xfe, 0x0, 0x4f,
    0xff, 0xfd, 0x91, 0xff, 0xff, 0xff, 0xfe, 0x0,
    0x2e, 0xa5, 0x10, 0x0, 0xff, 0xed, 0xde, 0xfe,
    0x0, 0x0, 0x0, 0x0, 0x0, 0xff, 0x0, 0x4,
    0xfe, 0x0,

    /* U+7EDD "绝" */
    0x0, 0x1, 0x50, 0x0, 0x1, 0x72, 0x0, 0x0,
    0x0, 0x0, 0x7, 0xfb, 0x0, 0x7, 0xfa, 0x0,
    0x0, 0x0, 0x0, 0xe, 0xf6, 0x0, 0xe, 0xfe,
    0xcc, 0xd6, 0x0, 0x0, 0x4f, 0xe0, 0x0, 0x9f,
    0xff, 0xff, 0xfd, 0x0, 0x0, 0xcf, 0x54, 0x35,
    0xff, 0x20, 0x4f, 0xf4, 0x0, 0x6, 0xfc, 0xd,
    0xff, 0xf9, 0x0, 0xcf, 0xa0, 0x0, 0x3f, 0xfc,
    0xbf, 0xd8, 0xff, 0xff, 0xff, 0xff, 0xd0, 0x2f,
    0xff, 0xff, 0x21, 0xff, 0xcf, 0xfc, 0xcf, 0xd0,
    0x6, 0x4d, 0xf6, 0x1, 0xfe, 0xb, 0xf1, 0x1f,
    0xd0, 0x0, 0x7f, 0xa0, 0x11, 0xfe, 0xb, 0xf1,
    0x1f, 0xd0, 0x7, 0xff, 0xce, 0xf4, 0xff, 0xcf,
    0xfc, 0xcf, 0xd0, 0x3f, 0xff, 0xff, 0xc3, 0xff,
    0xff, 0xff, 0xff, 0xd0, 0xd, 0xb7, 0x30, 0x1,
    0xfe, 0x0, 0x0, 0x0, 0x0, 0x0, 0x0, 0x0,
    0x22, 0xfe, 0x0, 0x0, 0x1, 0x40, 0x0, 0x37,
    0xbe, 0xf7, 0xfe, 0x0, 0x0, 0x3, 0xf9, 0x3f,
    0xff, 0xff, 0xf6, 0xff, 0x0, 0x0, 0x6, 0xf8,
    0x1f, 0xfd, 0x94, 0x0, 0xdf, 0xed, 0xdd, 0xdf,
    0xf4, 0x5, 0x10, 0x0, 0x0, 0x4c, 0xff, 0xff,
    0xfe, 0x80,

    /* U+7EE7 "继" */
    0x0, 0x2, 0x0, 0x0, 0x0, 0x0, 0x0, 0x0,
    0x0, 0x0, 0xd, 0xf4, 0xe, 0xf1, 0x10, 0xaf,
    0x12, 0x0, 0x0, 0x3f, 0xe0, 0xe, 0xf6, 0xf2,
    0xaf, 0x1c, 0xe0, 0x0, 0x9f, 0x70, 0xe, 0xf2,
    0xf6, 0xaf, 0x2f, 0x90, 0x1, 0xfe, 0x6, 0x1e,
    0xf1, 0xda, 0xaf, 0x7f, 0x20, 0x9, 0xf6, 0x3f,
    0xde, 0xf1, 0x54, 0xaf, 0x47, 0x0, 0x5f, 0xf9,
    0xdf, 0x6e, 0xf8, 0xdd, 0xff, 0xdd, 0xd2, 0x5f,
    0xff, 0xfc, 0xe, 0xfa, 0xff, 0xff, 0xff, 0xf3,
    0x6, 0x5f, 0xf2, 0xe, 0xf1, 0x7, 0xff, 0xc0,
    0x0, 0x0, 0xbf, 0x60, 0xe, 0xf1, 0x1e, 0xff,
    0xf9, 0x0, 0x9, 0xff, 0xbe, 0x8e, 0xf1, 0xaf,
    0xdf, 0xaf, 0x50, 0x5f, 0xff, 0xff, 0x6e, 0xf7,
    0xfa, 0xaf, 0x2e, 0xf1, 0x1e, 0x96, 0x20, 0xe,
    0xf5, 0xf2, 0xaf, 0x16, 0x90, 0x0, 0x0, 0x4,
    0x3e, 0xf1, 0x30, 0xaf, 0x10, 0x0, 0x27, 0xad,
    0xff, 0xae, 0xf1, 0x0, 0x8c, 0x0, 0x0, 0x4f,
    0xff, 0xb7, 0x2e, 0xff, 0xff, 0xff, 0xff, 0xf6,
    0x17, 0x30, 0x0, 0xd, 0xee, 0xee, 0xee, 0xee,
    0xe5,

    /* U+7EED "续" */
    0x0, 0x7, 0xb3, 0x0, 0x0, 0x1f, 0xf0, 0x0,
    0x0, 0x0, 0xe, 0xf2, 0x2, 0xdd, 0xdf, 0xfd,
    0xdd, 0x10, 0x0, 0x4f, 0xb0, 0x2, 0xff, 0xff,
    0xff, 0xff, 0x10, 0x0, 0xcf, 0x24, 0x0, 0x0,
    0x1f, 0xf0, 0x0, 0x0, 0x5, 0xf8, 0x2f, 0xbc,
    0xff, 0xff, 0xff, 0xff, 0xe0, 0x3e, 0xf9, 0xdf,
    0x4a, 0xdd, 0xdd, 0xdd, 0xdf, 0xd0, 0x4f, 0xff,
    0xfa, 0x0, 0x3b, 0x37, 0xa3, 0x5f, 0x80, 0x7,
    0x4e, 0xe1, 0x1, 0x4d, 0xfd, 0xf4, 0x7f, 0x30,
    0x0, 0x9f, 0x75, 0x2b, 0xf6, 0x5b, 0xf4, 0x0,
    0x0, 0x7, 0xff, 0xff, 0x51, 0xbd, 0xd, 0xf2,
    0x0, 0x0, 0x3f, 0xff, 0xc8, 0x4d, 0xee, 0xdf,
    0xfe, 0xdd, 0xc0, 0xb, 0x61, 0x1, 0x4f, 0xff,
    0xff, 0xff, 0xff, 0xe0, 0x0, 0x16, 0xcf, 0x70,
    0x2, 0xef, 0x68, 0x20, 0x0, 0x2b, 0xff, 0xfc,
    0x40, 0x2e, 0xfb, 0x5f, 0xf6, 0x0, 0x3f, 0xfa,
    0x30, 0x7, 0xff, 0xc1, 0x4, 0xef, 0x90, 0x6,
    0x10, 0x0, 0x4f, 0xfa, 0x0, 0x0, 0x2e, 0xf2,
    0x0, 0x0, 0x0, 0x5, 0x30, 0x0, 0x0, 0x2,
    0x30,

    /* U+7EF4 "维" */
    0x0, 0x2, 0x0, 0x0, 0x1, 0x0, 0x0, 0x0,
    0x0, 0x0, 0xd, 0xd2, 0x0, 0xc, 0xe6, 0xcd,
    0x0, 0x0, 0x0, 0x3f, 0xe0, 0x0, 0x2f, 0xf1,
    0xef, 0x60, 0x0, 0x0, 0xaf, 0x80, 0x0, 0x8f,
    0xb0, 0x8e, 0x60, 0x0, 0x2, 0xfe, 0x7, 0x10,
    0xef, 0xff, 0xff, 0xff, 0xf0, 0xc, 0xf5, 0x4f,
    0xd8, 0xff, 0xee, 0xff, 0xee, 0xe0, 0x9f, 0xfa,
    0xef, 0x9f, 0xff, 0x10, 0xef, 0x10, 0x0, 0x6f,
    0xff, 0xfb, 0x6f, 0xff, 0xcc, 0xff, 0xcc, 0x70,
    0x2, 0x3f, 0xe1, 0xa, 0xef, 0xff, 0xff, 0xff,
    0x80, 0x0, 0xdf, 0x41, 0x30, 0xef, 0x32, 0xef,
    0x32, 0x10, 0xa, 0xff, 0xef, 0xb0, 0xef, 0x20,
    0xef, 0x20, 0x0, 0x7f, 0xff, 0xfe, 0x80, 0xef,
    0xff, 0xff, 0xff, 0x90, 0x2d, 0x85, 0x10, 0x0,
    0xef, 0xed, 0xff, 0xed, 0x80, 0x0, 0x0, 0x25,
    0x90, 0xef, 0x10, 0xef, 0x10, 0x0, 0x27, 0xae,
    0xff, 0xf2, 0xef, 0xcc, 0xff, 0xcc, 0xc2, 0x6f,
    0xff, 0xb6, 0x10, 0xef, 0xff, 0xff, 0xff, 0xf3,
    0x39, 0x40, 0x0, 0x0, 0xef, 0x43, 0x33, 0x33,
    0x30, 0x0, 0x0, 0x0, 0x0, 0xef, 0x10, 0x0,
    0x0, 0x0,

    /* U+7F16 "编" */
    0x0, 0x6, 0x20, 0x0, 0x0, 0x15, 0x70, 0x0,
    0x0, 0x0, 0x2f, 0xf1, 0x0, 0x0, 0x5f, 0xf2,
    0x0, 0x0, 0x0, 0x7f, 0xa0, 0x9, 0xaa, 0xbf,
    0xfd, 0xaa, 0x80, 0x0, 0xcf, 0x30, 0xd, 0xff,
    0xff, 0xff, 0xff, 0xc0, 0x3, 0xfb, 0x39, 0x1d,
    0xf2, 0x0, 0x0, 0x3f, 0xc0, 0xb, 0xf2, 0xaf,
    0x6d, 0xfa, 0xaa, 0xaa, 0xbf, 0xc0, 0x6f, 0xfe,
    0xfd, 0xd, 0xff, 0xff, 0xff, 0xff, 0xc0, 0x6f,
    0xff, 0xf4, 0xe, 0xf2, 0x11, 0x11, 0x11, 0x10,
    0x15, 0x6f, 0xa0, 0xf, 0xfb, 0xaa, 0xaa, 0xaa,
    0xa1, 0x0, 0xdf, 0x22, 0xf, 0xff, 0xff, 0xff,
    0xff, 0xf1, 0xa, 0xff, 0xff, 0x1f, 0xff, 0x5e,
    0x6c, 0xb8, 0xf1, 0x6f, 0xff, 0xea, 0x3f, 0xff,
    0x4e, 0x6c, 0xb8, 0xf1, 0x1b, 0x62, 0x2, 0x6f,
    0xdf, 0xff, 0xff, 0xff, 0xf1, 0x0, 0x5, 0xde,
    0xaf, 0xaf, 0xcf, 0xce, 0xed, 0xf1, 0x17, 0xef,
    0xfc, 0xff, 0x6f, 0x4e, 0x6c, 0xb8, 0xf1, 0x7f,
    0xfa, 0x34, 0xfd, 0x4f, 0x4e, 0x6c, 0xb8, 0xf1,
    0x39, 0x20, 0x9, 0xf6, 0x4f, 0x4e, 0x6c, 0xcc,
    0xf1, 0x0, 0x0, 0x0, 0x70, 0x4f, 0x40, 0x0,
    0xf, 0xa0, 0x0, 0x0, 0x0, 0x0, 0x0, 0x0,
    0x0, 0x0, 0x0,

    /* U+7F51 "网" */
    0xdf, 0xff, 0xff, 0xff, 0xff, 0xff, 0xff, 0xf3,
    0xdf, 0xff, 0xff, 0xff, 0xff, 0xff, 0xff, 0xf3,
    0xdf, 0x50, 0x1, 0x0, 0x0, 0x0, 0xe, 0xf3,
    0xdf, 0x50, 0x8, 0xf5, 0x0, 0xbf, 0x2e, 0xf3,
    0xdf, 0x67, 0xb, 0xf3, 0x40, 0xdf, 0xe, 0xf3,
    0xdf, 0xef, 0x6d, 0xf9, 0xf5, 0xfd, 0xe, 0xf3,
    0xdf, 0x8f, 0xff, 0xd3, 0xff, 0xfb, 0xe, 0xf3,
    0xdf, 0x56, 0xff, 0xa0, 0x7f, 0xf8, 0xe, 0xf3,
    0xdf, 0x50, 0xbf, 0xa0, 0xc, 0xf8, 0xe, 0xf3,
    0xdf, 0x50, 0xcf, 0xf4, 0xe, 0xff, 0x2e, 0xf3,
    0xdf, 0x52, 0xff, 0xfe, 0x5f, 0xff, 0xae, 0xf3,
    0xdf, 0x59, 0xf7, 0xa7, 0xcf, 0x6e, 0xde, 0xf3,
    0xdf, 0x9f, 0xf0, 0x16, 0xfe, 0x6, 0x1e, 0xf3,
    0xdf, 0xff, 0x70, 0x1f, 0xf5, 0x0, 0xe, 0xf3,
    0xdf, 0x79, 0x0, 0x6, 0xa0, 0x22, 0x2f, 0xf3,
    0xdf, 0x50, 0x0, 0x0, 0x0, 0xef, 0xff, 0xf0,
    0xdf, 0x50, 0x0, 0x0, 0x0, 0x9f, 0xeb, 0x40,

    /* U+7F6E "置" */
    0x1, 0xff, 0xff, 0xff, 0xff, 0xff, 0xff, 0xff,
    0x30, 0x1, 0xff, 0x67, 0xff, 0x66, 0xff, 0x66,
    0xff, 0x30, 0x1, 0xff, 0x23, 0xff, 0x22, 0xff,
    0x22, 0xff, 0x30, 0x1, 0xff, 0xff, 0xff, 0xff,
    0xff, 0xff, 0xff, 0x30, 0x0, 0x44, 0x44, 0x47,
    0xff, 0x44, 0x44, 0x44, 0x10, 0xd, 0xff, 0xff,
    0xff, 0xff, 0xff, 0xff, 0xff, 0x90, 0x5, 0x66,
    0x66, 0x6b, 0xfc, 0x66, 0x66, 0x66, 0x40, 0x0,
    0xe, 0xee, 0xef, 0xff, 0xee, 0xee, 0xd0, 0x0,
    0x0, 0xf, 0xf6, 0x66, 0x66, 0x66, 0x8f, 0xe0,
    0x0, 0x0, 0xf, 0xfe, 0xee, 0xee, 0xee, 0xef,
    0xe0, 0x0, 0x0, 0xf, 0xf5, 0x44, 0x44, 0x44,
    0x6f, 0xe0, 0x0, 0x0, 0xf, 0xff, 0xff, 0xff,
    0xff, 0xff, 0xe0, 0x0, 0x0, 0xf, 0xf5, 0x44,
    0x44, 0x44, 0x7f, 0xe0, 0x0, 0x0, 0xf, 0xfd,
    0xdd, 0xdd, 0xdd, 0xef, 0xe0, 0x0, 0x7, 0x7f,
    0xf8, 0x77, 0x77, 0x77, 0x9f, 0xf7, 0x71, 0x1f,
    0xff, 0xff, 0xff, 0xff, 0xff, 0xff, 0xff, 0xf2,
    0x0, 0x0, 0x0, 0x0, 0x0, 0x0, 0x0, 0x0,
    0x0,

    /* U+7FFB "翻" */
    0x0, 0x12, 0x35, 0x8a, 0x10, 0x0, 0x0, 0x0,
    0x0, 0xd, 0xff, 0xff, 0xfe, 0x7b, 0xff, 0xfc,
    0xff, 0xf1, 0x6, 0xd5, 0xdf, 0x1a, 0x48, 0xbe,
    0xfa, 0xce, 0xf1, 0x4, 0xf4, 0xcf, 0x4f, 0x60,
    0xa, 0xf1, 0xa, 0xf1, 0x1, 0xf7, 0xcf, 0x8f,
    0x11, 0x2a, 0xf4, 0x3a, 0xf1, 0x1f, 0xff, 0xff,
    0xff, 0xdd, 0x9a, 0xfc, 0xba, 0xf1, 0x8, 0x8f,
    0xff, 0xe8, 0x78, 0xea, 0xf8, 0xfb, 0xf1, 0x0,
    0x9f, 0xff, 0xfc, 0x24, 0xfe, 0xf5, 0xfe, 0xf1,
    0x1b, 0xfa, 0xcf, 0x7f, 0xc0, 0x7b, 0xf2, 0x5b,
    0xf1, 0x2f, 0xc0, 0xcf, 0x6, 0x20, 0xd, 0xf1,
    0x1e, 0xf1, 0xb, 0xba, 0xbb, 0xaa, 0x70, 0xbf,
    0xf2, 0xdf, 0xf1, 0x9, 0xff, 0xff, 0xff, 0xbb,
    0xff, 0xfd, 0xfe, 0xf1, 0x9, 0xf3, 0xbd, 0x3f,
    0xbd, 0x8a, 0xf9, 0x4a, 0xf1, 0x9, 0xff, 0xff,
    0xff, 0xb1, 0xa, 0xf1, 0xa, 0xf1, 0x9, 0xf2,
    0xbd, 0x1f, 0xb0, 0xa, 0xf1, 0xa, 0xf1, 0x9,
    0xff, 0xff, 0xff, 0xb0, 0xa, 0xf1, 0xb, 0xf1,
    0x9, 0xfa, 0xaa, 0xaf, 0xb3, 0xcf, 0xf7, 0xdf,
    0xf0, 0x9, 0xf0, 0x0, 0xc, 0x90, 0xed, 0x63,
    0xfd, 0x60,

    /* U+8003 "考" */
    0x0, 0x0, 0x0, 0xf, 0xf2, 0x0, 0x0, 0x31,
    0x0, 0x0, 0x2a, 0xaa, 0xaf, 0xfb, 0xaa, 0x85,
    0xfe, 0x10, 0x0, 0x3f, 0xff, 0xff, 0xff, 0xff,
    0xff, 0xf6, 0x0, 0x0, 0x1, 0x11, 0x1f, 0xf4,
    0x18, 0xff, 0x70, 0x0, 0x0, 0x0, 0x0, 0xf,
    0xf3, 0x5f, 0xf9, 0x0, 0x0, 0xc, 0xff, 0xff,
    0xff, 0xff, 0xff, 0xff, 0xff, 0xf0, 0x9, 0xcc,
    0xcc, 0xce, 0xff, 0xfc, 0xcc, 0xcc, 0xc0, 0x0,
    0x0, 0x2, 0xaf, 0xfb, 0x20, 0x0, 0x0, 0x0,
    0x0, 0x2, 0x9f, 0xff, 0xff, 0xff, 0xff, 0xf3,
    0x0, 0x6, 0xcf, 0xff, 0xff, 0xa9, 0x99, 0x99,
    0x91, 0x0, 0x1f, 0xfe, 0x77, 0xfd, 0x0, 0x0,
    0x0, 0x0, 0x0, 0x9, 0x60, 0xe, 0xff, 0xff,
    0xff, 0xff, 0x90, 0x0, 0x0, 0x0, 0x4b, 0xbb,
    0xbb, 0xbb, 0xff, 0x70, 0x0, 0x0, 0x0, 0x0,
    0x0, 0x0, 0x0, 0xff, 0x40, 0x0, 0x0, 0x0,
    0x0, 0x0, 0x0, 0x6, 0xff, 0x0, 0x0, 0x0,
    0x0, 0x0, 0x7, 0xfe, 0xef, 0xfa, 0x0, 0x0,
    0x0, 0x0, 0x0, 0x1, 0xff, 0xff, 0xa1, 0x0,
    0x0, 0x0, 0x0, 0x0, 0x0, 0x0, 0x0, 0x0,
    0x0, 0x0,

    /* U+8054 "联" */
    0x0, 0x0, 0x0, 0x0, 0x0, 0x20, 0x0, 0x31,
    0x0, 0x1f, 0xff, 0xff, 0xfe, 0x1e, 0xf2, 0x0,
    0xff, 0x40, 0x1f, 0xff, 0xef, 0xfd, 0x9, 0xfc,
    0x5, 0xfd, 0x0, 0x5, 0xf8, 0x8, 0xf3, 0x1,
    0xfc, 0xd, 0xf5, 0x0, 0x5, 0xf8, 0x8, 0xf3,
    0x6b, 0xeb, 0xcf, 0xfb, 0xb0, 0x5, 0xfe, 0xce,
    0xf3, 0x9f, 0xff, 0xff, 0xff, 0xf0, 0x5, 0xff,
    0xff, 0xf3, 0x36, 0x6c, 0xfb, 0x66, 0x60, 0x5,
    0xf8, 0x8, 0xf3, 0x0, 0x9, 0xf9, 0x0, 0x0,
    0x5, 0xf9, 0x9, 0xf3, 0x0, 0xa, 0xf9, 0x0,
    0x0, 0x5, 0xff, 0xff, 0xf3, 0xef, 0xff, 0xff,
    0xff, 0xf8, 0x5, 0xfd, 0xbd, 0xf3, 0xde, 0xef,
    0xff, 0xee, 0xe7, 0x5, 0xf8, 0x8, 0xf3, 0x0,
    0xe, 0xfa, 0x0, 0x0, 0x5, 0xf9, 0x2a, 0xfc,
    0x60, 0x3f, 0xff, 0x20, 0x0, 0x2c, 0xff, 0xff,
    0xff, 0x90, 0xbf, 0xff, 0xb0, 0x0, 0x1f, 0xff,
    0xee, 0xf7, 0x16, 0xff, 0x4e, 0xf8, 0x0, 0x6,
    0x41, 0x8, 0xf3, 0x5f, 0xf8, 0x5, 0xff, 0xa1,
    0x0, 0x0, 0x8, 0xfa, 0xff, 0xc0, 0x0, 0x8f,
    0xf6, 0x0, 0x0, 0x8, 0xf4, 0xba, 0x0, 0x0,
    0x4, 0x90, 0x0, 0x0, 0x0, 0x0, 0x0, 0x0,
    0x0, 0x0, 0x0,

    /* U+80DC "胜" */
    0xa, 0xff, 0xff, 0xe0, 0x58, 0x3a, 0xf6, 0x0,
    0x0, 0xa, 0xff, 0xff, 0xe0, 0xbf, 0x6a, 0xf6,
    0x0, 0x0, 0xa, 0xf4, 0x1f, 0xe0, 0xef, 0x2a,
    0xf6, 0x0, 0x0, 0xa, 0xf4, 0x1f, 0xe2, 0xff,
    0xbe, 0xfd, 0xbb, 0xa0, 0xa, 0xfd, 0xcf, 0xe7,
    0xff, 0xff, 0xff, 0xff, 0xf0, 0xa, 0xff, 0xff,
    0xed, 0xf8, 0x5c, 0xfa, 0x55, 0x50, 0xa, 0xf6,
    0x3f, 0xff, 0xf0, 0xa, 0xf6, 0x0, 0x0, 0xa,
    0xf4, 0x1f, 0xe7, 0x90, 0xa, 0xf6, 0x0, 0x0,
    0xa, 0xf5, 0x3f, 0xe0, 0x0, 0xa, 0xf7, 0x0,
    0x0, 0xb, 0xff, 0xff, 0xe0, 0xef, 0xff, 0xff,
    0xff, 0xa0, 0xb, 0xfd, 0xdf, 0xe0, 0xef, 0xff,
    0xff, 0xff, 0xa0, 0xc, 0xf1, 0x1f, 0xe0, 0x0,
    0xa, 0xf6, 0x0, 0x0, 0xe, 0xf0, 0x1f, 0xe0,
    0x0, 0xa, 0xf6, 0x0, 0x0, 0xf, 0xd0, 0x1f,
    0xe0, 0x0, 0xa, 0xf6, 0x0, 0x0, 0x3f, 0xb0,
    0x2f, 0xe0, 0x0, 0xa, 0xf7, 0x0, 0x0, 0x7f,
    0x77, 0xff, 0xca, 0xff, 0xff, 0xff, 0xff, 0xf6,
    0x5d, 0x23, 0xfd, 0x3a, 0xff, 0xff, 0xff, 0xff,
    0xf6, 0x0, 0x0, 0x0, 0x0, 0x0, 0x0, 0x0,
    0x0, 0x0,

    /* U+80FD "能" */
    0x0, 0x0, 0x0, 0x0, 0x0, 0x0, 0x0, 0x0,
    0x0, 0x0, 0xbe, 0x90, 0x0, 0xb, 0xf6, 0x0,
    0x0, 0x0, 0x4, 0xff, 0x49, 0xe1, 0xb, 0xf6,
    0x6, 0xd3, 0x0, 0x1d, 0xf7, 0x9, 0xfb, 0xb,
    0xfd, 0xff, 0xfa, 0x0, 0xcf, 0xfc, 0xdf, 0xff,
    0x3b, 0xff, 0xc7, 0x10, 0x0, 0x7f, 0xfe, 0xdc,
    0xdf, 0x9b, 0xf6, 0x0, 0x1a, 0x40, 0x12, 0x0,
    0x0, 0x24, 0xb, 0xf8, 0x11, 0x6f, 0xb0, 0x1c,
    0xcc, 0xcc, 0xca, 0x8, 0xff, 0xff, 0xff, 0x70,
    0x2f, 0xff, 0xff, 0xfd, 0x1, 0x9c, 0xcc, 0xc9,
    0x0, 0x2f, 0xd0, 0x4, 0xfd, 0x4, 0x52, 0x0,
    0x0, 0x0, 0x2f, 0xfc, 0xcd, 0xfd, 0xb, 0xf6,
    0x2, 0x92, 0x0, 0x2f, 0xe8, 0x8a, 0xfd, 0xb,
    0xfb, 0xcf, 0xfd, 0x0, 0x2f, 0xe8, 0x8a, 0xfd,
    0xb, 0xff, 0xfa, 0x40, 0x0, 0x2f, 0xff, 0xff,
    0xfd, 0xb, 0xf8, 0x0, 0x6, 0x10, 0x2f, 0xd0,
    0x4, 0xfd, 0xb, 0xf6, 0x0, 0xf, 0xf0, 0x2f,
    0xd0, 0x4, 0xfd, 0xa, 0xf8, 0x0, 0x2f, 0xd0,
    0x2f, 0xd1, 0xef, 0xfc, 0x8, 0xff, 0xff, 0xff,
    0x80, 0x2f, 0xd0, 0xbf, 0xc3, 0x1, 0xbe, 0xee,
    0xeb, 0x10,

    /* U+8111 "脑" */
    0x0, 0x0, 0x0, 0x0, 0x0, 0x38, 0x10, 0x0,
    0x0, 0xc, 0xff, 0xff, 0x10, 0x0, 0xdf, 0x90,
    0x0, 0x0, 0xc, 0xfb, 0xef, 0x22, 0x22, 0x6f,
    0xf4, 0x22, 0x20, 0xc, 0xf1, 0xbf, 0x7f, 0xff,
    0xff, 0xff, 0xff, 0xf4, 0xc, 0xf1, 0xbf, 0x7f,
    0xff, 0xff, 0xff, 0xff, 0xf4, 0xc, 0xfa, 0xef,
    0x10, 0x0, 0x0, 0x4a, 0x40, 0x0, 0xc, 0xff,
    0xff, 0x13, 0x40, 0x0, 0x9f, 0x74, 0x30, 0xc,
    0xf3, 0xbf, 0x1e, 0xfe, 0xd2, 0xef, 0x3f, 0xd0,
    0xc, 0xf1, 0xbf, 0x1e, 0xf7, 0xff, 0xfb, 0x2f,
    0xd0, 0xd, 0xf2, 0xbf, 0x1e, 0xf1, 0xaf, 0xf5,
    0x2f, 0xd0, 0xd, 0xff, 0xff, 0x1e, 0xf1, 0x6f,
    0xf6, 0x2f, 0xd0, 0xe, 0xfb, 0xef, 0x1e, 0xf2,
    0xef, 0xff, 0x5f, 0xd0, 0xf, 0xd0, 0xbf, 0x1e,
    0xfc, 0xfa, 0x7f, 0xef, 0xd0, 0x1f, 0xc0, 0xbf,
    0x1e, 0xfd, 0xd0, 0xb, 0x6f, 0xd0, 0x3f, 0xa0,
    0xbf, 0x1e, 0xf2, 0x30, 0x0, 0x3f, 0xd0, 0x7f,
    0x70, 0xbf, 0x1e, 0xff, 0xff, 0xff, 0xff, 0xd0,
    0xaf, 0x3b, 0xff, 0xd, 0xff, 0xff, 0xff, 0xff,
    0xd0, 0x1b, 0xa, 0xf7, 0x0, 0x0, 0x0, 0x0,
    0x2f, 0xd0, 0x0, 0x0, 0x0, 0x0, 0x0, 0x0,
    0x0, 0x0, 0x0,

    /* U+81EA "自" */
    0x0, 0x0, 0x0, 0x32, 0x0, 0x0, 0x0, 0x0,
    0x0, 0x4, 0xff, 0x40, 0x0, 0x0, 0x0, 0x0,
    0x7, 0xfe, 0x0, 0x0, 0x0, 0x3f, 0xff, 0xff,
    0xff, 0xff, 0xff, 0xfe, 0x3f, 0xff, 0xff, 0xff,
    0xff, 0xff, 0xfe, 0x3f, 0xe1, 0x11, 0x11, 0x11,
    0x16, 0xfe, 0x3f, 0xe0, 0x0, 0x0, 0x0, 0x6,
    0xfe, 0x3f, 0xff, 0xff, 0xff, 0xff, 0xff, 0xfe,
    0x3f, 0xff, 0xff, 0xff, 0xff, 0xff, 0xfe, 0x3f,
    0xe0, 0x0, 0x0, 0x0, 0x5, 0xfe, 0x3f, 0xe0,
    0x0, 0x0, 0x0, 0x6, 0xfe, 0x3f, 0xff, 0xff,
    0xff, 0xff, 0xff, 0xfe, 0x3f, 0xff, 0xff, 0xff,
    0xff, 0xff, 0xfe, 0x3f, 0xe0, 0x0, 0x0, 0x0,
    0x5, 0xfe, 0x3f, 0xe1, 0x11, 0x11, 0x11, 0x16,
    0xfe, 0x3f, 0xff, 0xff, 0xff, 0xff, 0xff, 0xfe,
    0x3f, 0xfe, 0xee, 0xee, 0xee, 0xef, 0xfe, 0x3f,
    0xe0, 0x0, 0x0, 0x0, 0x5, 0xfe,

    /* U+81F3 "至" */
    0xb, 0xff, 0xff, 0xff, 0xff, 0xff, 0xff, 0xff,
    0x90, 0xb, 0xff, 0xff, 0xff, 0xff, 0xff, 0xff,
    0xff, 0x90, 0x0, 0x0, 0x2e, 0xfb, 0x0, 0x4,
    0x70, 0x0, 0x0, 0x0, 0x0, 0xcf, 0xd0, 0x0,
    0x3f, 0xfa, 0x0, 0x0, 0x0, 0xa, 0xff, 0x20,
    0x0, 0x6, 0xff, 0xb0, 0x0, 0x0, 0xbf, 0xfe,
    0xcd, 0xdd, 0xee, 0xff, 0xfc, 0x0, 0x0, 0xaf,
    0xff, 0xff, 0xff, 0xff, 0xee, 0xff, 0x90, 0x0,
    0x47, 0x43, 0x22, 0x54, 0x0, 0x0, 0x9c, 0x10,
    0x0, 0x0, 0x0, 0x2, 0xff, 0x0, 0x0, 0x0,
    0x0, 0x0, 0x13, 0x33, 0x36, 0xff, 0x43, 0x33,
    0x32, 0x0, 0x0, 0x7f, 0xff, 0xff, 0xff, 0xff,
    0xff, 0xf8, 0x0, 0x0, 0x5b, 0xbb, 0xbc, 0xff,
    0xcb, 0xbb, 0xb6, 0x0, 0x0, 0x0, 0x0, 0x2,
    0xff, 0x0, 0x0, 0x0, 0x0, 0x0, 0x0, 0x0,
    0x2, 0xff, 0x0, 0x0, 0x0, 0x0, 0x2f, 0xff,
    0xff, 0xff, 0xff, 0xff, 0xff, 0xff, 0xf3, 0x2f,
    0xff, 0xff, 0xff, 0xff, 0xff, 0xff, 0xff, 0xf3,
    0x0, 0x0, 0x0, 0x0, 0x0, 0x0, 0x0, 0x0,
    0x0,

    /* U+884C "行" */
    0x0, 0x0, 0x0, 0x0, 0x0, 0x0, 0x0, 0x0,
    0x0, 0x0, 0x1, 0xd8, 0x10, 0x0, 0x0, 0x0,
    0x0, 0x0, 0x0, 0xc, 0xfe, 0x20, 0xff, 0xff,
    0xff, 0xff, 0xd0, 0x1, 0xbf, 0xf4, 0x0, 0xff,
    0xff, 0xff, 0xff, 0xd0, 0x2d, 0xff, 0x70, 0x0,
    0x11, 0x11, 0x11, 0x11, 0x10, 0x6f, 0xf8, 0x2a,
    0x30, 0x0, 0x0, 0x0, 0x0, 0x0, 0xd, 0x70,
    0xcf, 0xe0, 0x0, 0x0, 0x0, 0x0, 0x0, 0x1,
    0x7, 0xff, 0x51, 0x11, 0x11, 0x11, 0x11, 0x10,
    0x0, 0x2f, 0xfb, 0xe, 0xff, 0xff, 0xff, 0xff,
    0xf1, 0x1, 0xef, 0xf4, 0xe, 0xff, 0xff, 0xff,
    0xff, 0xf1, 0x2d, 0xff, 0xf3, 0x0, 0x0, 0x0,
    0x6f, 0xc0, 0x0, 0x9f, 0xff, 0xf3, 0x0, 0x0,
    0x0, 0x6f, 0xc0, 0x0, 0xd, 0x6e, 0xf3, 0x0,
    0x0, 0x0, 0x6f, 0xc0, 0x0, 0x0, 0xe, 0xf3,
    0x0, 0x0, 0x0, 0x6f, 0xc0, 0x0, 0x0, 0xe,
    0xf3, 0x0, 0x0, 0x0, 0x6f, 0xc0, 0x0, 0x0,
    0xe, 0xf3, 0x0, 0x0, 0x0, 0x6f, 0xc0, 0x0,
    0x0, 0xe, 0xf3, 0x0, 0x0, 0x22, 0x8f, 0xc0,
    0x0, 0x0, 0xe, 0xf3, 0x0, 0x2, 0xff, 0xff,
    0xa0, 0x0, 0x0, 0xe, 0xf3, 0x0, 0x0, 0xef,
    0xeb, 0x10, 0x0, 0x0, 0x1, 0x10, 0x0, 0x0,
    0x0, 0x0, 0x0, 0x0,

    /* U+88AB "被" */
    0x0, 0x0, 0x0, 0x0, 0x0, 0x0, 0x0, 0x0,
    0x0, 0x0, 0x2b, 0x70, 0x0, 0x0, 0xc, 0xf3,
    0x0, 0x0, 0x0, 0x2f, 0xf2, 0x0, 0x0, 0xc,
    0xf3, 0x0, 0x0, 0x0, 0x9, 0xe4, 0x1, 0xaa,
    0xae, 0xfb, 0xaa, 0x92, 0xd, 0xff, 0xff, 0xa1,
    0xff, 0xff, 0xff, 0xff, 0xf3, 0xc, 0xee, 0xff,
    0x91, 0xfe, 0x4d, 0xf7, 0x6f, 0xe0, 0x0, 0x0,
    0xdf, 0x11, 0xfd, 0xc, 0xf3, 0x5f, 0xa0, 0x0,
    0x7, 0xf8, 0x41, 0xfe, 0x2c, 0xf5, 0x37, 0x30,
    0x0, 0x2f, 0xf5, 0xfa, 0xff, 0xff, 0xff, 0xff,
    0xa0, 0x0, 0xcf, 0xff, 0xd4, 0xff, 0xfc, 0xbb,
    0xef, 0x70, 0xc, 0xff, 0xff, 0x83, 0xfe, 0xf6,
    0x1, 0xff, 0x20, 0x1f, 0xef, 0xfd, 0xfa, 0xf9,
    0xce, 0x9, 0xfc, 0x0, 0x9, 0x3f, 0xe3, 0xd8,
    0xf6, 0x6f, 0xaf, 0xf3, 0x0, 0x0, 0x1f, 0xe0,
    0xc, 0xf3, 0xf, 0xff, 0xa0, 0x0, 0x0, 0x1f,
    0xe0, 0x2f, 0xf0, 0x1d, 0xff, 0x90, 0x0, 0x0,
    0x1f, 0xe0, 0xcf, 0xa5, 0xef, 0xff, 0xfd, 0x60,
    0x0, 0x1f, 0xe3, 0xff, 0x8f, 0xfc, 0x16, 0xff,
    0xf4, 0x0, 0x1f, 0xe0, 0x47, 0xa, 0x70, 0x0,
    0x18, 0x80,

    /* U+8981 "要" */
    0xe, 0xff, 0xff, 0xff, 0xff, 0xff, 0xff, 0xff,
    0xd0, 0xc, 0xdd, 0xde, 0xff, 0xde, 0xff, 0xdd,
    0xdd, 0xb0, 0x0, 0x0, 0x2, 0xfd, 0x1, 0xff,
    0x0, 0x0, 0x0, 0x1, 0xbb, 0xbc, 0xff, 0xbc,
    0xff, 0xbb, 0xbb, 0x20, 0x1, 0xff, 0xff, 0xff,
    0xff, 0xff, 0xff, 0xff, 0x30, 0x1, 0xfe, 0x2,
    0xfd, 0x1, 0xff, 0x0, 0xef, 0x30, 0x1, 0xff,
    0x68, 0xfe, 0x67, 0xff, 0x66, 0xff, 0x30, 0x1,
    0xff, 0xff, 0xff, 0xff, 0xff, 0xff, 0xff, 0x30,
    0x0, 0x33, 0x33, 0xcf, 0xb3, 0x33, 0x33, 0x33,
    0x0, 0x2c, 0xcc, 0xcd, 0xff, 0xec, 0xcc, 0xcc,
    0xcc, 0xc2, 0x3f, 0xff, 0xff, 0xff, 0xff, 0xff,
    0xff, 0xff, 0xf3, 0x0, 0x0, 0xbf, 0xd1, 0x0,
    0x3e, 0xf7, 0x0, 0x0, 0x0, 0x7, 0xff, 0xfd,
    0x96, 0xef, 0xb0, 0x0, 0x0, 0x0, 0x1, 0x59,
    0xdf, 0xff, 0xff, 0xa4, 0x0, 0x0, 0x5, 0x78,
    0xad, 0xff, 0xfe, 0xef, 0xff, 0xfa, 0x40, 0x8,
    0xff, 0xff, 0xea, 0x50, 0x3, 0x8d, 0xfd, 0x20,
    0x1, 0x75, 0x30, 0x0, 0x0, 0x0, 0x0, 0x31,
    0x0,

    /* U+8BA4 "认" */
    0x0, 0x3b, 0x10, 0x0, 0x0, 0x3f, 0xf0, 0x0,
    0x0, 0x0, 0xcf, 0xe2, 0x0, 0x0, 0x3f, 0xf0,
    0x0, 0x0, 0x0, 0x1b, 0xfe, 0x10, 0x0, 0x3f,
    0xe0, 0x0, 0x0, 0x0, 0x0, 0xa5, 0x0, 0x0,
    0x4f, 0xe0, 0x0, 0x0, 0x0, 0x0, 0x0, 0x0,
    0x0, 0x4f, 0xd0, 0x0, 0x0, 0x7f, 0xff, 0xf4,
    0x0, 0x0, 0x6f, 0xf0, 0x0, 0x0, 0x8f, 0xff,
    0xf4, 0x0, 0x0, 0x8f, 0xf1, 0x0, 0x0, 0x1,
    0x1d, 0xf4, 0x0, 0x0, 0xaf, 0xf5, 0x0, 0x0,
    0x0, 0xc, 0xf4, 0x0, 0x0, 0xcf, 0xf9, 0x0,
    0x0, 0x0, 0xc, 0xf4, 0x0, 0x1, 0xff, 0xfd,
    0x0, 0x0, 0x0, 0xc, 0xf4, 0x0, 0x6, 0xfd,
    0xdf, 0x50, 0x0, 0x0, 0xc, 0xf7, 0xd2, 0xd,
    0xf6, 0x6f, 0xc0, 0x0, 0x0, 0xd, 0xff, 0xf6,
    0x8f, 0xe0, 0xe, 0xf5, 0x0, 0x0, 0x1f, 0xff,
    0x75, 0xff, 0x70, 0x7, 0xff, 0x30, 0x0, 0xaf,
    0xe3, 0x6f, 0xfc, 0x0, 0x0, 0xcf, 0xf4, 0x0,
    0x2b, 0x10, 0x1c, 0xc1, 0x0, 0x0, 0x1d, 0xc0,
    0x0, 0x0, 0x0, 0x1, 0x0, 0x0, 0x0, 0x1,
    0x10,

    /* U+8BA9 "让" */
    0x0, 0x0, 0x0, 0x0, 0x0, 0x0, 0x0, 0x0,
    0x0, 0x0, 0x6c, 0x10, 0x0, 0x0, 0xff, 0x40,
    0x0, 0x0, 0x0, 0xcf, 0xd1, 0x0, 0x0, 0xff,
    0x40, 0x0, 0x0, 0x0, 0x1c, 0xfc, 0x0, 0x0,
    0xff, 0x40, 0x0, 0x0, 0x0, 0x0, 0xb2, 0x0,
    0x0, 0xff, 0x40, 0x0, 0x0, 0x0, 0x0, 0x0,
    0x0, 0x0, 0xff, 0x40, 0x0, 0x0, 0x6e, 0xee,
    0xe1, 0x0, 0x0, 0xff, 0xdd, 0xdd, 0x20, 0x7f,
    0xff, 0xf1, 0x0, 0x0, 0xff, 0xff, 0xff, 0x20,
    0x1, 0x1e, 0xf1, 0x0, 0x0, 0xff, 0x73, 0x33,
    0x0, 0x0, 0xe, 0xf1, 0x0, 0x0, 0xff, 0x40,
    0x0, 0x0, 0x0, 0xe, 0xf1, 0x0, 0x0, 0xff,
    0x40, 0x0, 0x0, 0x0, 0xe, 0xf1, 0x20, 0x0,
    0xff, 0x40, 0x0, 0x0, 0x0, 0xe, 0xf6, 0xf1,
    0x0, 0xff, 0x40, 0x0, 0x0, 0x0, 0xf, 0xff,
    0xf4, 0x0, 0xff, 0x40, 0x0, 0x0, 0x0, 0x4f,
    0xff, 0x50, 0x0, 0xff, 0x40, 0x0, 0x0, 0x0,
    0xcf, 0xe4, 0xff, 0xff, 0xff, 0xff, 0xff, 0xf5,
    0x1, 0xcd, 0x11, 0xff, 0xff, 0xff, 0xff, 0xff,
    0xf5, 0x0, 0x1, 0x0, 0x11, 0x11, 0x11, 0x11,
    0x11, 0x10,

    /* U+8BB0 "记" */
    0x0, 0x79, 0x0, 0x1, 0x11, 0x11, 0x11, 0x11,
    0x0, 0x2, 0xff, 0xb0, 0xc, 0xff, 0xff, 0xff,
    0xff, 0x30, 0x0, 0x3f, 0xfb, 0xc, 0xff, 0xff,
    0xff, 0xff, 0x30, 0x0, 0x4, 0xf8, 0x0, 0x0,
    0x0, 0x0, 0xff, 0x30, 0x0, 0x0, 0x30, 0x0,
    0x0, 0x0, 0x0, 0xff, 0x30, 0x5a, 0xaa, 0xa2,
    0x0, 0x0, 0x0, 0x0, 0xff, 0x30, 0x8f, 0xff,
    0xf3, 0x0, 0x11, 0x11, 0x11, 0xff, 0x30, 0x48,
    0x8f, 0xf3, 0x4, 0xff, 0xff, 0xff, 0xff, 0x30,
    0x0, 0xe, 0xf3, 0x4, 0xff, 0xee, 0xee, 0xff,
    0x30, 0x0, 0xe, 0xf3, 0x4, 0xfe, 0x0, 0x0,
    0x99, 0x10, 0x0, 0xe, 0xf3, 0x4, 0xfe, 0x0,
    0x0, 0x0, 0x0, 0x0, 0xe, 0xf3, 0x14, 0xfe,
    0x0, 0x0, 0x1, 0x0, 0x0, 0xe, 0xfa, 0xd4,
    0xfe, 0x0, 0x0, 0xd, 0x91, 0x0, 0xf, 0xff,
    0xf7, 0xfe, 0x0, 0x0, 0xe, 0xf2, 0x0, 0x2f,
    0xff, 0x74, 0xff, 0x21, 0x0, 0x4f, 0xf0, 0x0,
    0xaf, 0xe4, 0x1, 0xff, 0xff, 0xff, 0xff, 0xb0,
    0x0, 0x1c, 0x10, 0x0, 0x6d, 0xff, 0xff, 0xfb,
    0x20, 0x0, 0x0, 0x0, 0x0, 0x0, 0x0, 0x0,
    0x0, 0x0,

    /* U+8BBE "设" */
    0x0, 0x2, 0x0, 0x0, 0x0, 0x0, 0x0, 0x0,
    0x0, 0x0, 0xaf, 0x50, 0x0, 0x4f, 0xff, 0xff,
    0xf0, 0x0, 0x0, 0x9f, 0xf5, 0x0, 0x4f, 0xff,
    0xff, 0xf0, 0x0, 0x0, 0x9, 0xff, 0x10, 0x5f,
    0xa0, 0xf, 0xf0, 0x0, 0x0, 0x0, 0xb3, 0x0,
    0x8f, 0x90, 0xf, 0xf0, 0x0, 0x0, 0x0, 0x0,
    0x2, 0xff, 0x40, 0xf, 0xf1, 0x10, 0x3b, 0xbb,
    0xa0, 0x7f, 0xfc, 0x0, 0xe, 0xff, 0xf3, 0x4f,
    0xff, 0xe0, 0x4f, 0xd1, 0x0, 0x5, 0xde, 0xe4,
    0x28, 0x9f, 0xe0, 0x8, 0x43, 0x33, 0x33, 0x43,
    0x0, 0x0, 0x2f, 0xe0, 0xf, 0xff, 0xff, 0xff,
    0xff, 0x50, 0x0, 0x2f, 0xe0, 0xb, 0xff, 0xbb,
    0xbd, 0xff, 0x0, 0x0, 0x2f, 0xe0, 0x1, 0xff,
    0x20, 0xa, 0xf9, 0x0, 0x0, 0x2f, 0xe2, 0xa0,
    0x7f, 0xd1, 0x6f, 0xe1, 0x0, 0x0, 0x2f, 0xff,
    0xf3, 0xb, 0xfe, 0xff, 0x40, 0x0, 0x0, 0x4f,
    0xff, 0x90, 0x4, 0xff, 0xfb, 0x10, 0x0, 0x0,
    0xcf, 0xf6, 0x47, 0xcf, 0xff, 0xff, 0xf9, 0x51,
    0x0, 0x8e, 0x40, 0xdf, 0xfe, 0x70, 0x4d, 0xff,
    0xf3, 0x0, 0x3, 0x0, 0x49, 0x40, 0x0, 0x0,
    0x49, 0x70,

    /* U+8BD5 "试" */
    0x0, 0x0, 0x0, 0x0, 0x0, 0x0, 0x0, 0x0,
    0x0, 0x0, 0x7a, 0x0, 0x0, 0x0, 0x5, 0xfd,
    0x7b, 0x0, 0x1, 0xdf, 0xb0, 0x0, 0x0, 0x5,
    0xfd, 0x8f, 0x90, 0x0, 0x1d, 0xf9, 0x0, 0x0,
    0x4, 0xfd, 0xc, 0xa0, 0x0, 0x1, 0xb1, 0xdf,
    0xff, 0xff, 0xff, 0xff, 0xf2, 0x0, 0x0, 0x0,
    0xef, 0xff, 0xff, 0xff, 0xff, 0xf2, 0x1d, 0xdd,
    0xd0, 0x11, 0x11, 0x14, 0xff, 0x11, 0x10, 0x1f,
    0xff, 0xf0, 0x0, 0x0, 0x2, 0xff, 0x0, 0x0,
    0x1, 0x1f, 0xf0, 0x5e, 0xee, 0xe7, 0xff, 0x0,
    0x0, 0x0, 0xf, 0xf0, 0x5f, 0xff, 0xf7, 0xff,
    0x10, 0x0, 0x0, 0xf, 0xf0, 0x0, 0xef, 0x20,
    0xff, 0x30, 0x0, 0x0, 0xf, 0xf0, 0x0, 0xef,
    0x10, 0xdf, 0x40, 0x0, 0x0, 0xf, 0xf0, 0x0,
    0xef, 0x10, 0xbf, 0x63, 0x20, 0x0, 0xf, 0xf8,
    0x90, 0xef, 0x36, 0x8f, 0x96, 0xe3, 0x0, 0x1f,
    0xff, 0xd3, 0xff, 0xff, 0x5f, 0xd8, 0xf3, 0x0,
    0x9f, 0xfe, 0xbf, 0xff, 0xfb, 0x2f, 0xff, 0xf0,
    0x0, 0x9f, 0xa0, 0x4e, 0x95, 0x0, 0xa, 0xff,
    0xa0, 0x0, 0x16, 0x0, 0x0, 0x0, 0x0, 0x1,
    0xce, 0x20, 0x0, 0x0, 0x0, 0x0, 0x0, 0x0,
    0x0, 0x0, 0x0,

    /* U+8BF7 "请" */
    0x0, 0x0, 0x0, 0x0, 0x0, 0x0, 0x0, 0x0,
    0x0, 0x0, 0xa6, 0x0, 0x0, 0x0, 0x7f, 0xb0,
    0x0, 0x0, 0x3, 0xff, 0x70, 0x5f, 0xff, 0xff,
    0xff, 0xff, 0xb0, 0x0, 0x3f, 0xf6, 0x27, 0x77,
    0xbf, 0xd7, 0x77, 0x50, 0x0, 0x3, 0xc0, 0xb,
    0xdd, 0xef, 0xfd, 0xdd, 0x20, 0x0, 0x0, 0x0,
    0x6, 0x77, 0xbf, 0xd7, 0x77, 0x10, 0x5f, 0xff,
    0xe0, 0xbc, 0xcc, 0xef, 0xfc, 0xcc, 0xc3, 0x5f,
    0xff, 0xe0, 0xab, 0xbb, 0xbb, 0xbb, 0xbb, 0xb3,
    0x1, 0x3f, 0xe0, 0x6, 0x88, 0x88, 0x88, 0x88,
    0x0, 0x0, 0x2f, 0xe0, 0xb, 0xff, 0xff, 0xff,
    0xff, 0x0, 0x0, 0x2f, 0xe0, 0xb, 0xf5, 0x11,
    0x11, 0xff, 0x0, 0x0, 0x2f, 0xe0, 0xb, 0xff,
    0xff, 0xff, 0xff, 0x0, 0x0, 0x2f, 0xe4, 0x6b,
    0xf9, 0x66, 0x67, 0xff, 0x0, 0x0, 0x2f, 0xff,
    0xcb, 0xf9, 0x77, 0x77, 0xff, 0x0, 0x0, 0x4f,
    0xff, 0x6b, 0xff, 0xff, 0xff, 0xff, 0x0, 0x0,
    0xbf, 0xf4, 0xb, 0xf4, 0x0, 0x0, 0xff, 0x0,
    0x0, 0xae, 0x30, 0xb, 0xf4, 0x0, 0xdd, 0xfe,
    0x0, 0x0, 0x23, 0x0, 0xb, 0xf4, 0x0, 0xbf,
    0xd5, 0x0,

    /* U+8D1F "负" */
    0x0, 0x0, 0x3, 0x41, 0x0, 0x0, 0x0, 0x0,
    0x0, 0x0, 0x0, 0xdf, 0xa0, 0x0, 0x0, 0x0,
    0x0, 0x0, 0x0, 0x7f, 0xfc, 0xaa, 0xaa, 0x30,
    0x0, 0x0, 0x0, 0x2f, 0xff, 0xff, 0xff, 0xfd,
    0x0, 0x0, 0x0, 0x1d, 0xfb, 0x0, 0x3, 0xff,
    0x50, 0x0, 0x0, 0x1d, 0xfe, 0x20, 0x0, 0xbf,
    0xc0, 0x0, 0x0, 0x2e, 0xff, 0xff, 0xff, 0xff,
    0xff, 0xff, 0xf1, 0x1, 0xce, 0xff, 0xdd, 0xdd,
    0xdd, 0xdd, 0xff, 0x10, 0x0, 0x1e, 0xf4, 0x0,
    0x0, 0x0, 0x2f, 0xf1, 0x0, 0x0, 0xef, 0x40,
    0x2f, 0xf1, 0x2, 0xff, 0x10, 0x0, 0xe, 0xf4,
    0x4, 0xff, 0x0, 0x2f, 0xf1, 0x0, 0x0, 0xef,
    0x40, 0x6f, 0xd0, 0x2, 0xff, 0x10, 0x0, 0xe,
    0xf4, 0xb, 0xf9, 0x0, 0x2f, 0xf1, 0x0, 0x0,
    0xcd, 0x35, 0xff, 0x47, 0x31, 0xdd, 0x10, 0x0,
    0x0, 0x18, 0xff, 0x98, 0xff, 0xc5, 0x0, 0x1,
    0x58, 0xcf, 0xff, 0x90, 0x5, 0xdf, 0xfe, 0x70,
    0x1e, 0xff, 0xfa, 0x30, 0x0, 0x0, 0x4c, 0xff,
    0x60, 0x57, 0x30, 0x0, 0x0, 0x0, 0x0, 0x5,
    0x50,

    /* U+8D25 "败" */
    0x0, 0x0, 0x0, 0x0, 0x0, 0x7, 0x60, 0x0,
    0x0, 0xa, 0xff, 0xff, 0xff, 0xa0, 0xf, 0xf1,
    0x0, 0x0, 0xa, 0xfe, 0xee, 0xef, 0xa0, 0x4f,
    0xd0, 0x0, 0x0, 0xa, 0xf1, 0x0, 0x2f, 0xa0,
    0x8f, 0xa0, 0x0, 0x0, 0xa, 0xf1, 0x88, 0x2f,
    0xa0, 0xdf, 0xff, 0xff, 0xf6, 0xa, 0xf1, 0xff,
    0x2f, 0xa3, 0xff, 0xdd, 0xef, 0xe5, 0xa, 0xf1,
    0xff, 0x2f, 0xab, 0xf9, 0x0, 0x9f, 0x30, 0xa,
    0xf1, 0xff, 0x2f, 0xdf, 0xf9, 0x0, 0xcf, 0x0,
    0xa, 0xf1, 0xff, 0x2f, 0xcf, 0xfe, 0x0, 0xfd,
    0x0, 0xa, 0xf1, 0xfe, 0x2f, 0xa3, 0x9f, 0x54,
    0xf9, 0x0, 0xa, 0xf2, 0xfd, 0x2f, 0xa0, 0x1f,
    0xda, 0xf3, 0x0, 0xa, 0xf5, 0xfb, 0x2f, 0xa0,
    0x9, 0xff, 0xd0, 0x0, 0x1, 0x19, 0xf7, 0x51,
    0x0, 0x1, 0xff, 0x70, 0x0, 0x0, 0x2f, 0xf9,
    0xf9, 0x0, 0x8, 0xff, 0xf3, 0x0, 0x1, 0xcf,
    0x70, 0xdf, 0x40, 0x9f, 0xfb, 0xff, 0x60, 0x2e,
    0xfc, 0x0, 0x4f, 0xbb, 0xff, 0x30, 0xaf, 0xf7,
    0xa, 0x90, 0x0, 0x6, 0x2, 0xc2, 0x0, 0x6,
    0xb0, 0x0, 0x0, 0x0, 0x0, 0x0, 0x0, 0x0,
    0x0, 0x0,

    /* U+8D4C "赌" */
    0xf, 0xff, 0xff, 0xf9, 0x0, 0x1f, 0xe0, 0x0,
    0x0, 0xf, 0xfe, 0xee, 0xf9, 0x12, 0x3f, 0xe2,
    0x1a, 0xb2, 0xf, 0xb0, 0x1, 0xf9, 0x7f, 0xff,
    0xff, 0xcf, 0xe1, 0xf, 0xb2, 0x42, 0xf9, 0x4a,
    0xaf, 0xfa, 0xef, 0x60, 0xf, 0xb9, 0xf4, 0xf9,
    0x0, 0x1f, 0xe4, 0xfd, 0x0, 0xf, 0xb9, 0xf4,
    0xfa, 0xdd, 0xdf, 0xff, 0xfe, 0xd8, 0xf, 0xb9,
    0xf4, 0xfa, 0xff, 0xff, 0xff, 0xff, 0xf9, 0xf,
    0xb9, 0xf4, 0xf9, 0x0, 0x7f, 0xf8, 0x0, 0x0,
    0xf, 0xb9, 0xf4, 0xf9, 0x3d, 0xff, 0xfa, 0xaa,
    0x80, 0xf, 0xba, 0xf3, 0xfe, 0xff, 0xff, 0xff,
    0xff, 0xc0, 0xf, 0xbb, 0xf2, 0xfb, 0xdc, 0xf9,
    0x0, 0x4f, 0xc0, 0x2, 0x2e, 0xe0, 0x10, 0x6,
    0xff, 0xff, 0xff, 0xc0, 0x0, 0x4f, 0xb8, 0x30,
    0x6, 0xfd, 0xaa, 0xbf, 0xc0, 0x0, 0xcf, 0x7f,
    0xe1, 0x6, 0xf9, 0x0, 0x4f, 0xc0, 0xb, 0xfc,
    0x6, 0xfc, 0x6, 0xff, 0xff, 0xff, 0xc0, 0x6f,
    0xe2, 0x0, 0xba, 0x6, 0xfd, 0xbb, 0xcf, 0xc0,
    0x9, 0x20, 0x0, 0x10, 0x6, 0xf9, 0x0, 0x3e,
    0xb0,

    /* U+8D77 "起" */
    0x0, 0x0, 0xff, 0x0, 0x6, 0xff, 0xff, 0xff,
    0x30, 0x8, 0xbb, 0xff, 0xbb, 0x76, 0xee, 0xee,
    0xff, 0x30, 0xb, 0xff, 0xff, 0xff, 0xa0, 0x0,
    0x0, 0xdf, 0x30, 0x1, 0x23, 0xff, 0x22, 0x10,
    0x0, 0x0, 0xdf, 0x30, 0x0, 0x0, 0xff, 0x0,
    0x0, 0x0, 0x0, 0xdf, 0x30, 0x3f, 0xff, 0xff,
    0xff, 0xf5, 0xee, 0xee, 0xff, 0x30, 0x3f, 0xff,
    0xff, 0xff, 0xf5, 0xff, 0xee, 0xff, 0x30, 0x1,
    0x10, 0x9f, 0x50, 0x4, 0xfb, 0x0, 0x0, 0x0,
    0xa, 0xf5, 0x9f, 0x60, 0x4, 0xfb, 0x0, 0x0,
    0x0, 0xb, 0xf4, 0x9f, 0xff, 0xe4, 0xfb, 0x0,
    0x8, 0x50, 0xc, 0xf4, 0x9f, 0xec, 0xb4, 0xfb,
    0x0, 0xc, 0xf2, 0xd, 0xfa, 0x9f, 0x50, 0x3,
    0xff, 0xa9, 0xaf, 0xf0, 0xe, 0xff, 0xef, 0x50,
    0x0, 0xcf, 0xff, 0xff, 0x70, 0x1f, 0xff, 0xff,
    0x71, 0x0, 0x3, 0x44, 0x42, 0x0, 0x4f, 0xb4,
    0xff, 0xff, 0xff, 0xee, 0xee, 0xff, 0xf3, 0x9f,
    0x60, 0x19, 0xdf, 0xff, 0xff, 0xff, 0xff, 0xc0,
    0x18, 0x20, 0x0, 0x0, 0x12, 0x22, 0x22, 0x22,
    0x10,

    /* U+8D85 "超" */
    0x0, 0x0, 0xff, 0x0, 0x1f, 0xff, 0xff, 0xff,
    0xf3, 0x7, 0xaa, 0xff, 0xaa, 0x6c, 0xdf, 0xfd,
    0xcf, 0xf3, 0xa, 0xff, 0xff, 0xff, 0x80, 0x4f,
    0xf0, 0xe, 0xf2, 0x2, 0x23, 0xff, 0x22, 0x10,
    0xaf, 0xa0, 0xf, 0xf0, 0x0, 0x0, 0xff, 0x0,
    0x5, 0xff, 0x44, 0x7f, 0xf0, 0x1f, 0xff, 0xff,
    0xff, 0xff, 0xf6, 0x1f, 0xff, 0xa0, 0x1f, 0xff,
    0xff, 0xff, 0xda, 0x60, 0x8, 0x97, 0x0, 0x0,
    0x0, 0xaf, 0x30, 0x6, 0xbb, 0xbb, 0xbb, 0x90,
    0x8, 0xf6, 0xaf, 0x40, 0x9, 0xff, 0xff, 0xff,
    0xd0, 0x9, 0xf5, 0xaf, 0xff, 0x99, 0xf9, 0x0,
    0x5f, 0xd0, 0xa, 0xf6, 0xaf, 0xdc, 0x79, 0xf8,
    0x0, 0x5f, 0xd0, 0xa, 0xfd, 0xbf, 0x30, 0x9,
    0xfd, 0xbb, 0xcf, 0xd0, 0xc, 0xff, 0xff, 0x30,
    0x9, 0xff, 0xff, 0xff, 0xd0, 0xe, 0xff, 0xff,
    0x61, 0x0, 0x0, 0x0, 0x0, 0x0, 0x2f, 0xb3,
    0xff, 0xff, 0xff, 0xee, 0xee, 0xef, 0xfb, 0x6f,
    0x70, 0x18, 0xcf, 0xff, 0xff, 0xff, 0xff, 0xf5,
    0x3, 0x20, 0x0, 0x0, 0x11, 0x22, 0x22, 0x22,
    0x20,

    /* U+8DB3 "足" */
    0x0, 0x2f, 0xff, 0xff, 0xff, 0xff, 0xff, 0xf5,
    0x0, 0x0, 0x2f, 0xff, 0xff, 0xff, 0xff, 0xff,
    0xf5, 0x0, 0x0, 0x2f, 0xf1, 0x11, 0x11, 0x11,
    0x1e, 0xf5, 0x0, 0x0, 0x2f, 0xf0, 0x0, 0x0,
    0x0, 0xe, 0xf5, 0x0, 0x0, 0x2f, 0xf0, 0x0,
    0x0, 0x0, 0xe, 0xf5, 0x0, 0x0, 0x2f, 0xff,
    0xff, 0xff, 0xff, 0xff, 0xf5, 0x0, 0x0, 0x2f,
    0xff, 0xff, 0xff, 0xff, 0xff, 0xf5, 0x0, 0x0,
    0x0, 0x0, 0x0, 0xff, 0x40, 0x0, 0x0, 0x0,
    0x0, 0x6, 0xd9, 0x0, 0xff, 0x40, 0x0, 0x0,
    0x0, 0x0, 0x9, 0xfa, 0x0, 0xff, 0xfe, 0xee,
    0xee, 0x20, 0x0, 0xc, 0xf7, 0x0, 0xff, 0xff,
    0xff, 0xff, 0x20, 0x0, 0x1f, 0xfd, 0x0, 0xff,
    0x40, 0x0, 0x0, 0x0, 0x0, 0x6f, 0xff, 0x80,
    0xff, 0x40, 0x0, 0x0, 0x0, 0x0, 0xdf, 0xaf,
    0xfa, 0xff, 0x40, 0x0, 0x0, 0x0, 0x7, 0xff,
    0x15, 0xff, 0xff, 0x73, 0x10, 0x0, 0x10, 0x2f,
    0xf7, 0x0, 0x4d, 0xff, 0xff, 0xff, 0xff, 0xf4,
    0x7, 0xa0, 0x0, 0x0, 0x59, 0xde, 0xff, 0xff,
    0xe0, 0x0, 0x0, 0x0, 0x0, 0x0, 0x0, 0x0,
    0x0, 0x0,

    /* U+8DF3 "跳" */
    0x8, 0xff, 0xff, 0xe0, 0xc, 0xf2, 0xdf, 0x10,
    0x0, 0x8, 0xfd, 0xcf, 0xe0, 0x2c, 0xf2, 0xdf,
    0x15, 0x0, 0x8, 0xf2, 0xd, 0xfe, 0xac, 0xf2,
    0xdf, 0x3f, 0xd1, 0x8, 0xf2, 0xd, 0xfd, 0xfc,
    0xf2, 0xdf, 0x7f, 0xd0, 0x8, 0xf3, 0xe, 0xe8,
    0xff, 0xf2, 0xdf, 0xcf, 0x50, 0x8, 0xff, 0xff,
    0xe3, 0xff, 0xf2, 0xdf, 0xfd, 0x0, 0x6, 0xbd,
    0xfd, 0xa0, 0xce, 0xf2, 0xdf, 0xa5, 0x0, 0x2,
    0x45, 0xf5, 0x0, 0xc, 0xf2, 0xdf, 0x40, 0x0,
    0x8, 0xe5, 0xfe, 0xd0, 0x3e, 0xf2, 0xdf, 0xf8,
    0x0, 0x8, 0xe5, 0xff, 0xfa, 0xff, 0xf1, 0xdf,
    0xff, 0xa0, 0x8, 0xe5, 0xf6, 0x8f, 0xff, 0xf0,
    0xdf, 0x6f, 0xf4, 0x8, 0xe5, 0xf5, 0x1e, 0x7f,
    0xd0, 0xdf, 0x16, 0x80, 0x8, 0xe5, 0xf8, 0x74,
    0x7f, 0xb0, 0xdf, 0x10, 0x0, 0x9, 0xfb, 0xff,
    0xf5, 0xbf, 0x60, 0xdf, 0x15, 0xb2, 0x5f, 0xff,
    0xfe, 0xa7, 0xfe, 0x0, 0xdf, 0x26, 0xf5, 0x3f,
    0xd8, 0x30, 0x2f, 0xf7, 0x0, 0xcf, 0xff, 0xf2,
    0x1, 0x0, 0x0, 0xa, 0x90, 0x0, 0x5e, 0xff,
    0x90, 0x0, 0x0, 0x0, 0x0, 0x0, 0x0, 0x0,
    0x0, 0x0,

    /* U+8F93 "输" */
    0x0, 0x2, 0x0, 0x0, 0x0, 0x0, 0x40, 0x0,
    0x0, 0x0, 0x4, 0xfa, 0x0, 0x0, 0x0, 0xaf,
    0xa0, 0x0, 0x0, 0x4, 0x9f, 0xa4, 0x40, 0x0,
    0xaf, 0xff, 0x50, 0x0, 0x2, 0xff, 0xff, 0xfd,
    0x5, 0xef, 0xd6, 0xff, 0x91, 0x0, 0x1a, 0xff,
    0xaa, 0xcc, 0xff, 0xc1, 0x3, 0xef, 0xf8, 0x0,
    0xf, 0xb0, 0x3, 0xff, 0xff, 0xff, 0xff, 0xff,
    0x80, 0x3, 0xf9, 0xc8, 0x4, 0x8a, 0xaa, 0xaa,
    0xaa, 0x70, 0x0, 0x8f, 0x4f, 0xa0, 0x37, 0x77,
    0x75, 0x0, 0x3a, 0x30, 0x1e, 0xfc, 0xfe, 0x97,
    0xff, 0xff, 0xc9, 0xf4, 0xf5, 0x0, 0xff, 0xff,
    0xfc, 0x7f, 0x72, 0xec, 0x9f, 0x4f, 0x50, 0x4,
    0x35, 0xfb, 0x27, 0xff, 0xef, 0xc9, 0xf4, 0xf5,
    0x0, 0x0, 0x2f, 0xb4, 0x7f, 0xb9, 0xfc, 0x9f,
    0x4f, 0x50, 0x7, 0x9d, 0xff, 0xe7, 0xfa, 0x7f,
    0xc9, 0xf4, 0xf5, 0x0, 0xff, 0xff, 0xd7, 0x7f,
    0xff, 0xfc, 0x9f, 0x4f, 0x50, 0x8, 0x64, 0xfa,
    0x7, 0xf5, 0xe, 0xc5, 0x94, 0xf5, 0x0, 0x0,
    0x2f, 0xa0, 0x7f, 0x50, 0xec, 0x0, 0x4f, 0x50,
    0x0, 0x2, 0xfa, 0x7, 0xf6, 0x9f, 0xb3, 0xac,
    0xf4, 0x0, 0x0, 0x2f, 0xa0, 0x7f, 0x5e, 0xf5,
    0x1f, 0xfa, 0x0, 0x0, 0x0, 0x0, 0x0, 0x0,
    0x10, 0x0, 0x0, 0x0, 0x0,

    /* U+8FC7 "过" */
    0x0, 0x50, 0x0, 0x0, 0x0, 0x0, 0x4f, 0xe0,
    0x0, 0xa, 0xfb, 0x0, 0x0, 0x0, 0x0, 0x4f,
    0xe0, 0x0, 0x2, 0xef, 0xa0, 0x11, 0x11, 0x11,
    0x5f, 0xe1, 0x10, 0x0, 0x4f, 0xf2, 0xff, 0xff,
    0xff, 0xff, 0xff, 0xf2, 0x0, 0x6, 0x20, 0xef,
    0xff, 0xff, 0xff, 0xff, 0xf2, 0x0, 0x0, 0x0,
    0x3, 0x40, 0x0, 0x4f, 0xe0, 0x0, 0x2d, 0xdd,
    0xd0, 0x3f, 0xf3, 0x0, 0x4f, 0xe0, 0x0, 0x3f,
    0xff, 0xf0, 0xa, 0xfd, 0x0, 0x4f, 0xe0, 0x0,
    0x2, 0x4f, 0xf0, 0x1, 0xef, 0x90, 0x4f, 0xe0,
    0x0, 0x0, 0x2f, 0xf0, 0x0, 0x5c, 0x20, 0x4f,
    0xe0, 0x0, 0x0, 0x2f, 0xf0, 0x0, 0x0, 0x0,
    0x4f, 0xe0, 0x0, 0x0, 0x2f, 0xf0, 0x0, 0x6,
    0xff, 0xff, 0xc0, 0x0, 0x0, 0x7f, 0xf2, 0x0,
    0x1, 0xff, 0xff, 0x50, 0x0, 0x1d, 0xff, 0xff,
    0xa5, 0x10, 0x33, 0x21, 0x12, 0x42, 0x5f, 0xf3,
    0x5e, 0xff, 0xff, 0xff, 0xff, 0xff, 0xf3, 0xc,
    0x70, 0x1, 0x6c, 0xff, 0xff, 0xff, 0xff, 0xf0,
    0x2, 0x0, 0x0, 0x0, 0x2, 0x22, 0x21, 0x10,
    0x0,

    /* U+8FCE "迎" */
    0x0, 0x0, 0x0, 0x0, 0x0, 0x0, 0x0, 0x0,
    0x0, 0x0, 0x10, 0x0, 0x0, 0x7e, 0x40, 0x0,
    0x0, 0x0, 0x7, 0xf7, 0x0, 0x7e, 0xff, 0xcf,
    0xff, 0xff, 0xe0, 0x5, 0xff, 0xa0, 0xef, 0xa3,
    0xf, 0xfc, 0xcf, 0xe0, 0x0, 0x2d, 0xe2, 0xef,
    0x10, 0xf, 0xf0, 0x1f, 0xe0, 0x0, 0x1, 0x30,
    0xef, 0x10, 0xf, 0xf0, 0x1f, 0xe0, 0x0, 0x0,
    0x0, 0xef, 0x10, 0xf, 0xf0, 0x1f, 0xe0, 0x2f,
    0xff, 0xe0, 0xef, 0x10, 0xf, 0xf0, 0x1f, 0xe0,
    0x2e, 0xff, 0xe0, 0xef, 0x10, 0xf, 0xf0, 0x1f,
    0xe0, 0x0, 0x2f, 0xe0, 0xef, 0x10, 0xf, 0xf0,
    0x1f, 0xe0, 0x0, 0x2f, 0xe0, 0xff, 0xbd, 0x7f,
    0xf0, 0x1f, 0xe0, 0x0, 0x2f, 0xe8, 0xff, 0xff,
    0x7f, 0xf8, 0xdf, 0xd0, 0x0, 0x2f, 0xe4, 0xfa,
    0x51, 0xf, 0xf5, 0xfe, 0x50, 0x0, 0x2f, 0xe0,
    0x10, 0x0, 0xf, 0xf0, 0x0, 0x0, 0x1, 0xbf,
    0xf9, 0x0, 0x0, 0xe, 0xf0, 0x0, 0x0, 0x2e,
    0xfe, 0xbf, 0xc4, 0x0, 0x0, 0x0, 0x14, 0x74,
    0x2f, 0xf2, 0x7, 0xff, 0xff, 0xee, 0xef, 0xff,
    0xf2, 0x8, 0x70, 0x0, 0x29, 0xdf, 0xff, 0xff,
    0xff, 0xe0, 0x0, 0x0, 0x0, 0x0, 0x0, 0x1,
    0x0, 0x0, 0x0,

    /* U+8FD4 "返" */
    0x0, 0x0, 0x0, 0x0, 0x0, 0x0, 0x0, 0x0,
    0x0, 0x1, 0xa2, 0x0, 0x2, 0x34, 0x56, 0x8b,
    0xee, 0x30, 0xb, 0xfd, 0x10, 0x3f, 0xff, 0xff,
    0xff, 0xff, 0xb0, 0x1, 0xdf, 0xd0, 0x3f, 0xfb,
    0x98, 0x75, 0x20, 0x0, 0x0, 0x2e, 0x80, 0x3f,
    0xf0, 0x0, 0x0, 0x0, 0x0, 0x0, 0x0, 0x0,
    0x3f, 0xff, 0xff, 0xff, 0xff, 0x50, 0x0, 0x0,
    0x0, 0x3f, 0xfd, 0xdd, 0xdd, 0xff, 0x30, 0x3f,
    0xff, 0xe0, 0x4f, 0xd1, 0x60, 0x6, 0xfe, 0x0,
    0x3f, 0xff, 0xe0, 0x6f, 0xcd, 0xf9, 0xe, 0xf9,
    0x0, 0x1, 0x4f, 0xe0, 0x7f, 0x95, 0xff, 0xef,
    0xf1, 0x0, 0x0, 0x3f, 0xe0, 0xaf, 0x70, 0x4f,
    0xff, 0x70, 0x0, 0x0, 0x3f, 0xe0, 0xff, 0x40,
    0x5f, 0xff, 0xc0, 0x0, 0x0, 0x3f, 0xe7, 0xff,
    0x19, 0xff, 0xef, 0xfc, 0x0, 0x0, 0x3f, 0xec,
    0xf9, 0xbf, 0xfc, 0x16, 0xff, 0x70, 0x4, 0xcf,
    0xf3, 0x91, 0x2f, 0x70, 0x0, 0x8b, 0x0, 0x6f,
    0xf7, 0xcf, 0xb6, 0x22, 0x10, 0x12, 0x24, 0x53,
    0x1f, 0xa0, 0x9, 0xff, 0xff, 0xff, 0xff, 0xff,
    0xf3, 0x9, 0x30, 0x0, 0x18, 0xce, 0xff, 0xff,
    0xfe, 0xd0, 0x0, 0x0, 0x0, 0x0, 0x0, 0x0,
    0x0, 0x0, 0x0,

    /* U+8FD8 "还" */
    0x0, 0x0, 0x0, 0x0, 0x0, 0x0, 0x0, 0x0,
    0x0, 0x0, 0xa8, 0x0, 0x0, 0x0, 0x0, 0x0,
    0x0, 0x0, 0x6, 0xff, 0x70, 0xff, 0xff, 0xff,
    0xff, 0xff, 0xf0, 0x0, 0x9f, 0xf5, 0xff, 0xff,
    0xff, 0xff, 0xff, 0xf0, 0x0, 0xd, 0xf4, 0x11,
    0x11, 0xaf, 0xf2, 0x11, 0x10, 0x0, 0x4, 0x40,
    0x0, 0x3, 0xff, 0x90, 0x0, 0x0, 0x0, 0x0,
    0x0, 0x0, 0xd, 0xff, 0x40, 0x0, 0x0, 0x2,
    0x22, 0x20, 0x0, 0x8f, 0xff, 0x41, 0x0, 0x0,
    0x4f, 0xff, 0xe0, 0x5, 0xff, 0xff, 0x9f, 0x80,
    0x0, 0x4f, 0xff, 0xe0, 0x4f, 0xff, 0xff, 0xaf,
    0xfa, 0x0, 0x0, 0x3f, 0xe7, 0xff, 0xe3, 0xef,
    0x44, 0xff, 0xa0, 0x0, 0x3f, 0xe8, 0xfc, 0x20,
    0xef, 0x40, 0x4f, 0xd2, 0x0, 0x3f, 0xe0, 0x40,
    0x0, 0xef, 0x40, 0x3, 0x0, 0x0, 0x3f, 0xe0,
    0x0, 0x0, 0xef, 0x40, 0x0, 0x0, 0x0, 0xbf,
    0xf3, 0x0, 0x0, 0xcd, 0x30, 0x0, 0x0, 0xc,
    0xff, 0xfe, 0x30, 0x0, 0x0, 0x0, 0x0, 0x2,
    0x7f, 0xfc, 0xef, 0xf8, 0x42, 0x11, 0x13, 0x58,
    0xd9, 0x5f, 0xd0, 0x1c, 0xff, 0xff, 0xff, 0xff,
    0xff, 0xf5, 0xb, 0x40, 0x0, 0x4a, 0xef, 0xff,
    0xff, 0xff, 0xe3, 0x1, 0x0, 0x0, 0x0, 0x0,
    0x11, 0x0, 0x0, 0x0,

    /* U+8FD9 "这" */
    0x0, 0x0, 0x0, 0x0, 0x2, 0x63, 0x0, 0x0,
    0x0, 0x2, 0x90, 0x0, 0x0, 0xb, 0xfc, 0x0,
    0x0, 0x0, 0xe, 0xfc, 0x0, 0x0, 0x4, 0xff,
    0x30, 0x0, 0x0, 0x3, 0xff, 0xaa, 0xee, 0xee,
    0xff, 0xee, 0xee, 0xe0, 0x0, 0x5f, 0x6b, 0xff,
    0xff, 0xff, 0xff, 0xff, 0xf0, 0x0, 0x1, 0x1,
    0x25, 0x11, 0x11, 0xaf, 0xb1, 0x10, 0x0, 0x0,
    0x0, 0xcf, 0xa0, 0x1, 0xff, 0x40, 0x0, 0x2d,
    0xdd, 0xc0, 0x4e, 0xfd, 0x39, 0xfe, 0x0, 0x0,
    0x2f, 0xff, 0xe0, 0x2, 0xcf, 0xff, 0xf5, 0x0,
    0x0, 0x2, 0x4f, 0xe0, 0x0, 0x9, 0xff, 0xe1,
    0x0, 0x0, 0x0, 0x2f, 0xe0, 0x0, 0x2d, 0xff,
    0xfd, 0x10, 0x0, 0x0, 0x2f, 0xe0, 0x4, 0xef,
    0xf9, 0xff, 0xd1, 0x0, 0x0, 0x2f, 0xe3, 0xcf,
    0xff, 0x40, 0x6f, 0xfd, 0x10, 0x0, 0x2f, 0xe4,
    0xff, 0xd3, 0x0, 0x6, 0xff, 0x40, 0x3, 0xaf,
    0xf6, 0xb8, 0x0, 0x0, 0x0, 0x77, 0x0, 0x6f,
    0xfa, 0x8f, 0xd7, 0x32, 0x10, 0x12, 0x34, 0x63,
    0xe, 0xd0, 0x5, 0xff, 0xff, 0xff, 0xff, 0xff,
    0xf2, 0x8, 0x60, 0x0, 0x18, 0xdf, 0xff, 0xff,
    0xff, 0xd0, 0x0, 0x0, 0x0, 0x0, 0x0, 0x1,
    0x0, 0x0, 0x0,

    /* U+8FDB "进" */
    0x0, 0x0, 0x0, 0x0, 0x0, 0x0, 0x0, 0x0,
    0x0, 0x3, 0xd3, 0x0, 0x0, 0xaf, 0x70, 0x7f,
    0xa0, 0x0, 0x9, 0xff, 0x30, 0x0, 0xaf, 0x70,
    0x7f, 0xa0, 0x0, 0x0, 0xaf, 0xe2, 0x22, 0xbf,
    0x82, 0x8f, 0xb2, 0x10, 0x0, 0xc, 0xc1, 0xef,
    0xff, 0xff, 0xff, 0xff, 0xb0, 0x0, 0x1, 0x0,
    0xef, 0xff, 0xff, 0xff, 0xff, 0xb0, 0x0, 0x0,
    0x0, 0x0, 0xaf, 0x70, 0x7f, 0xa0, 0x0, 0x2d,
    0xdd, 0xd0, 0x0, 0xaf, 0x70, 0x7f, 0xa0, 0x0,
    0x3f, 0xff, 0xf0, 0xdd, 0xff, 0xed, 0xef, 0xfd,
    0xd1, 0x0, 0x2f, 0xf0, 0xff, 0xff, 0xff, 0xff,
    0xff, 0xf1, 0x0, 0x2f, 0xf0, 0x36, 0xff, 0x43,
    0x9f, 0xb3, 0x30, 0x0, 0x2f, 0xf0, 0x9, 0xfc,
    0x0, 0x7f, 0xa0, 0x0, 0x0, 0x2f, 0xf0, 0x5f,
    0xf6, 0x0, 0x7f, 0xa0, 0x0, 0x0, 0x5f, 0xf0,
    0x6f, 0xd0, 0x0, 0x7f, 0xa0, 0x0, 0x8, 0xff,
    0xfc, 0x8, 0x20, 0x0, 0x24, 0x30, 0x0, 0x6f,
    0xf9, 0xcf, 0xd5, 0x10, 0x0, 0x0, 0x24, 0x84,
    0x2f, 0xc0, 0x9, 0xff, 0xff, 0xfe, 0xff, 0xff,
    0xf2, 0x9, 0x40, 0x0, 0x4a, 0xef, 0xff, 0xff,
    0xff, 0xe0, 0x1, 0x0, 0x0, 0x0, 0x0, 0x11,
    0x10, 0x0, 0x0,

    /* U+8FDE "连" */
    0x0, 0x0, 0x0, 0x0, 0x2, 0x0, 0x0, 0x0,
    0x0, 0x2, 0xc9, 0x0, 0x0, 0x1f, 0xf3, 0x0,
    0x0, 0x0, 0x3, 0xff, 0x60, 0x88, 0xaf, 0xf8,
    0x88, 0x88, 0x70, 0x0, 0x6f, 0xf3, 0xff, 0xff,
    0xff, 0xff, 0xff, 0xe0, 0x0, 0xb, 0xb1, 0x58,
    0xff, 0x66, 0x65, 0x55, 0x50, 0x0, 0x1, 0x0,
    0xa, 0xf9, 0xe, 0xf4, 0x0, 0x0, 0x4, 0x44,
    0x40, 0x5f, 0xf5, 0x3f, 0xf7, 0x33, 0x10, 0x2f,
    0xff, 0xe0, 0xaf, 0xff, 0xff, 0xff, 0xff, 0x60,
    0x2a, 0xbf, 0xe0, 0x5d, 0xbb, 0xbf, 0xfd, 0xbb,
    0x40, 0x0, 0x2f, 0xe0, 0x0, 0x0, 0xe, 0xf4,
    0x0, 0x0, 0x0, 0x2f, 0xe2, 0xaa, 0xaa, 0xaf,
    0xfc, 0xaa, 0xa1, 0x0, 0x2f, 0xe3, 0xff, 0xff,
    0xff, 0xff, 0xff, 0xf2, 0x0, 0x2f, 0xe1, 0x55,
    0x55, 0x5f, 0xf9, 0x55, 0x50, 0x0, 0x4f, 0xe0,
    0x0, 0x0, 0xe, 0xf4, 0x0, 0x0, 0x7, 0xff,
    0xfa, 0x0, 0x0, 0xd, 0xe4, 0x0, 0x0, 0x6f,
    0xfa, 0xdf, 0xe7, 0x32, 0x11, 0x12, 0x47, 0xa9,
    0x3f, 0xd0, 0xa, 0xff, 0xff, 0xff, 0xff, 0xff,
    0xf6, 0xa, 0x50, 0x0, 0x3a, 0xef, 0xff, 0xff,
    0xff, 0xe3, 0x1, 0x0, 0x0, 0x0, 0x0, 0x11,
    0x0, 0x0, 0x0,

    /* U+9001 "送" */
    0x0, 0x0, 0x0, 0x0, 0x0, 0x0, 0x0, 0x0,
    0x0, 0x2, 0xa7, 0x0, 0x1, 0xbc, 0x0, 0x2,
    0xfb, 0x10, 0x5, 0xff, 0x40, 0x0, 0xdf, 0x60,
    0x9, 0xfb, 0x0, 0x0, 0x9f, 0xe1, 0x0, 0x6f,
    0xb0, 0x2f, 0xf3, 0x0, 0x0, 0x1e, 0xf4, 0x5f,
    0xff, 0xff, 0xff, 0xff, 0xc0, 0x0, 0x3, 0x10,
    0x4e, 0xee, 0xff, 0xfe, 0xee, 0xb0, 0x1, 0x11,
    0x10, 0x0, 0x0, 0x8f, 0xa0, 0x0, 0x0, 0x2f,
    0xff, 0xe0, 0x11, 0x11, 0x9f, 0xb1, 0x11, 0x10,
    0x2e, 0xef, 0xe0, 0xff, 0xff, 0xff, 0xff, 0xff,
    0xf6, 0x0, 0x2f, 0xe0, 0xdd, 0xdd, 0xff, 0xfe,
    0xdd, 0xd6, 0x0, 0x2f, 0xe0, 0x0, 0x1, 0xff,
    0xfa, 0x0, 0x0, 0x0, 0x2f, 0xe0, 0x0, 0xb,
    0xfe, 0xff, 0xb0, 0x0, 0x0, 0x2f, 0xe0, 0x0,
    0xbf, 0xf4, 0x4f, 0xfb, 0x0, 0x0, 0x2f, 0xe0,
    0x7e, 0xff, 0x60, 0x4, 0xff, 0xa0, 0x4, 0xcf,
    0xf2, 0x6f, 0xe4, 0x0, 0x0, 0x5e, 0x30, 0x7f,
    0xf9, 0xef, 0xab, 0x31, 0x0, 0x1, 0x24, 0x56,
    0x5f, 0xa0, 0x1c, 0xff, 0xff, 0xff, 0xff, 0xff,
    0xfa, 0xc, 0x20, 0x0, 0x4b, 0xff, 0xff, 0xff,
    0xff, 0xf5, 0x1, 0x0, 0x0, 0x0, 0x0, 0x11,
    0x10, 0x0, 0x0,

    /* U+9009 "选" */
    0x1, 0x80, 0x0, 0x3, 0x63, 0x3f, 0xe0, 0x0,
    0x0, 0xd, 0xfc, 0x10, 0xc, 0xf8, 0x3f, 0xe0,
    0x0, 0x0, 0x3, 0xef, 0xc0, 0x2f, 0xff, 0xff,
    0xff, 0xff, 0xa0, 0x0, 0x4f, 0xb1, 0xdf, 0xec,
    0xdf, 0xfc, 0xcc, 0x80, 0x0, 0x3, 0x4, 0xff,
    0x10, 0x3f, 0xe0, 0x0, 0x0, 0x0, 0x0, 0x0,
    0x25, 0x0, 0x3f, 0xe0, 0x0, 0x0, 0x2, 0x22,
    0x23, 0xff, 0xff, 0xff, 0xff, 0xff, 0xf6, 0x2f,
    0xff, 0xe3, 0xee, 0xff, 0xff, 0xff, 0xfe, 0xe6,
    0x1d, 0xef, 0xe0, 0x0, 0x6f, 0xe0, 0xdf, 0x40,
    0x0, 0x0, 0x2f, 0xe0, 0x0, 0xcf, 0xa0, 0xdf,
    0x40, 0x0, 0x0, 0x2f, 0xe0, 0x9, 0xff, 0x30,
    0xdf, 0x44, 0xf7, 0x0, 0x2f, 0xe4, 0xef, 0xf8,
    0x0, 0xcf, 0xdd, 0xf7, 0x0, 0x2f, 0xf3, 0xdf,
    0x70, 0x0, 0x7f, 0xff, 0xf2, 0x0, 0xaf, 0xff,
    0x61, 0x0, 0x0, 0x2, 0x33, 0x10, 0xb, 0xff,
    0xff, 0xf8, 0x20, 0x0, 0x0, 0x12, 0x54, 0x2f,
    0xfa, 0x4, 0xef, 0xff, 0xfe, 0xff, 0xff, 0xf5,
    0x8, 0xc0, 0x0, 0x17, 0xdf, 0xff, 0xff, 0xff,
    0xf2, 0x0, 0x10, 0x0, 0x0, 0x0, 0x1, 0x10,
    0x0, 0x0,

    /* U+901A "通" */
    0x0, 0x0, 0x0, 0x0, 0x0, 0x0, 0x0, 0x0,
    0x0, 0x3, 0xa0, 0x0, 0x1f, 0xff, 0xff, 0xff,
    0xff, 0x60, 0xe, 0xfd, 0x10, 0x1a, 0xac, 0xaa,
    0xaf, 0xff, 0x40, 0x2, 0xef, 0xd1, 0x0, 0x5f,
    0xc5, 0xbf, 0xe2, 0x0, 0x0, 0x3f, 0xf5, 0x0,
    0x4d, 0xff, 0xfe, 0x10, 0x0, 0x0, 0x5, 0x60,
    0x29, 0x99, 0xef, 0xff, 0xb9, 0x80, 0x0, 0x0,
    0x0, 0x4f, 0xff, 0xff, 0xff, 0xff, 0xe0, 0x13,
    0x33, 0x30, 0x4f, 0xc1, 0x4f, 0xc1, 0x3f, 0xe0,
    0x6f, 0xff, 0xe0, 0x4f, 0xff, 0xff, 0xff, 0xff,
    0xe0, 0x4b, 0xcf, 0xe0, 0x4f, 0xd6, 0x8f, 0xd6,
    0x7f, 0xe0, 0x0, 0x2f, 0xe0, 0x4f, 0xe9, 0xbf,
    0xe9, 0xaf, 0xe0, 0x0, 0x2f, 0xe0, 0x4f, 0xff,
    0xff, 0xff, 0xff, 0xe0, 0x0, 0x2f, 0xe0, 0x4f,
    0xb0, 0x3f, 0xb0, 0x2f, 0xe0, 0x0, 0x2f, 0xf0,
    0x4f, 0xb0, 0x3f, 0xb9, 0xff, 0xc0, 0x3, 0xdf,
    0xfb, 0x78, 0x50, 0x16, 0x42, 0x86, 0x10, 0x4f,
    0xf9, 0x9f, 0xff, 0xdc, 0xbb, 0xbc, 0xde, 0xf9,
    0x1d, 0x80, 0x2, 0x8d, 0xff, 0xff, 0xff, 0xff,
    0xf4, 0x2, 0x0, 0x0, 0x0, 0x1, 0x11, 0x11,
    0x0, 0x0,

    /* U+9053 "道" */
    0x0, 0x0, 0x0, 0x0, 0x10, 0x0, 0x1, 0x0,
    0x0, 0x0, 0x50, 0x0, 0x7, 0xf9, 0x0, 0x1f,
    0xe2, 0x0, 0xd, 0xf7, 0x0, 0x2, 0xfe, 0x10,
    0x9f, 0xa0, 0x0, 0x5, 0xff, 0x55, 0xff, 0xff,
    0xff, 0xff, 0xff, 0xf3, 0x0, 0x7f, 0xb4, 0xbb,
    0xbb, 0xff, 0xcb, 0xbb, 0xb2, 0x0, 0x5, 0x0,
    0x4, 0x46, 0xff, 0x54, 0x44, 0x0, 0x0, 0x0,
    0x0, 0x1f, 0xff, 0xff, 0xff, 0xfe, 0x0, 0x2e,
    0xee, 0xe0, 0x1f, 0xe2, 0x22, 0x25, 0xfe, 0x0,
    0x2f, 0xff, 0xf0, 0x1f, 0xff, 0xff, 0xff, 0xfe,
    0x0, 0x0, 0x1f, 0xf0, 0x1f, 0xf6, 0x66, 0x68,
    0xfe, 0x0, 0x0, 0xf, 0xf0, 0x1f, 0xf6, 0x66,
    0x68, 0xfe, 0x0, 0x0, 0xf, 0xf0, 0x1f, 0xff,
    0xff, 0xff, 0xfe, 0x0, 0x0, 0xf, 0xf0, 0x1f,
    0xe0, 0x0, 0x3, 0xfe, 0x0, 0x0, 0xf, 0xf0,
    0x1f, 0xff, 0xff, 0xff, 0xfe, 0x0, 0x0, 0x9f,
    0xf7, 0x17, 0x77, 0x77, 0x77, 0x77, 0x0, 0x2d,
    0xfe, 0xcf, 0xc5, 0x0, 0x0, 0x0, 0x0, 0x22,
    0x4f, 0xe1, 0x7, 0xff, 0xfe, 0xdc, 0xdd, 0xef,
    0xf4, 0xb, 0x50, 0x0, 0x18, 0xdf, 0xff, 0xff,
    0xff, 0xe1, 0x1, 0x0, 0x0, 0x0, 0x0, 0x1,
    0x10, 0x0, 0x0,

    /* U+90FD "都" */
    0x0, 0x0, 0x0, 0x0, 0x0, 0x0, 0x0, 0x0,
    0x0, 0x0, 0x2, 0xfd, 0x0, 0x9a, 0xbf, 0xff,
    0xff, 0x80, 0x1, 0x24, 0xfe, 0x23, 0xff, 0xbf,
    0xff, 0xff, 0xf5, 0x7, 0xff, 0xff, 0xff, 0xfb,
    0x7f, 0xa0, 0x4f, 0xf5, 0x5, 0xbb, 0xff, 0xbf,
    0xf4, 0x7f, 0x90, 0x8f, 0xe0, 0x0, 0x2, 0xfd,
    0x7f, 0xc0, 0x7f, 0x90, 0xcf, 0x80, 0x4f, 0xff,
    0xff, 0xff, 0xfe, 0x7f, 0x91, 0xff, 0x10, 0x3d,
    0xdd, 0xef, 0xfd, 0xdc, 0x7f, 0x96, 0xfa, 0x0,
    0x0, 0x4, 0xff, 0xa0, 0x0, 0x7f, 0x96, 0xfc,
    0x0, 0x0, 0x7f, 0xff, 0xcc, 0xc3, 0x7f, 0x90,
    0xaf, 0x80, 0x3d, 0xff, 0xff, 0xff, 0xf4, 0x7f,
    0x90, 0x2f, 0xf0, 0x4f, 0xff, 0x50, 0xb, 0xf4,
    0x7f, 0x90, 0xe, 0xf2, 0x5, 0xbf, 0xff, 0xff,
    0xf4, 0x7f, 0x90, 0xe, 0xf3, 0x0, 0x9f, 0xca,
    0xae, 0xf4, 0x7f, 0xaa, 0xcf, 0xf1, 0x0, 0x9f,
    0x50, 0xb, 0xf4, 0x7f, 0x9b, 0xff, 0x90, 0x0,
    0x9f, 0xff, 0xff, 0xf4, 0x7f, 0x94, 0x63, 0x0,
    0x0, 0x9f, 0xca, 0xae, 0xf4, 0x7f, 0x90, 0x0,
    0x0, 0x0, 0x9f, 0x50, 0xb, 0xf4, 0x7f, 0x90,
    0x0, 0x0, 0x0, 0x0, 0x0, 0x0, 0x0, 0x0,
    0x0, 0x0, 0x0,

    /* U+914D "配" */
    0x3f, 0xff, 0xff, 0xff, 0xf5, 0xff, 0xff, 0xff,
    0xe0, 0x3e, 0xef, 0xff, 0xfe, 0xe5, 0xff, 0xff,
    0xff, 0xe0, 0x0, 0xc, 0x9a, 0xb0, 0x0, 0x11,
    0x11, 0x3f, 0xe0, 0x0, 0xd, 0x9b, 0xc0, 0x0,
    0x0, 0x0, 0x2f, 0xe0, 0xe, 0xff, 0xff, 0xff,
    0xa0, 0x0, 0x0, 0x2f, 0xe0, 0xe, 0xed, 0xdf,
    0xcf, 0xa0, 0x0, 0x0, 0x2f, 0xe0, 0xe, 0xb7,
    0x8d, 0x2f, 0xa3, 0xcc, 0xcc, 0xdf, 0xe0, 0xe,
    0xb8, 0x7d, 0x2f, 0xa4, 0xff, 0xff, 0xff, 0xe0,
    0xe, 0xbc, 0x5d, 0x6f, 0xa4, 0xfe, 0x22, 0x4a,
    0x90, 0xe, 0xdd, 0x7, 0xdf, 0xa4, 0xfe, 0x0,
    0x0, 0x0, 0xe, 0xb1, 0x0, 0x1f, 0xa4, 0xfe,
    0x0, 0x0, 0x0, 0xe, 0xff, 0xff, 0xff, 0xa4,
    0xfe, 0x0, 0x2, 0x10, 0xe, 0xd7, 0x77, 0x7f,
    0xa4, 0xfe, 0x0, 0x5, 0xf6, 0xe, 0xc1, 0x11,
    0x1f, 0xa4, 0xfe, 0x0, 0x7, 0xf7, 0xe, 0xff,
    0xff, 0xff, 0xa3, 0xff, 0x10, 0xa, 0xf5, 0xe,
    0xe9, 0x99, 0x9f, 0xa1, 0xff, 0xff, 0xff, 0xf1,
    0xe, 0xb0, 0x0, 0xe, 0x90, 0x7e, 0xff, 0xfe,
    0x60, 0x2, 0x10, 0x0, 0x0, 0x0, 0x0, 0x0,
    0x0, 0x0,

    /* U+91CC "里" */
    0x0, 0x5f, 0xff, 0xff, 0xff, 0xff, 0xff, 0xfa,
    0x0, 0x0, 0x5f, 0xfe, 0xee, 0xff, 0xee, 0xef,
    0xfa, 0x0, 0x0, 0x5f, 0xc0, 0x0, 0xdf, 0x20,
    0x9, 0xfa, 0x0, 0x0, 0x5f, 0xd1, 0x11, 0xef,
    0x31, 0x19, 0xfa, 0x0, 0x0, 0x5f, 0xff, 0xff,
    0xff, 0xff, 0xff, 0xfa, 0x0, 0x0, 0x5f, 0xfb,
    0xbb, 0xff, 0xbb, 0xbd, 0xfa, 0x0, 0x0, 0x5f,
    0xd0, 0x0, 0xef, 0x30, 0x9, 0xfa, 0x0, 0x0,
    0x5f, 0xff, 0xff, 0xff, 0xff, 0xff, 0xfa, 0x0,
    0x0, 0x4d, 0xdd, 0xdd, 0xff, 0xed, 0xdd, 0xd9,
    0x0, 0x0, 0x0, 0x0, 0x0, 0xff, 0x40, 0x0,
    0x0, 0x0, 0x0, 0xbc, 0xcc, 0xcd, 0xff, 0xdc,
    0xcc, 0xcc, 0x30, 0x0, 0xef, 0xff, 0xff, 0xff,
    0xff, 0xff, 0xff, 0x30, 0x0, 0x22, 0x22, 0x23,
    0xff, 0x72, 0x22, 0x22, 0x0, 0x0, 0x0, 0x0,
    0x0, 0xff, 0x40, 0x0, 0x0, 0x0, 0x1f, 0xff,
    0xff, 0xff, 0xff, 0xff, 0xff, 0xff, 0xf2, 0x1f,
    0xff, 0xff, 0xff, 0xff, 0xff, 0xff, 0xff, 0xf2,
    0x0, 0x0, 0x0, 0x0, 0x0, 0x0, 0x0, 0x0,
    0x0,

    /* U+91CD "重" */
    0x0, 0x0, 0x0, 0x0, 0x12, 0x45, 0x79, 0x70,
    0x0, 0x0, 0x8d, 0xef, 0xff, 0xff, 0xff, 0xff,
    0xf2, 0x0, 0x0, 0x5d, 0xcc, 0xbc, 0xff, 0x86,
    0x53, 0x10, 0x0, 0x7, 0x77, 0x77, 0x79, 0xff,
    0x77, 0x77, 0x77, 0x70, 0xf, 0xff, 0xff, 0xff,
    0xff, 0xff, 0xff, 0xff, 0xf1, 0x5, 0x55, 0x55,
    0x57, 0xff, 0x55, 0x55, 0x55, 0x50, 0x0, 0x3e,
    0xee, 0xef, 0xff, 0xee, 0xee, 0xe5, 0x0, 0x0,
    0x3f, 0xe7, 0x79, 0xff, 0x77, 0x7e, 0xf5, 0x0,
    0x0, 0x3f, 0xfa, 0xab, 0xff, 0xaa, 0xaf, 0xf5,
    0x0, 0x0, 0x3f, 0xfb, 0xbc, 0xff, 0xbb, 0xbf,
    0xf5, 0x0, 0x0, 0x3f, 0xe6, 0x68, 0xff, 0x66,
    0x6e, 0xf5, 0x0, 0x0, 0x3f, 0xff, 0xff, 0xff,
    0xff, 0xff, 0xf5, 0x0, 0x0, 0x23, 0x33, 0x35,
    0xff, 0x33, 0x33, 0x33, 0x0, 0x0, 0xdf, 0xff,
    0xff, 0xff, 0xff, 0xff, 0xff, 0x0, 0x0, 0x56,
    0x66, 0x68, 0xff, 0x66, 0x66, 0x66, 0x0, 0x1a,
    0xaa, 0xaa, 0xab, 0xff, 0xaa, 0xaa, 0xaa, 0xa2,
    0x2f, 0xff, 0xff, 0xff, 0xff, 0xff, 0xff, 0xff,
    0xf3, 0x0, 0x0, 0x0, 0x0, 0x0, 0x0, 0x0,
    0x0, 0x0,

    /* U+9519 "错" */
    0x0, 0x4c, 0x50, 0x0, 0x4, 0xf8, 0xd, 0xf1,
    0x0, 0x0, 0xcf, 0x71, 0x10, 0x4, 0xf8, 0xd,
    0xf1, 0x0, 0x5, 0xff, 0xff, 0xf5, 0xff, 0xff,
    0xff, 0xff, 0xe0, 0x3f, 0xfe, 0xee, 0xe4, 0xde,
    0xff, 0xdf, 0xfe, 0xc0, 0x6f, 0xa0, 0x0, 0x0,
    0x4, 0xf8, 0xd, 0xf1, 0x0, 0xb, 0xff, 0xff,
    0xf4, 0x7a, 0xfc, 0x7e, 0xf8, 0x72, 0x1, 0xdf,
    0xfe, 0xd8, 0xff, 0xff, 0xff, 0xff, 0xf5, 0x0,
    0xc, 0xf2, 0x3, 0x66, 0x66, 0x66, 0x66, 0x62,
    0x8, 0x8e, 0xf9, 0x83, 0x2b, 0xbb, 0xbb, 0xbb,
    0x30, 0xf, 0xff, 0xff, 0xf5, 0x3f, 0xff, 0xff,
    0xff, 0x40, 0x6, 0x6e, 0xf8, 0x62, 0x3f, 0xb0,
    0x0, 0xbf, 0x40, 0x0, 0xc, 0xf2, 0x0, 0x3f,
    0xeb, 0xbb, 0xef, 0x40, 0x0, 0xc, 0xf2, 0x60,
    0x3f, 0xff, 0xff, 0xff, 0x40, 0x0, 0xe, 0xff,
    0xf3, 0x3f, 0xb0, 0x0, 0xbf, 0x40, 0x0, 0x6f,
    0xff, 0xb1, 0x3f, 0xfc, 0xcc, 0xff, 0x40, 0x0,
    0x5f, 0xe5, 0x0, 0x3f, 0xff, 0xff, 0xff, 0x40,
    0x0, 0x9, 0x0, 0x0, 0x3f, 0xb0, 0x0, 0xae,
    0x40,

    /* U+957F "长" */
    0x0, 0x0, 0xff, 0x40, 0x0, 0x0, 0x8, 0x40,
    0x0, 0x0, 0x0, 0xff, 0x40, 0x0, 0x1, 0xcf,
    0xf5, 0x0, 0x0, 0x0, 0xff, 0x40, 0x0, 0x6f,
    0xff, 0x60, 0x0, 0x0, 0x0, 0xff, 0x40, 0x7e,
    0xff, 0xd3, 0x0, 0x0, 0x0, 0x0, 0xff, 0x48,
    0xff, 0xf7, 0x0, 0x0, 0x0, 0x0, 0x0, 0xff,
    0x40, 0x99, 0x10, 0x0, 0x0, 0x0, 0x4, 0x44,
    0xff, 0x74, 0x44, 0x44, 0x44, 0x44, 0x40, 0x1f,
    0xff, 0xff, 0xff, 0xff, 0xff, 0xff, 0xff, 0xf1,
    0x1d, 0xdd, 0xff, 0xed, 0xef, 0xfd, 0xdd, 0xdd,
    0xd1, 0x0, 0x0, 0xff, 0x40, 0x2f, 0xf3, 0x0,
    0x0, 0x0, 0x0, 0x0, 0xff, 0x40, 0xa, 0xfc,
    0x0, 0x0, 0x0, 0x0, 0x0, 0xff, 0x40, 0x2,
    0xff, 0xb0, 0x0, 0x0, 0x0, 0x0, 0xff, 0x40,
    0x1, 0x6f, 0xfc, 0x20, 0x0, 0x0, 0x0, 0xff,
    0xaa, 0xef, 0x38, 0xff, 0xf9, 0x30, 0x0, 0x7,
    0xff, 0xff, 0xff, 0x40, 0x5f, 0xff, 0xf3, 0x0,
    0x7, 0xff, 0xc8, 0x40, 0x0, 0x2, 0x9f, 0x70,
    0x0, 0x1, 0x61, 0x0, 0x0, 0x0, 0x0, 0x1,
    0x0,

    /* U+95F2 "闲" */
    0x2, 0x50, 0x0, 0x0, 0x0, 0x0, 0x0, 0x0,
    0x1f, 0xf5, 0x7, 0xff, 0xff, 0xff, 0xff, 0xf8,
    0x7, 0xff, 0x27, 0xff, 0xff, 0xff, 0xff, 0xf8,
    0x0, 0xbf, 0xc0, 0x0, 0x0, 0x0, 0x8, 0xf8,
    0x0, 0x2f, 0x90, 0x2, 0x20, 0x0, 0x8, 0xf8,
    0xde, 0x22, 0x0, 0xf, 0xd0, 0x0, 0x8, 0xf8,
    0xef, 0x20, 0x0, 0x1f, 0xd0, 0x0, 0x8, 0xf8,
    0xef, 0x2e, 0xff, 0xff, 0xff, 0xff, 0xc8, 0xf8,
    0xef, 0x2b, 0xcc, 0xff, 0xfe, 0xcc, 0xa8, 0xf8,
    0xef, 0x20, 0x3, 0xff, 0xfe, 0x20, 0x8, 0xf8,
    0xef, 0x20, 0xd, 0xff, 0xff, 0xd1, 0x8, 0xf8,
    0xef, 0x20, 0xaf, 0xaf, 0xda, 0xfc, 0x8, 0xf8,
    0xef, 0x3b, 0xfe, 0x1f, 0xd0, 0xdf, 0x88, 0xf8,
    0xef, 0x6f, 0xe3, 0xf, 0xd0, 0x3f, 0x58, 0xf8,
    0xef, 0x26, 0x20, 0xf, 0xd0, 0x1, 0x8, 0xf8,
    0xef, 0x20, 0x0, 0xf, 0xc0, 0x0, 0xa, 0xf7,
    0xef, 0x20, 0x0, 0x0, 0x0, 0x7f, 0xff, 0xf5,
    0xef, 0x20, 0x0, 0x0, 0x0, 0x2f, 0xfd, 0x80,
    0x0, 0x0, 0x0, 0x0, 0x0, 0x0, 0x0, 0x0,

    /* U+95F4 "间" */
    0x7, 0x50, 0x0, 0x0, 0x0, 0x0, 0x0, 0x0,
    0x6f, 0xf4, 0xd, 0xff, 0xff, 0xff, 0xff, 0xfe,
    0xd, 0xfe, 0x1d, 0xff, 0xff, 0xff, 0xff, 0xfe,
    0x3, 0xfb, 0x0, 0x0, 0x0, 0x0, 0x5, 0xfe,
    0x0, 0x80, 0x0, 0x0, 0x0, 0x0, 0x5, 0xfe,
    0x88, 0x20, 0x0, 0x0, 0x0, 0x0, 0x5, 0xfe,
    0xef, 0x40, 0xdf, 0xff, 0xff, 0xfc, 0x5, 0xfe,
    0xef, 0x40, 0xdf, 0xba, 0xab, 0xfc, 0x5, 0xfe,
    0xef, 0x40, 0xdf, 0x0, 0x3, 0xfc, 0x5, 0xfe,
    0xef, 0x40, 0xdf, 0xcc, 0xcd, 0xfc, 0x5, 0xfe,
    0xef, 0x40, 0xdf, 0xff, 0xff, 0xfc, 0x5, 0xfe,
    0xef, 0x40, 0xdf, 0x0, 0x3, 0xfc, 0x5, 0xfe,
    0xef, 0x40, 0xdf, 0x21, 0x15, 0xfc, 0x5, 0xfe,
    0xef, 0x40, 0xdf, 0xff, 0xff, 0xfc, 0x5, 0xfe,
    0xef, 0x40, 0x89, 0x99, 0x99, 0x97, 0x5, 0xfe,
    0xef, 0x40, 0x0, 0x0, 0x0, 0x0, 0x5, 0xfe,
    0xef, 0x40, 0x0, 0x0, 0x0, 0x0, 0xdf, 0xfc,
    0xef, 0x40, 0x0, 0x0, 0x0, 0x0, 0x9f, 0xc3,
    0x0, 0x0, 0x0, 0x0, 0x0, 0x0, 0x0, 0x0,

    /* U+9650 "限" */
    0x0, 0x0, 0x0, 0x0, 0x0, 0x0, 0x0, 0x0,
    0xc, 0xff, 0xff, 0xa4, 0xff, 0xff, 0xff, 0xfe,
    0x0, 0xcf, 0xee, 0xff, 0x4f, 0xfd, 0xdd, 0xef,
    0xe0, 0xc, 0xf1, 0x4f, 0xb3, 0xff, 0x0, 0x2,
    0xfe, 0x0, 0xcf, 0x17, 0xf6, 0x3f, 0xf1, 0x11,
    0x4f, 0xe0, 0xc, 0xf1, 0xaf, 0x13, 0xff, 0xff,
    0xff, 0xfe, 0x0, 0xcf, 0x1e, 0xc0, 0x3f, 0xfa,
    0xaa, 0xbf, 0xe0, 0xc, 0xf1, 0xee, 0x3, 0xff,
    0x0, 0x3, 0xfe, 0x0, 0xcf, 0x16, 0xf7, 0x3f,
    0xff, 0xff, 0xff, 0xe0, 0xc, 0xf1, 0x1f, 0xc3,
    0xff, 0xdf, 0xfd, 0xdc, 0x0, 0xcf, 0x10, 0xfe,
    0x3f, 0xf0, 0xcf, 0x21, 0xb1, 0xc, 0xf2, 0x4f,
    0xd3, 0xff, 0x7, 0xf8, 0xdf, 0xb0, 0xcf, 0x3f,
    0xfa, 0x3f, 0xf0, 0x2f, 0xff, 0xa0, 0xc, 0xf1,
    0x98, 0x13, 0xff, 0x0, 0xbf, 0xb0, 0x0, 0xcf,
    0x10, 0x0, 0x4f, 0xf0, 0x38, 0xff, 0x50, 0xc,
    0xf1, 0x0, 0x7, 0xff, 0xff, 0x8a, 0xff, 0x80,
    0xcf, 0x10, 0x0, 0xef, 0xff, 0xe6, 0xd, 0xfd,
    0x1c, 0xf1, 0x0, 0x7, 0xc7, 0x20, 0x0, 0xa,
    0x30, 0x0, 0x0, 0x0, 0x0, 0x0, 0x0, 0x0,
    0x0, 0x0,

    /* U+9664 "除" */
    0x0, 0x0, 0x0, 0x0, 0x0, 0x99, 0x10, 0x0,
    0xd, 0xff, 0xff, 0x70, 0x0, 0x4f, 0xf2, 0x0,
    0x0, 0xdf, 0xef, 0xfa, 0x0, 0x2f, 0xff, 0xd1,
    0x0, 0xd, 0xf0, 0x9f, 0x60, 0x2e, 0xf6, 0xaf,
    0xd2, 0x0, 0xdf, 0xc, 0xf2, 0x4e, 0xf8, 0x0,
    0xcf, 0xf7, 0xd, 0xf1, 0xfd, 0x7f, 0xf9, 0x0,
    0x1, 0xcf, 0xf6, 0xdf, 0x5f, 0x82, 0xff, 0xdd,
    0xdd, 0xdd, 0xeb, 0xd, 0xf4, 0xfc, 0x1, 0xdf,
    0xff, 0xff, 0xf7, 0x0, 0xdf, 0xa, 0xf4, 0x0,
    0x0, 0xef, 0x20, 0x0, 0xd, 0xf0, 0x5f, 0x86,
    0x66, 0x6f, 0xf7, 0x66, 0x61, 0xdf, 0x3, 0xfb,
    0xff, 0xff, 0xff, 0xff, 0xff, 0x2d, 0xf3, 0x8f,
    0xaa, 0xaa, 0xaf, 0xfb, 0xaa, 0xa2, 0xdf, 0xbf,
    0xf4, 0x9, 0x50, 0xef, 0x27, 0x70, 0xd, 0xf6,
    0xa5, 0x7, 0xfa, 0xe, 0xf3, 0xef, 0x30, 0xdf,
    0x0, 0x2, 0xff, 0x20, 0xef, 0x25, 0xfd, 0xd,
    0xf0, 0x0, 0xcf, 0x80, 0xe, 0xf2, 0xc, 0xf6,
    0xdf, 0x0, 0x4, 0xb0, 0xde, 0xff, 0x0, 0x39,
    0x1d, 0xf0, 0x0, 0x0, 0x9, 0xfd, 0x60, 0x0,
    0x0,

    /* U+9700 "需" */
    0x0, 0xbf, 0xff, 0xff, 0xff, 0xff, 0xff, 0xfa,
    0x0, 0x0, 0x7a, 0xaa, 0xaa, 0xff, 0xaa, 0xaa,
    0xa6, 0x0, 0x6, 0x66, 0x66, 0x67, 0xff, 0x66,
    0x66, 0x66, 0x60, 0xe, 0xff, 0xff, 0xff, 0xff,
    0xff, 0xff, 0xff, 0xf0, 0xe, 0xf2, 0x66, 0x63,
    0xff, 0x26, 0x66, 0x3f, 0xf0, 0xe, 0xf5, 0xee,
    0xe5, 0xff, 0x5e, 0xee, 0x5f, 0xf0, 0x2, 0x24,
    0x55, 0x52, 0xff, 0x15, 0x55, 0x42, 0x20, 0x0,
    0xc, 0xff, 0xf5, 0xff, 0x5f, 0xff, 0xb0, 0x0,
    0x6, 0x66, 0x66, 0x67, 0x88, 0x66, 0x66, 0x66,
    0x60, 0xf, 0xff, 0xff, 0xff, 0xff, 0xff, 0xff,
    0xff, 0xf0, 0x2, 0x22, 0x22, 0x27, 0xfd, 0x22,
    0x22, 0x22, 0x20, 0x0, 0xaf, 0xff, 0xff, 0xff,
    0xff, 0xff, 0xff, 0x10, 0x0, 0xaf, 0xca, 0xef,
    0xba, 0xff, 0xaa, 0xff, 0x10, 0x0, 0xaf, 0x50,
    0xcf, 0x20, 0xef, 0x0, 0xff, 0x10, 0x0, 0xaf,
    0x50, 0xcf, 0x20, 0xef, 0x0, 0xff, 0x10, 0x0,
    0xaf, 0x50, 0xcf, 0x20, 0xef, 0x5b, 0xff, 0x0,
    0x0, 0xaf, 0x50, 0xbe, 0x20, 0xde, 0x2f, 0xf8,
    0x0, 0x0, 0x0, 0x0, 0x0, 0x0, 0x0, 0x0,
    0x0, 0x0,

    /* U+9762 "面" */
    0x1f, 0xff, 0xff, 0xff, 0xff, 0xff, 0xff, 0xff,
    0xf2, 0x1f, 0xff, 0xff, 0xff, 0xff, 0xff, 0xff,
    0xff, 0xf2, 0x0, 0x0, 0x0, 0x9, 0xfd, 0x0,
    0x0, 0x0, 0x0, 0x0, 0x0, 0x0, 0xb, 0xfa,
    0x0, 0x0, 0x0, 0x0, 0x4, 0xdd, 0xdd, 0xdf,
    0xfe, 0xdd, 0xdd, 0xdd, 0x40, 0x5, 0xff, 0xff,
    0xff, 0xff, 0xff, 0xff, 0xff, 0x50, 0x5, 0xfc,
    0x28, 0xf9, 0x22, 0xcf, 0x52, 0xdf, 0x50, 0x5,
    0xfb, 0x6, 0xfc, 0x99, 0xef, 0x30, 0xdf, 0x50,
    0x5, 0xfb, 0x6, 0xff, 0xff, 0xff, 0x30, 0xdf,
    0x50, 0x5, 0xfb, 0x6, 0xf8, 0x11, 0xcf, 0x30,
    0xdf, 0x50, 0x5, 0xfb, 0x6, 0xf8, 0x11, 0xcf,
    0x30, 0xdf, 0x50, 0x5, 0xfb, 0x6, 0xff, 0xff,
    0xff, 0x30, 0xdf, 0x50, 0x5, 0xfb, 0x6, 0xfc,
    0x99, 0xef, 0x30, 0xdf, 0x50, 0x5, 0xfc, 0x17,
    0xf8, 0x11, 0xcf, 0x41, 0xdf, 0x50, 0x5, 0xff,
    0xff, 0xff, 0xff, 0xff, 0xff, 0xff, 0x50, 0x5,
    0xff, 0xee, 0xee, 0xee, 0xee, 0xee, 0xff, 0x50,
    0x5, 0xfb, 0x0, 0x0, 0x0, 0x0, 0x0, 0xdf,
    0x50,

    /* U+9875 "页" */
    0xc, 0xff, 0xff, 0xff, 0xff, 0xff, 0xff, 0xff,
    0xe0, 0xc, 0xff, 0xff, 0xff, 0xff, 0xff, 0xff,
    0xff, 0xe0, 0x0, 0x0, 0x0, 0xb, 0xfa, 0x0,
    0x0, 0x0, 0x0, 0x0, 0x0, 0x0, 0xf, 0xf4,
    0x0, 0x0, 0x0, 0x0, 0x0, 0x4e, 0xee, 0xef,
    0xfe, 0xee, 0xee, 0xe8, 0x0, 0x0, 0x5f, 0xff,
    0xff, 0xff, 0xff, 0xff, 0xf9, 0x0, 0x0, 0x5f,
    0xe0, 0x0, 0x33, 0x10, 0xb, 0xf9, 0x0, 0x0,
    0x5f, 0xe0, 0x0, 0xff, 0x20, 0xb, 0xf9, 0x0,
    0x0, 0x5f, 0xe0, 0x0, 0xff, 0x20, 0xb, 0xf9,
    0x0, 0x0, 0x5f, 0xe0, 0x0, 0xff, 0x20, 0xb,
    0xf9, 0x0, 0x0, 0x5f, 0xe0, 0x2, 0xff, 0x10,
    0xb, 0xf9, 0x0, 0x0, 0x5f, 0xe0, 0x6, 0xfe,
    0x0, 0xb, 0xf9, 0x0, 0x0, 0x27, 0x60, 0x4f,
    0xf9, 0xbf, 0x86, 0x63, 0x0, 0x0, 0x0, 0x3a,
    0xff, 0xc1, 0x9f, 0xff, 0xa2, 0x0, 0x6, 0x9e,
    0xff, 0xf9, 0x0, 0x1, 0x9f, 0xff, 0x80, 0xa,
    0xff, 0xe8, 0x20, 0x0, 0x0, 0x1, 0xaf, 0xa0,
    0x1, 0x62, 0x0, 0x0, 0x0, 0x0, 0x0, 0x4,
    0x0,

    /* U+9897 "颗" */
    0xc, 0xff, 0xff, 0xff, 0xba, 0xff, 0xff, 0xff,
    0xf4, 0xc, 0xf8, 0xff, 0x8f, 0xb9, 0xdd, 0xff,
    0xdd, 0xd3, 0xc, 0xe0, 0xfe, 0xf, 0xb0, 0x0,
    0xfe, 0x0, 0x0, 0xc, 0xff, 0xff, 0xff, 0xb4,
    0xbc, 0xfe, 0xbb, 0x90, 0xc, 0xf7, 0xff, 0x7f,
    0xb6, 0xff, 0xff, 0xff, 0xd0, 0xc, 0xe0, 0xfe,
    0xf, 0xb6, 0xf6, 0x0, 0x1f, 0xd0, 0xc, 0xff,
    0xff, 0xff, 0xb6, 0xf6, 0xbf, 0x2f, 0xd0, 0x7,
    0x88, 0xff, 0x88, 0x66, 0xf6, 0xbf, 0x2f, 0xd0,
    0x1, 0x11, 0xfe, 0x11, 0x16, 0xf6, 0xbf, 0x2f,
    0xd0, 0x3f, 0xff, 0xff, 0xff, 0xf8, 0xf6, 0xbf,
    0x2f, 0xd0, 0x2a, 0xad, 0xff, 0xca, 0xa7, 0xf6,
    0xbf, 0x2f, 0xd0, 0x0, 0x2e, 0xff, 0xe4, 0x6,
    0xf6, 0xde, 0x1f, 0xd0, 0x1, 0xdf, 0xff, 0xdf,
    0x83, 0x86, 0xfb, 0x18, 0x70, 0x2e, 0xf7, 0xfe,
    0x1e, 0x70, 0xb, 0xfc, 0xe4, 0x0, 0x2f, 0xb0,
    0xfe, 0x2, 0x0, 0x9f, 0xb4, 0xef, 0x70, 0x5,
    0x0, 0xfe, 0x0, 0x4d, 0xfd, 0x10, 0x1d, 0xf5,
    0x0, 0x0, 0xfe, 0x0, 0x1d, 0x80, 0x0, 0x1,
    0xa0, 0x0, 0x0, 0x0, 0x0, 0x0, 0x0, 0x0,
    0x0, 0x0,

    /* U+FF01 "！" */
    0xa, 0xaa, 0x0, 0xff, 0xf0, 0xe, 0xfe, 0x0,
    0xdf, 0xd0, 0xc, 0xfc, 0x0, 0xbf, 0xb0, 0xa,
    0xfa, 0x0, 0x8f, 0x80, 0x7, 0xf7, 0x0, 0x12,
    0x10, 0x0, 0x0, 0x0, 0x8e, 0x80, 0xf, 0xff,
    0x0, 0xaf, 0xa0, 0x0, 0x10, 0x0,

    /* U+FF08 "（" */
    0x0, 0x0, 0x41, 0x0, 0x0, 0x5f, 0xd0, 0x0,
    0x2f, 0xf3, 0x0, 0xa, 0xf8, 0x0, 0x2, 0xfe,
    0x10, 0x0, 0x7f, 0x90, 0x0, 0xc, 0xf4, 0x0,
    0x0, 0xef, 0x20, 0x0, 0xf, 0xf0, 0x0, 0x0,
    0xff, 0x0, 0x0, 0xe, 0xf1, 0x0, 0x0, 0xdf,
    0x30, 0x0, 0x9, 0xf8, 0x0, 0x0, 0x4f, 0xd0,
    0x0, 0x0, 0xdf, 0x50, 0x0, 0x4, 0xfe, 0x10,
    0x0, 0x9, 0xfb, 0x0, 0x0, 0x9, 0x50,

    /* U+FF09 "）" */
    0x1, 0x40, 0x0, 0x0, 0xdf, 0x50, 0x0, 0x3,
    0xff, 0x20, 0x0, 0x8, 0xfa, 0x0, 0x0, 0x1f,
    0xf2, 0x0, 0x0, 0xaf, 0x70, 0x0, 0x4, 0xfc,
    0x0, 0x0, 0x2f, 0xe0, 0x0, 0x0, 0xff, 0x0,
    0x0, 0xf, 0xf0, 0x0, 0x1, 0xfe, 0x0, 0x0,
    0x3f, 0xd0, 0x0, 0x8, 0xf9, 0x0, 0x0, 0xdf,
    0x30, 0x0, 0x6f, 0xd0, 0x0, 0x1e, 0xf4, 0x0,
    0xb, 0xf9, 0x0, 0x0, 0x59, 0x0, 0x0,

    /* U+FF0C "，" */
    0x0, 0x24, 0x0, 0x6, 0xff, 0x90, 0x9, 0xff,
    0xf0, 0x2, 0xbf, 0xf0, 0x0, 0x1f, 0xc0, 0x4,
    0xdf, 0x40, 0xe, 0xf5, 0x0, 0x3, 0x10, 0x0,

    /* U+FF1A "：" */
    0x6, 0xc6, 0x1, 0xff, 0xf1, 0xe, 0xfe, 0x0,
    0x27, 0x20, 0x0, 0x0, 0x0, 0x0, 0x0, 0x0,
    0x0, 0x0, 0x0, 0x0, 0x0, 0x20, 0x0, 0xcf,
    0xc0, 0x1f, 0xff, 0x10, 0xaf, 0xa0, 0x0, 0x0,
    0x0,

    /* U+FF1F "？" */
    0x0, 0x5b, 0xdb, 0x70, 0x0, 0xaf, 0xff, 0xff,
    0xb0, 0x1d, 0xe7, 0x6c, 0xff, 0x40, 0x12, 0x0,
    0x3f, 0xf6, 0x0, 0x0, 0x5, 0xff, 0x40, 0x0,
    0x2, 0xef, 0xb0, 0x0, 0x0, 0xdf, 0xc0, 0x0,
    0x0, 0x9f, 0xe1, 0x0, 0x0, 0xd, 0xf8, 0x0,
    0x0, 0x0, 0x23, 0x10, 0x0, 0x0, 0x0, 0x0,
    0x0, 0x0, 0x0, 0xae, 0x50, 0x0, 0x0, 0x2f,
    0xfc, 0x0, 0x0, 0x0, 0xdf, 0x70, 0x0, 0x0,
    0x0, 0x0, 0x0, 0x0
};


/*---------------------
 *  GLYPH DESCRIPTION
 *--------------------*/

static const lv_font_fmt_txt_glyph_dsc_t glyph_dsc[] = {
    {.bitmap_index = 0, .adv_w = 0, .box_w = 0, .box_h = 0, .ofs_x = 0, .ofs_y = 0} /* id = 0 reserved */,
    {.bitmap_index = 0, .adv_w = 65, .box_w = 0, .box_h = 0, .ofs_x = 0, .ofs_y = 0},
    {.bitmap_index = 0, .adv_w = 107, .box_w = 4, .box_h = 13, .ofs_x = 1, .ofs_y = 0},
    {.bitmap_index = 26, .adv_w = 165, .box_w = 8, .box_h = 7, .ofs_x = 1, .ofs_y = 7},
    {.bitmap_index = 54, .adv_w = 170, .box_w = 11, .box_h = 13, .ofs_x = 0, .ofs_y = 0},
    {.bitmap_index = 126, .adv_w = 170, .box_w = 10, .box_h = 17, .ofs_x = 0, .ofs_y = -2},
    {.bitmap_index = 211, .adv_w = 277, .box_w = 17, .box_h = 13, .ofs_x = 0, .ofs_y = 0},
    {.bitmap_index = 322, .adv_w = 213, .box_w = 13, .box_h = 13, .ofs_x = 0, .ofs_y = 0},
    {.bitmap_index = 407, .adv_w = 94, .box_w = 4, .box_h = 7, .ofs_x = 1, .ofs_y = 7},
    {.bitmap_index = 421, .adv_w = 109, .box_w = 5, .box_h = 19, .ofs_x = 1, .ofs_y = -4},
    {.bitmap_index = 469, .adv_w = 109, .box_w = 6, .box_h = 19, .ofs_x = 0, .ofs_y = -4},
    {.bitmap_index = 526, .adv_w = 146, .box_w = 9, .box_h = 7, .ofs_x = 0, .ofs_y = 7},
    {.bitmap_index = 558, .adv_w = 170, .box_w = 10, .box_h = 10, .ofs_x = 0, .ofs_y = 2},
    {.bitmap_index = 608, .adv_w = 94, .box_w = 5, .box_h = 8, .ofs_x = 0, .ofs_y = -4},
    {.bitmap_index = 628, .adv_w = 107, .box_w = 6, .box_h = 2, .ofs_x = 0, .ofs_y = 4},
    {.bitmap_index = 634, .adv_w = 94, .box_w = 4, .box_h = 4, .ofs_x = 1, .ofs_y = 0},
    {.bitmap_index = 642, .adv_w = 111, .box_w = 7, .box_h = 17, .ofs_x = 0, .ofs_y = -3},
    {.bitmap_index = 702, .adv_w = 170, .box_w = 10, .box_h = 13, .ofs_x = 0, .ofs_y = 0},
    {.bitmap_index = 767, .adv_w = 170, .box_w = 9, .box_h = 13, .ofs_x = 1, .ofs_y = 0},
    {.bitmap_index = 826, .adv_w = 170, .box_w = 10, .box_h = 13, .ofs_x = 0, .ofs_y = 0},
    {.bitmap_index = 891, .adv_w = 170, .box_w = 10, .box_h = 13, .ofs_x = 0, .ofs_y = 0},
    {.bitmap_index = 956, .adv_w = 170, .box_w = 11, .box_h = 13, .ofs_x = 0, .ofs_y = 0},
    {.bitmap_index = 1028, .adv_w = 170, .box_w = 10, .box_h = 13, .ofs_x = 0, .ofs_y = 0},
    {.bitmap_index = 1093, .adv_w = 170, .box_w = 10, .box_h = 13, .ofs_x = 0, .ofs_y = 0},
    {.bitmap_index = 1158, .adv_w = 170, .box_w = 10, .box_h = 13, .ofs_x = 0, .ofs_y = 0},
    {.bitmap_index = 1223, .adv_w = 170, .box_w = 10, .box_h = 13, .ofs_x = 0, .ofs_y = 0},
    {.bitmap_index = 1288, .adv_w = 170, .box_w = 10, .box_h = 13, .ofs_x = 0, .ofs_y = 0},
    {.bitmap_index = 1353, .adv_w = 94, .box_w = 4, .box_h = 10, .ofs_x = 1, .ofs_y = 0},
    {.bitmap_index = 1373, .adv_w = 94, .box_w = 5, .box_h = 14, .ofs_x = 0, .ofs_y = -4},
    {.bitmap_index = 1408, .adv_w = 170, .box_w = 10, .box_h = 9, .ofs_x = 0, .ofs_y = 2},
    {.bitmap_index = 1453, .adv_w = 170, .box_w = 10, .box_h = 6, .ofs_x = 0, .ofs_y = 4},
    {.bitmap_index = 1483, .adv_w = 170, .box_w = 10, .box_h = 9, .ofs_x = 0, .ofs_y = 2},
    {.bitmap_index = 1528, .adv_w = 148, .box_w = 9, .box_h = 13, .ofs_x = 0, .ofs_y = 0},
    {.bitmap_index = 1587, .adv_w = 290, .box_w = 18, .box_h = 17, .ofs_x = 0, .ofs_y = -4},
    {.bitmap_index = 1740, .adv_w = 185, .box_w = 13, .box_h = 13, .ofs_x = -1, .ofs_y = 0},
    {.bitmap_index = 1825, .adv_w = 196, .box_w = 11, .box_h = 13, .ofs_x = 1, .ofs_y = 0},
    {.bitmap_index = 1897, .adv_w = 189, .box_w = 12, .box_h = 13, .ofs_x = 0, .ofs_y = 0},
    {.bitmap_index = 1975, .adv_w = 206, .box_w = 11, .box_h = 13, .ofs_x = 1, .ofs_y = 0},
    {.bitmap_index = 2047, .adv_w = 177, .box_w = 10, .box_h = 13, .ofs_x = 1, .ofs_y = 0},
    {.bitmap_index = 2112, .adv_w = 168, .box_w = 9, .box_h = 13, .ofs_x = 1, .ofs_y = 0},
    {.bitmap_index = 2171, .adv_w = 206, .box_w = 12, .box_h = 13, .ofs_x = 0, .ofs_y = 0},
    {.bitmap_index = 2249, .adv_w = 218, .box_w = 11, .box_h = 13, .ofs_x = 1, .ofs_y = 0},
    {.bitmap_index = 2321, .adv_w = 95, .box_w = 4, .box_h = 13, .ofs_x = 1, .ofs_y = 0},
    {.bitmap_index = 2347, .adv_w = 164, .box_w = 9, .box_h = 13, .ofs_x = 0, .ofs_y = 0},
    {.bitmap_index = 2406, .adv_w = 198, .box_w = 12, .box_h = 13, .ofs_x = 1, .ofs_y = 0},
    {.bitmap_index = 2484, .adv_w = 166, .box_w = 9, .box_h = 13, .ofs_x = 1, .ofs_y = 0},
    {.bitmap_index = 2543, .adv_w = 246, .box_w = 13, .box_h = 13, .ofs_x = 1, .ofs_y = 0},
    {.bitmap_index = 2628, .adv_w = 216, .box_w = 11, .box_h = 13, .ofs_x = 1, .ofs_y = 0},
    {.bitmap_index = 2700, .adv_w = 222, .box_w = 13, .box_h = 13, .ofs_x = 0, .ofs_y = 0},
    {.bitmap_index = 2785, .adv_w = 192, .box_w = 11, .box_h = 13, .ofs_x = 1, .ofs_y = 0},
    {.bitmap_index = 2857, .adv_w = 222, .box_w = 14, .box_h = 17, .ofs_x = 0, .ofs_y = -4},
    {.bitmap_index = 2976, .adv_w = 196, .box_w = 11, .box_h = 13, .ofs_x = 1, .ofs_y = 0},
    {.bitmap_index = 3048, .adv_w = 180, .box_w = 11, .box_h = 13, .ofs_x = 0, .ofs_y = 0},
    {.bitmap_index = 3120, .adv_w = 180, .box_w = 11, .box_h = 13, .ofs_x = 0, .ofs_y = 0},
    {.bitmap_index = 3192, .adv_w = 215, .box_w = 11, .box_h = 13, .ofs_x = 1, .ofs_y = 0},
    {.bitmap_index = 3264, .adv_w = 178, .box_w = 13, .box_h = 13, .ofs_x = -1, .ofs_y = 0},
    {.bitmap_index = 3349, .adv_w = 264, .box_w = 17, .box_h = 13, .ofs_x = 0, .ofs_y = 0},
    {.bitmap_index = 3460, .adv_w = 181, .box_w = 12, .box_h = 13, .ofs_x = 0, .ofs_y = 0},
    {.bitmap_index = 3538, .adv_w = 167, .box_w = 12, .box_h = 13, .ofs_x = -1, .ofs_y = 0},
    {.bitmap_index = 3616, .adv_w = 177, .box_w = 11, .box_h = 13, .ofs_x = 0, .ofs_y = 0},
    {.bitmap_index = 3688, .adv_w = 109, .box_w = 5, .box_h = 18, .ofs_x = 1, .ofs_y = -4},
    {.bitmap_index = 3733, .adv_w = 111, .box_w = 7, .box_h = 17, .ofs_x = 0, .ofs_y = -3},
    {.bitmap_index = 3793, .adv_w = 109, .box_w = 5, .box_h = 18, .ofs_x = 0, .ofs_y = -4},
    {.bitmap_index = 3838, .adv_w = 170, .box_w = 9, .box_h = 8, .ofs_x = 1, .ofs_y = 5},
    {.bitmap_index = 3874, .adv_w = 163, .box_w = 10, .box_h = 3, .ofs_x = 0, .ofs_y = -3},
    {.bitmap_index = 3889, .adv_w = 180, .box_w = 7, .box_h = 4, .ofs_x = 1, .ofs_y = 11},
    {.bitmap_index = 3903, .adv_w = 170, .box_w = 10, .box_h = 10, .ofs_x = 0, .ofs_y = 0},
    {.bitmap_index = 3953, .adv_w = 185, .box_w = 10, .box_h = 14, .ofs_x = 1, .ofs_y = 0},
    {.bitmap_index = 4023, .adv_w = 152, .box_w = 9, .box_h = 10, .ofs_x = 0, .ofs_y = 0},
    {.bitmap_index = 4068, .adv_w = 185, .box_w = 11, .box_h = 14, .ofs_x = 0, .ofs_y = 0},
    {.bitmap_index = 4145, .adv_w = 167, .box_w = 10, .box_h = 10, .ofs_x = 0, .ofs_y = 0},
    {.bitmap_index = 4195, .adv_w = 107, .box_w = 8, .box_h = 14, .ofs_x = 0, .ofs_y = 0},
    {.bitmap_index = 4251, .adv_w = 172, .box_w = 11, .box_h = 14, .ofs_x = 0, .ofs_y = -4},
    {.bitmap_index = 4328, .adv_w = 184, .box_w = 10, .box_h = 14, .ofs_x = 1, .ofs_y = 0},
    {.bitmap_index = 4398, .adv_w = 88, .box_w = 4, .box_h = 14, .ofs_x = 1, .ofs_y = 0},
    {.bitmap_index = 4426, .adv_w = 88, .box_w = 6, .box_h = 18, .ofs_x = -1, .ofs_y = -4},
    {.bitmap_index = 4480, .adv_w = 174, .box_w = 10, .box_h = 14, .ofs_x = 1, .ofs_y = 0},
    {.bitmap_index = 4550, .adv_w = 91, .box_w = 5, .box_h = 14, .ofs_x = 1, .ofs_y = 0},
    {.bitmap_index = 4585, .adv_w = 278, .box_w = 16, .box_h = 10, .ofs_x = 1, .ofs_y = 0},
    {.bitmap_index = 4665, .adv_w = 185, .box_w = 10, .box_h = 10, .ofs_x = 1, .ofs_y = 0},
    {.bitmap_index = 4715, .adv_w = 180, .box_w = 11, .box_h = 10, .ofs_x = 0, .ofs_y = 0},
    {.bitmap_index = 4770, .adv_w = 185, .box_w = 10, .box_h = 14, .ofs_x = 1, .ofs_y = -4},
    {.bitmap_index = 4840, .adv_w = 185, .box_w = 11, .box_h = 14, .ofs_x = 0, .ofs_y = -4},
    {.bitmap_index = 4917, .adv_w = 126, .box_w = 7, .box_h = 10, .ofs_x = 1, .ofs_y = 0},
    {.bitmap_index = 4952, .adv_w = 143, .box_w = 9, .box_h = 10, .ofs_x = 0, .ofs_y = 0},
    {.bitmap_index = 4997, .adv_w = 121, .box_w = 8, .box_h = 13, .ofs_x = 0, .ofs_y = 0},
    {.bitmap_index = 5049, .adv_w = 183, .box_w = 10, .box_h = 10, .ofs_x = 1, .ofs_y = 0},
    {.bitmap_index = 5099, .adv_w = 166, .box_w = 11, .box_h = 10, .ofs_x = 0, .ofs_y = 0},
    {.bitmap_index = 5154, .adv_w = 249, .box_w = 16, .box_h = 10, .ofs_x = 0, .ofs_y = 0},
    {.bitmap_index = 5234, .adv_w = 162, .box_w = 10, .box_h = 10, .ofs_x = 0, .ofs_y = 0},
    {.bitmap_index = 5284, .adv_w = 165, .box_w = 11, .box_h = 14, .ofs_x = 0, .ofs_y = -4},
    {.bitmap_index = 5361, .adv_w = 147, .box_w = 9, .box_h = 10, .ofs_x = 0, .ofs_y = 0},
    {.bitmap_index = 5406, .adv_w = 109, .box_w = 6, .box_h = 18, .ofs_x = 0, .ofs_y = -4},
    {.bitmap_index = 5460, .adv_w = 85, .box_w = 3, .box_h = 20, .ofs_x = 1, .ofs_y = -5},
    {.bitmap_index = 5490, .adv_w = 109, .box_w = 7, .box_h = 18, .ofs_x = 0, .ofs_y = -4},
    {.bitmap_index = 5553, .adv_w = 170, .box_w = 10, .box_h = 3, .ofs_x = 0, .ofs_y = 5},
    {.bitmap_index = 5568, .adv_w = 288, .box_w = 6, .box_h = 5, .ofs_x = 6, .ofs_y = 4},
    {.bitmap_index = 5583, .adv_w = 288, .box_w = 12, .box_h = 13, .ofs_x = 3, .ofs_y = 0},
    {.bitmap_index = 5661, .adv_w = 288, .box_w = 16, .box_h = 3, .ofs_x = 1, .ofs_y = 5},
    {.bitmap_index = 5685, .adv_w = 288, .box_w = 18, .box_h = 15, .ofs_x = 0, .ofs_y = 0},
    {.bitmap_index = 5820, .adv_w = 288, .box_w = 18, .box_h = 16, .ofs_x = 0, .ofs_y = -2},
    {.bitmap_index = 5964, .adv_w = 288, .box_w = 18, .box_h = 17, .ofs_x = 0, .ofs_y = -2},
    {.bitmap_index = 6117, .adv_w = 288, .box_w = 18, .box_h = 17, .ofs_x = 0, .ofs_y = -2},
    {.bitmap_index = 6270, .adv_w = 288, .box_w = 7, .box_h = 7, .ofs_x = 0, .ofs_y = -2},
    {.bitmap_index = 6295, .adv_w = 288, .box_w = 16, .box_h = 18, .ofs_x = 2, .ofs_y = -2},
    {.bitmap_index = 6439, .adv_w = 288, .box_w = 17, .box_h = 17, .ofs_x = 0, .ofs_y = -1},
    {.bitmap_index = 6584, .adv_w = 288, .box_w = 18, .box_h = 4, .ofs_x = 0, .ofs_y = 5},
    {.bitmap_index = 6620, .adv_w = 288, .box_w = 18, .box_h = 16, .ofs_x = 0, .ofs_y = -1},
    {.bitmap_index = 6764, .adv_w = 288, .box_w = 18, .box_h = 16, .ofs_x = 0, .ofs_y = -2},
    {.bitmap_index = 6908, .adv_w = 288, .box_w = 18, .box_h = 17, .ofs_x = 0, .ofs_y = -2},
    {.bitmap_index = 7061, .adv_w = 288, .box_w = 17, .box_h = 18, .ofs_x = 0, .ofs_y = -3},
    {.bitmap_index = 7214, .adv_w = 288, .box_w = 17, .box_h = 18, .ofs_x = 1, .ofs_y = -3},
    {.bitmap_index = 7367, .adv_w = 288, .box_w = 18, .box_h = 17, .ofs_x = 0, .ofs_y = -2},
    {.bitmap_index = 7520, .adv_w = 288, .box_w = 16, .box_h = 17, .ofs_x = 1, .ofs_y = -2},
    {.bitmap_index = 7656, .adv_w = 288, .box_w = 18, .box_h = 17, .ofs_x = 0, .ofs_y = -2},
    {.bitmap_index = 7809, .adv_w = 288, .box_w = 16, .box_h = 18, .ofs_x = 1, .ofs_y = -3},
    {.bitmap_index = 7953, .adv_w = 288, .box_w = 18, .box_h = 14, .ofs_x = 0, .ofs_y = -1},
    {.bitmap_index = 8079, .adv_w = 288, .box_w = 18, .box_h = 19, .ofs_x = 0, .ofs_y = -3},
    {.bitmap_index = 8250, .adv_w = 288, .box_w = 18, .box_h = 17, .ofs_x = 0, .ofs_y = -2},
    {.bitmap_index = 8403, .adv_w = 288, .box_w = 17, .box_h = 18, .ofs_x = 1, .ofs_y = -2},
    {.bitmap_index = 8556, .adv_w = 288, .box_w = 18, .box_h = 18, .ofs_x = 0, .ofs_y = -2},
    {.bitmap_index = 8718, .adv_w = 288, .box_w = 18, .box_h = 18, .ofs_x = 0, .ofs_y = -2},
    {.bitmap_index = 8880, .adv_w = 288, .box_w = 18, .box_h = 18, .ofs_x = 0, .ofs_y = -2},
    {.bitmap_index = 9042, .adv_w = 288, .box_w = 18, .box_h = 19, .ofs_x = 0, .ofs_y = -3},
    {.bitmap_index = 9213, .adv_w = 288, .box_w = 18, .box_h = 19, .ofs_x = 0, .ofs_y = -3},
    {.bitmap_index = 9384, .adv_w = 288, .box_w = 18, .box_h = 18, .ofs_x = 0, .ofs_y = -2},
    {.bitmap_index = 9546, .adv_w = 288, .box_w = 18, .box_h = 18, .ofs_x = 0, .ofs_y = -3},
    {.bitmap_index = 9708, .adv_w = 288, .box_w = 18, .box_h = 18, .ofs_x = 0, .ofs_y = -3},
    {.bitmap_index = 9870, .adv_w = 288, .box_w = 18, .box_h = 19, .ofs_x = 0, .ofs_y = -3},
    {.bitmap_index = 10041, .adv_w = 288, .box_w = 18, .box_h = 18, .ofs_x = 0, .ofs_y = -2},
    {.bitmap_index = 10203, .adv_w = 288, .box_w = 18, .box_h = 18, .ofs_x = 0, .ofs_y = -2},
    {.bitmap_index = 10365, .adv_w = 288, .box_w = 18, .box_h = 18, .ofs_x = 0, .ofs_y = -2},
    {.bitmap_index = 10527, .adv_w = 288, .box_w = 16, .box_h = 17, .ofs_x = 1, .ofs_y = -2},
    {.bitmap_index = 10663, .adv_w = 288, .box_w = 18, .box_h = 17, .ofs_x = 0, .ofs_y = -2},
    {.bitmap_index = 10816, .adv_w = 288, .box_w = 16, .box_h = 18, .ofs_x = 1, .ofs_y = -3},
    {.bitmap_index = 10960, .adv_w = 288, .box_w = 18, .box_h = 17, .ofs_x = 0, .ofs_y = -2},
    {.bitmap_index = 11113, .adv_w = 288, .box_w = 16, .box_h = 17, .ofs_x = 1, .ofs_y = -2},
    {.bitmap_index = 11249, .adv_w = 288, .box_w = 17, .box_h = 17, .ofs_x = 0, .ofs_y = -3},
    {.bitmap_index = 11394, .adv_w = 288, .box_w = 17, .box_h = 18, .ofs_x = 0, .ofs_y = -3},
    {.bitmap_index = 11547, .adv_w = 288, .box_w = 17, .box_h = 17, .ofs_x = 0, .ofs_y = -2},
    {.bitmap_index = 11692, .adv_w = 288, .box_w = 17, .box_h = 18, .ofs_x = 0, .ofs_y = -2},
    {.bitmap_index = 11845, .adv_w = 288, .box_w = 17, .box_h = 19, .ofs_x = 0, .ofs_y = -3},
    {.bitmap_index = 12007, .adv_w = 288, .box_w = 17, .box_h = 18, .ofs_x = 0, .ofs_y = -3},
    {.bitmap_index = 12160, .adv_w = 288, .box_w = 17, .box_h = 18, .ofs_x = 0, .ofs_y = -3},
    {.bitmap_index = 12313, .adv_w = 288, .box_w = 18, .box_h = 19, .ofs_x = 0, .ofs_y = -3},
    {.bitmap_index = 12484, .adv_w = 288, .box_w = 18, .box_h = 18, .ofs_x = 0, .ofs_y = -3},
    {.bitmap_index = 12646, .adv_w = 288, .box_w = 18, .box_h = 18, .ofs_x = 0, .ofs_y = -2},
    {.bitmap_index = 12808, .adv_w = 288, .box_w = 18, .box_h = 18, .ofs_x = 0, .ofs_y = -2},
    {.bitmap_index = 12970, .adv_w = 288, .box_w = 18, .box_h = 18, .ofs_x = 0, .ofs_y = -2},
    {.bitmap_index = 13132, .adv_w = 288, .box_w = 18, .box_h = 18, .ofs_x = 0, .ofs_y = -3},
    {.bitmap_index = 13294, .adv_w = 288, .box_w = 18, .box_h = 18, .ofs_x = 0, .ofs_y = -2},
    {.bitmap_index = 13456, .adv_w = 288, .box_w = 18, .box_h = 18, .ofs_x = 0, .ofs_y = -3},
    {.bitmap_index = 13618, .adv_w = 288, .box_w = 17, .box_h = 18, .ofs_x = 0, .ofs_y = -3},
    {.bitmap_index = 13771, .adv_w = 288, .box_w = 16, .box_h = 18, .ofs_x = 1, .ofs_y = -3},
    {.bitmap_index = 13915, .adv_w = 288, .box_w = 16, .box_h = 18, .ofs_x = 0, .ofs_y = -2},
    {.bitmap_index = 14059, .adv_w = 288, .box_w = 18, .box_h = 19, .ofs_x = 0, .ofs_y = -3},
    {.bitmap_index = 14230, .adv_w = 288, .box_w = 16, .box_h = 19, .ofs_x = 1, .ofs_y = -3},
    {.bitmap_index = 14382, .adv_w = 288, .box_w = 17, .box_h = 17, .ofs_x = 1, .ofs_y = -2},
    {.bitmap_index = 14527, .adv_w = 288, .box_w = 17, .box_h = 19, .ofs_x = 0, .ofs_y = -3},
    {.bitmap_index = 14689, .adv_w = 288, .box_w = 16, .box_h = 17, .ofs_x = 1, .ofs_y = -2},
    {.bitmap_index = 14825, .adv_w = 288, .box_w = 16, .box_h = 17, .ofs_x = 1, .ofs_y = -2},
    {.bitmap_index = 14961, .adv_w = 288, .box_w = 18, .box_h = 18, .ofs_x = 0, .ofs_y = -2},
    {.bitmap_index = 15123, .adv_w = 288, .box_w = 18, .box_h = 18, .ofs_x = 0, .ofs_y = -2},
    {.bitmap_index = 15285, .adv_w = 288, .box_w = 18, .box_h = 18, .ofs_x = 0, .ofs_y = -2},
    {.bitmap_index = 15447, .adv_w = 288, .box_w = 18, .box_h = 18, .ofs_x = 0, .ofs_y = -2},
    {.bitmap_index = 15609, .adv_w = 288, .box_w = 18, .box_h = 19, .ofs_x = 0, .ofs_y = -3},
    {.bitmap_index = 15780, .adv_w = 288, .box_w = 18, .box_h = 18, .ofs_x = 0, .ofs_y = -2},
    {.bitmap_index = 15942, .adv_w = 288, .box_w = 18, .box_h = 17, .ofs_x = 0, .ofs_y = -2},
    {.bitmap_index = 16095, .adv_w = 288, .box_w = 18, .box_h = 17, .ofs_x = 0, .ofs_y = -2},
    {.bitmap_index = 16248, .adv_w = 288, .box_w = 18, .box_h = 17, .ofs_x = 0, .ofs_y = -2},
    {.bitmap_index = 16401, .adv_w = 288, .box_w = 18, .box_h = 19, .ofs_x = 0, .ofs_y = -3},
    {.bitmap_index = 16572, .adv_w = 288, .box_w = 18, .box_h = 18, .ofs_x = 0, .ofs_y = -2},
    {.bitmap_index = 16734, .adv_w = 288, .box_w = 18, .box_h = 19, .ofs_x = 0, .ofs_y = -3},
    {.bitmap_index = 16905, .adv_w = 288, .box_w = 17, .box_h = 19, .ofs_x = 0, .ofs_y = -3},
    {.bitmap_index = 17067, .adv_w = 288, .box_w = 16, .box_h = 18, .ofs_x = 1, .ofs_y = -2},
    {.bitmap_index = 17211, .adv_w = 288, .box_w = 17, .box_h = 18, .ofs_x = 1, .ofs_y = -2},
    {.bitmap_index = 17364, .adv_w = 288, .box_w = 18, .box_h = 19, .ofs_x = 0, .ofs_y = -3},
    {.bitmap_index = 17535, .adv_w = 288, .box_w = 18, .box_h = 18, .ofs_x = 0, .ofs_y = -2},
    {.bitmap_index = 17697, .adv_w = 288, .box_w = 18, .box_h = 17, .ofs_x = 0, .ofs_y = -2},
    {.bitmap_index = 17850, .adv_w = 288, .box_w = 17, .box_h = 18, .ofs_x = 1, .ofs_y = -3},
    {.bitmap_index = 18003, .adv_w = 288, .box_w = 18, .box_h = 17, .ofs_x = 0, .ofs_y = -2},
    {.bitmap_index = 18156, .adv_w = 288, .box_w = 18, .box_h = 19, .ofs_x = 0, .ofs_y = -3},
    {.bitmap_index = 18327, .adv_w = 288, .box_w = 17, .box_h = 18, .ofs_x = 0, .ofs_y = -3},
    {.bitmap_index = 18480, .adv_w = 288, .box_w = 16, .box_h = 17, .ofs_x = 2, .ofs_y = -2},
    {.bitmap_index = 18616, .adv_w = 288, .box_w = 17, .box_h = 17, .ofs_x = 1, .ofs_y = -2},
    {.bitmap_index = 18761, .adv_w = 288, .box_w = 18, .box_h = 18, .ofs_x = 0, .ofs_y = -2},
    {.bitmap_index = 18923, .adv_w = 288, .box_w = 18, .box_h = 17, .ofs_x = 0, .ofs_y = -2},
    {.bitmap_index = 19076, .adv_w = 288, .box_w = 18, .box_h = 19, .ofs_x = 0, .ofs_y = -3},
    {.bitmap_index = 19247, .adv_w = 288, .box_w = 18, .box_h = 18, .ofs_x = 0, .ofs_y = -2},
    {.bitmap_index = 19409, .adv_w = 288, .box_w = 18, .box_h = 18, .ofs_x = 0, .ofs_y = -2},
    {.bitmap_index = 19571, .adv_w = 288, .box_w = 18, .box_h = 18, .ofs_x = 0, .ofs_y = -2},
    {.bitmap_index = 19733, .adv_w = 288, .box_w = 18, .box_h = 19, .ofs_x = 0, .ofs_y = -3},
    {.bitmap_index = 19904, .adv_w = 288, .box_w = 18, .box_h = 18, .ofs_x = 0, .ofs_y = -3},
    {.bitmap_index = 20066, .adv_w = 288, .box_w = 18, .box_h = 19, .ofs_x = 0, .ofs_y = -3},
    {.bitmap_index = 20237, .adv_w = 288, .box_w = 18, .box_h = 18, .ofs_x = 0, .ofs_y = -2},
    {.bitmap_index = 20399, .adv_w = 288, .box_w = 18, .box_h = 19, .ofs_x = 1, .ofs_y = -3},
    {.bitmap_index = 20570, .adv_w = 288, .box_w = 18, .box_h = 19, .ofs_x = 0, .ofs_y = -3},
    {.bitmap_index = 20741, .adv_w = 288, .box_w = 18, .box_h = 18, .ofs_x = 0, .ofs_y = -2},
    {.bitmap_index = 20903, .adv_w = 288, .box_w = 18, .box_h = 19, .ofs_x = 0, .ofs_y = -3},
    {.bitmap_index = 21074, .adv_w = 288, .box_w = 19, .box_h = 18, .ofs_x = -1, .ofs_y = -3},
    {.bitmap_index = 21245, .adv_w = 288, .box_w = 18, .box_h = 18, .ofs_x = 0, .ofs_y = -2},
    {.bitmap_index = 21407, .adv_w = 288, .box_w = 18, .box_h = 17, .ofs_x = 0, .ofs_y = -2},
    {.bitmap_index = 21560, .adv_w = 288, .box_w = 18, .box_h = 19, .ofs_x = 0, .ofs_y = -3},
    {.bitmap_index = 21731, .adv_w = 288, .box_w = 18, .box_h = 19, .ofs_x = 0, .ofs_y = -3},
    {.bitmap_index = 21902, .adv_w = 288, .box_w = 18, .box_h = 18, .ofs_x = 0, .ofs_y = -2},
    {.bitmap_index = 22064, .adv_w = 288, .box_w = 18, .box_h = 19, .ofs_x = 0, .ofs_y = -3},
    {.bitmap_index = 22235, .adv_w = 288, .box_w = 18, .box_h = 19, .ofs_x = 0, .ofs_y = -3},
    {.bitmap_index = 22406, .adv_w = 288, .box_w = 18, .box_h = 19, .ofs_x = 0, .ofs_y = -3},
    {.bitmap_index = 22577, .adv_w = 288, .box_w = 17, .box_h = 18, .ofs_x = 1, .ofs_y = -3},
    {.bitmap_index = 22730, .adv_w = 288, .box_w = 18, .box_h = 19, .ofs_x = 0, .ofs_y = -3},
    {.bitmap_index = 22901, .adv_w = 288, .box_w = 18, .box_h = 19, .ofs_x = 0, .ofs_y = -3},
    {.bitmap_index = 23072, .adv_w = 288, .box_w = 17, .box_h = 18, .ofs_x = 0, .ofs_y = -3},
    {.bitmap_index = 23225, .adv_w = 288, .box_w = 18, .box_h = 18, .ofs_x = 0, .ofs_y = -3},
    {.bitmap_index = 23387, .adv_w = 288, .box_w = 17, .box_h = 17, .ofs_x = 0, .ofs_y = -2},
    {.bitmap_index = 23532, .adv_w = 288, .box_w = 18, .box_h = 19, .ofs_x = 0, .ofs_y = -3},
    {.bitmap_index = 23703, .adv_w = 288, .box_w = 17, .box_h = 18, .ofs_x = 0, .ofs_y = -3},
    {.bitmap_index = 23856, .adv_w = 288, .box_w = 18, .box_h = 18, .ofs_x = 0, .ofs_y = -3},
    {.bitmap_index = 24018, .adv_w = 288, .box_w = 18, .box_h = 18, .ofs_x = 0, .ofs_y = -3},
    {.bitmap_index = 24180, .adv_w = 288, .box_w = 18, .box_h = 18, .ofs_x = 0, .ofs_y = -2},
    {.bitmap_index = 24342, .adv_w = 288, .box_w = 18, .box_h = 18, .ofs_x = 0, .ofs_y = -2},
    {.bitmap_index = 24504, .adv_w = 288, .box_w = 18, .box_h = 19, .ofs_x = 0, .ofs_y = -3},
    {.bitmap_index = 24675, .adv_w = 288, .box_w = 18, .box_h = 18, .ofs_x = 0, .ofs_y = -2},
    {.bitmap_index = 24837, .adv_w = 288, .box_w = 18, .box_h = 18, .ofs_x = 0, .ofs_y = -3},
    {.bitmap_index = 24999, .adv_w = 288, .box_w = 18, .box_h = 18, .ofs_x = 0, .ofs_y = -3},
    {.bitmap_index = 25161, .adv_w = 288, .box_w = 18, .box_h = 18, .ofs_x = 0, .ofs_y = -3},
    {.bitmap_index = 25323, .adv_w = 288, .box_w = 17, .box_h = 19, .ofs_x = 0, .ofs_y = -3},
    {.bitmap_index = 25485, .adv_w = 288, .box_w = 18, .box_h = 19, .ofs_x = 0, .ofs_y = -3},
    {.bitmap_index = 25656, .adv_w = 288, .box_w = 18, .box_h = 18, .ofs_x = 0, .ofs_y = -3},
    {.bitmap_index = 25818, .adv_w = 288, .box_w = 18, .box_h = 18, .ofs_x = 0, .ofs_y = -2},
    {.bitmap_index = 25980, .adv_w = 288, .box_w = 18, .box_h = 19, .ofs_x = 0, .ofs_y = -3},
    {.bitmap_index = 26151, .adv_w = 288, .box_w = 17, .box_h = 19, .ofs_x = 1, .ofs_y = -3},
    {.bitmap_index = 26313, .adv_w = 288, .box_w = 18, .box_h = 18, .ofs_x = 0, .ofs_y = -2},
    {.bitmap_index = 26475, .adv_w = 288, .box_w = 18, .box_h = 19, .ofs_x = 0, .ofs_y = -3},
    {.bitmap_index = 26646, .adv_w = 288, .box_w = 18, .box_h = 18, .ofs_x = 0, .ofs_y = -3},
    {.bitmap_index = 26808, .adv_w = 288, .box_w = 17, .box_h = 18, .ofs_x = 1, .ofs_y = -3},
    {.bitmap_index = 26961, .adv_w = 288, .box_w = 17, .box_h = 17, .ofs_x = 0, .ofs_y = -2},
    {.bitmap_index = 27106, .adv_w = 288, .box_w = 18, .box_h = 18, .ofs_x = 0, .ofs_y = -3},
    {.bitmap_index = 27268, .adv_w = 288, .box_w = 17, .box_h = 17, .ofs_x = 1, .ofs_y = -2},
    {.bitmap_index = 27413, .adv_w = 288, .box_w = 18, .box_h = 19, .ofs_x = 0, .ofs_y = -2},
    {.bitmap_index = 27584, .adv_w = 288, .box_w = 17, .box_h = 18, .ofs_x = 1, .ofs_y = -2},
    {.bitmap_index = 27737, .adv_w = 288, .box_w = 18, .box_h = 18, .ofs_x = 0, .ofs_y = -3},
    {.bitmap_index = 27899, .adv_w = 288, .box_w = 18, .box_h = 19, .ofs_x = 0, .ofs_y = -3},
    {.bitmap_index = 28070, .adv_w = 288, .box_w = 18, .box_h = 18, .ofs_x = 0, .ofs_y = -3},
    {.bitmap_index = 28232, .adv_w = 288, .box_w = 18, .box_h = 17, .ofs_x = 0, .ofs_y = -2},
    {.bitmap_index = 28385, .adv_w = 288, .box_w = 18, .box_h = 17, .ofs_x = 0, .ofs_y = -2},
    {.bitmap_index = 28538, .adv_w = 288, .box_w = 18, .box_h = 17, .ofs_x = 0, .ofs_y = -2},
    {.bitmap_index = 28691, .adv_w = 288, .box_w = 18, .box_h = 17, .ofs_x = 0, .ofs_y = -2},
    {.bitmap_index = 28844, .adv_w = 288, .box_w = 18, .box_h = 17, .ofs_x = 0, .ofs_y = -2},
    {.bitmap_index = 28997, .adv_w = 288, .box_w = 18, .box_h = 18, .ofs_x = 0, .ofs_y = -3},
    {.bitmap_index = 29159, .adv_w = 288, .box_w = 18, .box_h = 18, .ofs_x = 0, .ofs_y = -2},
    {.bitmap_index = 29321, .adv_w = 288, .box_w = 18, .box_h = 18, .ofs_x = 0, .ofs_y = -2},
    {.bitmap_index = 29483, .adv_w = 288, .box_w = 18, .box_h = 18, .ofs_x = 0, .ofs_y = -2},
    {.bitmap_index = 29645, .adv_w = 288, .box_w = 18, .box_h = 16, .ofs_x = 0, .ofs_y = -1},
    {.bitmap_index = 29789, .adv_w = 288, .box_w = 18, .box_h = 18, .ofs_x = 0, .ofs_y = -2},
    {.bitmap_index = 29951, .adv_w = 288, .box_w = 18, .box_h = 17, .ofs_x = 0, .ofs_y = -2},
    {.bitmap_index = 30104, .adv_w = 288, .box_w = 18, .box_h = 18, .ofs_x = 0, .ofs_y = -2},
    {.bitmap_index = 30266, .adv_w = 288, .box_w = 18, .box_h = 17, .ofs_x = 0, .ofs_y = -2},
    {.bitmap_index = 30419, .adv_w = 288, .box_w = 18, .box_h = 19, .ofs_x = 0, .ofs_y = -3},
    {.bitmap_index = 30590, .adv_w = 288, .box_w = 18, .box_h = 17, .ofs_x = 0, .ofs_y = -2},
    {.bitmap_index = 30743, .adv_w = 288, .box_w = 18, .box_h = 17, .ofs_x = 0, .ofs_y = -2},
    {.bitmap_index = 30896, .adv_w = 288, .box_w = 18, .box_h = 17, .ofs_x = 0, .ofs_y = -2},
    {.bitmap_index = 31049, .adv_w = 288, .box_w = 18, .box_h = 19, .ofs_x = 0, .ofs_y = -3},
    {.bitmap_index = 31220, .adv_w = 288, .box_w = 18, .box_h = 19, .ofs_x = 0, .ofs_y = -3},
    {.bitmap_index = 31391, .adv_w = 288, .box_w = 18, .box_h = 18, .ofs_x = 0, .ofs_y = -3},
    {.bitmap_index = 31553, .adv_w = 288, .box_w = 18, .box_h = 18, .ofs_x = 0, .ofs_y = -3},
    {.bitmap_index = 31715, .adv_w = 288, .box_w = 17, .box_h = 18, .ofs_x = 0, .ofs_y = -3},
    {.bitmap_index = 31868, .adv_w = 288, .box_w = 16, .box_h = 17, .ofs_x = 2, .ofs_y = -2},
    {.bitmap_index = 32004, .adv_w = 288, .box_w = 18, .box_h = 18, .ofs_x = 0, .ofs_y = -2},
    {.bitmap_index = 32166, .adv_w = 288, .box_w = 16, .box_h = 19, .ofs_x = 1, .ofs_y = -3},
    {.bitmap_index = 32318, .adv_w = 288, .box_w = 18, .box_h = 18, .ofs_x = 0, .ofs_y = -2},
    {.bitmap_index = 32480, .adv_w = 288, .box_w = 17, .box_h = 18, .ofs_x = 0, .ofs_y = -3},
    {.bitmap_index = 32633, .adv_w = 288, .box_w = 18, .box_h = 18, .ofs_x = 0, .ofs_y = -2},
    {.bitmap_index = 32795, .adv_w = 288, .box_w = 17, .box_h = 17, .ofs_x = 0, .ofs_y = -2},
    {.bitmap_index = 32940, .adv_w = 288, .box_w = 18, .box_h = 19, .ofs_x = 0, .ofs_y = -3},
    {.bitmap_index = 33111, .adv_w = 288, .box_w = 17, .box_h = 19, .ofs_x = 0, .ofs_y = -3},
    {.bitmap_index = 33273, .adv_w = 288, .box_w = 18, .box_h = 18, .ofs_x = 0, .ofs_y = -2},
    {.bitmap_index = 33435, .adv_w = 288, .box_w = 17, .box_h = 19, .ofs_x = 1, .ofs_y = -3},
    {.bitmap_index = 33597, .adv_w = 288, .box_w = 17, .box_h = 18, .ofs_x = 0, .ofs_y = -3},
    {.bitmap_index = 33750, .adv_w = 288, .box_w = 18, .box_h = 17, .ofs_x = 0, .ofs_y = -2},
    {.bitmap_index = 33903, .adv_w = 288, .box_w = 18, .box_h = 18, .ofs_x = 0, .ofs_y = -2},
    {.bitmap_index = 34065, .adv_w = 288, .box_w = 18, .box_h = 19, .ofs_x = 0, .ofs_y = -3},
    {.bitmap_index = 34236, .adv_w = 288, .box_w = 18, .box_h = 17, .ofs_x = 0, .ofs_y = -2},
    {.bitmap_index = 34389, .adv_w = 288, .box_w = 16, .box_h = 18, .ofs_x = 1, .ofs_y = -2},
    {.bitmap_index = 34533, .adv_w = 288, .box_w = 18, .box_h = 18, .ofs_x = 0, .ofs_y = -2},
    {.bitmap_index = 34695, .adv_w = 288, .box_w = 18, .box_h = 18, .ofs_x = 0, .ofs_y = -3},
    {.bitmap_index = 34857, .adv_w = 288, .box_w = 18, .box_h = 17, .ofs_x = 0, .ofs_y = -2},
    {.bitmap_index = 35010, .adv_w = 288, .box_w = 18, .box_h = 18, .ofs_x = 0, .ofs_y = -2},
    {.bitmap_index = 35172, .adv_w = 288, .box_w = 18, .box_h = 18, .ofs_x = 0, .ofs_y = -2},
    {.bitmap_index = 35334, .adv_w = 288, .box_w = 18, .box_h = 18, .ofs_x = 0, .ofs_y = -2},
    {.bitmap_index = 35496, .adv_w = 288, .box_w = 18, .box_h = 18, .ofs_x = 0, .ofs_y = -2},
    {.bitmap_index = 35658, .adv_w = 288, .box_w = 18, .box_h = 17, .ofs_x = 0, .ofs_y = -1},
    {.bitmap_index = 35811, .adv_w = 288, .box_w = 18, .box_h = 17, .ofs_x = 0, .ofs_y = -2},
    {.bitmap_index = 35964, .adv_w = 288, .box_w = 18, .box_h = 18, .ofs_x = 0, .ofs_y = -2},
    {.bitmap_index = 36126, .adv_w = 288, .box_w = 18, .box_h = 19, .ofs_x = 0, .ofs_y = -3},
    {.bitmap_index = 36297, .adv_w = 288, .box_w = 16, .box_h = 17, .ofs_x = 1, .ofs_y = -2},
    {.bitmap_index = 36433, .adv_w = 288, .box_w = 18, .box_h = 17, .ofs_x = 0, .ofs_y = -2},
    {.bitmap_index = 36586, .adv_w = 288, .box_w = 18, .box_h = 18, .ofs_x = 0, .ofs_y = -2},
    {.bitmap_index = 36748, .adv_w = 288, .box_w = 18, .box_h = 18, .ofs_x = 0, .ofs_y = -3},
    {.bitmap_index = 36910, .adv_w = 288, .box_w = 18, .box_h = 19, .ofs_x = 0, .ofs_y = -3},
    {.bitmap_index = 37081, .adv_w = 288, .box_w = 18, .box_h = 18, .ofs_x = 0, .ofs_y = -3},
    {.bitmap_index = 37243, .adv_w = 288, .box_w = 18, .box_h = 18, .ofs_x = 1, .ofs_y = -2},
    {.bitmap_index = 37405, .adv_w = 288, .box_w = 18, .box_h = 19, .ofs_x = 0, .ofs_y = -3},
    {.bitmap_index = 37576, .adv_w = 288, .box_w = 14, .box_h = 18, .ofs_x = 2, .ofs_y = -2},
    {.bitmap_index = 37702, .adv_w = 288, .box_w = 18, .box_h = 17, .ofs_x = 0, .ofs_y = -2},
    {.bitmap_index = 37855, .adv_w = 288, .box_w = 18, .box_h = 20, .ofs_x = 0, .ofs_y = -3},
    {.bitmap_index = 38035, .adv_w = 288, .box_w = 18, .box_h = 18, .ofs_x = 0, .ofs_y = -2},
    {.bitmap_index = 38197, .adv_w = 288, .box_w = 18, .box_h = 17, .ofs_x = 0, .ofs_y = -2},
    {.bitmap_index = 38350, .adv_w = 288, .box_w = 18, .box_h = 17, .ofs_x = 0, .ofs_y = -2},
    {.bitmap_index = 38503, .adv_w = 288, .box_w = 18, .box_h = 18, .ofs_x = 0, .ofs_y = -2},
    {.bitmap_index = 38665, .adv_w = 288, .box_w = 18, .box_h = 18, .ofs_x = 0, .ofs_y = -3},
    {.bitmap_index = 38827, .adv_w = 288, .box_w = 18, .box_h = 18, .ofs_x = 0, .ofs_y = -2},
    {.bitmap_index = 38989, .adv_w = 288, .box_w = 18, .box_h = 19, .ofs_x = 0, .ofs_y = -3},
    {.bitmap_index = 39160, .adv_w = 288, .box_w = 18, .box_h = 18, .ofs_x = 0, .ofs_y = -2},
    {.bitmap_index = 39322, .adv_w = 288, .box_w = 17, .box_h = 18, .ofs_x = 0, .ofs_y = -2},
    {.bitmap_index = 39475, .adv_w = 288, .box_w = 18, .box_h = 18, .ofs_x = 0, .ofs_y = -2},
    {.bitmap_index = 39637, .adv_w = 288, .box_w = 18, .box_h = 17, .ofs_x = 0, .ofs_y = -2},
    {.bitmap_index = 39790, .adv_w = 288, .box_w = 18, .box_h = 17, .ofs_x = 0, .ofs_y = -2},
    {.bitmap_index = 39943, .adv_w = 288, .box_w = 18, .box_h = 17, .ofs_x = 0, .ofs_y = -2},
    {.bitmap_index = 40096, .adv_w = 288, .box_w = 18, .box_h = 18, .ofs_x = 0, .ofs_y = -3},
    {.bitmap_index = 40258, .adv_w = 288, .box_w = 18, .box_h = 18, .ofs_x = 0, .ofs_y = -3},
    {.bitmap_index = 40420, .adv_w = 288, .box_w = 19, .box_h = 19, .ofs_x = 0, .ofs_y = -3},
    {.bitmap_index = 40601, .adv_w = 288, .box_w = 18, .box_h = 17, .ofs_x = 0, .ofs_y = -2},
    {.bitmap_index = 40754, .adv_w = 288, .box_w = 18, .box_h = 19, .ofs_x = 0, .ofs_y = -3},
    {.bitmap_index = 40925, .adv_w = 288, .box_w = 18, .box_h = 19, .ofs_x = 0, .ofs_y = -3},
    {.bitmap_index = 41096, .adv_w = 288, .box_w = 18, .box_h = 20, .ofs_x = 0, .ofs_y = -3},
    {.bitmap_index = 41276, .adv_w = 288, .box_w = 18, .box_h = 19, .ofs_x = 0, .ofs_y = -3},
    {.bitmap_index = 41447, .adv_w = 288, .box_w = 18, .box_h = 19, .ofs_x = 0, .ofs_y = -3},
    {.bitmap_index = 41618, .adv_w = 288, .box_w = 18, .box_h = 19, .ofs_x = 0, .ofs_y = -3},
    {.bitmap_index = 41789, .adv_w = 288, .box_w = 18, .box_h = 19, .ofs_x = 0, .ofs_y = -3},
    {.bitmap_index = 41960, .adv_w = 288, .box_w = 18, .box_h = 18, .ofs_x = 0, .ofs_y = -3},
    {.bitmap_index = 42122, .adv_w = 288, .box_w = 18, .box_h = 18, .ofs_x = 0, .ofs_y = -2},
    {.bitmap_index = 42284, .adv_w = 288, .box_w = 18, .box_h = 19, .ofs_x = 0, .ofs_y = -3},
    {.bitmap_index = 42455, .adv_w = 288, .box_w = 18, .box_h = 19, .ofs_x = 0, .ofs_y = -3},
    {.bitmap_index = 42626, .adv_w = 288, .box_w = 18, .box_h = 18, .ofs_x = 0, .ofs_y = -3},
    {.bitmap_index = 42788, .adv_w = 288, .box_w = 18, .box_h = 17, .ofs_x = 0, .ofs_y = -2},
    {.bitmap_index = 42941, .adv_w = 288, .box_w = 18, .box_h = 18, .ofs_x = 0, .ofs_y = -2},
    {.bitmap_index = 43103, .adv_w = 288, .box_w = 18, .box_h = 17, .ofs_x = 0, .ofs_y = -2},
    {.bitmap_index = 43256, .adv_w = 288, .box_w = 18, .box_h = 17, .ofs_x = 0, .ofs_y = -2},
    {.bitmap_index = 43409, .adv_w = 288, .box_w = 16, .box_h = 19, .ofs_x = 1, .ofs_y = -3},
    {.bitmap_index = 43561, .adv_w = 288, .box_w = 16, .box_h = 19, .ofs_x = 1, .ofs_y = -3},
    {.bitmap_index = 43713, .adv_w = 288, .box_w = 17, .box_h = 19, .ofs_x = 1, .ofs_y = -3},
    {.bitmap_index = 43875, .adv_w = 288, .box_w = 17, .box_h = 18, .ofs_x = 1, .ofs_y = -2},
    {.bitmap_index = 44028, .adv_w = 288, .box_w = 18, .box_h = 18, .ofs_x = 0, .ofs_y = -3},
    {.bitmap_index = 44190, .adv_w = 288, .box_w = 18, .box_h = 17, .ofs_x = 0, .ofs_y = -2},
    {.bitmap_index = 44343, .adv_w = 288, .box_w = 18, .box_h = 17, .ofs_x = 0, .ofs_y = -2},
    {.bitmap_index = 44496, .adv_w = 288, .box_w = 18, .box_h = 18, .ofs_x = 0, .ofs_y = -3},
    {.bitmap_index = 44658, .adv_w = 288, .box_w = 5, .box_h = 15, .ofs_x = 2, .ofs_y = -1},
    {.bitmap_index = 44696, .adv_w = 288, .box_w = 7, .box_h = 18, .ofs_x = 11, .ofs_y = -2},
    {.bitmap_index = 44759, .adv_w = 288, .box_w = 7, .box_h = 18, .ofs_x = 0, .ofs_y = -2},
    {.bitmap_index = 44822, .adv_w = 288, .box_w = 6, .box_h = 8, .ofs_x = 2, .ofs_y = -3},
    {.bitmap_index = 44846, .adv_w = 288, .box_w = 5, .box_h = 13, .ofs_x = 2, .ofs_y = -1},
    {.bitmap_index = 44879, .adv_w = 288, .box_w = 9, .box_h = 15, .ofs_x = 0, .ofs_y = -1}
};

/*---------------------
 *  CHARACTER MAPPING
 *--------------------*/

static const uint16_t unicode_list_1[] = {
    0x0, 0x20, 0x1f6f, 0x24fb, 0x2505, 0x254e, 0x254f, 0x2f4a,
    0x2f9f, 0x2fd8, 0x4d49, 0x4d53, 0x4d54, 0x4d56, 0x4d57, 0x4d6d,
    0x4d73, 0x4d76, 0x4da8, 0x4dcf, 0x4dd5, 0x4df7, 0x4e03, 0x4e2e,
    0x4e3f, 0x4e63, 0x4ea5, 0x4ea9, 0x4f2a, 0x4f37, 0x5091, 0x5092,
    0x5096, 0x50ae, 0x50b1, 0x50bc, 0x50ce, 0x50d6, 0x50e2, 0x50fc,
    0x5143, 0x5149, 0x5174, 0x5179, 0x51b2, 0x51b3, 0x51e8, 0x51e9,
    0x51ea, 0x51f1, 0x529e, 0x5316, 0x531a, 0x531f, 0x5321, 0x5338,
    0x5340, 0x5355, 0x5356, 0x5357, 0x535a, 0x5370, 0x5378, 0x5627,
    0x5643, 0x5671, 0x5683, 0x57b4, 0x5850, 0x5856, 0x5863, 0x5873,
    0x587a, 0x587d, 0x58c6, 0x5914, 0x5ad5, 0x5ae3, 0x5aec, 0x5aed,
    0x5aff, 0x5b0f, 0x5b42, 0x5b44, 0x5b5a, 0x5b7a, 0x5b89, 0x5d3a,
    0x5d3b, 0x5d4c, 0x5dbc, 0x5dbf, 0x5dcd, 0x5ddd, 0x5de8, 0x5df0,
    0x5e49, 0x5e4c, 0x5e58, 0x5e69, 0x5e82, 0x5ec9, 0x5ece, 0x5ef7,
    0x5f22, 0x5f66, 0x5fab, 0x5fdd, 0x6158, 0x6159, 0x615a, 0x615f,
    0x6161, 0x6189, 0x6194, 0x6196, 0x619c, 0x61ac, 0x61b0, 0x61b4,
    0x61c7, 0x621b, 0x6232, 0x623c, 0x6252, 0x625a, 0x62ab, 0x62ee,
    0x6365, 0x6383, 0x63ed, 0x6416, 0x6482, 0x6487, 0x64f6, 0x64f9,
    0x6502, 0x6529, 0x653f, 0x6568, 0x6578, 0x657e, 0x65cb, 0x65e0,
    0x663d, 0x6652, 0x6656, 0x6673, 0x6675, 0x6683, 0x66a8, 0x66ae,
    0x66c8, 0x6780, 0x6a6a, 0x6a6b, 0x6aac, 0x6bea, 0x6cd1, 0x6d44,
    0x6d4e, 0x6d81, 0x6e2a, 0x7002, 0x7036, 0x7191, 0x7195, 0x7265,
    0x72f9, 0x7471, 0x747e, 0x75c4, 0x75cd, 0x763d, 0x7641, 0x7654,
    0x773c, 0x774a, 0x77b7, 0x77f9, 0x7904, 0x7916, 0x791b, 0x7939,
    0x7944, 0x7956, 0x79c3, 0x7a92, 0x7c6b, 0x7e08, 0x7e18, 0x7e1c,
    0x7e22, 0x7e26, 0x7e30, 0x7e36, 0x7e3d, 0x7e5f, 0x7e9a, 0x7eb7,
    0x7f44, 0x7f4c, 0x7f9d, 0x8025, 0x8046, 0x805a, 0x8133, 0x813c,
    0x8795, 0x87f4, 0x88ca, 0x8aed, 0x8af2, 0x8af9, 0x8b07, 0x8b1e,
    0x8b40, 0x8c68, 0x8c6e, 0x8c95, 0x8cc0, 0x8cce, 0x8cfc, 0x8d3c,
    0x8edc, 0x8f10, 0x8f17, 0x8f1d, 0x8f21, 0x8f22, 0x8f24, 0x8f27,
    0x8f4a, 0x8f52, 0x8f63, 0x8f9c, 0x9046, 0x9096, 0x9115, 0x9116,
    0x9462, 0x94c8, 0x953b, 0x953d, 0x9599, 0x95ad, 0x9649, 0x96ab,
    0x97be, 0x97e0, 0xfe4a, 0xfe51, 0xfe52, 0xfe55, 0xfe63, 0xfe68
};

/*Collect the unicode lists and glyph_id offsets*/
static const lv_font_fmt_txt_cmap_t cmaps[] =
{
    {
        .range_start = 32, .range_length = 95, .glyph_id_start = 1,
        .unicode_list = NULL, .glyph_id_ofs_list = NULL, .list_length = 0, .type = LV_FONT_FMT_TXT_CMAP_FORMAT0_TINY
    },
    {
        .range_start = 183, .range_length = 65129, .glyph_id_start = 96,
        .unicode_list = unicode_list_1, .glyph_id_ofs_list = NULL, .list_length = 256, .type = LV_FONT_FMT_TXT_CMAP_SPARSE_TINY
    }
};



/*--------------------
 *  ALL CUSTOM DATA
 *--------------------*/

#if LVGL_VERSION_MAJOR == 8
/*Store all the custom data of the font*/
static  lv_font_fmt_txt_glyph_cache_t cache;
#endif

#if LVGL_VERSION_MAJOR >= 8
static const lv_font_fmt_txt_dsc_t font_dsc = {
#else
static lv_font_fmt_txt_dsc_t font_dsc = {
#endif
    .glyph_bitmap = glyph_bitmap,
    .glyph_dsc = glyph_dsc,
    .cmaps = cmaps,
    .kern_dsc = NULL,
    .kern_scale = 0,
    .cmap_num = 2,
    .bpp = 4,
    .kern_classes = 0,
    .bitmap_format = 0,
#if LVGL_VERSION_MAJOR == 8
    .cache = &cache
#endif
};



/*-----------------
 *  PUBLIC FONT
 *----------------*/

/*Initialize a public general font descriptor*/
#if LVGL_VERSION_MAJOR >= 8
const lv_font_t kj_zh18 = {
#else
lv_font_t kj_zh18 = {
#endif
    .get_glyph_dsc = lv_font_get_glyph_dsc_fmt_txt,    /*Function pointer to get glyph's data*/
    .get_glyph_bitmap = lv_font_get_bitmap_fmt_txt,    /*Function pointer to get glyph's bitmap*/
    .line_height = 22,          /*The maximum line height required by the font*/
    .base_line = 5,             /*Baseline measured from the bottom of the line*/
#if !(LVGL_VERSION_MAJOR == 6 && LVGL_VERSION_MINOR == 0)
    .subpx = LV_FONT_SUBPX_NONE,
#endif
#if LV_VERSION_CHECK(7, 4, 0) || LVGL_VERSION_MAJOR >= 8
    .underline_position = -2,
    .underline_thickness = 1,
#endif
    .dsc = &font_dsc,          /*The custom font data. Will be accessed by `get_glyph_bitmap/dsc` */
#if LV_VERSION_CHECK(8, 2, 0) || LVGL_VERSION_MAJOR >= 9
    .fallback = NULL,
#endif
    .user_data = NULL,
};



#endif /*#if KJ_ZH18*/

